ID	Category	EN	DE	ES	FR	IT	PT	CA	EO	IA	txt_de	txt_es	txt_fr	txt_it	txt_pt	txt_en	txt_ca	txt_eo	txt_ia	Level
04642	Idiomatic Expressions	Here's the menu	Hier ist die Speisekarte.	Aquí tiene el menú.	Voilà la carte. 	Ecco il menu	Aqui está o cardápio	Aquí teniu la carta.	Jen la menuo.	Ecce le menu.										10
04643	Classroom Phrases	buddy, pal	der Kumpel , der Freund 	el amigo, el compañero	le pote, le copain	l'amico, il compagno	o amigo, o camarada	el company (els companys), l'amic (els amics)	kamarado	amico, companion	Was gibts Neues Mann?Das ist ein Foto von meinen Kumpels und mir in der Universität	¿Qué tal amigo?Esta es una foto mía y de mis compañeros en la universidad	Quoi de neuf, mon pote?C'est une photo de moi et mes potes à l'Université	Come va, amico?Questa è una foto di me e i miei compagni all'università	Como vai, camarada?Esta é uma foto que mostra eu e meus amigos na universidade 	What's up, buddy?This is a picture of me and my pals at college	Què hi ha, company? Aquesta és una foto meva i dels meus companys a la universitat.	Kio okazas, kamarado? Jen foto de mi kaj miaj kamaradoj en la universitato.	Que passa, amico? Isto es un photographia de me e de mi companiones al universitate.	11
04644	Education Terms	rubber (UK) / eraser (US)	der Radiergummi 	la goma de borrar, el borrador	la gomme	la gomma da cancellare	a borracha, o apagador	la goma d'esborrar (les gomes)	skrapgumo	gumma de deler										11
04645	Education Terms	lecture hall, amphitheatre	der Hörsaal , das Auditorium 	el salón de actos, el anfiteatro	l'amphithéâtre 	l'aula magna	o anfiteatro	la sala d'actes (les sales), l'amfiteatre (els amfiteatres)	aŭditorio	sala de conferentias, amphitheatro										11
04646	Education Terms	geography	die Erdkunde 	la geografía	la géographie	la geografia	a geografia	la geografia	geografio	geographia										11
04647	Education Terms	peer, schoolmate	der Schulkamerad , der Mitschüler 	el compañero de clase	le camarade de classe	il compagno di classe	o colega de classe	el company de classe (els companys de classe)	samklasano	condiscipulo, companion de classe										11
04648	Common Colloquialisms	sweet	cool	chulo	cool, génial	fico, figo, fantastico	legal, massa	guai, genial	bonega	chic	Deine Schuhe sind echt cool!	¡Tienes unos zapatos muy chulos!	Tu as des chaussures bien cool!	Hai delle scarpe davvero fiche/fighe!	Você tem sapatos muito legais!	Those are some sweet shoes you have!	Les teves sabates són molt guais!	Tiuj estas bonegaj ŝuoj, kiujn vi havas!	Tu ha alcun calceos multo chic!	11
04649	Informal Greetings	Gimme (give me)	Gib mir	Dame	Donne-moi	Dammi	Me dê	Dona'm	Donu al mi	Da me	Gib mir deine (Telefon-)nummer 	Dame tu número (de teléfono)	Donne-moi ton numéro (de téléphone)	Dammi il to numero (di telefono)	Me dê seu número (de telefone)	Gimme your (phone) number	Dona'm el teu número (de telèfon).	Donu al mi vian (telefon)numeron.	Da me tu numero de telephono.	11
04650	Informal Greetings	Whatcha (what are you)...	Was...	Qué...	Qu'est-ce tu...	Che...	O que você...	Què...?	Kion vi...?	Que...	Was willst du machen? Ins Kino gehen?	¿Qué quieres hacer? Ir al cine?	Qu'est ce que tu veux faire ? Aller au ciné ?	Che vuoi fare? Andare al cinema?	O que você quer fazer? Ir ao cinema?	Whatcha wanna do? Go to the movies?	Què vols fer? Anar al cinema?	Kion vi volas fari? Iri al la kinejo?	Que vole tu facer? Ir al cinema?	11
04651	Informal Greetings	You know...	Weißt du...	Sabes...	Tu sais...	Sai...	Sabe...	Saps...	Sciu...	Tu sape...	Weißt du, das Leben kann stressig sein 	La vida puede ser estresante, ¿sabes?	La vie peut être stressante, tu sais	La vita può essere stressante, sai...	A vida pode ser estressante, sabe...	Life can just be stressful, you know?	La vida pot ser estressant, saps?	La vivo povas esti streĉa, sciu.	Le vita pote esser stressante, tu sape?	11
04652	Informal Greetings	I just want to/wanna ...	Ich will einfach nur...	Sólo quiero...	J'veux juste...	Voglio giusto...	(Eu) só quero...	Només vull...	Mi nur volas...	Io solo vole...	Ich will einfach nur zu Hause bleiben, aber ich muss raus	Sólo quiero quedarme en casa, pero tengo que irme	J'veux juste rester à la maison, mais je dois sortir	Voglio giusto stare a casa, ma devo uscire	Eu só quero ficar em casa, mas preciso sair	I just want to stay home, but I have to go out	Només vull quedar-me a casa, però he de sortir.	Mi nur volas resti hejme, sed mi devas foriri.	Io solo vole remaner a casa, ma io debe sortir.	11
04653	Informal Greetings	So what?	Na und? Was soll's?	¿Y qué?	Et alors ?	E allora?	E daí?	I què?	Kaj do?	E alora?	Ja, du verdienst mehr Geld als ich. Na und? 	Vale, ganas más dinero que yo, ¿Y qué?	Ouais, tu gagnes plus d'argent que moi. Et alors?	Va bene, fai più soldi di me. E allora?	Certo, você ganha mais dinheiro do que eu. E daí?	Yeah, you make more money than me. So what?	D'acord, guanyes més diners que jo. I què?	Jes, vi gajnas pli da mono ol mi. Kaj do?	Si, tu gania plus moneta que io. E alora?	11
04654	Informal Greetings	Ah, I see	Ah, ich verstehe	Ah, vale	Ah, je vois	Ah, ho capito	Ah, entendi	Ah, ja veig.	Ha, mi komprenas.	Ah, io comprende	Ich kann das Programm also auf meinem Telefon benutzen? Ah, ich verstehe	Entonces, ¿puedo utilizar este programa en mi teléfono? Ah, vale	Donc, je peux utiliser ce programme sur mon téléphone ? Ah, je vois	Quindi posso usare questo programma sul mio telefono? Ah, ho capito	Então, eu posso usar este programa no meu telefone? Ah, entendi	So, I can use this program on my phone? Ah, I see	Aleshores, puc utilitzar aquest programa al meu telèfon? Ah, ja veig.	Do, mi povas uzi ĉi tiun programon per mia telefono? Ha, mi komprenas.	Alora, pote io usar iste programma in mi telephono? Ah, io comprende.	11
04655	Informal Greetings	... like...	... das heißt, dass ...	... osea...	... genre...	... cioè, tipo...	tipo...	o sigui...	kiel...	... como...	Das heißt, dass ich wirklich ins Kino gehen wollte	Osea, tenía muchas ganas de ir al cine	Genre, je voulais vraiment aller au ciné	Cioè, volevo davvero andare al cinema	Tipo, eu realmente queria ir ao cinema	Like, I really wanted to go to the movies	O sigui, tenia moltes ganes d'anar al cinema.	Kiel, mi vere volis iri al la kinejo.	Como, io voleva vermente ir al cinema.	11
04656	Informal Greetings	Lemme... (let me)	Lass mich...	Déjame...	Laisse-moi...	Fammi...	Deixe-me	Deixa'm...	Lasu min...	Lassa me...	Lass mich meine Schwester anrufen, um zu fragen, ob sie uns abholen kann	Déjame llamar a mi hermana para saber si nos puede venir a recoger	Laisse-moi appeler ma soeur pour voir si elle peut nous récupérer	Fammi chiamare mia sorella per vedere se può venire a prenderci	Deixe-me ligar para minha irmã para ver se ela pode nos pegar	Lemme call my sister to see if she can pick us up	Deixa'm trucar a la meva germana per veure si ens pot recollir.	Lasu min telefoni mian fratinon por vidi ĉu ŝi povas preni nin.	Lassa me telephonar a mi soror pro vider si illa pote venir a prender nos.	11
04657	Informal Greetings	Yeah, ya ...	(Oh) ja...	Sí...	Ouais...	Oh sì...	Ah, sim...	Sí...	Jes...	Si...	Oh ja... Ich würde gerne mit euch gehen. Danke für die Einladung	Sí... Me gustaría venir con vosotros, gracias por invitarme	Ouais... j'aimerais bien venir avec vous, merci pour l'invitation	Oh sì... mi piacerebbe venire con voi, grazie dell'invito	Ah, sim... Eu gostaria de ir com vocês. Obrigado(a) por me convidar.	Yeah... I would like to go with you; thanks for the invitation	Sí... M'agradaria anar amb vosaltres, gràcies per convidar-me.	Jes... Mi ŝatus iri kun vi; dankon pro la invito.	Si... io volerea venir con vos; gratias pro le invitation.	11
04658	Informal Greetings	What's going on? 	Was gibt's Neues? Was geht?	¿Qué te cuentas? ¿Cómo te va la vida? ¿Qué más?	Qu'est ce qu'il se passe ? Quoi de neuf ?	Che si dice di nuovo? 	Alguma novidade?	Què passa? Com va?	Kio okazas?	Que se passa?	Hallo Jim! Was gibt's Neues? Wie läuft das Leben?	Hola Jim, ¿qué te cuentas? ¿Cómo te va la vida?	Salut Jim, quoi de neuf ? Comment va la vie ?	Ciao Jim, che si dice di nuovo? Come va la vita?	Olá, Jim, alguma novidade? Como vai a vida?	Hi Jim, what's going on? How's life? 	Hola Jim! Què passa? Com va la vida?	Saluton Jim, kio okazas? Kiel fartas la vivo?	Salute Jim, que se passa? Como va le vita?	11
04659	Informal Greetings	Awesome!	Mega!	¡Genial!	Génial!	Fantastico!	Massa!	Genial!	Bonege!	Genial!	Du gehst in den Ferien nach New York? Mega!	¿Te vas a Nueva York de vacaciones? ¡Genial!	Tu vas en vacancesà New York?Génial!	Stai andando a New York in vacanza? Fantastico!	Você vai a Nova York de férias? Massa!	You're going to New York on vacation? Awesome!	Te'n vas a Nova York de vacances? Genial!	Vi ferias en Novjorko? Bonege!	Tu va a New York in vacantias? Genial!	11
04660	Informal Greetings	So...	Also... , So...	Entonces...	Alors... , Bon...	Allora...	Então...	Aleshores...	Do...	Alora...	Also... was machen wir?	Entonces... ¿Qué hacemos?	Bon... qu'est ce qu'on va faire ?	Allora... che facciamo?	Então... o que vamos fazer?	So... what are we gonna do?	Aleshores... què fem?	Do... kion ni faros?	Alora... que facera nos?	11
04661	Informal Greetings	Um...	Äh...	Em...	Euh...	Ehm...	Uhm...	Emm...	Hm...	Ehm...	Äh... Keine Ahnung wie ich das beantworten soll	Em... No sé ni cómo responderle	Euh... Je sais même pas comment répondre à ça	Ehm... Non so nemmeno come rispondere	Uhm... Eu não tenho ideia de como responder a isso	Um...I don't even know how to answer that	Emm... no sé ni com respondre a això.	Hm... Mi eĉ ne scias kiel respondi tion.	Ehm... io non sape mesmo como responder a illo.	11
04662	Informal Greetings	Peace out, Peace	Bis dann, Tschüß  	Chao, me fui	A plus, Au revoir	Fate i bravi	Fui, tchau	Fins després, adéu.	Pacon, adiaŭ.	Ciao	Bis dann, alle zusammen	Chao, todos	Au revoir, tout le monde	Fate i bravi, tutti	Fui, pessoal	Peace out, everyone	Fins després a tothom.	Pacon, ĉiuj.	Ciao a omnes.	11
04663	Informal Greetings	Catch you later	Wir sehen uns später	Nos vemos luego	On se capte plus tard	Ci becchiamo dopo	Nos vemos logo	Ens veiem després.	Ĝis poste.	A plus tarde	Bye David. Wir sehen uns später!	Hola David. ¡Nos vemos luego!	Ciao, David. On se capte plus tard !	Ciao, David. Ci becchiamo dopo!	Tchau, David. Nos vemos logo!	Bye, David. Catch you later!	Adéu, David. Ens veiem després!	Adiaŭ, David. Ĝis poste!	Ciao, David. A plus tarde!	11
04664	Informal Greetings	What's shakin'?	Was geht (ab)?	¿Qué tal va?, ¿Qué onda? (AL)	Ça roule ?	Come butta?	Como está tudo?	Què us expliqueu?	Kiel la aferoj?	Como va?	Was geht? Amüsieren sich alle? 	¿Qué tal va? ¿Os estáis divirtiendo? ¿Todos se están divirtiendo? 	Ça roule ?Est-ce que tout le monde s'amuse ? 	Come butta? Vi state divertendo tutti?	Como está tudo? Todo mundo está se divertindo?	What's shakin'? Is everyone having a good time?	Què us expliqueu? Us esteu divertint tots?	Kiel la aferoj? Ĉu ĉiuj amuziĝas?	Como va? Tote le mundo se diverte?	11
04665	Informal Greetings	I'm out	Ich bin weg	Me voy	Je m'en vais, je me tire	Me ne vado	(Eu) vou nessa	Me'n vaig.	Mi foriras.	Io me vade	Die Musik hier ist schrecklich! Ich bin weg!	La música aquí es horrible, ¡me voy!	La musique est horrible ici, je m'en vais !	La musica è orribile qui, me ne vado!	A música aqui é horrível! Eu vou nessa!	The music is terrible here! I'm out!	La música aquí és horrible. Me'n vaig!	La muziko ĉi tie estas terura! Mi foriras!	Le musica es terribile hic! Io me vade!	11
04666	Informal Greetings	I gotta run	Ich muss gehen	Tengo que irme	Il faut que je parte	Devo scappare	(Eu) tenho que correr	He de córrer.	Mi devas kuri.	Io debe vader	Ist es 15.45 Uhr? Ich muss gehen. Meine Freunde warten auf mich.	¿Son las 3:45? Tengo que irme. Mis amigos me esperan	Il est 15h45 ? Il faut que je parte. Mes amis m'attendent	Sono le 3:45? Devo scappare. I miei amici mi aspettano	São 3h45min? Eu tenho que correr. Meus amigos estão me esperando	It's 3:45 PM? I gotta run. My friends are waiting	Són les 3:45? He de córrer. Els meus amics m'esperen.	Ĉu estas la 3:45? Mi devas kuri. Miaj amikoj atendas.	Es il 3:45 p.m.? Io debe vader. Mi amicos me attende.	11
04667	Informal Greetings	I gotta jet	Ich muss los(flitzen)	Me voy volando	Je dois partir	Devo filare	(Eu) preciso me mandar	He de volar.	Mi devas flugi.	Io debe partir subito	Tut mir leid Leute. Ich muss losflitzen. Hab morgen früh Unterricht	Perdón chicos, me voy volando, tengo clase mañana a primera hora	Désolé les gars. Je dois partir. J'ai un cours tôt demain matin	Scusate ragazzi, devo filare. Lezione presto domani mattina	Desculpe, rapazes. Preciso me mandar. Tenho aula amanhã cedo.	Sorry, guys. I gotta jet. Early class tomorrow	Ho sento, nois. He de volar. Tinc classe d'hora demà.	Pardonu, geknaboj. Mi devas flugi. Frua leciono morgaŭ.	Pardono, amicos. Io debe partir subito. Io ha un classe matinal deman.	11
04668	Informal Greetings	How is it going?	Wie geht's?	¿Qué tal estás?	Comment vas-tu?	Come te la passi?	Como você está?	Com va?	Kiel ĝi iras?	Como es tu?	Hi Kumpel. Wie geht's? Alles gut?	Hola amigo. ¿Qué tal estás? ¿Todo bien? 	Hé, mec. Comment ça va ? Tout va bien ? 	Ehi, amico. Come te la passi? Tutto bene?	Ei, amigo. Como você está? Tudo bem?	Hey, buddy. How is it going? Everything good? 	Hola, company. Com va? Tot bé?	Saluton, kamarado. Kiel ĝi iras? Ĉio bone?	Salute, amico. Como es tu? Toto ben?	11
04669	Informal Greetings	Catch you on the flipside	Bis die Tage	Nos vemos la próxima	À la prochaine	Ci becchiamo presto	Nos vemos mais tarde!	Ens veiem!	Ĝis la revido!	A revider le proxime vice	Ciao, Bruder. Bis die Tage! 	Adiós, tío. Nos vemos la próxima. 	À plus tard, mec. À la prochaine !	Ciao, fratello. Ci becchiamo domani!	Tchau, irmão. Nos vemos mais tarde!	See you later, bro. Catch you on the flipside!	Fins després, germà. Ens veiem!	Ĝis poste, frato. Ĝis la revido!	A plus tarde, fratre. A revider le proxime vice!	11
04670	Informal Greetings	Tah-tah	Ciao Ciao	Chao	Ciao ciao	Ciao ciao	Tchau tchau	Adéu-siau	Pa-pa	Ciao	Ciao Ciao Mädels. Schönen Abend noch 	Chao, chicas. Buenas noches	Ciao-ciao, les filles. Bonne soirée	Ciao ciao, ragazze. Buona serata	Tchau tchau. Boa noite	Tah-tah, ladies. Have a good night	Adéu-siau, noies. Bona nit.	Pa-pa, sinjorinoj. Bonan nokton.	Ciao, damas. Passa un bon nocte.	11
04671	Informal Greetings	Later (US), Laters (UK)	Bis später!	Nos vemos	À plus	Ci si vede	Até mais!	Fins després.	Ĝis poste.	A plus tarde	Bis später Leute!	Nos vemos, chicos.	À plus, les gars.	Ci si vede, ragazzi.	Até mais, rapazes!	Later, guys.	Fins després, nois.	Ĝis poste, geknaboj.	A plus tarde, amicos.	11
04672	Informal Greetings	How's life treating you?	Wie läuft das Leben?	¿Cómo te va la vida?	Comment va la vie ?	Come va la vita?	Como vai a vida?	Com et tracta la vida?	Kiel la vivo traktas vin?	Como te va le vita?	Ich habe dich seit Wochen nicht gesehen. Wie läuft das Leben?	No te veo desde hace semanas. ¿Cómo te va la vida?	Je ne t'ai pas vu depuis des semaines. Comment va la vie ?	Non ti vedo da settimane. Come va la vita?	Eu não lhe vejo há semanas. Como vai a vida?	I haven't seen you in weeks. How's life treating you?	No t'he vist en setmanes. Com et tracta la vida?	Mi ne vidis vin de semajnoj. Kiel la vivo traktas vin?	Io non te ha vidite desde septimanas. Como te va le vita?	11
04673	Informal Greetings	to call it a night	es gut sein lassen	dejarlo aquí por esta noche	s'en tenir là, finir pour ce soir 	finirla qui per stasera	encerrar a noite	plegar per avui	fini por la nokto	finir pro iste nocte	Ich bin sehr müde. Lassen wir es für heute gut sein	Estoy muy cansado, dejémoslo aquí por esta noche	Je suis crevé, c'est fini pour ce soir	Sono sfinito, finiamola qui per stasera	Eu estou exausto. Vamos encerrar a noite	I'm exhausted; let's call it a night	Estic esgotat, pleguem per avui.	Mi estas elĉerpita; ni finu por la nokto.	Io es exhauste; lassa nos finir pro iste nocte.	11
04674	Informal Greetings	No probs	Kein Ding, Kein Thema	Ningún problema	Pas de quoi	Nessun problema	Sem problema	Cap problema.	Neniu problemo.	Nulle problema	Kein Ding. Ich bin immer bereit zu helfen	Ningún problema. Estoy aquí para ayudar	Pas de quoi. J'ai toujours envie d'aider	Nessun problema. Sono sempre disponibile ad aiutare	Sem problema. Eu estou sempre disposto a ajudar	No probs. I'm always willing to help	Cap problema. Sempre estic disposat a ajudar.	Neniu problemo. Mi ĉiam pretas helpi.	Nulle problema. Io es sempre preste a adjutar.	11
04675	Informal Greetings	See you later alligator. In a while, crocodile	See you later alligator, Man sieht sich	Hasta luego, cocodrilo. No pasaste de caimán	On se voit plus tard, alligator. Dans un moment, crocodile	Ci si vede, alligatore. A tra poco, coccodrillo	Até mais tarde, crocodilo (expressão usada, geralmente, com crianças)	Fins després, cocodril. D'aquí a una estona, caiman.	Ĝis poste, aligatoro. Post iom da tempo, krokodilo.	A plus tarde, alligator. In un momento, crocodilo	Meine Schwester sagt immer: «See you later, alligator»	Mi hermana siempre dice: «Nos vemos, cocodrilo. Hasta luego, caimán»	Ma soeur dit toujours : «On se voit plus tard, alligator. Dans un moment, crocodile»	Mia sorella dice sempre «Ci si vede, alligatore. A tra poco, coccodrillo»	Minha irmã sempre diz: «Até mais tarde, crocodilo»	My sister always says: «See you later, alligator, in a while, crocodile»	La meva germana sempre diu: «Fins després, cocodril. D'aquí a una estona, caiman.»	Mia fratino ĉiam diras: «Ĝis poste, aligatoro, post iom da tempo, krokodilo.»	Mi soror sempre dice: «A plus tarde, alligator; in un momento, crocodilo»	11
04676	Politics & Government	outrage	die Empörung , der Verstoß 	la indignación, el escándalo	l'indignation 	l'oltraggio, lo sdegno	a indignação	la indignació, l'ultratge	kolerego	indignation; scandalo										11
04677	War & Conflict	coup	der Staatsstreich 	el golpe de estado	le coup d'état	il colpo di stato	o golpe de estado	el cop d'estat (els cops d'estat)	puĉo	colpo de stato										11
04678	War & Conflict	to spy on	spionieren	espiar	espionner	spiare	espionar	espiar	spioni	spiar										11
04679	War & Conflict	undercover agent	der Undercoveragent 	el agente secreto	l'agent secret	l'agente sotto copertura, l'agente segreto	o agente secreto	l'agent encobert (els agents encoberts)	sekreta agento	agente secret										11
04680	Social Issues	employment	der Beruf , die Tätigkeit 	el empleo	l'emploi 	l'impiego, il lavoro	o emprego	l'ocupació, la feina (les feines)	dungiteco	empleo										11
04681	Social Issues	offense (US), offence (UK)	die Straftat 	el delito, la infracción	le délit, l'infraction 	il reato, il delitto	o delito, a infração	el delicte (els delictes), la infracció (les infraccions)	delikto	delicto; infraction										11
04682	Social Issues	case (legal)	die Rechtsangelegenheit , der Rechtsfall 	el caso (legal, jurídico)	l'affaire  (juridique)	il caso (giuridico), il processo, la causa (giuridica)	o caso legal 	el cas (legal) (els casos)	kazo (jura)	caso										11
04683	News & Media	commentator	der Kommentator 	comentarista	commentateur	il cronista, il commentatore	o(a) comentarista	el comentarista (els comentaristes), la comentarista (les comentaristes)	komentisto	commentator										11
04684	News & Media	TV channel	der Fernsehkanal 	la cadena de televisión	la chaîne télé	il canale televisivo	o canal de televisão	el canal de televisió (els canals de televisió)	televida kanalo	canal de television										11
04685	News & Media	caricature	die Karikatur 	la caricatura	la caricature	la caricatura	a caricatura	la caricatura (les caricatures)	karikaturo	caricatura										11
04686	News & Media	cartoon (in a newspaper)	die Karikatur , die Parodie 	la viñeta satírica	le dessin humoristique	la vignetta satirica	a charge	la vinyeta (en un diari) (les vinyetes)	karikaturo (en gazeto)	caricatura										11
04687	Sports Terms	to race	an einem Rennen teilnehmen	echar carreras	participer à une course	gareggiare	competir, concorrer	competir, fer una cursa	konkursi	currer un cursa										11
04688	Nouns	regard	der Respekt , die Anerkennung 	el respeto, la consideración	le respect, la considération	il riguardo, la stima	o respeito, a consideração	el respecte, la consideració	respekto, konsidero	respecto; consideration										11
04689	Nouns	witness	der Zeuge 	el testigo	le témoin	il testimone	a testemunha	el testimoni (els testimonis)	atestanto	teste										11
04690	Nouns	specialist	der Spezialist 	el(la) especialista	le spécialiste	lo specialista	o(a) especialista	l'especialista (els especialistes)	specialisto	specialista										11
04691	Nouns	frustration	die Frustration 	la frustración	la frustration	la frustrazione	a frustração	la frustració (les frustracions)	frustriĝo	frustration										11
04692	Nouns	breath	der Atem 	el aliento	le souffle	il respiro	a respiração, o fôlego	l'alè, la respiració	spiro	halito										11
04693	Nouns	partisan	der Partisane, die Partisanin 	el partisano	le partisan, la partisane	il partigiano	o(a) partidário(a)	el partisà (els partisans), la partisana (les partisanes)	partizano	partisano										11
04694	Nouns	founder	der Gründer 	el(la) fundador(a)	le fondateur	il fondatore	o(a) fundador(a)	el fundador (els fundadors), la fundadora (les fundadores)	fondinto	fundator	Eric Smith, der Gründer von White Inc., war ursprünglich der Gründer eines anderen Unternehmens, das heute nicht mehr existiert.	Eric Smith, el fundador de White Inc., fue originariamente el fundador de otra compañía fallida	Eric Smith, lefondateur de White Inc., était à l'origine le fondateur d'une autre entreprise, aujourd'hui dissoute.	Eric Smith, il fondatore di White Inc., fu originariamente il fondatore di un'altra, ora fallita, società.	Eric Smith, o fundador da White Inc., foi originalmente o fundador de outra empresa, agora extinta.	Eric Smith, the founder of White Inc., was originally the founder of another, now defunct company.	Eric Smith, el fundador de White Inc., va ser originalment el fundador d'una altra empresa, ara desapareguda.	Eric Smith, la fondinto de White Inc., estis origine la fondinto de alia, nun malaperinta kompanio.	Eric Smith, le fundator de White Inc., esseva originalmente le fundator de un altere compania, ora defuncte.	11
04695	Nouns	speculation	die Spekulation 	la especulación, la conjetura	la spéculation	la speculazione	a especulação	l'especulació, la conjectura	spekulado	speculation; conjectura	Das war reine Spekulation - bestenfalls eine glückliche Annahme 	Era pura especulación - una conjetura 	C'était de la pure spéculation - une supposition éclairée au mieux 	Era pura speculazione - una congettura colta, al massimo 	Foi pura especulação - um palpite na melhor das hipóteses 	It was pure speculation - an educated guess at best 	Era pura especulació, en el millor dels casos una suposició afortunada.	Tio estis pura spekulado - klera diveno en la plej bona kazo.	Illo esseva pur speculation - al melior un conjectura ben informate.	11
04696	Nouns	historian	der(die) Historiker(in) 	el(la) historiador(a)	l'historien(ne)	lo storico	o(a) historiador(a)	l'historiador (els historiadors), la historiadora (les historiadores)	historiisto	historico										11
04697	Nouns	mainstream	der Mainstream 	la corriente principal	le courant principal	la corrente principale	a corrente principal	el corrent principal (els corrents)	ĉeftendenco	currente principal										11
04698	Nouns	tale	die Erzählung , die Geschichte 	el cuento	le conte	la storia, il racconto	o conto	el conte (els contes), la rondalla (les rondalles)	rakonto	conto										11
04699	Nouns	excuse	die Entschuldigung 	la excusa	l'excuse 	la scusa	a desculpa	l'excusa (les excuses)	exkuzo	excusa										11
04700	Nouns	fortune (wealth)	der Wohlstand	la fortuna (riqueza)	la fortune (la richesse)	la fortuna  	a fortuna (riqueza)	la fortuna (riquesa)	riĉeco	fortuna										11
04701	Nouns	function	die Funktion 	la función	la fonction	la funzione	a função	la funció (les funcions)	funkcio	function	Die Hauptfunktion des Autos ist der Transport, aber eine andere zunehmend beliebte Funktion des Autos ist die Unterhaltung. 	La función principal del coche es el transporte, pero una función cada vez más popular es el entretenimiento	La fonction principale de la voiture est le transport, mais une autre fonction de plus en plus populaire de la voiture est le divertissement.	La funzione principale dell'auto è il trasporto ma una funzione sempre più popolare dell'auto è l'intrattenimento.	A principal função do carro é o transporte, mas uma função do carro cada vez mais popular é o entretenimento.	The car's main function is transportation, but an increasingly popular car function is entertainment.	La funció principal del cotxe és el transport, però una funció cada vegada més popular és l'entreteniment.	La ĉefa funkcio de la aŭto estas transportado, sed ĉiam pli populara aŭto-funkcio estas distro.	Le function principal del automobile es le transportation, ma un function de automobile sempre plus popular es le divertimento.	11
04702	Nouns	consideration	die Berücksichtigung	la consideración	la considération	la considerazione	a consideração	la consideració (les consideracions)	konsidero	consideration										11
04703	Nouns	requirement	die Voraussetzung 	el requisito	l'exigence , la condition nécessaire	il requisito	o requisito	el requisit (els requisits)	postulo	requisito	Unsere Hauptvoraussetzung für eine Anstellung ist ein Bachelorabschluss. 	Nuestro principal requisito para el empleo es un título de licenciatura.	Notre exigence principale pour l'emploi est une licence.	Il nostro requisito principale per il lavoro è una laurea.	Nosso principal requisito para o emprego é um diploma de bacharel.	Our main requirement for employment is a bachelor's degree.	El nostre requisit principal per a l'ocupació és un títol de llicenciatura.	Nia ĉefa postulo por dungado estas bakalaŭra diplomo.	Nostre requisito principal pro le empleo es un grado de baccalaureato.	11
04704	Nouns	guitar	die Gitarre 	la guitarra	la guitare	la chitarra	o violão, a guitarra	la guitarra (les guitarres)	gitaro	guitarra										11
04705	Nouns	militia	die Miliz , die Bürgerwehr 	la milicia	la milice	la milizia	a milícia	la milícia (les milícies)	milico	militia										11
04706	Nouns	racism	der Rassismus 	el racismo	le racisme	il razzismo	o racismo	el racisme	rasismo	racismo										11
04707	Nouns	booth	die Kabine , der Stand 	la cabina	la cabine, le stand	la bancarella, la cabina	a barraca, a cabine	la cabina (les cabines), l'estand (els estands)	budo	cabina										11
04708	Nouns	cargo	die Ladung , die Fracht 	la carga	la cargaison	il carico	a carga	la càrrega (les càrregues), el noli (els nolis)	kargo	carga										11
04709	Nouns	citizenship	die Staatsbürgerschaft 	la ciudadanía	la citoyenneté	la cittadinanza	a cidadania	la ciutadania	civitanecon	citatanitate										11
04710	Nouns	civilization	die Zivilisation 	la civilización	la civilisation	la civiltà	a civilização	la civilització	civilizacio	civilisation										11
04711	Nouns	productivity	die Produktivität 	la productividad	la productivité	la produttività	a produtividade	la productivitat	produktiveco	productivitate										11
04712	Nouns	breathing	die Atmung 	la respiración	la respiration	la respirazione	a respiração	la respiració	spirado	respiration										11
04713	Nouns	bunker	der Bunker 	el bunker	le bunker	il bunker	o bunker, o abrigo	el búnquer (els búnquers)	bunkro	bunker										11
04714	Nouns	calendar	der Kalender 	el calendario	le calendrier	il calendario	o calendário	el calendari (els calendaris)	kalendaro	calendario	Wenn du das Datum nicht kennst, kannst du immer noch auf einem Kalender nachsehen.	Si no sabes la fecha, siempre puedes mirar un calendario. 	Si tu ne sais pas quelle est la date, tu peux toujours consulter un calendrier.	Se non sai che data è, puoi sempre controllare sul calendario.	Se você não sabe que data é, você sempre pode consultar um calendário.	If you don't know what the date is, you can always check a calendar. 	Si no saps la data, sempre pots mirar un calendari.	Se vi ne scias la daton, vi ĉiam povas kontroli kalendaron.	Si tu non sape qual es le data, tu pote sempre consultar un calendario.	11
04715	Nouns	commerce, trade	der Handel 	el comercio	le commerce	il commercio	o comércio	el comerç	komerco	commercio										11
04716	Nouns	continent	der Kontinent 	el continente	le continent	il continente	o continente	el continent (els continents)	kontinento	continente										11
04717	Nouns	punch	der Faustschlag 	el puñetazo	le coup de poing	il pugno (colpo)	o soco	el cop de puny (els cops de puny)	pugnobato	colpo de pugno										11
04718	Adjectives	wealthy	reich, wohlhabend	rico(a), pudiente	riche, fortuné(e)	ricco(a), benestante	rico(a), abastado(a)	ric(a), adinerat(da)	riĉa	ric										11
04719	Adjectives	vulnerable	verletzlich	vulnerable	vulnérable	vulnerabile	vulnerável	vulnerable	vundebla	vulnerabile										11
04720	Adjectives	substantial	wesentlich	sustancial	substantiel(le)	sostanziale	substancial	substancial	substanca	substantial										11
04721	Adjectives	another, other(s)	ein anderer/eine andere, die anderen	otro/otra, otros/otras	un(e) autre, des autres	un altro, un'altra, degli altri, delle altre	um(a) outro(a), uns outros, umas outras	un altre/una altra, altres	alia, aliaj	altere										11
04722	Adjectives	practical	praktisch	práctico(a)	pratique	pratico(a)	prático(a)	pràctic(a)	praktika	practic										11
04723	Adjectives	multiple	vielfach, vielfältig	múltiple	multiple	multiplo(a)	múltiplo(a)	múltiple	multobla	multiple										11
04724	Adjectives	prior	vorherig	anterior, previo(a)	antérieur(e)	precedente	anterior, prévio	anterior, previ(a)	antaŭa	anterior										11
04725	Adjectives	lost	verloren	perdido(a)	perdu(e)	perso(a), perduto(a)	perdido(a)	perdut(uda)	perdita	perdite										11
04726	Adverbs	repeatedly	mehrfach, wiederholt	repetidamente	à plusieurs reprises	ripetutamente	repetidamente	repetidament	ripete	repetitemente	Er stellte mir mehrfach die selbe Frage, bis ich ihm endlich geantwortet habe.	Él me hizo la misma pregunta repetidamente hasta que finalmente le contesté. 	Il m'a posé la même question à plusieurs reprises, jusqu'au moment oùje lui aifinalementrépondu. 	Mi ha fatto ripetutamente la stessa domanda finché finalmente gli ho risposto.	Ele me fez repetidamente a mesma pergunta até eu, finalmente, respondê-lo.	He repeatedly asked me the same question until I finally answered him. 	Em va fer la mateixa pregunta repetidament fins que finalment li vaig respondre.	Li ripete demandis al mi la saman demandon ĝis mi fine respondis al li.	Ille me poneva le mesme question repetitemente usque io finalmente le respondeva.	11
04727	Adverbs	mainly, predominantly	hauptsächlich	predominantemente	principalement	principalmente, prevalentemente	principalmente, predominantemente	principalment, predominantment	ĉefe, superrege	predominantemente										11
04728	Verbs	to be qualified for	für etwas qualifiziert sein	estar calificado para	être qualifié pour	essere qualificato per, essere idoneo	ser qualificado, se qualificar	estar qualificat per a	esti kvalifikita por	esser qualificate pro	Du brauchst einen Abschluss und zwei Jahre Erfahrung, um dich nur für den Job zu qualifizieren. 	Necesitas una licenciatura y dos años de experiencia para estar calificado para el trabajo. 	Il te faut une licence et deux ans d'expérience juste pour être qualifié pour le travail.	Ti serve una laurea e due anni di esperienza solo per essere idoneo per il lavoro.	Você precisa de diploma e dois anos de experiência apenas para se qualificar para o trabalho.	You need a degree and two years experience to be qualified for the job. 	Necessites una llicenciatura i dos anys d'experiència per estar qualificat per a la feina.	Vi bezonas diplomon kaj du jarojn da sperto por esti kvalifikita por la laboro.	Tu ha besonio de un diploma universitari e duo annos de experientia pro esser qualificate pro le empleo.	11
04729	Verbs	to emphasize	betonen	enfatizar	souligner, insister	sottolineare, enfatizzare	enfatizar	emfatitzar, destacar	emfazi	sublinear										11
04730	Verbs	to crack	knacken, (zer)brechen	rajar (AL), agrietar	craquer	crepare, incrinare	arrombar, rachar	esberlar-se, trencar-se	fendiĝi	fissurar										11
04731	Verbs	to yell	(jemanden) anbrüllen, brüllen	chillar	hurler	urlare	gritar, bradar	cridar, xisclar	krii	critar										11
04732	Verbs	to switch	wechseln, umschalten	alternar	changer de, échanger	invertire, scambiare	modificar	canviar, alternar	ŝalti	alternar										11
04733	Verbs	to cheat	schummeln	hacer trampa (en un juego), traicionar (a alguien)	tricher	imbrogliare	trapacear, trair	fer trampes, enganyar	trompi	fraudar; trair	Ich traue ihm nicht. Er schummelt immer.	No me fío deél, solo se dedica a hacer trampas	Je ne lui faispas confiance, il ne fait que tricher.	Non mi fido di lui, non fa che imbrogliare	Eu não confio nele. Ele só trapaceia.	I don't trust him.All he does is cheat.	No confio en ell. Sempre fa trampes.	Mi ne fidas lin. Li ĉiam trompas.	Io non me fide de ille. Ille non face que fraudar.	11
04734	Verbs	to behave	sich verhalten	comportarse	se comporter	comportarsi	comportar-se	comportar-se	konduti	comportar se										11
04735	Student Life	Are you organizing language classes for foreign students?	Organisieren Sie Sprachkurse für ausländische Studierende?	¿Organizan cursos de idiomas para estudiantes extranjeros?	Est-ce que vous organisez des cours de langues pour les étudiants étrangers?	Organizzate corsi di lingua per gli studenti stranieri?	(Vocês) organizam cursos de línguas para estudantes estrangeiros?	Organitzen classes d'idiomes per a estudiants estrangers?	Ĉu vi organizas lingvokursojn por eksterlandaj studentoj?	Organisa vos cursos de linguas pro studentes estranier?										11
04736	Student Life	I chose 3 very interesting classes / courses!	Ich habe 3 sehr interessante Kurse ausgesucht!	¡He elegido 3 clases muy interesantes!	J'ai choisi 3 cours très intéressants!	Ho scelto 3 corsi molto interessanti!	(Eu) escolhi 3 cursos muito interessantes!	He triat 3 classes / cursos molt interessants!	Mi elektis 3 tre interesajn klasojn / kursojn!	Io ha eligite 3 cursos multo interessante!										11
04737	Student Life	This class is great / stupid!	Dieser Kurs ist super / blöd!	¡Esta clase es genial / horrible!	Ce cours est génial / nul!	Questo corso è fantastico / stupido!	Este curso é ótimo / ruim!	Aquesta classe és genial / una porqueria!	Ĉi tiu klaso estas bonega / aĉa!	Iste classe es genial / horribile!										11
04738	Student Life	Could you send us this presentation, please?	Könnten Sie uns bitte diese Präsentation schicken?	¿Podría enviarnos esta presentación, por favor?	Pourriez-vous nous envoyer cette présentation, s'il vous plaît?	Potrebbe mandarci questa presentazione, per favore?	(Você) poderia nos enviar esta apresentação, por favor?	Podria enviar-nos aquesta presentació, si us plau?	Ĉu vi povus sendi al ni ĉi tiun prezenton, bonvolu?	Poterea vos inviar nos iste presentation, per favor?										11
04739	Student Life	How can I access the Internet?	Wie kann ich auf's Internet zugreifen?	¿Cómo puedo acceder a Internet?	Comment je peux accéder à internet?	Come posso accedere ad internet?	Como posso acessar a internet?	Com puc accedir a Internet?	Kiel mi povas aliri la interreton?	Como pote io acceder a Internet?										11
04740	Student Life	European health insurance card	die europäische Krankenversicherungskarte	el carné europeo de asistencia sanitaria	la carte européenne d'assurance maladie	la tessera europea di assicurazione malattia	o cartão europeu de seguro de saúde	la targeta sanitària europea (les targetes)	eŭropa sanasekura karto	le carta europee de assecurantia sanitari										11
04741	Student Life	I got a student scholarship	Ich habe ein Stipendium für Studenten erhalten	He conseguido una beca	J'ai obtenu une bourse étudiant	Ho ottenuto una borsa di studio	(Eu) obtive uma bolsa de estudo	He aconseguit una beca d'estudiant.	Mi ricevis studentan stipendion.	Io ha obtenite un bursa de studio										11
04742	Student Life	I'm looking for a furnished apartment (US) / flat (UK) downtown (US) / in the city centre (UK)	Ich suche eine möblierte Wohnung in der Innenstadt	Busco un piso (ES), apartamento (AL) amueblado en el centro	Je cherche un appartement meublé dans le centre ville	Cerco un appartamento ammobiliato in centro	(Eu) busco um apartamento mobiliado no centro da cidade	Busco un pis moblat al centre.	Mi serĉas meblitan apartamenton en la urbocentro.	Io cerca un appartamento mobilate in le centro del citate										11
04743	Student Life	Are housing costs included or extra?	Sind die Nebenkosten schon inbegriffen oder sind sie extra?	¿Los gastos de la casa están incluidos o van a parte?	Les charges locatives sont comprises ou sont en plus ?	Le spese dell'affitto sono incluse o in più?	As despesas de consumo estão incluídas ou são extras?	Les despeses estan incloses o són a part?	Ĉu la kostoj estas inkluzivitaj aŭ kromaj?	Le costos de allogiamento es includite o es extra?										11
04744	Student Life	Where can I do laundry on campus?	Wo kann ich auf dem Campus meine Wäsche waschen?	¿Dónde puedo hacer la colada dentro del campus?	Où puis-je faire la lessive sur le campus?	Dove posso fare una lavatrice nel campus?	Onde posso lavar roupa no campus?	On puc fer la bugada al campus?	Kie mi povas lavi miajn vestaĵojn en la kampuso?	Ubi pote io facer le lavage de roba in le campus?										11
04745	Student Life	I would like to find a joint tenancy apartment	Ich würde gerne eine Wohngemeinschaft finden	Me gustaría encontrar un apartamento para compartir	J'aimerais trouver un appartement en collocation	Mi piacerebbe trovare un appartamento da condividere	(Eu) gostaria de encontrar um apartamento para compartilhar	M'agradaria trobar un pis per compartir.	Mi ŝatus trovi kunloĝejan apartamenton.	Io volerea trovar un appartamento a compartir										11
04746	Telephone Etiquette	I’m calling in regard to…	Ich rufe an bezüglich ...	Llamo con referencia a...	J'appelle au sujet de...	Chiamo per/in riferimento a...	Estou ligando a respeito do(a)...	Truco en referència a...	Mi telefonas pri...	Io telephona con respecto a...										11
04747	Telephone Etiquette	I’d like some information about…	Ich hätte gerne Informationen über ...	Querría información sobre...	Je voudrais des informations sur...	Vorrei delle informazioni su...	Eu queria mais informações sobre...	Voldria informació sobre...	Mi ŝatus informojn pri...	Io volerea information super...										11
04748	Telephone Etiquette	Could I please speak to…? May I speak to…?	Könnte ich bitte mit ... sprechen? 	¿Podría hablar con... ?	Pourrais-je parler à ... s'il vous plaît ?	Potrei parlare con... per favore?	Por favor, eu gostaria de falar com... Posso falar com...? 	Podria parlar amb...?	Ĉu mi povus paroli kun...?	Poterea io parlar con...?										11
04749	Telephone Etiquette	Can I… ⇒ Could I…, May I…	Könnte ich vielleicht ...? (formell)	¿Podría...? (formal)	Est-ce que je pourrais... (formel)	Potrei... (formale - domanda)	Será que eu poderia... (formal)	Podria...? (formal)	Ĉu mi povus...? (formala)	Poterea io...?										11
04750	Telephone Etiquette	Can you... ⇒ Would you mind…	Würden Sie bitte ... ? (formeller Telefonanruf)	¿No le importaría... ? (formal - llamada telefónica)	Cela vous dérangerait-il de... ? (formel - appel téléphonique)	Le dispiacerebbe... (formale - telefonata)	Você se importaria de... (formal - ligação telefônica)	No li importaria...? (formal - trucada telefònica)	Ĉu vi ne ĝenus...? (formala - telefona alvoko)	Pote vos... ⇒ Vole vos per favor...										11
04751	Telephone Etiquette	Let me check on that for you. Could I put you on hold?	Lassen Sie mich für Sie nachsehen. Darf ich Sie in die Warteschleife geben?	Deja que lo mire. ¿Puedo ponerte en espera?	Laissez-moi vérifier ça pour vous. Est-ce que je peux vous mettre en attente ?	Glielo verifico subito. Posso metterla in attesa?	Vou verificar isso pra você. Posso colocá-lo(a) em espera?	Deixi que ho comprovi. El puc posar en espera?	Lasu min kontroli tion por vi. Ĉu mi povas meti vin en atendon?	Permitte que io verifica isto pro vos. Pote io poner vos in attende?										11
04752	Telephone Etiquette	Would you mind holding for a moment?	Könnten Sie bitte einen Moment in der Leitung bleiben? 	¿Le importaría esperar un momento?	Pourriez-vous patienter un moment ?	Le dispiace rimanere in attesa per un momento?	Você poderia aguardar um minuto? 	Li importaria esperar un moment?	Ĉu vi ne ĝenus atendi momenton?	Vole vos attender un momento, per favor?										11
04753	Telephone Etiquette	(Miss/Ma’am/Sir) Thank you for holding	(Herr/Frau ...?) Danke, dass Sie gewartet haben	(Señorita/Señora/Señor) Gracias por esperar	(Madame/Monsieur)  Merci d'avoir patienté	(Signorina/Signora/Signore) Scusi l'attesa	(Senhorita/Senhora/Senhor) Obrigado(a) por ter aguardando.	(Senyoreta/Senyora/Senyor)? Gràcies per esperar.	(Fraŭlino/Sinjorino/Sinjoro) Dankon pro via atendo.	(Damisella/Seniora/Senior) Gratias pro haber attendite										11
04754	Telephone Etiquette	I’m sorry, Mrs. Cooper is not in at the moment, may I take a message?	Es tut mir leid, Mrs. Cooper ist momentan nicht da. Kann ich ihr etwas ausrichten?	Lo siento, la Sra. Cooper no está en estos momentos. ¿Quiere dejarle un mensaje?	Je suis désolé, Mme Cooper n'est pas disponible pour le moment. Est-ce que je peux prendre un message ?	Mi dispiace, la signora Cooper non è in sede al momento. Vuole lasciare un messaggio?	Sinto muito, a Sra. Cooper não está. Gostaria de deixar recado? (lit. «Posso anotar um recado?»)	Ho sento, la Sra. Cooper no hi és en aquests moments, vol deixar un missatge?	Pardonu, S-ino Cooper ne estas ĉi tie nun, ĉu mi povas preni mesaĝon?	Io regretta, seniora Cooper non es presente al momento; pote io prender un message?										11
04755	Telephone Etiquette	No, thank you. I'll call back. When would be the best time to reach her?	Nein, danke. Ich rufe zurück. Wann ist die beste Zeit, sie anzurufen?	No, gracias. Volveré a llamar. ¿Cuál es la mejor hora para hablar con ella?	Non, merci. Je rappellerai. Quel est le meilleur moment pour la joindre ?	No, grazie. Richiamerò. Qual è il momento migliore per trovarla?	Não, obrigado(a). Eu volto a ligar. Qual seria o melhor horário para encontrá-la? 	No, gràcies. Tornaré a trucar. Quina seria la millor hora per localitzar-la?	Ne, dankon. Mi retelefonos. Kiam estus la plej bona tempo por atingi ŝin?	No, gratias. Io appellara de novo. Quando esserea le melior hora pro parlar con illa?										11
04756	Telephone Etiquette	Could you tell her that I called?	Könnten Sie ihr sagen, dass ich angerufen habe?	¿Podría decirle que la he llamado?	Pourriez-vous lui dire que j'ai appelé ?	Le può dire che ho chiamato?	Você poderia avisá-la que eu liguei? 	Podria dir-li que he trucat?	Ĉu vi povus diri al ŝi, ke mi telefonis?	Pote vos dicer a illa que io ha telephonate?										11
04757	Telephone Etiquette	Could you ask her to call me back? My phone number is…	Könnten Sie sie bitten, mich zurückzurufen? Meine Telefonnummer ist ...	¿Podrías pedirle que me devuelva la llamada? Mi número de teléfono es…	Pourriez-vous lui demander de me rappeler ? Mon numéro de téléphone est...	Le può dire di richiamarmi? Il mio numero è...	Você pode pedir que ela me ligue de volta? Meu telefone é...	Podria demanar-li que em torni la trucada? El meu número de telèfon és…	Ĉu vi povus peti ŝin retelefoni min? Mia telefonnumero estas...	Pote vos peter a illa de retornar mi appello? Mi numero de telephono es…										11
04758	Telephone Etiquette	Could you speak louder? Could you speak up, please?	Könnten Sie bitte lauter sprechen?	¿Podrías hablar más alto, por favor?	Pourriez-vous parler plus fort, s'il vous plaît ?	Può parlare più forte, per favore?	Você poderia falar mais alto? Você poderia falar alto, por favor?	Podria parlar més alt, si us plau?	Ĉu vi povus paroli pli laŭte, bonvolu?	Pote vos parlar plus forte, per favor?										11
04759	Telephone Etiquette	I’m sorry, could you repeat that?	Es tut mir leid, könnten Sie das wiederholen?	Perdona, ¿lo podría repetir?	Je suis désolé(e), pourriez-vous répéter ça ?	Mi scusi, può ripetere?	Desculpe, você poderia repetir? 	Ho sento, podria repetir-ho?	Pardonu, ĉu vi povus ripeti tion?	Pardono, pote vos repeter illo?										11
04760	Telephone Etiquette	Could you spell that for me, please?	Könnten Sie das für mich buchstabieren?	¿Me lo puede deletrear, por favor?	Pourriez-vous épeler, s'il vous plaît ?	Me lo può dire lettera per lettera, per favore?	Você poderia soletrar isso pra mim, por favor? 	M'ho podria lletrejar, si us plau?	Ĉu vi povus literumi tion por mi, bonvolu?	Pote vos orthographiar illo pro me, per favor?										11
04761	Phone Calls	How may I help you? (phone call)	Wie kann ich Ihnen helfen? (Telefonanruf)	¿Cómo le puedo ayudar? (llamada telefónica)	Comment puis-je vous aider ? (appel téléphonique)	Come posso aiutarla? (telefonata)	Como eu posso ajudar? (ligação telefônica)	Com puc ajudar-lo? (trucada telefònica)	Kiel mi povas helpi vin? (telefona alvoko)	Como pote io adjutar vos?										11
04762	Phone Calls	Is the owner available?	Ist der Besitzer zu sprechen?	¿Está disponible el propietario?	Le propriétaire est-il disponible ?	C'è il proprietario? (lit. Il proprietario è disponibile?)	O proprietário está? (lit. «O proprietário está disponível?»)	Està disponible el propietari?	Ĉu la posedanto disponeblas?	Es le proprietario disponibile?										11
04763	Phone Calls	May I ask who’s calling?	Darf ich fragen, wer anruft?	¿Con quién hablo, por favor?	Qui est à l'appareil ? (litt. «Puis-je demander qui appelle ?»)	Con chi parlo? (lit. Posso chiedere chi sta chiamando?)	Quem fala, por favor? (lit. «Posso perguntar quem está ligando?»)	Puc preguntar qui truca?	Ĉu mi rajtas demandi, kiu vokas?	Pote io demandar qui appella?										11
04764	Phone Calls	I didn't get that (phone call)	Ich habe nicht verstanden (Telefonanruf)	Perdón, no he entendido (llamada telefónica)	Je n'ai pas compris (appel téléphonique)	Non ho capito, mi scusi (telefonata)	Desculpe, eu não entendi (ligação telefônica)	No ho he entès. (trucada telefònica)	Mi ne komprenis tion. (telefona alvoko)	Pardono, io non ha comprendite illo.										11
04765	Phone Calls	Please hold	Bitte bleiben Sie in der Leitung	Por favor, espere	Merci de patienter	Per favore attenda	Por favor, aguarde	Si us plau, esperi.	Bonvolu atendi.	Per favor, attende.										11
04766	Phone Calls	She isn’t in at the moment	Sie ist momentan nicht hier	Ella no está en estos momentos	Elle n'est pas disponible pour le moment	Lei non c'è al momento	Ela não está, no momento	No hi és en aquests moments.	Ŝi ne estas ĉi tie momente.	Illa non es presente al momento.										11
04767	Phone Calls	Can I take a message?	Möchten Sie eine Nachricht hinterlassen?	¿Quiere dejar un mensaje? (lit. ¿puedo tomar un mensaje?)	Est-ce que je peux prendre un message ?	Vuole lasciare un messaggio? (lit. Posso prendere un messaggio?)	Gostaria de deixar recado? (lit. Posso anotar seu recado?)	Puc agafar un missatge?	Ĉu mi povas preni mesaĝon?	Pote io prender un message?										11
04768	Phone Calls	Speaking! (phone call)	Am Apparat! (Telefonanruf)	¡Soy yo! (al teléfono)	Lui-même ! Elle-même !	Sono io! (telefonata)	É ele(a)! (lit. «Falando!») (ligação telefônica)	Sóc jo! (al telèfon)	Parolante! (telefona alvoko)	Io parla!										11
04769	Phone Calls	I’m sorry, I don’t have very good reception	Es tut mir leid, ich habe keinen sehr guten Empfang	Perdona, no escucho muy bien	Je suis désolé, je n'ai pas une bonne réception	Mi dispiace, non sento bene	Me desculpe, não estou ouvindo muito bem	Ho sento, no tinc gaire bona cobertura.	Pardonu, mi ne havas tre bonan ricevon.	Io regretta, io non ha multo bon reception.										11
04770	Phone Calls	Say again? (phone call)	Sagen Sie das bitte noch einmal? (Telefonanruf)	¿Lo puede repetir? (llamada telefónica)	Pouvez-vous répéter ? (appel téléphonique)	Può ripetere? (telefonata)	Pode repetir? (lit. «Diga de novo») (ligação telefônica)	Podria repetir? (trucada telefònica)	Ripetu, bonvolu? (telefona alvoko)	Pote vos repeter?										11
04771	Phone Calls	This is she/he (phone call)	(Ist) am Apparat (Telefonanruf)	Soy yo (llamada telefónica)	C'est moi-même (appel téléphonique)	Sono io (telefonata)	É ela mesma (ligação telefônica)	Sóc jo. (trucada telefònica)	Tiu estas li/ŝi. (telefona alvoko)	Es io.										11
04772	Phone Calls	I’m calling about...	Ich rufe an wegen ...	Llamo por...	J'appelle à propos de...	Chiamo per...	Estou ligando para falar sobre...	Truco per...	Mi telefonas pri...	Io telephona a proposito de...										11
08594	Medical Situations	Hello, I feel very sick...	Hallo, ich fühle mich sehr schlecht...	Hola, me siento muy enfermo(a)...	Bonjour, je me sens très mal...	Salve, mi sento molto male...	Olá, estou me sentindo muito mal...	Hola, em trobo molt malament...	Saluton, mi sentas min tre malsana...	Salute, io me senti multo malade...										10
08595	Medical Situations	...Could you help me please?	... Könnten Sie mir bitte helfen?	...¿Me podría ayudar por favor?	... Pourriez-vous m'aider, s'il vous plaît?	... Può aiutarmi per favore?	... Você poderia me ajudar, por favor?	...Em podria ajudar, si us plau?	...Ĉu vi bonvolus helpi min?	...Poterea vos adjutar me, per favor?										10
08596	Medical Situations	Try to explain how you feel to me.	Versuchen Sie mir zu erklären, wie Sie sich fühlen.	Intente explicar cómo se siente	Essayez de m'expliquer ce que vous ressentez.	Provi a spiegarmi come si sente.	Tente me explicar como se sente.	Intenti explicar-me com se sent.	Provu klarigi al mi kiel vi sentas vin.	Essaya explicar a me como vos vos senti.										10
08597	Medical Situations	I've been lightheaded and felt horrible since yesterday.	Seit gestern ist mir schwindelig und ich fühle mich schrecklich.	He estado mareado(a) y me he sentido horrible desde ayer. 	Depuis hier soir j'ai la tête qui tourne, je me sens vraiment mal.	Mi sento stordito e malissimo da ieri.	Sinto tontura e me sinto muito mal desde ontem.	Estic marejat(ada) i em trobo fatal des d'ahir.	Mi estas kapturna kaj sentas min terure de hieraŭ.	Io ha essite vertiginose e me ha sentite horribile desde heri.										10
08598	Medical Situations	Don't worry. We'll take care of you.	Keine Sorge. Wir werden uns um Sie kümmern.	No se preocupe. Lo(a) vamos a cuidar. 	Ne vous inquiétez pas, nous allons nous occuper de vous.	Non si preoccupi. Ci prenderemo cura di lei.	Não se preocupe. Vamos cuidar de você.	No es preocupi. El cuidarem.	Ne zorgu. Ni prizorgos vin.	Non vos inquieta. Nos prendera cura de vos.										10
08599	Medical Situations	Please have a seat in that chair in the waiting room.	Bitte nehmen Sie in diesem Stuhl im Wartesaal Platz.	Por favor siéntese en esa silla en la sala de espera.	Asseyez-vous sur cette chaise dans la salle d'attente, s'il vous plaît.	Per favore si sieda su quella sedia in sala d'attesa.	Por favor, sente-se naquela cadeira na sala de espera.	Si us plau, segui en aquella cadira de la sala d'espera.	Bonvolu sidiĝi sur tiu seĝo en la atendoĉambro.	Per favor, sede vos in ille sedia in le sala de attenta.										10
08600	Medical Situations	Is it going to take a long time?	Wird das lange dauern?	¿Va a tardar mucho tiempo?	Je vais devoir attendre longtemps ?	Ci vorrà molto tempo?	Vai demorar muito?	Trigarà gaire?	Ĉu daŭros longe?	Va illo prender multe tempore?										10
08601	Medical Situations	There are a lot of people here today, is your pain that serious?	Heute sind sehr viele Menschen da. Sind Ihre Schmerzen sehr ernst?	Hoy hay muchas personas aquí, ¿su dolor es muy serio?	Il y a beaucoup de monde aujourd'hui, est-ce que la douleur est importante ?	Ci sono molte persone oggi, il suo dolore è tanto forte?	Há muita gente aqui hoje, sua dor é realmente grave?	Avui hi ha molta gent, el seu dolor és tan greu?	Hodiaŭ estas multaj homoj, ĉu via doloro estas tiom serioza?	Il ha multe personas hic hodie; es vostre dolor si grave?										10
08602	Medical Situations	Yes, I can't even stand...	Ja, ich kann kaum stehen...	Sí, apenas puedo sostenerme en pie	Oui, je n'arrive même pas à tenir debout...	Sì, riesco a malapena a stare in piedi...	Sim, mal posso me manter em pé...	Sí, gairebé no em puc mantenir dret(a)...	Jes, mi eĉ ne povas stari...	Si, io non pote mesmo star in pede...										10
08603	Medical Situations	I understand. I am going to give you some painkillers to help the pain.	Ich verstehe. Ich werde Ihnen ein paar Schmerzmittel gegen den Schmerz verschreiben.	Entiendo. Voy a darle un analgésico para ayudar con su dolor. 	Je comprends. Je vais vous donner des antalgiques pour vous soulager.	Capisco. Le do un antidolorifero per calmare il dolore.	Entendo, vou lhe dar analgésicos para ajudar com a dor.	Entenc. Li donaré uns analgèsics per alleujar el dolor.	Mi komprenas. Mi donos al vi kelkajn kontraŭdolorilojn por helpi la doloron.	Io comprende. Io va dar vos alcun analgesicos pro alleviar le dolor.										10
08604	Medical Situations	What's going to happen next?	Was passiert als nächstes?	¿Qué va a pasar ahora?	Que va-t-il se passer maintenant ?	Cosa accadrà adesso?	O que vai acontecer em seguida?	Què passarà ara?	Kio okazos nun?	Que va occurrer postea?										10
08605	Medical Situations	The doctor is going to examine you and give you a diagnosis.	Der Doktor wird Sie untersuchen und Ihnen eine Diagnose stellen.	El doctor lo(a) va a examinar y luego le dará un diagnóstico.	Le docteur va venir vous examiner et établir un diagnostic.	Il dottore ora la visiterà e le farà una diagnosi.	O médico irá lhe examinar e estabelecer o diagnóstico.	El metge l'examinarà i li donarà un diagnòstic.	La kuracisto ekzamenos vin kaj donos diagnozon.	Le medico va examinar vos e dar vos un diagnose.										10
08606	Medical Situations	While you're waiting, my colleague is going to help you fill out this admission form.	Während Sie warten, wird mein Kollege Ihnen helfen diese Anmeldungsunterlagen auszufüllen.	Mientras espera, mi colega le va a ayudar a diligenciar este formulario de admisión. 	En attendant, ma collègue vous aidera à remplir ce formulaire pour l'admission.	Mentre aspetta, il mio collega la aiuterà a riempire questo modulo di ricovero.	Enquanto aguardamos, meu colega irá ajudar você a preencher este formulário de admissão.	Mentre espera, el meu company l'ajudarà a omplir aquest formulari d'admissió.	Dum vi atendas, mia kolego helpos vin plenigi ĉi tiun akceptan formularon.	Durante que vos attende, mi collega va adjutar vos a completar iste formulario de admission.										10
08607	Medical Situations	OK, thank you very much.	OK, vielen Dank.	Está bien, muchas gracias. 	D'accord, merci beaucoup.	Ok, grazie mille.	Ok, muito obrigado(a).	D'acord, moltes gràcies.	Bone, multan dankon.	De accordo, multe gratias.										10
08608	Medical Situations	Hello Mr. Turner, how are you today?	Hallo Herr Turner, wie geht es Ihnen heute?	Hola Señor Turner, ¿cómo está usted hoy?	Bonjour M. Turner, comment allez-vous aujourd'hui ?	Salve Signor Turner, come sta oggi?	Olá Sr. Turner, como você está hoje?	Hola, senyor Turner, com està avui?	Saluton Sinjoro Turner, kiel vi fartas hodiaŭ?	Hallo, senior Turner, como es vos hodie?										10
08609	Medical Situations	Hello. I've had trouble sleeping, but I feel better today.	Hallo. Ich konnte nicht richtig schlafen, aber heute fühle ich mich besser.	Hola. Me costó dormirme, pero hoy estoy mejor. 	Ça va, j'ai eu du mal à dormir mais je me sens mieux aujourd'hui.	Salve. Ho avuto dei problemi a dormire, ma oggi mi sento meglio.	Olá. Tive problemas para dormir, mas hoje me sinto melhor.	Hola. M'ha costat dormir, però avui em trobo millor.	Saluton. Mi malfacile dormis, sed mi sentas min pli bona hodiaŭ.	Hallo. Io ha habite difficultate a dormir, ma hodie io me senti melior.										10
08610	Medical Situations	We have the results of your blood test. We will be able to operate on you tomorrow morning.	Wir haben die Befunde Ihres Bluttests. Wir werden Sie morgen früh operieren können.	Tenemos los resultados de su exámen de sangre. Podremos operarlo(a) mañana por la mañana. 	Nous avons les résultats de vos bilans sanguins, nous allons pouvoir vous opérer demain matin.	Abbiamo i risultati delle sue analisi del sangue. La opereremo domani mattina.	Temos os resultados do seu exame de sangue. Poderemos operá-lo amanhã de manhã.	Tenim els resultats de la seva anàlisi de sang. El podrem operar demà al matí.	Ni havas la rezultojn de via sangotesto. Ni povos operacii vin morgaŭ matene.	Nos ha le resultatos de vostre analyse de sanguine. Nos potera operar vos deman matino.										10
08611	Medical Situations	Does the operation have any risks?	Birgt diese Operation irgendwelche Risiken?	¿La operación tiene riesgos?	Est-ce qu'il y a des risques liés à l'opération ?	L'operazione comporta dei rischi?	Há algum risco ligado à operação?	L'operació té riscos?	Ĉu la operacio havas riskojn?	Le operation ha alcun riscos?										10
08612	Medical Situations	Yes, there are always risks, but I assure you that their chances are very low.	Ja, es gibt immer ein Risiko, aber ich versichere Ihnen, dass sie sehr gering sind.	Si, siempre hay riesgos, pero le aseguro que la probabilidad es muy baja. 	Oui, il y a toujours des risques mais, rassurez-vous, ils sont très faibles.	Sì, ci sono sempre dei rischi, ma le assicuro che le sue probabilità di rischi sono bassissime.	Sim, sempre há riscos, mas lhe asseguro que são mínimos.	Sí, sempre hi ha riscos, però li asseguro que les probabilitats són molt baixes.	Jes, ĉiam estas riskoj, sed mi certigas al vi, ke iliaj ŝancoj estas tre malaltaj.	Si, il ha sempre riscos, sed io vos assecura que lor probabilitate es multo basse.										10
08613	Medical Situations	When will I be able to leave after the operation?	Wann werde ich nach der Operation entlassen werden können?	¿Cuándo podre irme después de la operación?	Quand pourrai-je sortir après l'opération ?	Quando potrò andare via dopo l'operazione?	Poderei ir embora após a operação?	Quan podré marxar després de l'operació?	Kiam mi povos foriri post la operacio?	Quando potera io quitar le hospital post le operation?										10
08614	Medical Situations	If all goes well, you can leave in 10 days.	Wenn alles gut geht, können Sie schon in 10 Tagen entlassen werden.	Si todo resulta bien, podrá irse en 10 días. 	Si tout va bien, vous pourrez sortir dans 10 jours.	Se va tutto bene, può uscire tra 10 giorni.	Se tudo correr bem, você pode partir dentro de 10 dias.	Si tot va bé, podrà marxar en 10 dies.	Se ĉio iros bone, vi povos foriri post 10 tagoj.	Si toto va ben, vos potera partir in 10 dies.										10
08615	Medical Situations	You can't smoke, eat or drink 12 hours before the operation.	12 Stunden vor der Operation dürfen Sie nicht rauchen, essen oder trinken.	No puede fumar, comer o tomar durante 12 horas antes de la operación. 	Il va falloir rester à jeun et ne pas fumer 12 heures avant l'opération.	Non può fumare, mangiare o bere 12 ore prima dell'operazione.	Você não pode fumar, comer ou beber 12 horas antes da operação.	No pot fumar, menjar ni beure 12 hores abans de l'operació.	Vi ne povas fumi, manĝi aŭ trinki 12 horojn antaŭ la operacio.	Vos non pote fumar, mangiar o biber durante 12 horas ante le operation.										10
08616	Medical Situations	I can't smoke?! I'm already stressed enough, doctor!	Ich darf nicht rauchen?! Ich bin schon gestresst genug, Doktor!	¿¡No puedo fumar?! Ya estoy suficientemente estresado, doctor!	Je ne peux pas fumer ? Je suis déjà tellement stressé, docteur !	Non posso fumare?! Sono già abbastanza stressato, dottore!	Não posso fumar!? Já estou suficientemente estressado, doutor!	No puc fumar?! Ja estic prou estressat, doctor!	Mi ne povas fumi?! Mi jam estas sufiĉe streĉita, doktoro!	Io non pote fumar?! Io es jam satis stressate, doctor!										10
08617	Medical Situations	I will prescribe you some anti-anxiety medication to help calm you down.	Ich werde Ihnen etwas gegen die Angstzustände verschreiben, um Ihnen dabei helfen sich zu beruhigen. 	Le voy a recetar un ansiolítico para ayudarle a calmarse. 	Je vais vous prescrire des anxiolytiques, ça vous aidera à vous détendre.	Le prescriverò un ansiolitico per aiutarla a calmarsi.	Vou lhe prescrever um medicamento ansiolítico para que você se mantenha calmo(a).	Li receptaré uns ansiolítics per ajudar-lo a calmar-se.	Mi preskribos al vi kelkajn anksiolitikojn por helpi vin trankviliĝi.	Io va prescriber a vos un medicamento anxiolytic pro adjutar vos a calmar vos.										10
08618	Medical Situations	Thank you, doctor.	Danke Herr Doktor.	Gracias, doctor. 	Merci docteur.	Grazie dottore.	Obrigado, doutor.	Gràcies, doctor.	Dankon, doktoro.	Gratias, doctor.										10
08619	Medical Situations	Now rest. The nurse will come and explain how to prepare yourself.	Ruhen Sie sich jetzt aus. Die Krankenschwester wird vorbeikommen und Ihnen erklären, wie Sie sich vorbereiten müssen.	Ahora descanse. La enfermera vendrá a explicarle cómo prepararse. 	Reposez-vous, l'infirmière va passer et vous expliquer comment vous préparer.	Ora riposi. L'infermiera verrà a spiegarle come prepararsi.	Agora descanse. O(a) enfermeiro(a) virá lhe explicar como você pode se preparar.	Ara descansi. La infermera vindrà a explicar-li com preparar-se.	Nun ripozu. La flegistino venos kaj klarigos kiel prepari vin.	Ora reposa. Le infirmera venira e explicara como preparar vos.										10
08620	Medical Situations	Yes, I'm Canadian.	Ja, ich bin Kanadier.	Si, soy canadiense. 	Oui, je suis canadien.	Sì, sono canadese.	Sim, sou canadense.	Sí, sóc canadenc.	Jes, mi estas kanadano.	Si, io es canadian.										10
08621	Medical Situations	I speak a little English. What's going on?	Ich spreche ein bisschen Englisch. Was ist los?	Hablo un poco de inglés. ¿Qué está pasando?	Je parle un peu anglais. Que s'est-il passé ?	Io parlo un po' di inglese. Che succede?	Falo um pouco de inglês. Qual é o problema?	Parlo una mica d'anglès. Què ha passat?	Mi parolas iom la anglan. Kio okazas?	Io parla un poco de anglese. Que occurre?										10
08622	Medical Situations	I fainted while visiting the city.	Ich bin ohnmächtig geworden, als ich die Stadt besichtigt habe.	Me desmayé mientras visitaba la ciudad. 	J'ai fait un malaise en visitant la ville.	Sono svenuto mentre visitavo la città.	Desmaiei enquanto visitava a cidade.	M'he desmaiat mentre visitava la ciutat.	Mi svenis vizitante la urbon.	Io perdeva le conscientia durante que io visitava le citate.										10
08623	Medical Situations	Has this ever happened to you before?	Ist Ihnen das schon einmal passiert?	¿Esto le había ocurrido alguna otra vez?	Est-ce que ça vous est déjà arrivé ?	Le è mai capitato prima?	Isso já aconteceu com você antes?	Li havia passat això abans?	Ĉu tio okazis al vi antaŭe?	Esque isto ha jammais occurrite a vos antea?										10
08624	Medical Situations	Yes it did, six months ago.	Ja, vor 6 Monaten.	Sí, hace seis meses.	Oui, mais c'était il y a 6 mois.	Sì in effetti, sei mesi fa.	Sim, há seis meses.	Sí, fa sis mesos.	Jes, antaŭ ses monatoj.	Si, isto occurreva sex menses retro.										10
08625	Medical Situations	Did you injure yourself falling?	Haben Sie sich beim Fall verletzt?	¿Usted se lesionó al caerse?	Vous êtes-vous blessé en tombant ?	Si è fatto male cadendo?	Você se machucou ao cair?	S'ha fet mal en caure?	Ĉu vi vundis vin falante?	Esque vos feriva vos mesme al cader?										10
08626	Medical Situations	Yes, I had a headache, and my ears were bleeding.	Ja, ich hatte Kopfschmerzen und meine Ohren haben geblutet.	Sí, tenía dolor de cabeza y mis oídos sangraban. 	Oui, j'avais mal à la tête et je saignais des oreilles.	Sì, ho avuto mal di testa e un taglio sopra l'orecchio.	Sim, eu tive dor de cabeça, e meus ouvidos sangraram.	Sí, tenia mal de cap i em sagnava l'orella.	Jes, mi havis kapdoloron, kaj miaj oreloj sangis.	Si, io habeva dolor de capite, e mi aures sanguinava.										10
08627	Medical Situations	We will have to stitch the wound.	Die Wunde muss genäht werden	Tendremos que suturar la herida.	Il va falloir recoudre la plaie...	Dovremo mettere i punti alla ferita.	Vamos precisar costurar a ferida. 	Haurem de suturar la ferida.	Ni devos suturi la vundon.	Nos debera suturar le vulnere.										10
08628	Medical Situations	...and also run some tests to make sure you haven't suffered any brain trauma.	... machen Sie auch ein paar Tests, um sicherzugehen, dass Sie kein Hirntrauma erlitten haben.	...y pide más exámenes para asegurar que no haya sufrido trauma cerebral.	...et aussi passer des examens pour vérifier qu'il n'y a pas de traumatisme crânien.	... e faremo degli esami per assicurarci che non abbia avuto nessun trauma cranico.	... e também realizar alguns exames para ter a certeza de que você não sofreu qualquer trauma cerebral.	...i també fer algunes proves per assegurar-nos que no ha patit cap trauma cranial.	...kaj ankaŭ fari kelkajn testojn por certigi, ke vi ne suferis cerban traŭmaton.	...e etiam facer alcun examines pro assecurar que vos non ha suffrite alcun trauma cerebral.										10
08629	Medical Situations	I am going to take care of you, don't you worry.	Ich werde mich um Sie kümmern, keine Sorge.	Yo lo(a) voy a cuidar, no se preocupe. 	Je vais m'occuper de vous, ne vous inquiétez pas.	Mi prenderò cura di lei, non si preoccupi.	Vou cuidar de você, não se preocupe.	El cuidaré, no es preocupi.	Mi prizorgos vin, ne zorgu.	Io va prender cura de vos, non vos preoccupa.										10
08630	Medical Situations	Hello, I have an appointment with doctor Ladeux.	Hallo. Ich habe einen Termin mit Dr. Ladeux.	Hola, tengo una cita con el doctor Ladeux.	Bonjour, j'ai rendez-vous avec le docteur Ladeux.	Salve, ho un appuntamento con il dottor Ladeux.	Olá, tenho uma consulta com o doutor Ladeux.	Hola, tinc hora amb el doctor Ladeux.	Saluton, mi havas rendevuon kun doktoro Ladeux.	Salute, io ha un appunctamento con le doctor Ladeux.										10
08631	Medical Situations	Hello, what time is your appointment?	Hallo. Wann ist Ihr Termin?	Hola, ¿a qué hora es su cita?	Bonjour, à quelle heure avez-vous rendez-vous ?	Salve, a che ora è il suo appuntamento?	Olá, a que horas é a sua consulta?	Hola, a quina hora és la seva cita?	Saluton, je kioma horo estas via rendevuo?	Salute, a qual hora es vostre appunctamento?										10
08632	Medical Situations	At 2:20. I hope I'm not late!	Um 14 Uhr 20. Ich hoffe ich komme nicht zu spät!	A las 2:20. ¡Espero no llegar tarde!	A 14h20, j'espère que je ne suis pas en retard !	Alle 14.20. Spero di non essere in ritardo!	Às 14h20. Espero que eu não esteja atrasado!	A les 14:20. Espero no fer tard!	Je la 14:20. Mi esperas, ke mi ne malfruas!	A 2:20. Io spera que io non es tarde!										10
08633	Medical Situations	No, don't worry. Is this your first consultation here?	Nein, keine Sorge. Sind Sie das erste Mal bei uns?	No se preocupe. ¿Esta es su primera consulta aqui?	Non, pas de souci. C'est votre première consultation ici ?	No, non si preoccupi. È la sua prima visita qui?	Não, fique tranquilo. É a sua primeira consulta aqui?	No, no es preocupi. És la seva primera consulta aquí?	Ne, ne zorgu. Ĉu ĉi tio estas via unua konsulto ĉi tie?	No, non vos preoccupa. Es isto vostre prime consulta hic?										10
08634	Medical Situations	Can you give me your health insurance card?	Können Sie mir Ihre Krankenversicherungskarte geben?	¿Usted me podría dar su tarjeta de seguro sanitaria?	Pouvez-vous me donner votre carte d'assurance maladie ?	Può darmi la sua tessera sanitaria?	Você poder me dar seu cartão do seguro? 	Em pot donar la seva targeta sanitària?	Ĉu vi povas doni al mi vian sanasekurkarton?	Poterea vos dar me vostre carta de assecurantia sanitari?										10
08635	Medical Situations	Here it is. Will the consultation be totally covered?	Hier ist sie. Wird die Behandlung komplett übernommen?	Aquí está. ¿La consulta será completamente reembolsada?	La voilà. Est-ce que la consultation sera totalement remboursée ?	Eccola. La visita è coperta totalmente?	Aqui está. A consulta será completamente reembolsada?	Aquí la té. La consulta estarà totalment coberta?	Jen ĝi. Ĉu la konsulto estos tute kovrita?	Ecce lo. Sera le consulta totalmente coperite?										10
08636	Medical Situations	You must contact your insurance provider to find that out.	Sie müssen sich mit Ihrer Krankenkasse in Verbindung setzen, um das herauszufinden.	Usted debe ponerse en contacto con su proveedor de seguro médico para averiguar eso. 	Il faudra contacter votre assurance pour le savoir.	Deve contattare la sua assicurazione per saperlo.	Você deve entrar em contato com o seu seguro para saber.	Haurà de contactar amb la seva asseguradora per saber-ho.	Vi devos kontakti vian asekurprovizanton por ekscii tion.	Vos debe poner in contacto vostre fornitor de assecurantia medical pro discoperir isto.										10
08637	Medical Situations	OK, I will do that.	OK, das mache ich.	Ok, haré eso. 	D'accord, je le ferai.	Ok, lo farò.	Ok, farei isto.	D'acord, ho faré.	Bone, mi faros tion.	OK, io facera isto.										10
08638	Medical Situations	Do you have a European Health Insurance Card (European medicaid card)?	Haben Sie eine europäische Krankenversicherungskarte?	¿Usted tiene una tarjeta sanitaria europea (TSE)?	Est-ce que vous avez la Carte Européenne d'Assurance Maladie ?	Ha la Tessera Europea di Assicurazione Medica?	Você tem um cartão de seguro de saúde europeu?	Té la Targeta Sanitària Europea?	Ĉu vi havas Eŭropan Sanasekurkarton?	Ha vos un carta sanitari europee (carta europee de assecurantia medical)?										10
08639	Medical Situations	Yes, but it's at my hotel. It isn't too far, my wife will go get it during the consultation.	Ja aber sie ist im Hotel. Es ist nicht so weit weg, meine Frau wird sie während der Behandlung holen.	Si, pero está en mi hotel. No está muy lejos, mi esposa ira a buscarlo durante la consulta. 	Oui, mais elle est à l'hôtel. Ce n'est pas très loin, ma femme ira la chercher pendant la consultation.	Sì, ma è in albergo. Non è molto lontano, mia moglie andrà a prenderla durante la visita.	Sim, mas está no meu hotel. Não é muito longe, minha esposa irá buscá-lo durante a consulta. 	Sí, però és a l'hotel. No és gaire lluny, la meva dona l'anirà a buscar durant la consulta.	Jes, sed ĝi estas en mia hotelo. Ĝi ne estas tre malproksime, mia edzino iros preni ĝin dum la konsulto.	Si, ma illo es in mi hotel. Illo non es troppo lontan; mi sposa ira a prender lo durante le consulta.										10
08640	Medical Situations	Very well, that's fine. You can have a seat in the waiting room.	Sehr gut, alles klar. Sie können im Wartezimmer Platz nehmen.	Perfecto, está bien. Puede tomar un asiento en la sala de espera.	Très bien, c'est bon. Vous pouvez vous assoir dans la salle d'attente.	Ok, va bene così. Si sieda pure in sala d'aspetto.	Ótimo, que bom. Você pode se sentar na sala de espera.	Molt bé, perfecte. Pot seure a la sala d'espera.	Tre bone, tio estas en ordo. Vi povas sidiĝi en la atendoĉambro.	Multo ben, isto es in ordine. Vos pote prender placia in le sala de attender.										10
08641	Medical Situations	Hello, I'm the new nurse.	Hallo. Ich bin die neue Krankenschwester.	Hola, yo soy la nueva enfermera. 	Bonjour, je suis la nouvelle infirmière.	Salve, sono la nuova infermiera.	Olá, sou a nova enfermeira.	Hola, sóc la nova infermera.	Saluton, mi estas la nova flegistino.	Salute, io es le nove infirmera.										10
08642	Medical Situations	My name's Sarah. 	Mein Name ist Sarah. 	Mi nombre es Sarah. 	Je m'appelle Sarah. 	Io mi chiamo Sarah. 	Meu nome é Sarah.	Em dic Sarah.	Mi nomiĝas Sarah.	Mi nomine es Sarah.										10
08643	Medical Situations	When did you start here?	Wann hast du hier angefangen?	¿Cuándo empezaste aquí?	Tu as commencé depuis quand ?	Quando hai iniziato qui?	Quando você começou aqui? 	Quan vas començar aquí?	Kiam vi komencis ĉi tie?	Quando tu comenciava hic?										10
08644	Medical Situations	I started yesterday. This hospital is enormous. I almost got lost!	Ich habe gestern angefangen. Dieses Krankenhaus ist riesig. Ich habe mich fast verlaufen.	Empecé ayer. Este hospital es enorme. ¡Casi me pierdo!	J'ai commencé hier. Cet hôpital est énorme. J'ai failli me perdre !	Ho iniziato ieri. Questo ospedale è enorme. Mi sono quasi persa!	Eu comecei ontem. Este hospital é enorme. Quase me perdi!	Vaig començar ahir. Aquest hospital és enorme. Gairebé m'he perdut!	Mi komencis hieraŭ. Ĉi tiu hospitalo estas grandega. Mi preskaŭ perdiĝis!	Io comenciava heri. Iste hospital es enorme. Io quasi me perdeva!										10
08645	Medical Situations	It will get easier after a couple weeks.	Nach ein paar Wochen wird es einfacher.	Todo será más fácil en un par de semanas.	Tu verras que, dans quelques semaines, ça ira mieux.	Andrà meglio tra un paio di settimane, vedrai.	Ficará mais fácil em algumas semanas. 	Ja veuràs que d'aquí a unes setmanes anirà millor.	Post kelkaj semajnoj estos pli facile.	Illo devenira plus facile post un par de septimanas.										10
08646	Medical Situations	Thanks, I needed the reassurance.	Danke. Ich brauchte diese Bestätigung.	Gracias, necesitaba el consuelo.	Merci, c'est gentil de ta part de vouloir me rassurer.	Grazie, mi serviva un po' di rassicurazione.	Obrigada, eu precisava ser reconfortada. 	Gràcies, necessitava que em tranquil·litzessin.	Dankon, mi bezonis la trankviligon.	Gratias, io necessitava le consolation.										10
08647	Medical Situations	No problem. Come on, let me introduce you to your other coworkers.	Kein Problem. Komm, lass mich dich deinen neuen Kollegen vorstellen.	No hay problema. Ven, déjame presentarte a tus otros colegas. 	De rien. Viens, je vais te présenter tes autres collègues...	Nessun problema. Vieni, ti presento agli altri colleghi.	Sem problemas. Venha, deixe-me introduzi-la aos seus colegas.	De res. Vinga, et presentaré als teus altres companys.	Ne dankinde. Venu, mi prezentos vin al viaj aliaj kolegoj.	Nulle problema. Veni, lassa me presentar te a tu altere collegas.										10
08648	Medical Situations	Hello ma'am, I need to speak with you about your husband's condition.	Hallo. Ich muss mit Ihnen über den Zustand Ihres Mannes sprechen.	Hola señora, necesito hablar con usted acerca del estado de su esposo.	Bonjour, j'aurais besoin de vous parler de l'état de santé de votre mari.	Salve signora, devo parlarle della condizione di suo marito.	Olá senhora, preciso falar com você sobre o estado do seu marido.	Hola, senyora, necessito parlar amb vostè sobre l'estat del seu marit.	Saluton sinjorino, mi bezonas paroli kun vi pri la stato de via edzo.	Salute seniora, io debe parlar con vos super le condition de vostre marito.										10
08649	Medical Situations	Would you like to have a seat?	Möchten Sie sich hinsetzen?	¿Quiere sentarse?	Voulez-vous vous asseoir ?	Vuole sedersi?	Você gostaria de se sentar?	Vol seure?	Ĉu vi volas sidiĝi?	Vole vos seder?										10
08650	Medical Situations	What do you want to tell me? What's going on?	Was möchten Sie mir sagen? Was ist los?	¿Qué me quería decir? ? Qué sucede?	Que voulez-vous me dire ? Que se passe-t-il ?	Cosa vuole dirmi? Che succede?	O que você quer me dizer? O que está acontecendo?	Què em vol dir? Què passa?	Kion vi volas diri al mi? Kio okazas?	Que vole vos dicer me? Que occurre?										10
08651	Medical Situations	His health is worrisome, and the doctor would like to operate on him tomorrow.	Sein gesundheitlicher Zustand ist Besorgnis erregend und der Arzt würde Ihn gerne morgen operieren.	Su salud es preocupante, y el doctor le gustaría operarlo mañana.	Son état de santé est assez préoccupant et le docteur voudrait l'opérer demain.	La sua salute è preoccupante, e il dottore vorrebbe operarlo.	A saúde dele é preocupante e o médico gostaria de operá-lo amanha.	La seva salut és preocupant, i el metge voldria operar-lo demà.	Lia sano estas zorga, kaj la kuracisto ŝatus operacii lin morgaŭ.	Su sanitate es preoccupante, e le doctor volerea operar le deman.										10
08652	Medical Situations	Is there a chance that he might not make it?	Besteht die Möglichkeit, dass er es nicht schafft?	¿Es posible que el no vaya a sobrevivir?	Est-ce qu'il risque de mourir ?	C'è la possibilità che potrebbe non farcela?	Há alguma chance de ele não sobreviver?	Hi ha la possibilitat que no se'n surti?	Ĉu estas ŝanco, ke li eble ne sukcesos?	Es il possibile que ille non supervive?										10
08653	Medical Situations	Not for the moment, but it could get worse at any time.	Nicht im Augenblick, aber es könnte jeden Moment schlimmer werden.	Por ahora no, pero podría empeorar en cualquier momento. 	Pas pour l'instant, mais sa condition pourrait s'aggraver d'un moment à l'autre...	Non per ora, ma può peggiorare in ogni momento.	Por enquanto não, mas pode piorar a qualquer momento.	De moment no, però podria empitjorar en qualsevol moment.	Ne nuntempe, sed ĝi povus plimalboniĝi iam ajn.	Non pro le momento, ma illo poterea aggravar se a qualcunque momento.										10
08654	Medical Situations	But with the operation, he has a good chance for recovery	Aber mit dieser Operation hat er gute Chancen wieder gesund zu werden	...pero con la operación, hay una buena posibilidad que se recupere	Mais avec l'opération, il a de bonnes chances de guérison.	Ma con l'operazione, ha una buona probabilità di guarigione	Mas com a operação, ele tem boas chances de recuperação	Però amb l'operació, té moltes possibilitats de recuperar-se.	Sed kun la operacio, li havas bonan ŝancon resaniĝi.	Ma con le operation, ille ha un bon possibilitate de recuperation.										10
08655	Medical Situations	Does he know what's happening?	Weiß er was los ist?	¿Él sabe que está sucediendo?	Il est au courant ?	Lui sa cosa sta succedendo?	Ele está ciente do que está acontecendo?	N'està al corrent?	Ĉu li scias kio okazas?	Sape ille lo que occurre?										10
08656	Medical Situations	We explained everything to him. You can go see him, he's in room 110.	Wir haben ihm alles erklärt. Sie können zu ihm gehen. Er ist im Zimmer 110.	Le explicamos todo. Usted puede ir a verlo, está en la habitación 110.	Nous lui avons tout expliqué. Vous pouvez aller le voir, il est dans la chambre 110.	Gli abbiamo spiegato tutto. Può andare da lui, è nella camera 110.	Nós explicamos tudo a ele. Você por ir vê-lo, está no quarto 110.	L'hi hem explicat tot. Pot anar a veure'l, és a l'habitació 110.	Ni klarigis ĉion al li. Vi povas iri vidi lin, li estas en ĉambro 110.	Nos le explicava toto. Vos pote vader a vider le; ille es in le camera 110.										10
08657	Medical Situations	How did he react? Is he upset?	Wie hat er reagiert? Ist er traurig?	¿Cómo reaccionó? ¿Está molesto?	Comment réagit-il ? Est-ce qu'il est triste ?	Come ha reagito? È sconvolto?	Como ele reagiu? Ele está chateado?	Com ha reaccionat? Està trist?	Kiel li reagis? Ĉu li estas ĉagrenita?	Como reageva ille? Es ille turbate?										10
08658	Medical Situations	I believe he needs the support of his family during this hard time.	Ich glaube er braucht die Unterstützung seiner Familie in dieser schweren Zeit.	Creo que necesita el apoyo de su familia durante este difícil momento.	Je crois qu'il a besoin du soutien de ses proches pour ce moment difficile.	Credo che abbia bisogno del supporto della sua famiglia in questo momento difficile.	Acho que ele precisa do suporte de sua família neste momento difícil.	Crec que necessita el suport de la seva família en aquest moment difícil.	Mi kredas, ke li bezonas la subtenon de sia familio dum ĉi tiu malfacila tempo.	Io crede que ille necessita le supporto de su familia durante iste momento difficile.										10
08659	Medical Situations	Good, thanks Sarah. I usually like the morning shift, but today was horrible.	Gut, danke Sarah. Ich mag die Frühschicht normalerweise gerne, aber heute war es schrecklich.	Bien, gracias, Sarah. Normalmente me gusta el turno de la mañana pero hoy fue horrible.	Oui, merci Sarah. Je préfère être du matin, mais aujourd'hui c'était agité.	Bene, grazie Sarah. Di solito mi piace il turno di mattina, ma oggi è stato orribile.	Bem, obrigada Sarah. Geralmente eu gosto do turno da manhã, mas hoje foi horrível.	Bé, gràcies, Sarah. Normalment m'agrada el torn de matí, però avui ha estat horrible.	Bone, dankon Sarah. Mi kutime ŝatas la matenan deĵoron, sed hodiaŭ estis terura.	Ben, gratias, Sarah. Normalmente io ama le torno del matino, ma hodie esseva horribile.										10
08660	Medical Situations	I understand. Tell me what happened.	Ich verstehe. Sagen Sie mir was passiert ist.	Entiendo. Cuéntame que sucedió.	Je comprends. Dis-moi ce qui s'est passé.	Capisco. Raccontami cos'è successo.	Entendo. Explique-me o que aconteceu.	Entenc. Explica'm què ha passat.	Mi komprenas. Diru al mi kio okazis.	Io comprende. Conta me lo que occurreva.										10
08661	Medical Situations	Was Misses Ford transferred to palliative care?	Wurde Frau Ford in die Palliativstation verlegt?	¿La Señora Watson fue transferida a cuidados paliativos?	Est-ce que Madame Ford a été transférée en soins palliatifs ?	La signora Ford è stata trasferita al reparto cure palliative?	A Sra. Ford foi transferida ao centro de cuidados paliativos? 	La senyora Ford ha estat traslladada a cures pal·liatives?	Ĉu Sinjorino Ford estis translokigita al paliativa zorgo?	Esseva le seniora Ford transferite a curas palliative?										10
08662	Medical Situations	Yes, we weren't able to contact her family. We need to let them know where she is.	Ja. Wir konnten ihre Familie nicht benachrichtigen. Wir müssen ihnen sagen, wo sie ist.	Sí, no pudimos contactar a su familia. Tenemos que avisarles donde está. 	Oui, on n'a pas réussi à joindre ses proches ce matin. Il faudra leur expliquer où elle est.	Sì, non siamo riusciti a contattare la sua famiglia. Dobbiamo fargli sapere dove si trova.	Sim, não conseguimos entrar em contato com a família dela. Precisamos informá-los de onde ela se encontra.	Sí, no hem pogut contactar amb la seva família. Els hem de dir on és.	Jes, ni ne povis kontakti ŝian familion. Ni devas sciigi ilin kie ŝi estas.	Si, nos non poteva poner in contacto su familia. Nos debe facer les saper ubi illa es.										10
08663	Medical Situations	Yes, now she is under preoperative care.	Ja. Sie befindet sich jetzt in der präoperativen Pflege.	Sí, ahora está en cuidados preoperatorios. 	Oui, elle est actuellement en phase de soins pré-opératoires	Sì, ora è in preoperatorio.	Sim, agora ela está em cuidados pré-operatórios.	Sí, ara està en cures preoperatòries.	Jes, nun ŝi estas sub antaŭoperacia prizorgo.	Si, ora illa es sub cura preoperatori.										10
08664	Medical Situations	There were two new people this afternoon, one of whom comes from another country.	Heute Nachmittag gab es zwei neue Patienten, von denen einer aus einem anderen Land kommt.	Había dos personas nuevas esta tarde, una de ellas viene de otro país.	Il y avait deux nouveaux arrivants cet après midi, dont un qui vient d'un autre pays.	C'erano due persone nuove oggi pomeriggio, una delle quali viene da un altro paese.	Havia duas novas pessoas nesta tarde, uma delas veio de outro país.	Hi havia dues persones noves aquesta tarda, una de les quals ve d'un altre país.	Estis du novaj homoj ĉi-posttagmeze, unu el kiuj venas el alia lando.	Il habeva duo nove personas iste postmeridie, un del quales veni de un altere pais.										10
08665	Medical Situations	Great! I will be very happy to have a foreign coworker!	Super! Ich freue mich sehr, einen ausländischen Kollegen zu haben!	¡Genial! ¡Estaré feliz de tener un colega extranjero! 	Génial ! Je serai très heureux d'avoir un collègue étranger !	Ottimo! Sarò molto felice di avere un collega straniero!	Ótimo! Ficarei muito feliz de ter um colega estrangeiro!	Genial! Estaré molt content de tenir un company estranger!	Bonege! Mi tre feliĉos havi eksterlandan kolegon!	Optime! Io essera multo felice de haber un collega estranier!										10
08666	Medical Situations	We must change the IV of Mrs. Holmes at 3pm.	Wir müssen die Infusion von Frau Holmes um 15 Uhr wechseln.	Debemos cambiar la vía intravenosa de la Señora Holmes a las 3pm. 	Il faudra changer la perfusion de Mme Holmes à 15h.	Dobbiamo cambiare la flebo della signora Holmes alle 15.	Devemos trocar a solução intravenosa da Sra. Holmes às 15:00.	Hem de canviar el sèrum de la senyora Holmes a les 15:00h.	Ni devas ŝanĝi la IV-on de Sinjorino Holmes je la 15:00.	Nos debe cambiar le perfusion intravenose de seniora Holmes a tres horas postmeridie.										10
08667	Medical Situations	OK, I will do that right when I change the bandages of her neighbor. 	OK, ich werde es machen, wenn ich den Verband ihres Nachbarn ändern werde.	Ok, haré eso cuando le cambio el vendaje a su vecino. 	D'accord, je le ferai en même temps que je changerai le pansement de sa voisine.	Ok, lo farò dopo aver cambiato la fasciatura alla sua vicina.	Ok, farei isso quando eu for trocar os curativos do vizinho dela.	D'acord, ho faré quan canviï l'apòsit de la seva veïna.	Bone, mi faros tion tuj kiam mi ŝanĝos la pansaĵojn de ŝia najbaro.	De accordo, io facera isto justo quando io cambiara le bandages de su vicino.										10
08668	Medical Situations	For the rest of the patients, it's the same as yesterday afternoon.	Für die übrigen Patienten ist alles genauso wie gestern Nachmittag.	Para el resto de los pacientes, es igual que ayer por la tarde.	Pour le reste des patients, c'est comme hier après-midi.	Per gli altri pazienti, stiamo come ieri pomeriggio.	Para o resto dos pacientes, é o mesmo que ontem à tarde.	Pel que fa a la resta de pacients, tot segueix igual que ahir a la tarda.	Por la ceteraj pacientoj, estas same kiel hieraŭ posttagmeze.	Pro le resto del patientes, illo es le mesme que heri postmeridie.										10
08669	Medical Situations	Hi, Sandrine. I've seen Mrs Holmes' vitals.	Hey Sandrine. Ich habe mir Frau Holmes' Vitalparameter angesehen.	Hola, Sandrine. He visto los signos vitales de la Señora Holmes. 	Bonjour Sandrine, j'ai vu les constantes de Mme Holmes.	Salve, Sandrine. Ho visto i parametri vitali della signora Holmes.	Olá, Sandrine. Eu vi os sinais vitais da Sra. Holmes. 	Hola, Sandrine. He vist les constants vitals de la senyora Holmes.	Saluton, Sandrine. Mi vidis la vivsignojn de Sinjorino Holmes.	Salute, Sandrine. Io ha vidite le signos vital de seniora Holmes.										10
08670	Medical Situations	Hello Doctor Wilson, that's exactly what I wanted to talk to you about.	Hallo Dr. Wilson. Genau darüber wollte ich mit Ihnen sprechen.	Hola, Doctor Wilson. Quería hablar con usted sobre eso precisamente. 	Bonjour Docteur Willson, je voulais justement vous en parler.	Salve dottor Wilson, volevo parlarle proprio di questo.	Olá Dr. Wilson. é exatamente sobre isso que eu gostaria de falar com você.	Hola, doctor Wilson, precisament volia parlar-li d'això.	Saluton Doktoro Wilson, ĝuste pri tio mi volis paroli kun vi.	Salute, doctor Wilson, isto es exactemente lo que io voleva discuter con vos.										10
08671	Medical Situations	It seems that our diagnosis was wrong; the treatment didn't go as planned.	Es sieht so aus, als ob unsere Diagnose falsch gewesen ist. Die Behandlung hat nicht gewirkt wie geplant.	Parece que nuestro diagnóstico estuvo equivocado; el tratamiento no transcurrió según lo planeado. 	Il semblerait que le diagnostic soit faux, le traitement ne fonctionne pas comme prévu.	Sembra che la nostra diagnosi fosse sbagliata; la cura non procede come pensavamo.	Parece que o nosso diagnóstico estava errado; o tratamento não correu como o esperado. 	Sembla que el nostre diagnòstic era erroni; el tractament no ha anat com estava previst.	Ŝajnas, ke nia diagnozo estis erara; la kuracado ne iris kiel planite.	Il pare que nostre diagnose esseva incorrecte; le tractamento non occurreva como planate.										10
08672	Medical Situations	Actually, she had cold sweats this morning.	Eigentlich hatte sie heute morgen kalten Schweiß.	En realidad, ella estaba sudando frío esta mañana. 	Elle se plaignait de sueurs froides ce matin au fait.	Infatti, aveva i sudori freddi stamattina.	Na verdade, ela suou frio hoje de manhã.	De fet, aquest matí tenia suors fredes.	Fakte, ŝi havis malvarmajn ŝvitojn ĉi-matene.	In realitate, illa habeva sudores frigide iste matino.										10
08673	Medical Situations	What was her temperature?	Wie war ihre Temperatur?	¿Cuál era su temperatura?	À combien était sa température ?	Qual era la sua temperatura?	Qual era sua temperatura?	Quina era la seva temperatura?	Kio estis ŝia temperaturo?	Qual esseva su temperatura?										10
08674	Medical Situations	Her temperature was normal: 99.5° (37,5°C). But her blood pressure is high.	Ihre Temperatur war normal: 37,5°. Aber ihr Blutdruck ist hoch.	Su temperatura estaba normal: 37,5°. Pero su presión arterial esta elevada. 	La température était normale: 37,5°. Mais elle avait une tension artérielle élevée.	La temperatura era normale: 37,5°. Ma la pressione è alta.	A temperatura dela estava normal: 37,5°. Mas sua pressão arterial estava alta. 	La seva temperatura era normal: 37,5°. Però la seva pressió arterial és alta.	Ŝia temperaturo estis normala: 37,5°. Sed ŝia sangopremo estas alta.	Su temperatura esseva normal: 99,5° (37,5°C). Ma su pression arterial es alte.										10
08675	Medical Situations	We need to give her a blood test.	Wir müssen sie einem Bluttest unterziehen.	Necesitamos hacerle un análisis de sangre. 	Nous devons lui faire une analyse sanguine.	Dobbiamo farle un'analisi del sangue.	Precisamos submetê-la a um exame de sangue. 	Li hem de fer una anàlisi de sang.	Ni devas fari al ŝi sangoteston.	Nos debe facer le un analyse de sanguine.										10
08676	Medical Situations	...Do you have time to do it before 2pm?	... Kannst du das noch vor 14 Uhr machen?	...¿Tienes tiempo para hacerlo antes de las 2pm?	... Est-ce que vous avez le temps de la faire avant 14h ?	... Ha tempo di farla prima delle 14?	... Você tem tempo para fazê-lo antes das 14:00?	...Tens temps de fer-ho abans de les 14:00h?	...Ĉu vi havas tempon fari ĝin antaŭ la 14:00?	...Ha tu tempore pro facer lo ante le 2 p.m.?										10
08677	Medical Situations	Thanks, Sandrine. Retake her temperature as well, I'm sure it's an infection.	Danke Sandrine. Messen Sie noch einmal ihre Temperatur. Ich bin mir sicher, dass es eine Infektion ist.	Gracias, Sandrine. También vuélvele a tomar la temperatura, estoy seguro que es una infección. 	Merci Sandrine, reprenez sa température au passage, je suis sûr que c'est une infection.	Grazie Sandrine. Misuri di nuovo anche la temperatura, sono sicuro che ha un'infezione.	Obrigado, Sandrine. Tire a sua temperatura novamente, estou seguro de que é uma infecção.	Gràcies, Sandrine. Torna-li a prendre la temperatura, estic segur que és una infecció.	Dankon, Sandrine. Denove mezuru ŝian temperaturon, mi certas, ke estas infekto.	Gratias, Sandrine. Mesura de novo su temperatura etiam; io es secur que il es un infection.										10
08678	Medical Situations	OK, Doctor Wilson. Also, Mr. William is complaining of pain.	OK Dr. Wilson. Herr William beschwert sich außerdem über Schmerzen.	Ok, Doctor Wilson. También, el Señor William se está quejando de dolor. 	D'accord Docteur Willson, au fait M. William se plaint de la douleur ...	Ok dottor Wilson. Inoltre, il signor William si lamenta del dolore.	Ok, Dr. Wilson. Além disso, o Sr. William está reclamando de dores.	D'acord, doctor Wilson. A més, el senyor William es queixa de dolor.	Bone, Doktoro Wilson. Ankaŭ, Sinjoro William plendas pri doloro.	Ben, doctor Wilson. Anque, senior William se plange de dolor.										10
08679	Medical Situations	... maybe we need to prescribe him stronger painkillers.	... vielleicht sollten wir ihm stärkere Schmerzmittel verschreiben.	... a lo mejor tenemos que recetarle analgésicos más fuertes. 	... peut-être qu'il faudrait lui prescrire des antalgiques plus puissants.	... forse dobbiamo prescrivergli degli antidoloriferi più forti.	... talvez devêssemos receitá-lo analgésicos mais fortes.	...potser li hauríem de receptar analgèsics més forts.	...eble ni devus preskribi al li pli fortajn kontraŭdolorilojn.	... forsan nos debe prescriber a ille analgesicos plus forte.										10
08680	Medical Situations	I will do that. Thanks for your work, Sandrine!	Ich werde das machen. Danke für deine Arbeit Sandrine!	Haré eso. ¡Gracias por tu trabajo, Sandrine!	Je vais faire ça, merci pour votre travail Sandrine !	Lo farò. Grazie per il suo lavoro, Sandrine!	Vou fazê-lo. Obrigado pelo seu trabalho, Sandrine!	Ho faré. Gràcies per la teva feina, Sandrine!	Mi faros tion. Dankon pro via laboro, Sandrine!	Io facera isto. Gratias pro tu labor, Sandrine!										10
08681	Medical Situations	Hello, did you press the call button?	Hallo, haben Sie Klingeln lassen?	Hola, ¿usted presionó el botón de llamada?	Bonjour, vous avez sonné ?	Salve, ha premuto il pulsante di chiamata?	Olá, você apertou a campainha?	Hola, ha premut el botó de trucada?	Saluton, ĉu vi premis la vokbutonon?	Hallo, ha vos pressate le button de appello?										10
08682	Medical Situations	Yes I did. Thanks for coming so quickly.	Ja habe ich. Danke, dass Sie so schnell kommen konnten.	Sí. Gracias por venir tan rápido. 	Oui, merci d'être venue si vite	Sì. Grazie per essere venuto subito.	Sim. Obrigado por ter vindo tão depressa.	Sí. Gràcies per venir tan ràpid.	Jes. Dankon pro tiel rapida veno.	Si, io lo faceva. Gratias pro venir si rapidemente.										10
08683	Medical Situations	What can I do for you?	Was kann ich für Sie tun?	¿Qué puedo hacer para usted?	Qu'est-ce que je peux faire pour vous ?	Cosa posso fare per lei?	O que posso fazer por você?	Què puc fer per vostè?	Kion mi povas fari por vi?	Que pote io facer pro vos?										10
08684	Medical Situations	My pain is getting worse.	Der Schmerz wird schlimmer.	Mi dolor se está empeorando.	J'ai de plus en plus mal.	Il mio dolore sta peggiorando.	A minha dor está piorando	El meu dolor empitjora.	Mia doloro plimalboniĝas.	Mi dolor se aggrava.										10
08685	Medical Situations	Where do you feel pain?	Wo haben Sie Schmerzen?	¿Dónde sientes dolor?	Où avez-vous mal ?	Dove le fa male?	Onde você sente dor?	On sent el dolor?	Kie vi sentas doloron?	Ubi senti vos dolor?										10
08686	Medical Situations	In my stomach, on the right side.	In meinem Bauch, auf der rechten Seite.	En mi estómago, al lado derecho. 	Dans le ventre, à droite.	Lo stomaco, sul lato destro.	Em meu estômago, no lado direito.	A l'estómac, al costat dret.	En mia stomako, sur la dekstra flanko.	In mi stomacho, al latere dextere.										10
08687	Medical Situations	Describe the pain to me.	Beschreiben Sie mir den Schmerz.	Descríbeme el dolor.	Décrivez-moi la douleur.	Mi descriva il dolore.	Descreva a dor para mim.	Descriviu-me el dolor.	Priskribu la doloron al mi.	Describe le dolor a me.										10
08688	Medical Situations	It burns and radiates throughout my back.	Es brennt und durchströmt den Rücken.	Arde y se irradia por toda mi espalda. 	Ça me brûle et ça irradie dans le dos.	Mi brucia e arriva fino alla schiena.	Sinto uma queimação e irradia para as minhas costas.	Em cou i s'irradia per tota l'esquena.	Ĝi brulas kaj radias tra mia dorso.	Illo arde e se irradia per tote mi dorso.										10
08689	Medical Situations	Does it hurt less when you don't move?	Tut es weniger weh, wenn Sie sich nicht bewegen?	¿Le duele menos cuando no se mueve?	Est-ce que vous avez moins mal si vous ne bougez pas ?	Le fa meno male se non si muove?	Dói menos quando você não se mexe?	Li fa menys mal quan no es mou?	Ĉu malpli doloras kiam vi ne moviĝas?	Le dole minus quando vos non move vos?										10
08690	Medical Situations	No, it's always there.	Nein. Es ist immer da.	No, siempre está ahí. 	Non, c'est toujours ici.	No, è sempre lì.	Não, a dor está sempre lá.	No, sempre hi és.	Ne, ĝi estas ĉiam tie.	No, illo es sempre ibi.										10
08691	Medical Situations	I will give you more morphine. The doctor prescribed it as needed. 	Ich werde Ihnen mehr Morphium geben. Der Arzt hat es verschrieben, sollte es gebraucht werden.	Le daré más morfina. El doctor lo recetó según fuera necesario. 	Je vais vous donner plus de morphine, le médecin en a prescrit si besoin.	Le darò più morfina, il dottore l'ha prescritta in caso di bisogno.	Vou lhe dar mais morfina. O doutor prescreveu, caso fosse necessário. 	Li donaré més morfina. El metge l'ha receptada per si de cas.	Mi donos al vi pli da morfino. La kuracisto preskribis ĝin laŭ neceso.	Io vos dara plus morphina. Le medico lo prescribeva secundo necessitate.										10
08692	Medical Situations	Hello, Mr. Turner. I'm happy to see that you are doing better!	Hallo Herr Turner. Es freut mich zu sehen, dass es Ihnen besser geht.	Hola, Sr. Turner. ¡Me alegra ver que se está sintiendo mejor!	Bonjour monsieur Turner, je suis content de voir que vous allez mieux!	Salve signor Turner! Sono felice di vedere che sta meglio!	Olá, Sr. Turner. Fico feliz em ver que está melhor!	Hola, senyor Turner. M'alegra veure que està millor!	Saluton, Sinjoro Turner. Mi ĝojas vidi, ke vi fartas pli bone!	Salute, senior Turner. Io es contente de vider que vos vos senti melior!										10
08693	Medical Situations	Hello Doctor, thank you! It was a bad experience, but I feel better.	Hallo Doktor, danke! Es war eine schlechte Erfahrung, aber ich fühl mich besser.	Hola Doctor, ¡gracias! Fue una mala experiencia, pero me siento mejor. 	Bonjour Docteur, merci! J'ai passé un moment difficile mais je me sens mieux.	Salve dottore, grazie! È stata una brutta esperienza, ma mi sento meglio.	Olá, doutor, obrigado! Foi uma experiência ruim, mas me sinto melhor.	Hola, doctor, gràcies! Ha estat una mala experiència, però em trobo millor.	Saluton Doktoro, dankon! Estis malbona sperto, sed mi sentas min pli bona.	Salute, doctor, gratias! Illo esseva un mal experientia, ma io me senti melior.										10
08694	Medical Situations	You will see that taking the medication and following my suggestions will make it get better.	Sie werden sehen, dass mit der Einnahme der Medikamente und der Beachtung meiner Ratschläge, wird es bald besser.	Usted va a ver que tomando el medicamento y siguiendo mis indicaciones lo mejorará. 	Vous verrez qu'avec la prise de médicament et en suivant nos conseils, ça ira de mieux en mieux.	Vedrà che prendere le medicine e seguire i miei consigli la farà stare meglio.	Você verá que tomando o medicamento e seguindo minhas sugestões você irá melhorar.	Ja veurà que prenent la medicació i seguint els meus consells anirà millorant.	Vi vidos, ke per la medikamentoj kaj sekvante miajn sugestojn, vi pliboniĝos.	Vos videra que prender le medicamento e sequer mi suggestiones lo meliorara.										10
08695	Medical Situations	I've prescribed you some pills. You must take three a day, before each meal.	Ich habe Ihnen ein paar Pillen verschrieben. Nehmen Sie drei pro Tag, vor jeder Mahlzeit.	Le he recetado unas pastillas. Debe tomar tres al día, antes de cada comida.	Je vous ai prescrit des comprimés. Il faudra en prendre trois par jour : un avant chaque repas.	Le ho prescritto delle pillole. Ne deve prendere tre al giorno, prima di ogni pasto.	Eu lhe receitei alguns comprimidos. Você deve tomar três por dia, antes de cada refeição.	Li he receptat unes pastilles. N'ha de prendre tres al dia, abans de cada àpat.	Mi preskribis al vi kelkajn pilolojn. Vi devas preni tri tage, antaŭ ĉiu manĝo.	Io ha prescribite vos alcun pilulas. Vos debe prender tres per die, ante cata repasto.										10
08696	Medical Situations	And you need to monitor your blood pressure going forward.	Und Sie müssen von jetzt an Ihren Blutdruck überwachen.	Y usted tendrá que monitorear su presión arterial de ahora en adelante.	Et il faudra surveiller régulièrement votre tension dorénavant.	E deve tenere sotto controllo la pressione, d'ora in poi.	E você precisa monitorar a sua pressão arterial daqui pra frente.	I a partir d'ara haurà de vigilar-se la pressió arterial.	Kaj vi devas kontroli vian sangopremon de nun.	E vos debera controlar vostre pression arterial de ora in avante.										10
08697	Medical Situations	Understood. Were you able to find out the cause of my heart attack?	Verstanden. Konnten Sie den Grund für meinen Herzanfall herausfinden?	Entendido. ¿Usted pudo averiguar qué causó mi infarto?	D'accord. Vous avez pu établir la cause de mon infarctus?	Capito. Ha potuto individuare la causa del mio infarto?	Entendi. Você conseguiu descobrir a causa do meu ataque cardíaco?	Entesos. Ha pogut esbrinar la causa del meu infart?	Komprenite. Ĉu vi povis eltrovi la kaŭzon de mia koratako?	Comprendite. Poteva vos discoperir le causa de mi attacco cardiac?										10
08698	Medical Situations	Yes, basically it was your tobacco use and weight problems.	Ja. Im Grunde genommen waren es Ihr Tabakkonsum und Ihre Gewichtsprobleme.	Si, básicamente fue su uso del tabaco y problemas de peso. 	Oui, essentiellement les causes sont le tabac et vos problèmes de poids.	Sì, in pratica sono stati il fumo e i problemi di peso.	Sim, basicamente foi o seu uso de tabaco e seu problema com o peso.	Sí, bàsicament ha estat el tabac i els seus problemes de pes.	Jes, esence estis via tabakuzo kaj pezproblemoj.	Si, essentialmente il esseva vostre uso de tabaco e problemas de peso.										10
08699	Medical Situations	Have you ever thought about quitting?	Haben Sie jemals daran gedacht aufzuhören?	¿Alguna vez a considerado parar?	Avez-vous envisagé d'arrêter de fumer?	Ha mai pensato di smettere?	Você já pensou em parar de fumar?	Ha pensat mai a deixar-ho?	Ĉu vi iam pensis ĉesi?	Ha vos jam pensate a cessar?										10
08700	Medical Situations	Many times, but I have never been able to quit.	Sehr oft, aber ich war nie in der Lage aufzuhören.	Muchas veces, pero nunca he podido parar del todo. 	Plusieurs fois, mais je n'ai jamais pu arrêter.	Molte volte, ma non sono mai riuscito a smettere.	Muitas vezes, mas nunca fui capaz de parar.	Moltes vegades, però mai no he pogut deixar-ho.	Multfoje, sed mi neniam povis ĉesi.	Multe vices, sed io nunquam ha potite cessar completemente.										10
08701	Medical Situations	We can offer you a support program.	Wir können Ihnen unser Unterstützungsprogramm anbieten.	Le podemos ofrecer un programa de apoyo.	Nous pouvons vous proposer un programme d'aide.	Le possiamo offrire un programma di supporto.	Podemos lhe oferecer um programa de suporte. 	Li podem oferir un programa de suport.	Ni povas oferti al vi subtenan programon.	Nos pote offerer vos un programma de supporto.										10
08702	Medical Situations	Thanks, I would truly like to rid myself of cigarettes.	Danke! Ich würde mich zu gern von den Zigaretten losreißen.	Gracias, de veras me gustaría eliminar los cigarrillos. 	Merci, je voudrais vraiment me libérer des cigarettes.	Grazie, vorrei davvero liberarmi delle sigarette.	Obrigado, eu realmente gostaria de me livrar dos cigarros. 	Gràcies, m'agradaria molt desfer-me dels cigarrets.	Dankon, mi vere ŝatus liberiĝi de cigaredoj.	Gratias, io vermente volerea liberar me del cigarrettas.										10
08703	Medical Situations	It's also going to be necessary to change your diet and lose some weight.	Es ist auch notwendig, dass Sie Ihre Essgewohnheiten ändern und etwas Gewicht verlieren.	También será necesario cambiar su dieta y perder un poco de peso.	Il faudra aussi changer de régime alimentaire et perdre un peu de poids.	Sarà anche necessario cambiare la sua dieta e perdere un po' di peso.	Também será necessário que você mude sua dieta e perca um pouco de peso.	També caldrà canviar la seva dieta i perdre una mica de pes.	Estos ankaŭ necese ŝanĝi vian dieton kaj perdi iom da pezo.	Il essera etiam necesse cambiar vostre dieta e perder un pauco de peso.										10
08704	Medical Situations	So, first off, you must remove foods heavy in fat: cheese, butter, red meat...	Also, zuallererst müssen Sie fettreiches Essen vermeiden: Käse, Butter, rotes Fleisch...	Entonces, primero, debe eliminar comidas ricas en grasa: queso, mantequilla, carne roja... 	Donc, tout d'abord, il faudra réduire tout ce qui contient trop de graisses : fromage, beurre, viandes rouges...	Quindi, prima di tutto, deve togliere i cibi molto grassi, formaggi, burro, carne rossa...	Então, para começar, você deve eliminar alimentos cheios de gordura: queijo, manteiga, carne vermelha...	Així doncs, primer de tot, haurà d'eliminar els aliments rics en greixos: formatge, mantega, carn vermella...	Do, unue, vi devas forigi manĝaĵojn riĉajn je graso: fromaĝo, butero, ruĝa viando...	Dunque, in prime loco, vos debe eliminar alimentos ric in grassia: caseo, butyro, carne rubie...									Dunque, in prime loco, vos debe eliminar alimentos ric in grassia: caseo, butyro, carne rubie...	10
08705	Medical Situations	That's going to be hard for me.	Das wird sehr hart für mich werden.	Eso va a ser difícil para mi. 	Ça va être compliqué pour moi.	Questo sarà difficile per me.	Isso vai ser difícil para mim.	Això serà difícil per a mi.	Tio estos malfacila por mi.	Isto va esser difficile pro me.									Isto va esser difficile pro me.	10
08706	Medical Situations	I know, but it's necessary. And you also need some regular physical activity.	Ich weiß, aber es ist notwendig. Sie müssen auch einer regulären Sportaktivität nachgehen.	Yo se, pero es necesario. Y usted también necesita hacer algo de actividad física regularmente.	Je sais, mais c'est nécessaire. Et il faudra aussi avoir une activité physique régulière.	Lo so, ma è necessario. E deve anche fare dell'attività fisica regolare.	Eu sei, mas é necessário. E você também precisa de uma atividade física com regularidade. 	Ho sé, però és necessari. I també necessita fer activitat física regularment.	Mi scias, sed estas necese. Kaj vi ankaŭ bezonas regulan fizikan aktivecon.	Io sape, ma illo es necessari. E vos ha etiam besonio de alcun activitate physic regular.									Io sape, ma illo es necessari. E vos ha etiam besonio de alcun activitate physic regular.	10
08707	Medical Situations	You will notice it doing you good.	Sie werden merken, dass Ihnen das gut tun wird.	Usted notará que le hace bien.	Vous verrez que cela vous fera du bien.	Vedrà che le farà bene.	Você vai perceber o bem que isso irá fazer.	Notarà que li anirà bé.	Vi rimarkos, ke tio faros al vi bonon.	Vos notara que isto vos face ben.									Vos notara que isto vos face ben.	10
08708	Medical Situations	Thanks Doctor! I am going to do all I can to follow your advice.	Danke Doktor! Ich werde alles tun was ich kann, um Ihrem Ratschlag zu folgen.	¡Gracias Doctor! Voy a hacer todo lo posible para seguir sus consejos.	Merci Docteur! Je vais faire le maximum pour suivre vos conseils.	Grazie dottore! Farò tutto il possibile per seguire i suoi consigli.	Obrigado, doutor! Farei tudo o que puder para seguir os seus conselhos.	Gràcies, doctor! Faré tot el possible per seguir els seus consells.	Dankon, Doktoro! Mi faros mian eblon por sekvi viajn konsilojn.	Gratias, doctor! Io va facer toto lo que io pote pro sequer vostre consilio.									Gratias, doctor! Io va facer toto lo que io pote pro sequer vostre consilio.	10
08709	Quotes	Finish last in your league and they call you «idiot.» Finish last in medical school and they call you «doctor.» [Abe Lemons]	Wenn du in deiner Liga auf dem letzten Platz landest, nennt man dich einen Idioten. Bist du Letzter im Medizinstudium nennt man dich «Arzt». 	Si terminas de último en tu liga, te dicen «idiota». Si terminas de ´ultimo en la escuela de medicina y te dicen «doctor». 	Finissez dernier de votre division et on vous traitera d'idiot. Finissez dernier de la fac de médecine et on vous appellera «docteur». 	Arriva ultimo nel tuo campionato e ti chiameranno «idiota». Arriva ultimo alla facoltà di medicina e ti chiameranno «dottore».  	Termine na última colocação da liga e te chamarão de «idiota». Termine na última colocação da faculdade de medicina e te chamarão de «doutor». 	Acaba últim a la teva lliga i et diuen 'idiota'. Acaba últim a la facultat de medicina i et diuen 'doctor'.	Finigu laste en via ligo kaj ili nomas vin 'idioto.' Finigu laste en medicina lernejo kaj ili nomas vin 'doktoro.'	Si tu fini ultime in tu liga, illes te appella «idiota». Si tu fini ultime in le schola de medicina, illes te appella «doctor». [Abe Lemons]										10
08710	Personal Questions	What kind of temperatures do you have in New York at this time of year?	Was haben Sie für Temperaturen in New York um diese Zeit des Jahres?	¿Qué tipo de temperaturas tienen en Nueva York en esta época del año?	Quel genre de températures avez-vous à New York à cette époque de l'année ?	Che tipo di temperature avete a New York in questo periodo dell'anno?	Quais temperaturas vocês alcançam em Nova York nesta época do ano?	Quines temperatures tenen a Nova York en aquesta època de l'any?	Kiajn temperaturojn vi havas en Novjorko en ĉi tiu tempo de la jaro?	Qual typo de temperaturas vos ha in New York in iste tempore del anno?										10
08711	Computer Basics	at (@)	at (@)	arroba (@)	arobase (@)	chiocciola (@)	arroba (@)	l'arrova (@)	heliko (@), ĉe-signo	arobas (@)										11
08712	Computer Basics	.com (dot com)	.com (Punkt com)	.com (punto com) 	.com (point com)	.com (punto com)	.com (ponto com)	.com (punt com)	.com (punkto kom)	.com (puncto com)										11
