ID	Category	EN	DE	ES	FR	IT	PT	CA	EO	IA	txt_de	txt_es	txt_fr	txt_it	txt_pt	txt_en	txt_ca	txt_eo	txt_ia	Level
00778	Basics	What's your name?	Wie lautet Ihr Name?	¿Cómo te llamas?	Quel est votre nom ?	Qual è il tuo nome?	Qual é o seu nome?	Com et dius?	Kiel vi nomiĝas?	Como te appella tu?										4
00779	Basics	See you later	Bis später	Hasta luego 	À plus tard	A più tardi	Até mais tarde	Fins després	Ĝis poste	A plus tarde										4
00780	Basics	See you soon	Bis bald	Hasta pronto	À bientôt	A presto	Até já	Fins aviat	Ĝis baldaŭ	A tosto										4
00781	Basics	What's up? What's new? 	Was gibt's Neues?	¿Qué cuentas? ¿Qué hay de nuevo? 	Quoi de neuf ?	Quali sono le novità? Novità?	Quais são as novidades?	Què hi ha de nou? Què t'expliques?	Kio nova?	Que novas? Que il ha de nove?										4
00782	Basics	So-so (more or less)	So lala (mittelmäßig)	Más o menos	Plus ou moins 	Così così	Mais ou menos	Més o menys	Pli-malpli	plus o minus										4
00783	Basics	Nice to meet you!	Es freut mich, Sie/dich kennenzulernen	¡Mucho gusto / Encantado(a)!	Enchanté !	Piacere!	Muito prazer!	Molt de gust! Encantat(ada)!	Plezure!	Multo gaudio de cognoscer te!										4
00784	Politeness	I'm glad	Ich freue mich	Estoy contento(a)	Je suis content(e) (lit. Je me réjouis)	Sono contento(a)	Estou contente	Estic content(a)	Mi ĝojas	Io es contente										4
00785	Politeness	gladly	gern	con gusto	volontiers, avec plaisir	volentieri	com prazer	de gust, amb molt de gust	volonte	con gusto	Ich werde gerne kommen.	Vendré con mucho gusto	Je viendrai volontiers.	Verrò volentieri.	Eu virei com prazer.	I'll gladly come	Vindré de gust.	Mi volonte venos.	Io venira con gusto.	4
00786	Politeness	You're welcome	Gern geschehen 	De nada	De rien (réponse à merci)	Di niente, prego (in risposta a grazie)	De nada	De res	Ne dankinde	De nihil										4
00787	Politeness	It doesn't matter	Macht nichts 	No importa 	Ce n'est pas grave (ou important)	Non fa niente	Não importa	No importa	Ne gravas	Non importa										4
00788	Everyday Phrases	OK	OK	vale (ES), bueno (AL)	OK	OK	Ok, tá	d'acord, val	Bone	de accordo										4
00789	Everyday Phrases	I'm thirty (years old)	Ich bin dreißig (30) (Jahre alt)	Tengo treinta años	J'ai trente ans	Ho trent'anni	(Eu) tenho trinta anos	Tinc trenta anys	Mi havas tridek jarojn	Io ha trenta annos										4
00790	Everyday Phrases	I really love this country 	Mir gefällt dieses Land (sehr)	Adoro este país	J'aime beaucoup ce pays	Mi piace molto questo paese	(Eu) gosto muito desse país	M'encanta aquest país	Mi tre amas ĉi tiun landon	Io adora iste pais										4
00791	Language Learning	How do you pronounce this word?	Wie sprichst du dieses Wort aus?	¿Cómo pronuncias esta palabra?	Comment tu prononces ce mot ?	Come pronunci questa parola?	Como você pronuncia esta palavra?	Com es pronuncia aquesta paraula?	Kiel vi prononcas ĉi tiun vorton?	Como tu pronuncia iste parola?										4
00792	Language Learning	Could you explain that to me, please?	Könnten Sie mir das bitte erklären?	¿Podría explicarme eso, por favor?	Pourriez-vous m'expliquer cela s'il vous plaît	Potrebbe spiegarmelo, per piacere?	Poderia me explicar isso, por favor?	M'ho podria explicar, si us plau?	Ĉu vi povus klarigi tion al mi, bonvolu?	Poterea vos explicar illo a me, per favor?										4
00793	Language Learning	I don't remember the word for...	Ich erinnere mich nicht an das Wort für...	No recuerdo la palabra para...	Je ne me souviens pas du mot pour...	Non mi ricordo la parola per...	(Eu) não lembro a palavra para...	No recordo la paraula per a...	Mi ne memoras la vorton por...	Io non rememora le parola pro...										4
00794	Language Learning	What does that mean?	Was hat das zu bedeuten?	¿Qué significa eso?	Qu'est-ce que ça veut dire?	Cosa vuol dire?	O que quer dizer isso?	Què vol dir, això?	Kion tio signifas?	Que significa isto?										4
00795	Language Learning	What is it?	Was ist das?	¿Qué es?	Qu'est-ce que c'est?	Cos'è?	O que é isso?	Què és?	Kio ĝi estas?	Que es illo?										4
00796	Language Learning	It's a bit like...	Es ist ein bisschen wie...	Es un poco como...	C'est un peu comme...	È un poco come...	É um pouco como...	És una mica com...	Ĝi estas iom kiel...	Illo es un poco como...										4
00797	Language Learning	It's a sort of...	Das ist eine Art (von)...	Es un tipo de...	C'est une sorte de...	È una sorta di...	É um tipo de...	És una mena de...	Ĝi estas speco de...	Illo es un typo de...										4
00798	Language Learning	It's as small (big) as...	Das ist so klein (so groß) wie...	Es tan pequeño (grande) como...	C'est aussi petit (grand) que...	È tanto piccolo (grande) quanto...	Isso é tão pequeno(a) (grande) quanto...	És tan petit (gran) com...	Ĝi estas tiel malgranda (granda) kiel...	Illo es si parve (grande) como...										4
00799	Language Learning	It's shorter/longer than...	Es ist kürzer/ länger als...	Es más corto/largo que...	C'est plus court/long que...	È più corto/lungo di...	É mais curto(a)/longo(a) do que... 	És més curt/llarg que...	Ĝi estas pli mallonga/longa ol...	Illo es plus curte/longe que...										4
00800	Adjectives	stupid, dumb	idiotisch, dumm	tonto(a), estúpido(a)	idiot(e), stupide	stupido	idiota, bobo	estúpid(a), ximple	stulta, malsaĝa	stupide, idiota	Der Film sieht dumm aus. Ich will ihn nicht sehen.	Esta película parece estúpida. No quiero verla.	Ce film a l'air stupide, je n'ai pas envie de le voir.	Questo film sembra stupido, non ho voglia di guardarlo.	Esse filme parece bobo. Eu não quero assistir.	That movie looks dumb. I don't want to see it	Aquesta pel·lícula sembla estúpida. No la vull veure.	Tiu filmo ŝajnas stulta. Mi ne volas vidi ĝin.	Iste film pare stupide. Io non vole vider lo.	4
00801	Adjectives	magnificent	wunderschön, herrlich	magnífico(a)	magnifique	magnifico(a)	magnífico(a)	magnífic(a)	grandioza	magnific	Sie malte eine wunderschöne Landschaft	Pintó un paisaje magnífico	Elle a peint un magnifique paysage	Lei ha dipinto un paesaggio magnifico.	Ela pintou uma paisagem magnífica	She painted a magnificent landscape	Va pintar un paisatge magnífic	Ŝi pentris grandiozan pejzaĝon	Illa pingeva un paisage magnific.	4
00802	Adjectives	dark (place)	dunkel (Ort)	oscuro(a)	sombre (endroit)	scuro (luogo)	escuro (local)	fosc(a)	malhela	obscur	Das Zimmer ist so dunkel, bitte schalten Sie das Licht an.	Esta habitación está muy oscura, por favor, enciende las luces	Cette pièce est si sombre,allumez la lumière s'il vous plaît.	Questa stanza è così scura, per favore accendi le luci.	Este quarto está tão escuro. Por favor, acenda a luz.	This room is so dark, please turn on the lights	Aquesta habitació és molt fosca, si us plau, encén els llums.	Ĉi tiu ĉambro estas tiel malhela, bonvolu ŝalti la lumojn.	Iste camera es si obscur; per favor, accende le luces.	4
00803	Adjectives	quick, quickly	schnell	rápido, rápidamente	rapide, rapidement	veloce, velocemente	rápido, rapidamente	ràpid, ràpidament	rapida, rapide	rapide, rapidemente	Vielleicht musste dein Vater schnell los.	Puede que tu padre se tuviera que ir rápidamente.	Peut-être que ton père a dû partir rapidement.	Forse tuo padre è dovuto partire velocemente	Talvez seu pai tenha tido que partir rapidamente.	Maybe your father had to leave quickly.	Potser el teu pare se'n va haver d'anar ràpidament.	Eble via patro devis foriri rapide.	Forsan tu patre debeva partir rapidemente.	4
00804	Adjectives	comfortable	bequem	cómodo(a)	confortable	comodo, confortevole	confortável	còmode(a)	komforta	commode	Diese Jeans sieht nicht sehr bequem aus	Estos vaqueros no parecen muy cómodos.	Ce jean n'a pas l'air très confortable.	Questi jeans non sembrano molto comodi	Esse jeans não parece muito confortável.	These jeans don't look very comfortable.	Aquests texans no semblen gaire còmodes.	Tiuj ĝinzoj ne aspektas tre komfortaj.	Iste jeans non pare multo commode.	4
00805	Adjectives	upset	unruhig, aufgeregt	molesto(a), afectado(a), alterado(a)	contrarié, fâché, bouleversé	turbato, agitato	chateado, perturbado	molest(a), contrariat(ada)	ĉagrenita	contrariate	Was ist los? Du siehst unruhig aus.	¿Qué pasa? Pareces molesto.	Qu'est-ce qui ne va pas ? Tu as l'air contrarié.	Cosa c'è che non va? Sembri agitato	Qual é o problema? Você parece chateado.	What's wrong? You look upset.	Què passa? Sembles molest.	Kio okazas? Vi aspektas ĉagrenita.	Que occurre? Tu pare contrariate.	4
00806	Adjectives	concerned	besorgt	preocupado(a)	inquiet(ète)	preoccupato	preocupado(a)	preocupat(ada)	maltrankvila	preoccupate	Er sollte um dich besorgt sein	Debe de estar preocupado por ti	Il devrait être inquiet à ton sujet.	Dovrebbe essere preoccupato per te	Ele deveria estar preocupado com você.	He should be concerned about you	Deu estar preocupat per tu.	Li devus esti maltrankvila pri vi.	Ille deberea esser preoccupate de te.	4
00807	Adjectives	complicated	kompliziert	complicado(a)	compliqué	complicato	complicado	complicat(ada)	komplika	complicate	Sein Leben ist im Moment ziemlich kompliziert	Su vida es bastante complicada en este momento	Sa vie est assez compliquée en ce moment	La sua vita è piuttosto complicata al momento	A vida dele está bastante complicada no momento	His life is quite complicated at the moment	La seva vida és bastant complicada en aquest moment	Lia vivo estas sufiĉe komplika nuntempe	Su vita es bastante complicate in iste momento.	4
00808	Adjectives	alone	allein	solo(a)	seul(e)	solo	sozinho(a)	sol(a)	sola	sol	Mit Geld alleinwird mannicht reich	El dinero por sí solo no te hará rico	l'argent seul ne rend pas riche	I soldi da soli non ti renderanno ricco	Só dinheiro não torna você rico	Money alone won't make you rich	Els diners per si sols no et faran ric	Mono sola ne riĉigos vin	Le moneta sol non te facera ric.	4
00809	Adjectives	different	anders	diferente	différent	differente	diferente	diferent	malsama, diferenca	differente	Dein Akzent ist anders	Tu acento es diferente	Ton accent est différent	Il tuo accento è differente	Seu sotaque é diferente	Your accent is different	El teu accent és diferent	Via akcento estas malsama	Tu accento es differente.	4
00810	Adjectives	busy (person)	beschäftigt (Person)	ocupado(a) (persona)	occupé (personne)	occupato (persona), impegnato	ocupado(a) (pessoa)	ocupat(ada) (persona)	okupita (homo)	occupate	Der Vorgesetzte ist beschäftigt. Können Sie 5 Minuten warten?	El responsable está ocupado, ¿puede esperar 5 minutos?	Le responsable est occupé, pouvez-vous attendre 5 minutes ?	Il responsabile è occupato, può aspettare 5 minuti?	O supervisor está ocupado. Você pode esperar cinco minutos?	The supervisor is busy, can you wait 5 minutes?	El responsable està ocupat, pot esperar 5 minuts?	La respondeculo estas okupita, ĉu vi povas atendi 5 minutojn?	Le responsabile es occupate; pote vos attender 5 minutas?	4
00811	Adjectives	typical 	typisch	típico(a) 	typique	tipico(a)	típico(a)	típic(a)	tipa	typic	Es ist ein typisches Gericht aus meinem Land	Es un plato típico de mi país	C'est un plat typique de mon pays	È un piatto tipico del mio paese	É um prato típico do meu pais	It's a typical dish from my country	És un plat típic del meu país	Ĝi estas tipa plado el mia lando	Illo es un platto typic de mi pais.	4
00812	Adjectives	grilled	gegrillt	asado(a), a la parrilla	grillé(e)	grigliato, alla griglia	grelhado(a)	a la graella, a la brasa	kradrostita	rostite	Ich werde den gegrillten Fisch bestellen	Voy a pedir pescado asado	Je vais commander le poisson grillé	Ordinerò il pesce grigliato	Eu vou pedir o peixe grelhado	I'm going to order the grilled fish	Demanaré el peix a la graella	Mi mendos la kradrostitan fiŝon	Io va commandar le pisce rostite.	4
00813	Adjectives	certain	sicher	cierto(a), seguro(a)	certain(e)	certo(a)	certo(a)	cert(a), segur(a)	certa	certe	Ich bin sicher, dass er zurückkommt.	Estoy seguro de que volverá	Je suis certain qu'il va revenir	Sono certo che tornerà.	Estou certo de que ele vai voltar	I'm certain that he will come back	Estic segur que tornarà.	Mi estas certa, ke li revenos.	Io es certe que ille revenira.	4
00814	Adjectives	funny	lustig, witzig	divertido(a), gracioso(a)	drôle	spassoso(a), divertente	engraçado(a)	divertit(ida), graciós(osa)	amuza	amusante	Deine Freundin Clara ist so witzig!	¡Tu amiga Clara es tan divertida!	Ton amie Clara est tellement drôle !	La tua amica Clara è così spassosa!	A sua amiga Clara é tão engraçada!	Your friend Clara is so funny!	La teva amiga Clara és tan divertida!	Via amikino Klara estas tiel amuza!	Tu amica Clara es tanto amusante!	4
00815	Adjectives	worse (the worst)	schlimmer (am schlimmsten)	peor (el peor)	pire (le pire)	peggio (il peggiore)	pior (o pior)	pitjor (el/la pitjor)	pli malbona (la plej malbona)	pejor (le pejor)	Die Umstände sind schlimmer als wir vermutet hatten Das ist meine schlimmste Mahlzeit	Las condiciones son peores de lo que pensábamos. De todas, es mi peor comida	Les conditions sont pires que ce que nous pensions. C'est mon pire repas de tous	Le condizioni sono peggiori di ciò che pensavamo. Questo è il mio peggior pastodi sempre	As condições são piores do que pensávamos. Esta é, de todas, a minha pior refeição	The conditions are worse than we thought. This is my worst meal ever	Les condicions són pitjors del que pensàvem. Aquest és el meu pitjor àpat.	La kondiĉoj estas pli malbonaj ol ni pensis. Ĉi tiu estas mia plej malbona manĝo.	Le conditiones es pejor que nos pensava. Isto es le pejor repasto que io ha jammais habite.	4
00816	Adjectives	delicious	lecker, köstlich	delicioso(a)	délicieux(se)	delizioso(a), squisito(a)	delicioso(a)	deliciós(osa)	bongusta	deliciose	Er kocht ein leckeres Hähnchen	Él cocina un pollo delicioso	Il cuisine un poulet délicieux	Cucina un pollo delizioso	Ele faz um frango delicioso	He cooks a delicious chicken	Ell cuina un pollastre deliciós	Li kuiras bongustan kokidon	Il cocina un pullo deliciose.	4
00817	Adjectives	shy	schüchtern	tímido(a)	timide	timido(a)	tímido(a)	tímid(a)	timida	timide	Ich bin zu schüchtern, um mit ihm zu sprechen	Soy demasiado tímida para hablar con él	Je suis trop timide pour lui parler	Sono troppo timida per parlargli	Eu sou tímida demais para falar com ele	I'm too shy to talk to him	Sóc massa tímida per parlar amb ell	Mi estas tro timida por paroli kun li	Io es troppo timide pro parlar con ille.	4
00818	Adjectives	only (the only one), unique	einzig (der/ die/ das einzige...)	único(a)	unique	unico(a)	único(a)	únic(a)	unika	unic	Es ist das einzige Restaurant der Stadt.	Es el único restaurante de la ciudad	C'est l'unique restaurant de la ville	È l'unico ristorante della città	É o único restaurante da cidade	It's the only restaurant in town	És l'únic restaurant de la ciutat.	Ĝi estas la unika restoracio en la urbo.	Il es le unic restaurant in le citate.	4
00819	Verbs	to show [showed, shown]	zeigen	mostrar	montrer	mostrare	mostrar	mostrar	montri	monstrar	Ich habe dir schon zwei mal gezeigt, wie man das macht!	¡Ya te he mostrado cómo hacerlo dos veces!	Je t'ai déjà montré comment le faire deux fois !	Ti ho già mostrato come farlo due volte!	Eu já mostrei pra você duas vezes como fazer isso!	I already showed you how to do it twice!	Ja t'he mostrat com fer-ho dues vegades!	Mi jam montris al vi kiel fari ĝin dufoje!	Io ja te ha monstrate como facer lo duo vices!	4
00820	Verbs	to stand up (stood up, stood up)	aufstehen	levantarse	se lever	alzarsi (in piedi)	levantar-se	aixecar-se, posar-se dret	stariĝi	levar se	Helen steht auf und lässt meine Hand los.	Helen se levanta y me suelta la mano	Helen se lève et lâche ma main.	Helen si alza e lascia la mia mano	Helen se levanta e solta minha mão.	Helen stands up and lets go of my hand.	La Helen s'aixeca i em deixa anar la mà.	Helena stariĝas kaj ellasas mian manon.	Helen se leva e lassa ir le mano de mi.	4
00821	Verbs	to clean up	putzen, sauber machen	limpiar	nettoyer	pulire	limpar	netejar	purigi	nettar	Wir sollten die Küche sauber machen.	Deberíamos limpiar la cocina.	Nous devrions nettoyer la cuisine.	Dovremmo pulire la cucina	Nós deveríamos limpar a cozinha.	We should clean up the kitchen.	Hauríem de netejar la cuina.	Ni devus purigi la kuirejon.	Nos deberea nettar le cocina.	4
00822	Verbs	to do for a living	arbeiten, beruflich machen	ganarse la vida	faire (exercer une profession)	fare (esercitare una professione)	fazer (como profissão)	guanyar-se la vida	fari porvivaĵon	ganiar se le vita	Was machen Sie beruflich?	¿Cómo te ganas la vida?	Qu'est-ce que vous faîtes (comme métier) ?	Cosa fa (di lavoro)?	O que você faz?	What do you do for a living?	Com et guanyes la vida?	Kion vi faras porvivaĵon?	Que facie tu pro ganiar te le vita?	4
00823	Verbs	to look at	anschauen	mirar	regarder	guardare	olhar	mirar	rigardi	mirar	Schau dir dieses Stück Papier an	Mira este papel	Regarde ce papier	Guarda questo foglio	Olhe este papel	Look at this piece of paper	Mira aquest tros de paper	Rigardu ĉi tiun paperpecon	Mira iste pecia de papiro.	4
00824	Verbs	to give back (gave back, given back)	zurückgeben	devolver	rendre	rendere	devolver	tornar, retornar	redoni	devolver	Sie hat ihm sein Buch zurückgegeben	Ella le ha devuelto su libro	Elle lui a rendu son livre	Lei gli ha reso il suo libro	Ela devolveu o seu livro	She gave him back his book	Ella li ha tornat el seu llibre	Ŝi redonis lian libron al li	Illa le ha devolvite su libro.	4
00825	Verbs	to have lunch 	Mittag essen 	almorzar	déjeuner	pranzare	almoçar	dinar	tagmanĝi	prander	Um wie viel Uhr essen wir zu Mittag?	¿A qué hora vamos a almorzar?	À quelle heure allons-nous déjeuner ?	A che ora pranzeremo?	A que horas vamos almoçar?	What time are we having lunch?	A quina hora dinarem?	Je kioma horo ni tagmanĝos?	A que hora nos va prander?	4
00826	Verbs	to dance 	tanzen	bailar 	danser	ballare	dançar	ballar	danci	dansar	Ich kann nicht tanzen	No puedo bailar	Je ne peux pas danser	Non posso ballare	Eu não posso dançar	I can't dance	No puc ballar	Mi ne povas danci	Io non pote dansar.	4
00827	Verbs	to share	teilen	compartir 	partager	condividere	dividir	compartir	kunhavigi	compartir	Wir können mein Essen teilen, wenn du möchtest	Podemos compartir mi comida si quieres	Nous pouvons partager mon repas si tu veux	Possiamo condividere il mio cibo se vuoi	Nós podemos dividir minha comida se você quiser.	We can share my food if you want	Podem compartir el meu menjar si vols	Ni povas kunhavigi mian manĝaĵon, se vi volas	Nos pote compartir mi alimento si tu vole.	4
00828	Verbs	to get [got, gotten (US), got (UK)], to obtain	erhalten ; bekommen 	conseguir, obtener	obtenir	ottenere	conseguir, obter	aconseguir, obtenir	akiri, ricevi	obtener	Hast du dein Visum bekommen?	¿Obtuviste tu visa?	Tu as obtenu ton visa?	Hai ottenuto il tuo visto?	Você conseguiu o seu Visto?	Did you get your visa?	Vas aconseguir el teu visat?	Ĉu vi akiris vian vizon?	Ha tu obtenite tu visa?	4
00829	Verbs	to cost [cost, cost]	kosten	costar 	coûter	costare	custar	costar	kosti	costar	Wie viel hat das gekostet?	¿Cuánto costó eso?	Combien cela a-t-il coûté ?	Quanto è costato questo?	Quanto custou isso?	How much did it cost?	Quant va costar això?	Kiom tio kostis?	Quanto costava illo?	4
00830	Verbs	to have to, must	müssen 	tener que, deber	devoir	dovere	ter que, dever	haver de, caldre	devi	deber	Ich muss besser auf meine Wertgegenstände aufpassen. Wir müssen jetzt gehen, wir kommen zu spät	Debo tener más cuidado con mis objetos de valor. Tenemos que salir ahora, vamos tarde	Je dois faire plus attention avec mes objets de valeur. Nous devons partir maintenant, nous sommes en retard	Devo fare più attenzione con i miei oggetti di valore. Dobbiamo partire adesso, siamo in ritardo	Devo ter mais cuidado com meus objetos de valor. Temos que sair agora, estamos atrasados	I must be more careful with my valuables. We have to leave now, we're running late.	He de vigilar més les meves pertinences. Hem de marxar ara, fem tard.	Mi devas pli zorgi pri miaj valoraĵoj. Ni devas foriri nun, ni malfruas.	Io debe esser plus caute con mi objectos de valor. Nos debe partir nunc; nos es in retardo.	4
00831	Verbs	to rest 	sich ausruhen	descansar 	se reposer	riposare	descansar	descansar	ripozi	reposar	Ich muss mich hinsetzen und ausruhen	Necesito sentarme y descansar	J'ai besoin de m'asseoir et de me reposer	Ho bisogno di sedermi e riposare	Eu preciso sentar e descansar	I need to sit down and rest	Necessito seure i descansar	Mi bezonas sidiĝi kaj ripozi	Io ha besonio de seder me e reposar.	4
00832	Verbs	to stop	stoppen	parar	arrêter, stopper	fermare	parar	parar, aturar-se	halti	parar	Der Bus wird hier stoppen	El bus parará aquí	Le bus va s'arrêter ici	L'autobus si fermerà qui	O ônibus vai parar aqui	The bus will stop here	L'autobús pararà aquí	La buso haltos ĉi tie	Le autobus parara hic.	4
00833	Verbs	to meet [met, met]	(sich) treffen 	encontrar(se)	(se) rencontrer, retrouver	incontrare(-rsi)	encontrar-se	trobar-se, reunir-se	renkonti(ĝi)	incontrar	Ich werde mich nach der Arbeit mit meinem Bruder treffen.	Voy a encontrarme con mi hermano después del trabajo	Je vais retrouver mon frère après le travail	Incontrerò mio fratello dopo il lavoro	Eu vou me encontrar com o meu irmão depois do trabalho	I'm going to meetmy brother after work	Em trobaré amb el meu germà després de la feina.	Mi renkontiĝos kun mia frato post la laboro.	Io va incontrar mi fratre post le labor.	4
00834	Verbs	to study	studieren, lernen	estudiar 	étudier	studiare	estudar	estudiar	studi	studiar	Ich habe an der Universität Sprachen studiert	Estudié idiomas en la universidad	J'ai étudié les langues à l'université	Ho studiato lingue all'università	Eu estudei idiomas na universidade	I studied languages at university	Vaig estudiar idiomes a la universitat	Mi studis lingvojn en la universitato	Io studiava linguas al universitate.	4
00835	Verbs	to avoid	vermeiden 	evitar	éviter	evitare	evitar	evitar	eviti	evitar	Ich vermeide es in der Hauptverkehrszeit zu fahren, das ist zu stressig	Evito conducir durante las horas de tráfico, es demasiado estresante	J'évite de conduire pendant les heures de pointe, c'est trop stressant	Evito di guidare nelle ore di punta, è molto stressante	Eu evito dirigir no horário de pico, isso é estressante demais.	I avoid driving during rush hour, it's too stressful	Evito conduir durant les hores punta, és massa estressant	Mi evitas stiri dum pinthoroj, tio estas tro streĉa	Io evita conducer durante le horas de traffico; il es troppo stressante.	4
00836	Verbs	to smoke 	rauchen	fumar 	fumer	fumare	fumar	fumar	fumi	fumar	Rauchst du?	¿Tú fumas?	Tu fumes ?	Fumi?	Você fuma?	Do you smoke?	Fumes?	Ĉu vi fumas?	Tu fuma?	4
00837	Verbs	to shout	schreien 	gritar 	crier	gridare, urlare	gritar	cridar	krii	critar	Hör auf zu schreien!	¡Para de gritar!	Arrête de crier !	Smetti di gridare!	Pare de gritar!	Stop shouting!	Para de cridar!	Ĉesu krii!	Cessa de critar!	4
00838	Verbs	to become [became, become]	werden 	volverse (convertirse)	devenir	diventare	tornar-se	esdevenir, convertir-se en	iĝi, fariĝi	devenir	Dieser Kunde wird gerade zu einem richtigen Problem.	Ese cliente se está volviendo un gran problema	Ce client est en train de devenir un grand problème	Questo cliente sta diventando un gran problema	Esse cliente está se tornando um grande problema	That client is becoming quite a problem	Aquest client s'està convertint en un veritable problema.	Tiu kliento fariĝas vera problemo	Iste cliente deveni un problema assatis grande.	4
00839	Verbs	to carry (hold the weight)	tragen (Gewicht halten)	cargar (sostener el peso)	porter (soutenir un poids)	portare (sostenere un peso)	carregar (sustentar o peso)	carregar (sostenir un pes)	porti (teni pezon)	supportar										4
00840	Verbs	to lie	anlügen ; 	mentir	mentir	mentire	mentir	mentir	mensogi	mentir	Warum hast du mich angelogen?	¿Por qué me mentiste?	Pourquoi tu m'as menti ?	Perché mi hai mentito?	Por que mentiu para mim?	Why did you lie to me?	Per què em vas mentir?	Kial vi mensogis al mi?	Proque tu mentiva a me?	4
00841	Verbs	to move	bewegen	mover 	bouger	muovere	mover	moure	movi	mover	Er bewegt sich nicht mehr. Ich hoffe, es ist nichts Schlimmes	Él no se mueve más, espero que no sea grave	Il ne bouge plus, j'espère que ce n'est pas grave	Non si muove più, spero non sia grave	Ele não se move mais, espero que não seja grave.	He is no longer moving; I hope it's not serious	Ja no es mou. Espero que no sigui res greu	Li ne plu moviĝas. Mi esperas, ke ne estas grave	Ille non se move plus; io spera que illo non es grave.	4
00842	Verbs	to be born 	geboren werden	nacer 	naître	nascere	nascer	néixer	naskiĝi	nascer	In welchem Jahr wurdest du geboren?	¿En qué año naciste?	En quelle année es-tu né ?	In quale anno sei nato?	Em que ano você nasceu?	What year were you born?	En quin any vas néixer?	En kiu jaro vi naskiĝis?	In qual anno tu nasceva?	4
00843	Verbs	to hear [heard, heard]	hören 	oír	entendre	sentire, udire	ouvir	sentir (oïda)	aŭdi	audir	Ich höre nichts, es ist sehr still	No oigo nada, está muy tranquilo	Je n'entends rien, c'est très calme	Non sento niente, è molto tranquillo	Eu não ouço nada, é muito silencioso	I can't hear anything, it's very quiet	No sento res, està molt tranquil	Mi aŭdas nenion, estas tre kviete	Io non pote audir nihil; il es multo tranquille.	4
00844	Verbs	to smell [smelt, smelt (UK) / smelled, smelled (US)]	riechen 	oler	sentir (une odeur)	emettere un odore, odorare, puzzare	cheirar	fer olor	odori	oler	Sein Hund riecht fürchterlich!	¡Su perro huele mal!	Son chien sent très mauvais !	Il suo cane emette un odore orribile (puzza)!	O cachorro dele cheira mal!	His dog smells awful!	El seu gos fa mala olor!	Lia hundo odoras terure!	Su can ole horribilemente!	4
00845	Verbs	to seem 	scheinen 	parecer 	sembler, paraître	sembrare, parere	parecer	semblar	ŝajni	parer	Es scheint mir, als wären wir am falschen Ort	Me parece que estamos en el lugar equivocado	Il semble que nous soyons au mauvais endroit	Mi sembra che stiamo nel posto sbagliato	Me parece que estamos no lugar errado	It seems like we're in the wrong place	Em sembla que som al lloc equivocat	Ŝajnas al mi, ke ni estas en la malĝusta loko	Il me pare que nos es in le loco incorrecte.	4
00846	Verbs	to ask (for something), to request	fragen	preguntar, pedir (algo) 	demander (quelque chose)	chiedere	pedir (por algo), perguntar	demanar (alguna cosa)	peti (ion)	demandar	Ich habe sie bereits gefragt, aber sie möchte nicht	Ya le pregunté, pero ella no quiere	Je lui ai déjà demandé, mais elle ne veut pas	Gliel'ho già chiesto, ma lei non vuole	Eu já pedi a ela, mas ela não quer	I already asked her, but she doesn't want to	Ja li he demanat, però no vol	Mi jam petis ŝin, sed ŝi ne volas	Io ja demandava a illa, sed illa non vole.	4
00847	Verbs	to fight [fought, fought], to struggle	sich schlagen ; kämpfen	pelear, luchar	se battre, lutter	litigare, combattere	brigar, lutar	barallar-se, lluitar	batali, lukti	luctar	Michael kämpfte mit seinem Bruder.	Michael peleó con su hermano	Michael s'est battu avec son frère	Michael ha litigato con suo fratello	Michael brigou com o irmão dele	Michael fought with his brother	En Michael es va barallar amb el seu germà.	Mikaelo batalis kun sia frato.	Michael luctava con su fratre.	4
00848	Verbs	to think [thought, thought]	denken 	pensar 	penser	pensare	pensar	pensar	pensi	pensar	Ich denke, dass das möglich ist	Pienso que es posible	Je pense que c'est possible	Penso che sia possibile	(Eu) penso que é possível	I think that's possible	Penso que és possible	Mi pensas, ke tio eblas	Io pensa que isto es possibile.	4
00849	Verbs	to taste, to try	kosten, probieren, versuchen	probar 	goûter, essayer	assaggiare, provare	provar	tastar, provar	gustumi, provi	probar	Probierden Wein, erist sehr gut!	Prueba el vino, ¡está muy bueno!	Essaye le vin, il est très bon!	Prova il vino, è buonissimo!	Prove o vinho, está muito bom	Try the wine, it is very good!	Tasta el vi, és molt bo!	Provu la vinon, ĝi estas tre bona!	Proba le vino, illo es multo bon!	4
00850	Verbs	to return, to come back (came back, come back), to be back (was back / were back, been back)	zurückkehren; wiederkommen ; zurück sein	regresar, volver	retourner, revenir, être de retour	ritornare	voltar, regressar	tornar, regressar	reveni	retornar	Um wie viel Uhr kommst du wieder?Wann kommt ihr zurück?	¿A qué hora regresas? ¿Cuándo volveréis?	Tu reviens à quelle heure ? Quand serez-vous de retour ?(👨‍👩‍👧)	A che ora ritorni?  Quando ritornerete?	A que horas você vai voltar? Quando vocês vão voltar?	What time are you coming back? When are you going to be back? (👨‍👩‍👧)	A quina hora tornes? Quan tornareu?	Je kioma horo vi revenas? Kiam vi revenos?	A que hora tu retorna? Quando vos va esser de retorno?	4
00851	Verbs	to save (somebody)	retten	salvar	sauver	salvare	salvar	salvar	savi	salvar	Der Chirurg hat mein Leben gerettet	El cirujano me ha salvado la vida	Le chirurgien m'a sauvé la vie	Il chirurgo ha salvato la mia vita	O cirurgião salvou minha vida	The surgeon saved my life	El cirurgià m'ha salvat la vida	La kirurgo savis mian vivon	Le chirurgo ha salvate mi vita.	4
00852	Verbs	to go out (went out, gone out) (socially)	ausgehen 	salir 	sortir	uscire	sair	sortir (socialment)	eliri (sociumi)	sortir	Willst du heute Abend ausgehen?	¿Quieres salir esta noche?	Tu veux sortir ce soir ?	Vuoi uscire stasera?	Quer sair esta noite?!	Do you want to go out tonight?	Vols sortir aquesta nit?	Ĉu vi volas eliri ĉi-vespere?	Vole tu sortir iste nocte?	4
00853	Verbs	to translate	übersetzen	traducir 	traduire	tradurre	traduzir	traduir	traduki	traducer	Kannst du das ins Englische übersetzen?	¿Puedes traducir esto alinglés?	Tu peux traduire cela en anglais ?	Puoi tradurlo in inglese?	Você pode traduzir isso para o Inglês?	Can you translate this into English?	Pots traduir això a l'anglès?	Ĉu vi povas traduki ĉi tion en la anglan?	Pote tu traducer isto in anglese?	4
00854	Nouns	job	der Beruf, der Job	empleo, trabajo	le travail, l'emploi 	il lavoro, l'impiego 	o trabalho, o emprego	la feina (les feines)	laboro	empleo	Er hat einen wichtigen Beruf	Tiene un trabajo importante	Il a un travail important	Lui ha un lavoro importante	Ele tem um emprego importante	He has an important job	Té una feina important	Li havas gravan laboron	Ille ha un empleo importante.	4
00855	Nouns	the best	der Beste, die Beste	el/la mejor	le(la) meilleur(e)	il/la migliore	o(a) melhor	el/la millor	la plej bona	le melior	Du bist der Beste!	¡Eres el mejor!	Tu es le meilleur !	Sei il migliore!	Você é o melhor!	You're the best!	Ets el millor!	Vi estas la plej bona!	Tu es le melior!	4
00856	Nouns	conversation	das Gespräch 	la conversación	la conversation	la conversazione	a conversa	la conversa (les converses)	konversacio	conversation	Das Gespräch war sehr interessant	La conversación era muy interesante.	La conversation était très intéressante.	La conversazione è stata molto interessante.	A conversa foi muito interessante	The conversation was very interesting	La conversa va ser molt interessant	La konversacio estis tre interesa	Le conversation esseva multo interessante.	4
00857	Nouns	happiness	das Glück	la felicidad	le bonheur	la felicità	a felicidade	la felicitat	feliĉo	felicitate	Glück ist ein Geisteszustand.	La felicidad es un estado mental	Le bonheur est un état d'esprit.	La felicità è uno stato mentale.	A felicidade é um estado de espírito	Happiness is a state of mind	La felicitat és un estat mental.	Feliĉo estas mensostato.	Le felicitate es un stato mental.	4
00858	Nouns	gentleman, sir 	der Gentleman , der Kavalier 	el caballero	l'homme courtois, le gentleman	il signore, il gentiluomo	o cavalheiro	el cavaller (els cavallers)	ĝentlemano	gentilhomine, senior	Er ist ein echter Gentleman	Es un verdadero caballero.	C'est un vrai gentleman.	È un vero gentiluomo.	Ele é um verdadeiro cavalheiro.	He is a real gentleman	És un veritable cavaller.	Li estas vera ĝentlemano.	Ille es un ver gentilhomine.	4
00859	Nouns	heart 	das Herz	el corazón	le cœur	il cuore	o coração	el cor (els cors)	koro	corde	Luca zeichnet ein Herz	Lucas dibuja un corazón	Luca dessine un cœur.	Luca disegna un cuore.	Luca desenha um coração.	Luca draws a heart	En Luca dibuixa un cor.	Lukas desegnas koron.	Luca designa un corde.	4
00860	Nouns	mail	die (Brief)Post 	el correo	le courrier	la posta	a correspondência	el correu (els correus)	poŝto	posta	Du hast Post bekommen.	Has recibido correo.	Tu as reçu du courrier.	Hai ricevuto posta.	Você recebeu correspondência.	You got mail	Has rebut correu.	Vi ricevis poŝton.	Tu ha recipite posta.	4
00861	Nouns	birthday 	der Geburtstag 	el cumpleaños	l'anniversaire  (d'une personne)	il compleanno	o aniversário	l'aniversari (els aniversaris)	naskiĝtago	anniversario natal	Morgen ist Julias Geburtstag	Mañana es el cumpleaños de Julia.	C'est l'anniversaire de Julia demain.	Domani è il compleanno di Julia.	Amanhã é o aniversário da Julia.	It is Julia's birthday tomorrow	Demà és l'aniversari de la Júlia.	Morgaŭ estas la naskiĝtago de Julia.	Deman es le anniversario natal de Julia.	4
00862	Nouns	age 	das Alter 	la edad	l'âge 	l'età	a idade	l'edat (les edats)	aĝo	etate	Ich kenne sein Alter nicht	No conozco su edad	Je ne connais pas son âge.	Non conosco la sua età.	Eu não sei a sua idade.	I don't know his age	No sé la seva edat.	Mi ne konas lian aĝon.	Io non sape su etate.	4
00863	Nouns	foreigner	der(die) Ausländer(in) 	el(la) extranjero(a) 	l'étranger(ère)	lo(la) straniero(a)	o(a) estrangeiro(a)	l'estranger (els estrangers), l'estrangera (les estrangeres)	eksterlandano(ino)	estraniero	Die Ausländer haben uns sehr geholfen.	Los extranjeros nos han ayudado mucho	Les étrangers nous ont beaucoup aidés.	Gli stranieri ci hanno aiutato molto.	Os estrangeiros nos ajudaram muito.	The foreigners helped us a lot	Els estrangers ens han ajudat molt.	La eksterlandanoj multe helpis nin.	Le estranieros nos ha adjutate multo.	4
00864	Nouns	border, frontier	die Grenze , die Begrenzung 	la frontera	la frontière	la frontiera	a fronteira	la frontera (les fronteres)	landlimo	frontiera	Frankreich und die Schweiz teilen sich eine gemeinsame Grenze	Francia y Suiza comparten una frontera.	La France et la Suisse partagent une frontière.	Francia e Svizzera condividono una frontiera.	A França e a Suíça fazem fronteira.	France and Switzerland share a border	França i Suïssa comparteixen una frontera.	Francio kaj Svislando havas komunan landlimon.	Francia e Suissa ha un frontiera commun.	4
00865	Nouns	wish, desire	der Wunsch , das Verlangen 	el deseo, las ganas	le désir, l'envie 	il desiderio, la voglia	o desejo	el desig (els desitjos)	deziro	desiro	Mein Wunsch ist, schnell Französisch zu lernen.	Mi deseo es aprender francés en poco tiempo	Mon désir est d'apprendre le français rapidement	Il mio desiderio è imparare il francese velocemente.	Meu desejo é de aprender francês rapidamente	My wish is to learn French quickly	El meu desig és aprendre francès ràpidament.	Mia deziro estas rapide lerni la francan.	Mi desiro es apprender le francese rapidemente.	4
00866	Nouns	group 	die Gruppe 	el grupo	le groupe	il gruppo	o grupo	el grup (els grups)	grupo	gruppo	Es ist eine Gruppe von 10 Personen	Es un grupo de 10 personas	C'est un groupe de 10 personnes.	È un gruppo di 10 persone.	É um grupo de 10 pessoas.	It is a group of 10 people	És un grup de 10 persones.	Ĝi estas grupo de 10 homoj.	Il es un gruppo de 10 personas.	4
00867	Nouns	idea	die Idee 	la idea	l'idée 	l'idea	a ideia	la idea (les idees)	ideo	idea	Das ist eine gute Idee!	¡Es una buena idea!	C'est une bonne idée !	È una buona idea.	Boa ideia!	That's a good idea!	És una bona idea!	Tio estas bona ideo!	Isto es un bon idea!	4
00868	Nouns	death 	der Tod 	la muerte 	la mort	la morte	a morte	la mort (les morts)	morto	morte	Der Tod seines Onkels war ein tragisches Ereignis	La muerte de su tío fue un acontecimiento trágico	La mort de son oncle a été un événement tragique	La morte di suo zio è stata un evento tragico	A morte de seu tio foi um evento trágico	His uncle's death was a tragic event	La mort del seu oncle va ser un esdeveniment tràgic	La morto de lia onklo estis tragika evento	Le morte de su oncle esseva un evento tragic.	4
00869	Nouns	world 	die Welt 	el mundo	le monde	il mondo	o mundo	el món (els mons)	mondo	mundo	Er ist um die Welt gefahren	Él ha dado la vuelta al mundo.	Il a fait le tour du monde.	Lui ha fatto il giro del mondo.	Ele deu a volta ao  mundo.	He went around the world	Ha fet la volta al món.	Li ĉirkaŭiris la mondon.	Ille ha facite le tour del mundo.	4
00870	Nouns	word 	das Wort 	la palabra	le mot	la parola	a palavra	la paraula (les paraules), el mot (els mots)	vorto	parola	Im Satz fehlt ein Wort	Falta una palabra en la frase	Il manque un mot dans la phrase	Manca una parola nella frase	Falta uma palavra na frase	The sentence is missing a word	Falta una paraula a la frase	Mankas vorto en la frazo	Il manca un parola in le phrase.	4
00871	Nouns	wall	die Mauer 	la pared	le mur	il muro, la parete	o muro, a parede	la paret (les parets), el mur (els murs)	muro	muro	Die Mauer ist hoch	La pared es alta.	Le mur est haut.	Il muro è alto.	A parede é alta.	The wall is high	La paret és alta.	La muro estas alta.	Le muro es alte.	4
00872	Nouns	question	die Frage 	la pregunta	la question	la domanda	a pergunta	la pregunta (les preguntes)	demando	question	Darf ich dir eine Frage stellen?	¿Puedo hacerte una pregunta?	Est-ce que je peux te poser une question ?	Posso farti una domanda?	Posso lhe fazer uma pergunta?	Can I ask you a question?	Puc fer-te una pregunta?	Ĉu mi povas fari al vi demandon?	Pote io poner te un question?	4
00873	Nouns	health 	die Gesundheit 	la salud	la santé	la salute	a saúde	la salut	sano	sanitate	Es geht meinem Vater besser, er ist guter Gesundheit	Mi padre está mejor. Está bien de salud.	Mon père va mieux, il est en bonne santé.	Mio padre sta meglio, è in buona salute.	Meu pai está melhor. Ele está bem de saúde.	My father is doing better, he is in good health	El meu pare està millor, té bona salut.	Mia patro fartas pli bone, li estas en bona sano.	Mi patre se senti melio; ille es in bon sanitate.	4
00874	Nouns	luck 	das Glück 	la suerte	la chance	la fortuna	a sorte	la sort	bonŝanco	fortuna	Das ist Anfängerglück	Es la suerte del principiante	C'est la chance du débutant	È lafortuna del principiante	É sorte de principiante	It's beginner's luck	És la sort del principiant	Estas komencanta bonŝanco	Illo es le fortuna del principiante.	4
00875	Nouns	neighbor (US), neighbour (UK)	der(die) Nachbar(in) 	el(la) vecino(a)	le(a) voisin(e)	il(la) vicino(a)	o(a) vizinho(a)	el veí (els veïns), la veïna (les veïnes)	najbaro(ino)	vicino	DeinNachbar macht eine MengeLärm	Tu vecino hace mucho ruido.	Ton voisin fait beaucoup de bruit.	Il tuo vicino fa molto rumore.	Seu vizinho está fazendo bastante barulho.	Your neighbor is making a lot of noise	El teu veí fa molt de soroll.	Via najbaro faras multe da bruo.	Tu vicino face multe ruito.	4
00876	Nouns	speed 	die Geschwindigkeit 	la velocidad	la vitesse	la velocità	a velocidade	la velocitat (les velocitats)	rapideco	velocitate	Züge können eine Geschwindigkeit von über 300 km/herreichen.	Los trenes pueden alcanzar velocidades de más de 300 km/h.	Les trains peuvent atteindre une vitesse de plus de 300 km/h.	I treni possono raggiungere una velocità superiore a 300 km/h.	Os trens podem atingir uma velocidade superior a 300 km/h.	Trains can reach a speed of more than 300 km/h	Els trens poden assolir una velocitat de més de 300 km/h.	Trajnoj povas atingi rapidecon de pli ol 300 km/h.	Le trainos pote attinger un velocitate de plus que 300 km/h.	4
00877	Nouns	truth 	die Wahrheit 	la verdad	la vérité	la verità	a verdade	la veritat (les veritats)	vero	veritate	Er muss der Polizeidie Wahrheit sagen	Debe decirle la verdad a la policía.	Il doit dire la vérité à la police.	Deve dire la verità alla polizia.	Ele precisa dizer a verdade à polícia.	He needs to tell the police the truth	Ha de dir la veritat a la policia.	Li devas diri la veron al la polico.	Il debe dicer le veritate al policia.	4
00878	Nouns	adult	der Erwachsene 	el adulto	l'adulte 	l'adulto	o adulto	l'adult (els adults)	plenkreskulo	adulto	Er ist jetzt ein Erwachsener	Ahora es un adulto.	Il est adulte maintenant.	È adulto adesso.	Ele agora é um adulto.	He is an adult now	Ara és un adult.	Li nun estas plenkreskulo.	Il es ora un adulto.	4
00879	Nouns	mistake	der Fehler , der Irrtum 	el error	l'erreur 	l'errore 	o erro	l'error (els errors), l'equivocació (les equivocacions)	eraro	error	Wir alle machen Fehler	Todos cometemos errores.	Nous faisons tous des erreurs.	Tutti facciamo errori.	Todos cometemos erros.	We all make mistakes	Tots cometem errors.	Ni ĉiuj faras erarojn.	Nos omnes committe errores.	4
00880	Nouns	people	die Leute, die Menschen	las personas, la gente	les gens	le persone, la gente	a gente, as pessoas	la gent, les persones	homoj	gente	Die Leute hier sind nicht sehr gastfreundlich.	La gente aquí no es muy acogedora	Les gens d'ici ne sont pas très accueillants.	Le persone di qui non sono molto accoglienti.	As pessoas daqui não são muito acolhedoras.	The people here aren't very welcoming	La gent d'aquí no és gaire acollidora.	La homoj ĉi tie ne estas tre gastamaj.	Le gente hic non es multo cordial.	4
00881	Nouns	outlet (US), socket (UK)	die Steckdose 	el enchufe, la toma de corriente (pared)	la prise électrique (murale)	la presa elettrica (murale)	a tomada (elétrica)	l'endoll (els endolls)	kontaktingo	prisa electric	Sei vorsichtig mit derSteckdose	Ten cuidado con el enchufe	Fais attention à la prise électrique	Fai attenzione alla presa elettrica	Tome cuidado com a tomada	Be careful of the electrical socket	Ves amb compte amb l'endoll	Atentu pri la kontaktingo	Sia caute con le prisa electric.	4
00882	Nouns	signature	die Unterschrift 	la firma	la signature	la firma	a assinatura	la signatura (les signatures), la firma (les firmes)	subskribo	signatura	Deine Unterschrift fehlt	Falta tu firma	Il manque ta signature.	Manca la tua firma.	Está faltando a sua assinatura.	Your signature is missing	Falta la teva signatura.	Mankas via subskribo.	Tu signatura manca	4
00883	Nouns	danger	die Gefahr 	el peligro	le danger	il pericolo	o perigo	el perill (els perills)	danĝero	periculo	Sie ist in Gefahr	Ella está en peligro	Elle est en danger.	Lei è in pericolo.	Ela está em perigo.	She is in danger	Ella està en perill.	Ŝi estas en danĝero.	Illo es in periculo	4
00884	Food & Dining	Can you recommend a restaurant to me? 	Können Sie mir ein Restaurant empfehlen?	¿Puede recomendarme un restaurante? 	Pouvez -vous me recommander un restaurant?	Può raccomandarmi un ristorante?	Pode me recomendar um restaurante?	Em pot recomanar un restaurant?	Ĉu vi povas rekomendi al mi restoracion?	Pote tu recommendar un restaurant a me?										4
00885	Food & Dining	I would like to take you out to dinner	Ich würde dich gerne zum Abendessen ausführen	Me gustaría llevarte a cenar	Je voudrais t'emmener dîner	Mi piacerebbe portarti fuori a cena	(Eu) gostaria de lhe levar para jantar	M'agradaria portar-te a sopar	Mi ŝatus inviti vin por vespermanĝo	Io desiderava portar te a cena										4
00886	Food & Dining	Have you ordered?	Haben Sie bestellt?	¿Ha pedido? (formal)	Vous avez commandé?	Ha ordinato?	Já fez seu pedido?	Ha demanat?	Ĉu vi mendis?	Ha tu ordinate?										4
00887	Food & Dining	to serve (someone)	(jemanden) bedienen	servir (a alguien)	servir (quelqu'un)	servire (qualcuno)	servir (alguém)	servir (a algú)	servi (iun)	servir										4
00888	Food & Dining	salty	salzig	salado(a)	salé(e)	salato(a)	salgado(a)	salat(ada)	sala	salate										4
00889	Cooking	recipe	das Rezept 	la receta	la recette	la ricetta	a receita	la recepta (les receptes)	recepto	recepta										4
00890	Food	cake 	der Kuchen 	el pastel	le gâteau	il dolce, la torta	o bolo	el pastís (els pastissos)	kuko	torta										4
00891	Food	toast	der Toast 	la tostada	le toast, le pain grillé	il toast	a torrada	la torrada (les torrades)	tosto	tostate										4
00892	Food	candy (US), sweet (UK)	das Bonbon 	el caramelo	le bonbon	la caramella	a bala, o doce	el caramel (els caramels), la llaminadura (les llaminadures)	bombono	caramello										4
00893	Drinks	can	die Dose 	la lata	la canette	la lattina	lata	la llauna (les llaunes)	skatolo	latta										4
00894	Drinks	liquor	der Likör 	el licor	la liqueur	il liquore	o licor	el licor (els licors)	likvoro	liquor										4
00895	Drinks	rum	der Rum	el ron	le rhum	il rum	o rum	el rom	rumo	rum										4
00896	Food	wheat	der Weizen 	el trigo	le blé	il grano	o trigo	el blat	tritiko	frumento										4
00897	Food	peanuts	die Erdnüsse 	los cacahuetes	les cacahuètes	le noccioline, le arachidi	os amendoins	els cacauets	arakidoj	arachides										4
00898	Food	pistachios	die Pistazien 	los pistachos	les pistaches	i pistacchi	os pistaches	els festucs	pistakoj	pistacias										4
00899	Food	mushroom	der Pilz 	la seta, el champiñón	le champignon 	il fungo	o cogumelo	el bolet (els bolets)	fungo	champignon										4
00900	Meat & Seafood	How would you like your meat?	Wie möchten Sie Ihr Fleisch?	¿Cómo le gustaría su carne?	Comment aimeriez-vous votre viande ?	Come vorrebbe la sua carne?	Como você gostaria da sua carne?	Com li agradaria la carn?	Kiel vi ŝatus vian viandon?	Como vole vos le carne?									Como ille desiderarea su carne?	4
00901	Meat & Seafood	medium-rare	halb durch	al punto (ES), término medio (AL)	saignant (tendant vers une cuisson à point)	cottura media	no ponto	al punt	duonkruda	medie crude										4
00902	Meat & Seafood	well done (cooked meat)	durchgebraten	bien hecha (ES), bien cocida (AL) 	bien cuit	ben cotta	bem passada	ben feta	bone kuirita	ben cocite										4
00903	Meat & Seafood	rare [meat]	leicht angebraten	poco hecha	saignant	al sangue	mal passada	poc feta	kruda	poco cocite										4
00904	Meat & Seafood	chops	die Koteletts	las chuletas	les côtelettes	le costolette, le braciole	as costeletas	les costelles (de porc/xai), les llonzes	kotletoj	costas	Ich bevorzuge Koteletts, weil sie einen Teil des Rückens und ein Stück Wirbelsäule enthalten.	Prefiero las chuletas porque incluyen una parte del lomo y un trozo de columna vertebral.	Je préfère les côtelettes car elles incluent une partie de la longe et un morceau de colonne vertébrale.	Preferisco le costolette perché includono una parte di lombo e un pezzo di colonna vertebrale.	Prefiro as costeletas porque incluem uma parte do lombo e um pedaço da coluna vertebral.	I prefer chops because they include a section of the loin and a piece of the spine.	Prefereixo les costelles perquè inclouen una part del llom i un tros de columna vertebral.	Mi preferas kotletojn ĉar ili inkluzivas sekcion de la lumbo kaj pecon de vertebraro.	Io prefere le costas, perque illas include un parte del lumbo e un pecia del spina dorsal.	4
00905	Meat & Seafood	steak 	das Steak 	el bistec 	le bifteck	la bistecca	o bife	el bistec (els bistecs)	bifsteko	beefsteak										4
00906	Meat & Seafood	thigh (chicken)	die Hähnchenkeule 	el muslo (de pollo)	la cuisse (de poulet)	la coscia (di pollo)	a coxa (de frango)	la cuixa (de pollastre) (les cuixes)	femuro (de kokido)	femore de pullo										4
00907	Vegetables	cabbage	der Kohl 	el repollo	le chou	il cavolo	o repolho	la col (les cols)	brasiko	caule										4
00908	Vegetables	lettuce	der (grüne) Salat, der Kopfsalat 	la lechuga	la salade, la laitue (légume)	l'insalata , la lattuga (verdura)	a alface	l'enciam (els enciams)	laktuko	lactuca										4
00909	Vegetables	beans	die Bohnen	las alubias (ES), los frijoles (AL)	les haricots	i fagioli	os feijões	les mongetes, els fesols	faboj	fabas										4
00910	Fruits	fruit	die Frucht , das Obst 	la fruta	le fruit	la frutta	a fruta	la fruita (les fruites)	frukto	fructo										4
00911	Fruits	strawberry	die Erdbeere 	la fresa	la fraise	la fragola	o morango	la maduixa (les maduixes)	frago	fragaria										4
00912	Fruits	pear	die Birne 	la pera	la poire	la pera	a pera	la pera (les peres)	piro	pira										4
00913	Fruits	banana	die Banane 	el plátano (E), la banana (AL), el banano (gastronomía)	la banane	la banana	a banana	el plàtan (els plàtans), la banana (les bananes)	banano	banana										4
00914	Spices & Condiments	spice	das Gewürz 	la especia	l'épice 	la spezia	o tempero 	l'espècia (les espècies)	spico	specie										4
00915	Spices & Condiments	pepper	der Pfeffer 	la pimienta	le poivre 	il pepe	a pimenta	el pebre	pipro	pipere										4
00916	Hotel	view (from a room)	der Ausblick	las vistas (de una habitación)	la vue (d'une chambre)	la vista (da una camera)	a vista (de um quarto)	la vista (des d'una habitació) (les vistes)	vido (el ĉambro)	vista										4
00917	Hotel	Could you recommend a nice hotel?	Könnten Sie ein gutes Hotel empfehlen?	¿Podría recomendar un buen hotel?	Pourriez-vous recommander un bon hôtel?	Potrebbe raccomandare un buon albergo?	Poderia recomendar um bom hotel?	Podria recomanar-me un bon hotel?	Ĉu vi povus rekomendi bonan hotelon?	Poterea vos recommendar un bon hotel?										4
00918	Hotel	What is the address of the hotel?	Wie ist die Adresse des Hotels?	¿Cuál es la dirección del hotel?	Quelle est l'adresse de l'hôtel?	Qual è l'indirizzo dell'albergo?	Qual é o endereço do hotel?	Quina és l'adreça de l'hotel?	Kio estas la adreso de la hotelo?	Qual es le adresse del hotel?										4
00919	Hotel	Could you clean my room, please?	Könnten Sie bitte mein Zimmer sauber machen?	¿Podría limpiar mi habitación, por favor?	Pourriez-vous nettoyer ma chambre s'il vous plaît?	Potrebbe pulire la mia stanza, per piacere?	Poderia limpar meu quarto, por favor?	Podria netejar la meva habitació, si us plau?	Ĉu vi povus purigi mian ĉambron, bonvolu?	Poterea vos mundar mi camera, per favor?										4
00920	Hotel	I'm sleepy, I need to go to sleep	Ich bin müde, ich muss schlafen gehen	Tengo sueño, necesito ir a dormir	J'ai sommeil, j'ai besoin d'aller dormir	Ho sonno, ho bisogno di andare a dormire	Estou com sono, preciso ir dormir	Tinc son, necessito anar a dormir	Mi dormemas, mi bezonas dormi	Io ha somno; io necessita vader dormir.										4
00921	Hotel	I would like towels for room three [3] please	Ich hätte gern Handtücher für Zimmer Nummer drei, bitte	Quisiera toallas para la habitación número tres, por favor	Je voudrais des serviettes pour la chambre trois s'il vous plaît	Vorrei gli asciugamani per la stanza numero tre  per piacere	(Eu) gostaria de toalhas para o quarto número três , por favor	Voldria tovalloles per a l'habitació número tres, si us plau	Mi ŝatus tukojn por la ĉambro numero tri, bonvolu	Io volerea toalias pro le camera numero tres, per favor.										4
00922	Hotel	Do you arrange guided tours?	Organisieren Sie Führungen?	¿Ustedes organizan visitas guiadas?	Vous organisez des visites guidées?	Organizzate visite guidate?	Vocês organizam visitas guiadas?	Organitzen visites guiades?	Ĉu vi organizas gvidatajn vizitojn?	Organisa vos visitas guidate?										4
00923	Hotel	Can I check out of my room later?	Kann ich später aus meinem Zimmer auschecken?	¿Puedo salir de mi habitación más tarde?	Je peux libérer ma chambre plus tard? 	Posso lasciare la mia camera più tardi?	(Eu) posso sair do meu quarto mais tarde?	Puc deixar l'habitació més tard?	Ĉu mi povas forlasi mian ĉambron pli malfrue?	Pote io quitar mi camera plus tarde?										4
00924	Hotel	I enjoyed my stay at your hotel	Ich habe meinen Aufenthalt in Ihrem Hotel genossen	Disfruté mi estancia en su hotel	J'ai apprécié mon séjour dans votre hôtel	Ho apprezzato il mio soggiorno nel vostro albergo	Desfrutei da minha estada em seu hotel	He gaudit de la meva estada al seu hotel	Mi ĝuis mian restadon en via hotelo	Io gaudeva de mi sojorno in vostre hotel.										4
00925	Hotel	I will recommend this hotel to my friends	Ich werde meinen Freunden dieses Hotel empfehlen	Recomendaré este hotel a mis amigos	Je recommanderai cet hôtel à mes amis	Raccomanderò questo albergo ai miei amici	Recomendarei este hotel aos meus amigos	Recomanaré aquest hotel als meus amics	Mi rekomendos ĉi tiun hotelon al miaj amikoj	Io recommendara iste hotel a mi amicos.										4
00926	Home & Furniture	kitchen table	der Küchentisch	la mesa de la cocina	la table de la cuisine	il tavolo della cucina	a mesa da cozinha	la taula de la cuina (les taules de la cuina)	kuireja tablo	tabula de cocina	Da ist altes Essenauf dem Küchentisch	Hay comida pasada en la mesa de la cocina.	Il y a de la nourriture avariéesur la table de la cuisine.	C'è del cibo vecchio sul tavolo della cucina	Tem comida velha sobre a mesa da cozinha.	There is some old food on the kitchen table.	Hi ha menjar passat a la taula de la cuina.	Estas malnova manĝaĵo sur la kuireja tablo.	Il ha alcun alimento vetere super le tabula de cocina.	4
00927	Home & Furniture	floor, story (US); storey (UK)	die Etage , das Stockwerk 	el piso, la planta (AL)	l'étage 	il piano (parte di un edificio)	o piso, o andar (pavimento)	el pis (els pisos), la planta (les plantes)	etaĝo	etage										4
00928	Home & Furniture	lamp	die Lampe  	la lámpara	la lampe 	la lampada	a lâmpada	la làmpada (les làmpades), el llum (els llums)	lampo	lampa										4
00929	Home & Furniture	chair	der Stuhl 	la silla	la chaise 	la sedia	a cadeira	la cadira (les cadires)	seĝo	sedia										4
00930	Home & Furniture	couch, sofa	das Sofa , die Couch 	el sofá	le canapé 	il divano	o sofá	el sofà (els sofàs)	sofo	sofa	Du kannst auf meinerCouchschlafen	Puedes dormir en mi sofá	Tu peux dormir sur mon canapé.	Puoi dormire sul mio divano	Você pode dormir no meu sofá.	You can sleep on my couch	Pots dormir al meu sofà.	Vi povas dormi sur mia sofo.	Tu pote dormir super mi sofa.	4
00931	Home & Furniture	wardrobe, closet	der Schrank 	el armario	l'armoire , le placard	l'armadio	o armário	l'armari (els armaris)	ŝranko	armario										4
00932	Home & Furniture	dryer 	der Wäschetrockner 	la secadora 	le sèche-linge	l'asciugabiancheria	a secadora	l'assecadora (les assecadores)	sekigilo	siccator										4
00933	Home & Furniture	elevator (US) / lift (UK)	der Fahrstuhl , der Aufzug 	el ascensor 	l'ascenseur 	l'ascensore	o elevador	l'ascensor (els ascensors)	lifto	ascensor										4
00934	Home & Furniture	washbasin, sink	das Waschbecken , die Spüle , das Spülbecken 	el lavabo, el fregadero 	le lavabo, l'évier 	il lavabo	o lavabo, a pia	el lavabo (els lavabos), la pica (les piques)	lavujo	lavabo										4
00935	House Description	welcoming 	gastlich, gemütlich	acogedor(a) 	accueillant(e)	accogliente	acolhedor(a)	acollidor(a)	gastama	hospital										4
00936	Household chores	to clean the house 	das Haus putzen, aufräumen	limpiar la casa	nettoyer la maison, faire le ménage	pulire casa	limpar a casa	netejar la casa	purigi la domon	mundar le casa										4
00937	Household chores	to set the table 	den Tisch decken	poner la mesa 	mettre la table	apparecchiare la tavola	pôr a mesa	parar taula	prepari la tablon	poner le tabula										4
00938	Household chores	to clear the table 	den Tisch abräumen	recoger, quitar la mesa 	débarrasser la table	sparecchiare la tavola	tirar a mesa	desparar la taula	forpreni la tablon	disembarassar le tabula										4
00939	Personal care	to brush one's teeth 	sich die Zähne putzen	cepillarse los dientes 	se brosser les dents	spazzolarsi / lavarsi i denti	escovar os dentes	raspallar-se les dents	brosi siajn dentojn	brossar se le dentes										4
00940	Personal care	to undress	sich ausziehen	quitarse la ropa 	se déshabiller	spogliarsi	tirar a roupa	despullar-se, treure's la roba	senvestiĝi	disvestir se										4
00941	Personal care	to go to bed	ins Bett gehen, schlafen gehen	acostarse, irse a la cama	se coucher, aller au lit	andare a dormire, andare a letto	ir dormir, ir para a cama	anar al llit, gitar-se	enlitiĝi	ir al lecto	Ich gehe ins Bett	Voy a acostarme	Je vais me coucher	Vado a letto	(Eu) vou para a cama	I'm going to go to bed	Vaig a gitar-me.	Mi enlitiĝas.	Io va ir al lecto.	4
00942	Personal care	to wake (someone) up (woke up, woken up)	(jemanden) aufwecken	despertar (a alguien)	réveiller (quelqu'un)	svegliare qualcuno	acordar (alguém)	despertar (a algú)	veki (iun)	eveliar alicuno										4
00943	Personal care	to get ready 	sich fertig machen	prepararse, arreglarse 	se préparer	prepararsi	preparar-se	preparar-se, arreglar-se	prepariĝi	preparar se										4
00944	Personal care	to shave (oneself) [shaved, shaven/shaved]	sich rasieren	afeitarse 	se raser	rasarsi, farsi la barba	barbear-se, raspar a cabeça	afaitar-se	razi sin	rasar se	Er hat sich im Wehrdienstden Kopf rasiert.	Se afeitó la cabeza durante la formación militar	Il s'est rasé la tête pendant sa formation militaire	Si è rasato la testa durante l'addestramento militare.	Ele raspou a cabeça durante sua formação militar.	He shaved his head during his military training	Es va afaitar el cap durant la formació militar.	Li razis sian kapon dum sia milita trejnado.	Ille se rasava le capite durante su instruction militar.	4
00945	Personal care	to have a shower	(sich) duschen	ducharse 	se doucher	fare la doccia	tomar banho (ducha)	dutxar-se	duŝi sin	prender un ducha										4
00946	Personal care	to wash (oneself)	sich waschen	lavarse 	se laver	lavarsi	lavar-se	rentar-se	lavi sin	lavar se										4
00947	Personal care	deodorant	das Deodorant 	el desodorante 	le déodorant	il deodorante	o desodorante	el desodorant (els desodorants)	senodorigilo	disodorante										4
00948	Personal care	perfume, fragrance	das Parfüm 	el perfume 	le parfum	il profumo	o perfume	el perfum (els perfums)	parfumo	perfumo										4
00949	Personal care	to put on (put on, put on) makeup	sich schminken	maquillarse 	se maquiller	truccarsi	maquiar-se	maquillar-se	ŝminki sin	fardar se										4
00950	Personal care	to get dressed	sich anziehen	ponerse la ropa, vestirse	s'habiller	vestirsi	vestir-se	vestir-se	vestiĝi	vestir se										4
00951	Requests & Assistance	Do you have a minute?	Hast du eine Minute (Zeit)?	¿Tienes un minuto? (informal)	Tu as une minute?	Hai un minuto?	Tem um minuto?	Tens un minut?	Ĉu vi havas minuton?	Ha tu un minuta?										4
00952	Camping	to camp  	campen	acampar  	camper	fare campeggio	acampar	acampar	kampi	campar										4
00953	Accommodation	duvet	die Federbettdecke 	el edredón, el plumón	la couette	il piumone	o edredom	l'edredó (els edredons), el nòrdic (els nòrdics)	plumkovrilo	eiderdun										4
00954	Transportation	Where is the bus station?	Wo ist die Busstation?	¿Dónde está la estación de autobús?	Où est la station de bus ?	Dove è la stazione degli autobus?	Onde é o terminal de ônibus?	On és l'estació d'autobusos?	Kie estas la busstacio?	Ubi es le station de autobus?										4
00955	Transportation	subway	die U-Bahn	el metro	le métro	la metro	o metrô	el metro (els metros)	metroo	le metro	Lass uns die U-Bahn zu meiner Wohnung nehmen	Tomemos el metro para ir a mi apartamento	Prenons le métro pour aller à mon appartement	Prendiamo la metro per andare al mio appartamento	Vamos pegar o metrô pra ir para o meu apartamento	Let's take the subway to my apartment	Agafem el metro per anar al meu apartament	Ni prenu la metroon por iri al mia apartamento	Prende nos le metro pro vader a mi appartamento.	4
00956	Transportation	cab	das Taxi	el taxi	le taxi	il taxi	o táxi	el taxi (els taxis)	taksio	le taxi	Wir müssen mit dem Taxi dorthin fahren	Hay que ir allí en taxi	Nous devons aller là-bas en taxi	Dobbiamo andare là con un taxi	Nós precisamos ir até lá de táxi	We need to go there by cab	Cal anar-hi en taxi	Ni devas iri tien per taksio	Nos debe vader illac in taxi.	4
00957	Transportation	Can I sit here?	Darf ich mich hier hinsetzen?	¿Puedo sentarme aquí?	Je peux m'asseoir ici?	Posso sedermi qui?	Posso sentar aqui?	Puc seure aquí?	Ĉu mi povas sidi ĉi tie?	Pote io seder me hic?										4
00958	Transportation	Could you please watch my bags? I'll be back in 5 minutes	Könnten Sie bitte auf mein Gepäck aufpassen? Ich komme in 5 Minuten wieder	¿Podría vigilar mis maletas, por favor? Vuelvo en 5 minutos	Pourriez-vous surveiller mes bagages, s'il vous plaît ? Je reviens dans 5 minutes	Potrebbe guardare i miei bagagli, per piacere? Torno tra 5 minuti	Poderia cuidar das minhas malas, por favor? Eu volto em 5 minutos	Podria vigilar les meves maletes, si us plau? Torno en 5 minuts	Ĉu vi bonvolus gardi miajn pakaĵojn? Mi revenos post 5 minutoj	Poterea vos vigilar mi valises, per favor? Io retornara in 5 minutas.										4
00959	Transportation	Take me to the nearest train station, please...	Bringen Sie mich bitte zum nächsten Bahnhof...	Lléveme a la estación de tren más cercana, por favor...	Amenez-moi à la gare la plus proche s'il vous plaît...	Mi porti alla stazione (ferroviaria) più vicina, per favore...	Leve-me à estação de trem mais próxima, por favor...	Porti'm a l'estació de tren més propera, si us plau...	Konduku min al la plej proksima trajnstacio, bonvolu...	Conduce me al station de traino le plus proxime, per favor...										4
00960	Transportation	sleeper car (US), sleeper (UK)	der Schlafwagen 	el vagón cama	le wagon-lit	il vagone letto	o vagão dormitório	el vagó llit (els vagons llit)	dormvagono	le wagon-lectos										4
00961	Transportation	cabin (in a ship) 	die Kabine  (in einem Schiff)	la cabina (barco), el camarote	la cabine (dans un bateau)	la cabina (nave)	a cabine (do navio)	la cabina (les cabines), el camarot (els camarots) (en un vaixell)	kajuto (en ŝipo)	le cabina										4
00962	Transportation	port, harbour	der Hafen 	el puerto 	le port	il porto	o porto	el port (els ports)	haveno	le porto										4
00963	Transportation	driver 	der Fahrer 	el conductor, el chófer 	le conducteur, la conductrice	il conducente	o motorista	el conductor (els conductors), la conductora (les conductores)	ŝoforo	le conductor										4
00964	Transportation	seat 	der Sitz 	el asiento 	le siège, la place	il posto	o assento, o lugar	el seient (els seients)	seĝo	le sede										4
00965	Transportation	on time	pünktlich	puntual	à l'heure, ponctuel	puntuale	pontual	a l'hora, puntual	ĝustatempe	punctual										4
00966	Transportation	to be late 	Verspätung haben	ir con retraso	être en retard	essere in ritardo	estar atrasado	anar amb retard, fer tard	malfrui	esser in retardo										4
00967	Transportation	public holiday, federal holiday (US)	der Feiertag 	el día festivo	le jour férié	il giorno festivo	o feriado	el dia festiu (els dies festius)	feria tago	le die festive										4
00968	Directions & Location	nearby	in der Nähe	cerca, próximo	voisin, à proximité	vicino	perto	proper, a prop	apuda, proksima	proxime										4
00969	Directions & Location	crossroad 	die Kreuzung	el cruce	le carrefour, l'intersection (f)	incrocio	cruzamento	l'encreuament (els encreuaments), la cruïlla (les cruïlles)	vojkruciĝo	le intersection	Gehe bis zur Kreuzung und nimm die erste Straße rechts/links	Ve hasta el cruce y coge la primera calle a la derecha / izquierda.	Va au carrefour et prendsla première rueà droite / gauche	Vai fino all'incrocio e poi prendi la prima strada sulla destra / sinistra	Vá até o cruzamento e pegue a primeira estrada à direita / esquerda	Go to the crossroad and then take the first road on the right/left	Ves fins a l'encreuament i agafa el primer carrer a la dreta / esquerra.	Iru al la vojkruciĝo kaj prenu la unuan vojon dekstren / maldekstren	Va al intersection e postea prende le prime strata a dextra/sinistra.	4
00970	Directions & Location	downtown, in town	Stadtzentrum	en la ciudad	en ville	in città	na cidade	el centre de la ciutat	urbocentro	in le citate	Mein Bruder ist momentan im Stadtzentrum	Mi hermano está en la ciudad en estos momentos	Mon frère est en ville en ce moment	Mio fratello è in città al momento	No momento, meu irmão está na cidade	My brother is downtown at the moment	El meu germà és al centre de la ciutat en aquests moments	Mia frato estas en la urbocentro nun	Mi fratre es in le citate al momento.	4
00971	Directions & Location	I don't remember this place	Ich erinnere mich nicht an diesen Ort	No me acuerdo de este lugar	Je ne me souviens pas de ce lieu	Non mi ricordo questo posto	(Eu) não me lembro desse lugar	No recordo aquest lloc	Mi ne memoras ĉi tiun lokon	Io non me rememora de iste loco.										4
00972	Directions & Location	I'm sure that it's this way	Ich bin mir sicher, dass es hier entlang geht	Estoy seguro(a) que es por este camino	Je suis sûr(e) que c'est par ce chemin	Sono sicuro che è da questa parte	(Eu) tenho certeza de que é por esse caminho	Estic segur(a) que és per aquest camí	Mi certas, ke estas tiamaniere	Io es secur que es per iste via.										4
00973	Directions & Location	Is it far?  	Ist das weit?	¿Está lejos?  	C'est loin?	È lontano?	É longe?	És lluny?	Ĉu estas malproksime?	Es illo longe?										4
00974	Directions & Location	Where are we?	Wo sind wir?	¿Dónde estamos?	Où sommes-nous?	Dove siamo?	Onde estamos?	On som?	Kie ni estas?	Ubi nos es?										4
00975	Directions & Location	Where are we going?	Wohin gehen wir?	¿A dónde vamos?	Où allons-nous?	Dove andiamo?	Aonde vamos?	On anem?	Kien ni iras?	A ubi nos va?										4
00976	Directions & Location	district, neighborhood (US), neighbourhood (UK)	das Viertel 	el barrio 	le quartier	il quartiere	o bairro	el barri (els barris)	kvartalo	le quartiero										4
00977	Directions & Location	in front (of) 	vor, gegenüber von, davor	delante (de), enfrente (de)	devant, en face de	davanti a	em frente de	davant de	antaŭ	ante, in fronte de										4
00978	Transportation	The road is dangerous	Die Straße ist gefährlich	La carretera es peligrosa	La route est dangereuse	La strada è pericolosa	A estrada é perigosa	La carretera és perillosa	La vojo estas danĝera	Le strata es periculose										4
00979	Transportation	road (between towns)	die (Auto)Straße 	la carretera 	la route	la strada	a estrada	la carretera (les carreteres)	vojo	le strata										4
00980	Transportation	fine, ticket	der Strafzettel 	la multa 	l'amende 	la multa	a multa, a sanção	la multa (les multes)	monpuno	le mulcta										4
00981	Transportation	driver's license	der Führerschein 	el permiso de conducir 	le permis de conduire	la patente	a carteira de motorista	el permís de conduir (els permisos de conduir)	kondukpermesilo	le permisso de conducer										4
00982	Transportation	truck, lorry	der LKW , der Last(kraft)wagen 	el camión 	le camion	il camion	o caminhão	el camió (els camions)	kamiono	le camion										4
00983	Car Maintenance	seat belt	der (Sicherheits)Gurt 	el cinturón de seguridad 	la ceinture de sécurité	la cintura di sicurezza	o cinto de segurança	el cinturó de seguretat (els cinturons de seguretat)	sekurzono	le cinctura de securitate										4
00984	Car Maintenance	engine	der Motor 	el motor 	le moteur	il motore	o motor	el motor (els motors)	motoro	le motor										4
00985	Travel	plane ticket	das Flugticket 	el billete de avión	le billet d'avion	il biglietto aereo	a passagem de avião	el bitllet d'avió (els bitllets d'avió)	aviadila bileto	le billet de avion										4
00986	Travel	baggage claim	die Gepäckausgabe	la recogida de equipaje	le retrait des bagages	il ritiro bagagli	retirada de bagagem	la recollida d'equipatge	pakaĵ-repreno	le recuperation de bagage										4
00987	Travel	I would like to travel in business class	Ich würde gern in der Business Class reisen	Quisiera viajar en clase ejecutiva	Je voudrais voyager en classe affaire	Vorrei viaggiare in business class	Gostaria de viajar na classe executiva (primeira classe)	Voldria viatjar en classe business	Mi ŝatus vojaĝi en komerca klaso	Io volerea viagiar in classe executive										4
00988	Travel	I have to pack my suitcases 	Ich muss meine Koffer packen 	Tengo que hacer mis maletas  	Je dois faire mes valises 	Devo fare i miei bagagli	(Eu) tenho que fazer minhas malas	He de fer les maletes	Mi devas paki miajn valizojn	Io debe facer mi valises										4
00989	Money	There's a mistake on the bill	Da ist ein Fehler in der Rechnung	Hay un error en la cuenta	Il y a une erreur dans l'addition	C'è un errore nel conto	Há um erro na conta	Hi ha un error al compte	Estas eraro en la fakturo	Il ha un error in le conto										4
00990	Money	We don't have any change	Wir haben kein Wechselgeld	No tenemos monedas	Nous n'avons pas de pièces (de monnaie)	Non abbiamo il resto	Não temos trocado	No tenim monedes	Ni ne havas ŝanĝmonon	Nos non ha monetas										4
00991	Money	coin 	eine Münze 	una moneda 	une pièce (de monnaie)	una moneta	uma moeda	una moneda	monero	moneta	Hast du eine Münze für die Kaffeemaschine?	¿Tienes una moneda para la máquina de café?	As-tu une pièce pour la machine à café?	Hai una moneta per la macchinetta del caffè?	Tem uma moeda para a máquina de café?	Do you have a coin for the coffee machine?	Tens una moneda per a la màquina de cafè?	Ĉu vi havas moneron por la kafmaŝino?	Ha tu un moneta pro le machina de caffe?	4
00992	Shopping	(a piece of) clothing	die Kleidung 	la ropa	les vêtements	i vestiti	as roupas	la roba	vestaĵoj	vestimento										4
00993	Shopping	costume jewelry / fashion jewelry	der Modeschmuck	la bisutería / las joyas de fantasía	les bijoux fantaisie	la bigiotteria	a bijuteria	la bijuteria	miraĵoj	joieleria false	Dieser Schmuck ist kein echtes Gold, es ist nur Modeschmuck.	Esta joya no es oro auténtico, es solo bisutería.	Ce bijou n'est pas de l'or véritable, c'est juste un bijou fantaisie.	Questo gioiello non è oro vero, è solo bigiotteria.	Esta joia não é ouro verdadeiro, é apenas bijuteria.	This jewelry is not real gold, it's just costume jewelry.	Aquesta joia no és or autèntic, és només bijuteria.	Ĉi tiu juvelo ne estas vera oro, ĝi estas nur miraĵo.	Iste joiel non es auro authentic, illo es solmente joieleria false.	4
00994	Shopping	I only have a ten [10] dollar bill	Ich habe nur einen Zehn-Dollar-Schein (10)	Solo tengo un billete de diez  dólares	Je n'ai qu'un billet de dix  dollars	Ho solo un biglietto da dieci  dollari	Somente tenho uma nota de dez  dólares	Només tinc un bitllet de deu dòlars	Mi havas nur dek-dolaran monbileton	Io ha solmente un billet de dece dollares										4
00995	Shopping	Can I see ...? 	Kann ich ... sehen?	¿Puedo ver...? 	Je peux voir...?	Posso vedere...?	Posso ver...?	Puc veure...?	Ĉu mi povas vidi...?	Pote io vider ...?										4
00996	Shopping	It's free	Es ist kostenlos	Es gratis	C'est gratuit	È gratis	É grátis	És gratis	Estas senpage	Illo es gratis										4
00997	Shopping	to bargain 	(ver)handeln	negociar, regatear 	négocier, marchander	contrattare, tirare sul prezzo, mercanteggiare	negociar, barganhar, pechinchar	regatejar, negociar	marĉandi	negotiar le precio										4
00998	Shopping	sales, promotions	der Schlussverkauf , der Preisnachlass 	las rebajas , los descuentos	les soldes	i saldi, gli sconti	as promoções, os descontos	les rebaixes, els descomptes	rabatoj	rebatto, promotiones										4
00999	Shopping	I would like a slice of ham	Ich hätte gern eine Scheibe Schinken	Quisiera una loncha (ES), tajada (AL) de jamón	Je voudrais une tranche de jambon	Vorrei una fetta di prosciutto	(Eu) gostaria de uma fatia de presunto	Voldria una rodanxa de pernil	Mi ŝatus tranĉaĵon da ŝinko	Io volerea un trenchea de gambon										4
01000	Shopping	I would like a tin of tuna	Ich hätte gerne eine Dose Thunfisch	Quisiera una lata de atún	Je voudrais une boîte de thon	Vorrei una scatoletta di tonno	Gostaria de uma lata de atum	Voldria una llauna de tonyina	Mi ŝatus skatolon da tinuso	Io volerea un cassa de thunno										4
01001	Shopping	cash register (US), till (UK)	die Kasse 	la caja	la caisse	la cassa	o caixa	la caixa (registradora) (les caixes)	kasregistro	cassa	Nachdem ich die Produkte ausgewählt habe, die ich kaufen will, gehe ich zur Kasse, um zu bezahlen	Luego de escoger los productos que quiero comprar, voy a la caja a pagarlos	Après avoir choisi les produits que je veux acheter, je passe en caisse pour les payer	Dopo aver scelto i prodotti che voglio comprare, vado alla cassa per pagarli	Depois de escolher os produtos que quero comprar, vou ao caixa para pagá-los	After choosing the products I want to buy, I go to the cash register (US) / till (UK) to pay for them	Després de triar els productes que vull comprar, vaig a la caixa a pagar-los	Post elekto de la aĉetotaj produktoj, mi iras al la kasregistro por pagi ilin	Post seliger le productos que io vole comprar, io va al cassa pro pagar los.	4
01002	Shopping	bakery	die Bäckerei	la panadería	la boulangerie	il panificio	a padaria	el forn de pa (els forns de pa), la fleca (les fleques)	bakejo	paneteria	Wo ist die nächste Bäckerei?	¿Dónde está la panadería más cercana?	Où est la boulangerie la plus proche ?	Dov'è il panificio più vicino?	Onde fica a padaria mais próxima?	Where is the closest bakery?	On és la fleca més propera?	Kie estas la plej proksima bakejo?	Ubi es le paneteria le plus proxime?	4
01003	Shopping	souvenir shop	der Souvenirladen	la tienda de recuerdos, la tienda de souvenirs	la boutique de souvenirs	il negozio di souvenir	a loja de souvenirs	la botiga de records (les botigues de records), la botiga de souvenirs (les botigues de souvenirs)	suvenirbutiko	boteca de souvenirs										4
01004	Shopping	working days, business days	die Werktage, die Wochentage	los días laborables, los días hábiles	les jours ouvrés, les jours ouvrables	i giorni lavorativi, i giorni feriali	os dias úteis	els dies feiners, els dies laborables	labortagoj	dies laborabile, dies utile										4
01005	Shopping	Where is this product manufactured?	Wo wird dieses Produkt hergestellt?	¿Dónde se fabrica este producto?	Où ce produit est-il fabriqué ?	Dove è fabbricato questo prodotto?	Onde se fabrica este produto?	On es fabrica aquest producte?	Kie ĉi tiu produkto estas fabrikita?	Ubi es fabricate iste producto?										4
01006	Shopping	What (shoe) size are you?	Welche Schuhgröße haben Sie?	¿Qué número de calzado usa?	Quelle pointure (chaussure) faites-vous?	Che misura (di scarpe) porta?	Que número você calça?	Quin número de calçat fas servir?	Kian ŝugrandon vi portas?	Qual numero de calceatura usa vos?										4
01007	Shopping	Could you gift wrap it, please?	Könnten Sie das bitte in Geschenkpapier einpacken?	¿Podría envolverlo en papel de regalo, por favor?	Vous pourriez l'emballer dans un papier-cadeau, s'il vous plaît?	Potrebbe avvolgerlo in una confezione regalo?	Poderia embalar para presente, por favor?	Podria embolicar-ho per a regal, si us plau?	Ĉu vi povus ĝin donace paki, bonvolu?	Poterea vos involver lo in papiro de dono, per favor?										4
01008	Shopping	Are these pants (US) / trousers (UK) made of pure wool? [«pants» is always in plural]	Ist diese Hose aus reiner Wolle?	¿Estos pantalones son de lana pura?	Ce pantalon est-il en pure laine?	Questi pantaloni sono di pura lana?	Esta calça é feita de lã pura?	Aquests pantalons són de llana pura?	Ĉu ĉi tiuj pantalonoj estas el pura lano?	Es iste pantalones de lana pur?										4
01009	Shopping	The dress you're wearing is very beautiful	Das Kleid, das du trägst, ist sehr schön	El vestido que llevas es bellísimo	La robe que tu portes est très belle	Il vestito che porti è bellissimo	O vestido que você está usando é belíssimo	El vestit que portes és molt bonic	La robo, kiun vi portas, estas tre bela	Le roba que tu porta es multo belle.										4
01010	Shopping	I'll take this shirt	Ich werde dieses Hemd nehmen	Tomaré esta camisa	Je prendrai cette chemise	Prenderò questa camicia	Vou levar esta camisa	Agafaré aquesta camisa	Mi prenos ĉi tiun ĉemizon	Io prendera iste camisa.										4
01011	Shopping	I paid ten Euros for the shirt	Ich habe zehn Euro für das Hemd bezahlt	He pagado diez euros por la camisa	J'ai payé dix euros pour la chemise	Ho pagato 10 euro per la camicia	Paguei dez euros pela camisa	He pagat deu euros per la camisa	Mi pagis dek eŭrojn por la ĉemizo	Io ha pagate dece euros pro le camisa.										4
01012	Shopping	dressing room	die Umkleidekabine 	el probador, el vestidor (AL) 	la cabine d'essayage	la cabina prova	o provador	l'emprovador (els emprovadors)	provejo	cabina de provar										4
01013	Shopping	style, fashion 	die Mode 	la moda 	la mode	la moda	a moda	la moda	modo	moda										4
01014	Colors	red	rot	rojo	rouge	rosso	vermelho	vermell	ruĝa	rubie										4
01015	Colors	orange	orange	naranja	orange	arancione	laranja	taronja	oranĝkolora	orange										4
01016	Colors	yellow	gelb	amarillo	jaune	giallo	amarelo	groc	flava	jalne										4
01017	Colors	green	grün	verde	vert	verde	verde	verd	verda	verde										4
01018	Colors	blue	blau	azul	bleu	blu	azul	blau	blua	blau										4
01019	Colors	turquoise	türkis	turquesa	turquoise	turchese 	turquesa	turquesa	turkisa	turchese										4
01020	Colors	violet, purple	violett, purpur, lila	violeta, morado	violet	viola	violeta, roxo	violeta, morat	viola	violette, purpuree										4
01021	Colors	pink	rosa	rosa, rosado	rose	rosa	rosa	rosa, rosat	rozkolora	rosate										4
01022	Colors	white	weiß	blanco	blanc	bianco	branco	blanc	blanka	blanc										4
01023	Colors	black	schwarz	negro	noir	nero	preto	negre	nigra	nigre										4
01024	Colors	gray (US), grey (UK)	grau	gris	gris	grigio	cinza	gris	griza	gris										4
01025	Colors	brown	braun	marrón	marron	marrone	marrom	marró	bruna	brun										4
01026	Craft	glass (material)	das Glas  (Material)	El vidrio, el cristal (material)	le verre (matière)	il vetro (materiale)	o vidro (material)	el vidre (material)	vitro (materialo)	vitro, crystallo										4
01027	Banking	to earn	(Geld) verdienen	ganar 	gagner (sa vie, de l'argent)	guadagnare	ganhar, receber	guanyar (diners)	gajni (monon)	ganiar										4
01028	Banking	to spend [spent, spent]	ausgeben 	gastar 	dépenser	spendere	gastar	gastar	elspezi	expender	Letztes Wochenende habe ich zu viel Geld ausgegeben!	¡Gastédemasiado dinero el pasadofin de semana!	J'ai dépensé trop d'argent le week-end dernier !	Ho speso troppi soldi lo scorso fine settimana!	Eu gastei dinheiro demais no fim de semana passado!	I spent too much money last weekend!	Vaig gastar massa diners el cap de setmana passat!	Mi elspezis tro da mono la pasintan semajnfinon!	Io expendeva troppo moneta le ultime fin de septimana!	4
01029	Banking	by check (US), cheque (UK)	mit einem Scheck	con cheque 	par chèque	con assegno	com cheque	amb xec	per ĉeko	per cheque										4
01030	Tourism	sunscreen	die Sonnencreme 	la crema solar, el protector solar	la crème solaire	la crema solare	o protetor solar	la crema solar (les cremes solars), el protector solar (els protectors solars)	sunkremo	crema solar; protector solar										4
01031	Tourism	reception area, lobby	die Empfangshalle	la recepción	l'accueil 	la reception, l'accettazione 	a área de recepção	la recepció (les recepcions)	akceptejo	reception	Wir betreten die Empfangshalledes Krankenhauses	Entramos en la recepción del hospital	Nous entrons dans l'accueil de l'hôpital	Entriamo nell'area accoglienza dell'ospedale	Entramos na área de recepção do hospital	We enter the reception area of the hospital	Entrem a la recepció de l'hospital	Ni eniras la akceptejon de la hospitalo	Nos entra in le reception del hospital.	4
01032	Tourism	Are there any interesting monuments in the area?	Gibt es interessante Monumente in der Nähe?	¿Hay monumentos interesantes en los alrededores?	Il y a des monuments intéressants dans les environs?	Ci sono dei monumenti interessanti nei dintorni?	Há monumentos interessantes por perto?	Hi ha monuments interessants als voltants?	Ĉu estas interesaj monumentoj en la ĉirkaŭaĵo?	Ha il monumentos interessante in le vicinitate?										4
01033	Tourism	to buy souvenirs 	Souvenirs kaufen	comprar recuerdos 	acheter des souvenirs	comprare dei souvenir	comprar lembranças	comprar records	aĉeti memoraĵojn	comprar souvenirs										4
01034	Tourism	self-tanner	die Selbstbräunungscreme ; die Selbstbräunungsmilch 	el bronceador	la crème bronzante	la crema abbronzante	o bronzeador	el bronzejador (els bronzejadors)	bronzigilo	bronzator										4
01035	Tourism	sunglasses 	die Sonnenbrille 	las gafas de sol 	les lunettes de soleil 	gli occhiali da sole	os óculos de sol	les ulleres de sol	sunokulvitroj	oculares de sol										4
01036	Religion	I'm not used to this	Ich bin nicht daran gewöhnt	No estoy acostumbrado a esto	Je ne suis pas habitué(e) à ça	Non ci sono abituato	Não estou acostumado a isso	No hi estic acostumat(ada)	Mi ne kutimas al ĉi tio	Io non es accostumate a isto	Ich bin (an) das scharfe Essen nicht gewöhnt	No estoy acostumbrado a la comida picante	Je ne suis pas habitué à la nourriture épicée	Non sono abituato al cibo piccante	Não estou acostumado à comida picante	I am not used to spicy food	No estic acostumat al menjar picant	Mi ne kutimas spican manĝaĵon	Io non es accostumate al alimento piccante.	4
01037	Religion	Sorry, but that goes against my beliefs	Entschuldigung, aber das geht gegen meine Überzeugungen	Lo siento, pero eso va en contra de mis creencias	Désolé(e), mais ça va à l'encontre de mes croyances	Mi dispiace, ma va contro le mie credenze	Desculpe, mas isso vai contra minhas crenças	Ho sento, però això va en contra de les meves creences	Pardonu, sed tio kontraŭas miajn kredojn	Io regretta, ma illo va contra mi credentias										4
01038	Religion	This is very different	Das ist ganz anders	Esto es muy diferente	C'est très différent	Questo è molto differente	Isto é muito diferente	Això és molt diferent	Tio estas tre malsama	Isto es multo differente										4
01039	Religion	God 	Gott	Dios 	Dieu	Dio	Deus	Déu	Dio	Deo										4
01040	Nature	moon	der Mond 	la luna	la lune 	la luna	a lua	la lluna	luno	luna										4
01041	Nature	stars	die Sterne 	las estrellas	les étoiles 	le stelle	as estrelas	les estrelles, els estels	steloj	stellas										4
01042	Nature	forest  	der Wald 	el bosque  	la forêt	la foresta	a floresta	el bosc (els boscos)	arbaro	foreste										4
01043	Nature	desert 	die Wüste 	el desierto 	le désert	il deserto	o deserto	el desert (els deserts)	dezerto	deserto										4
01044	Nature	lake 	der See 	el lago 	le lac	il lago	o lago	el llac (els llacs)	lago	laco										4
01045	Beach & Swimming	Is it safe to swim here?	Ist das Baden hier sicher?	¿Es seguro nadar aquí?	La baignade est sûre ici?	È sicuro nuotare qui?	É seguro nadar aqui?	És segur nedar aquí?	Ĉu estas sekure naĝi ĉi tie?	Es secur natar hic?										4
01046	Beach & Swimming	When is the tide high/low?	Wann ist Flut/Ebbe?	¿Cuándo hay marea alta/baja?	Quand la marée est-elle haute/basse?	Quando c'è l'alta/bassa marea?	Quando a maré está alta/baixa?	Quan hi ha marea alta/baixa?	Kiam estas alta/malalta tajdo?	Quando es le marea alte/basse?										4
01047	Beach & Swimming	reefs	die Riffe (Pl.)	los arrecifes	les récifs	la barriera corallina	os recifes	els esculls	rifoj	roccas marin										4
01048	Beach & Swimming	current	die Strömung 	la corriente	le courant	la corrente	a corrente	el corrent	fluo	currente										4
01049	Animals	cat	die Katze 	el gato	le chat	il gatto	o gato	el gat (els gats)	kato	catto										4
01050	Animals	dog	der Hund 	el perro	le chien	il cane	o cachorro	el gos (els gossos)	hundo	can										4
01051	Animals	horse	das Pferd 	el caballo	le cheval	il cavallo	o cavalo	el cavall (els cavalls)	ĉevalo	cavallo										4
01052	Entertainment	hobby	das Hobby	la afición	le loisir, le hobby	l'hobby 	o hobby 	l'afició (les aficions), el hobby (els hobbies)	ŝatokupo	passatempore	Hast du Hobbies?	¿Tienes aficiones?	As-tu des hobbys ?	Hai degli hobby?	Você tem algum hobby?	Do you have any hobbies?	Tens aficions?	Ĉu vi havas iujn ŝatokupojn?	Ha vos alcun passatempores?	4
01053	Entertainment	to go to the movie theater (US) / cinema (UK)	ins Kino gehen	ir al cine 	aller au ciné	andare al cinema	ir ao cinema	anar al cinema	iri al kinejo	ir al cinema										4
01054	Entertainment	to go shopping 	einkaufen gehen, shoppen gehen	ir de compras 	faire du shopping	fare shopping/acquisti	ir às compras	anar de compres	butikumi	facer compras										4
01055	Entertainment	(the) reading 	die Lektüre	la lectura 	la lecture	la lettura	a leitura	la lectura	legado	lectura										4
01056	Entertainment	to read (read, read)	lesen 	leer	lire	leggere	ler 	llegir	legi	leger	Ich habe jedes Theaterstück von Shakespeare gelesen, als ich im Gymnasium war	Leí todas las piezas teatrales de Shakespeare cuando estaba en el instituto	J'ai lu toutes les pièces de Shakespeare quand j'étais au lycée	Ho letto ogni testo teatrale di Shakespeare quando ero al liceo	Eu li todas as peças teatrais de Shakespeare quando estava no colégio	I read every Shakespeare playwhen I was in high school	Vaig llegir totes les obres de teatre de Shakespeare quan era a l'institut	Mi legis ĉiun teatraĵon de Shakespeare kiam mi estis en mezlernejo	Io legeva tote le dramas de Shakespeare quando io esseva in le schola secundari.	4
01057	Entertainment	Do you want to go to the movies (US) / cinema (UK)?	Willst du ins Kino gehen?	¿Quieres ir al cine?	Tu veux aller au ciné ?	Vuoi andare al cinema?	Quer ir ao cinema?	Vols anar al cinema?	Ĉu vi volas iri al la kinejo?	Vole tu ir al cinema?										4
01058	Entertainment	Where can we buy tickets?	Wo können wir die Eintrittskarten kaufen?	¿Dónde podemos comprar las entradas?	Où peut-on acheter les entrées ?	Dove possiamo comprare i biglietti?	Onde podemos comprar as entradas?	On podem comprar les entrades?	Kie ni povas aĉeti la biletojn?	Ubi pote nos comprar le billetes?										4
01059	Sports	Do you like sports?	Magst du Sport?	¿Te gusta el deporte?	Tu aimes le sport ?	Ti piace lo sport?	Você gosta de esportes?	T'agraden els esports?	Ĉu vi ŝatas sportojn?	Place a te le sport?										4
01060	Sports	What sport do you play?	Welchen Sport treibst du?	¿Qué deporte practicas?	Quel sport pratiques-tu ?	Che sport pratichi?	Qual esporte você pratica?	Quin esport practiques?	Kian sporton vi praktikas?	Qual sport practica tu?										4
01061	Sports	What is your favorite sport?	Was ist dein Lieblingssport?	¿Cuál es tu deporte favorito?	Quel est ton sport préféré ?	Qual è il tuo sport preferito?	Qual é o seu esporte favorito?	Quin és el teu esport preferit?	Kio estas via plej ŝatata sporto?	Qual es tu sport favorite?										4
01062	Introductions & Socializing	Where do you live? (formal)	Wo wohnen (leben) Sie?	¿Dónde vive?	Où habitez-vous?	Dove vive?	Onde você mora?	On viu? (formal)	Kie vi loĝas?	Ubi vive vos?										4
01063	Introductions & Socializing	in a hurry	in Eile	prisa	pressé	di fretta	com pressa	la pressa	rapidi (in Esperanto this is a verb)	in haste; pressa	Ich bin nicht in Eile, ich kann warten	No tengo prisa, puedo esperar	Je ne suis pas pressé, je peux attendre	Non vado di fretta, posso aspettare	Eu não estou com pressa. Posso esperar.	I'm not in a hurry, I can wait	No tinc pressa, puc esperar	Mi ne rapidas, mi povas atendi	Io non es in haste, io pote attender.	4
01064	Introductions & Socializing	Where are you from? 	Woher kommst du?	¿De dónde eres? 	Tu viens d'où?	Di dove sei?	De onde você é?	D'on ets?	De kie vi estas?	De ubi es tu?										4
01065	Introductions & Socializing	I'm from... (ex. England, France, United States...) 	Ich komme aus...  (ex. England, Frankreich, USA...) 	Soy de ... (ex. Inglaterra, Francia, Estados Unidos...)	Je viens... (ex. d'Angleterre, de France, des États-Unis...) 	Sono... (ex. dell'Inghilterra, della Francia, degli Stati Uniti...) 	(Eu) sou... (ex. da Inglaterra, da França, dos Estados Unidos...) 	Sóc de... (ex. Anglaterra, França, Estats Units...)	Mi estas el... (ekz. Anglio, Francio, Usono...)	Io es de...	(siehe «Die Länder» in der Kategorie «Tourismus»)	(cf. «Los países» en la categoría «Turismo»)	(...voir «Les Pays» dans la catégorie «Tourisme»)	(...vedere «I paesi» nella categoria «Turismo»)	(ver «Os países» na categoria «Turismo»)	(...refer to «Countries» in the «Tourism» category)	(vegeu «Els països» a la categoria «Turisme»)	(vidu «Landoj» en la kategorio «Turismo»)	(...vide «Paises» in le categoria «Tourismo»)	4
01066	Introductions & Socializing	Is this your first trip to England?	Ist das deine erste Reise nach England?	¿Este es tu primer viaje a Inglaterra? 	C'est ton premier voyage en Angleterre ?	È il tuo primo viaggio in Inghilterra?	Esta é a sua primeira viagem à Inglaterra?	És el teu primer viatge a Anglaterra?	Ĉu ĉi tiu estas via unua vojaĝo al Anglio?	Es isto tu prime viage a Anglaterra?										4
01067	Introductions & Socializing	How long have you been here?	Wie lange bist du schon hier?	¿Cuánto tiempo has estado aquí?	Ça fait combien de temps que tu es ici ?	Da quanto tempo sei qui?	Há quanto tempo você está aqui?	Quant de temps fa que ets aquí?	Kiom longe vi estas ĉi tie?	Quanto tempore ha tu essite hic?										4
01068	Introductions & Socializing	How long will you be staying here?	Wie lange wirst du hier bleiben?	¿Cuánto tiempo te quedarás aquí?	Tu resteras combien de temps ici ?	Quanto tempo resterai qui?	Por quanto tempo você vai ficar aqui?	Quant de temps t'hi quedaràs?	Kiom longe vi restos ĉi tie?	Quanto tempore remanera tu hic?										4
01069	Introductions & Socializing	I’ll be here for three weeks	Ich werde für drei Wochen hier sein	Estaré acá tres semanas	Je serai ici pour trois semaines	Starò qui per tre settimane	(Eu) ficarei aqui por três semanas	Seré aquí durant tres setmanes	Mi estos ĉi tie dum tri semajnoj	Io essera hic durante tres septimanas.										4
01070	Introductions & Socializing	I’m on vacation (US)/holiday (UK)	Ich bin im Urlaub	Estoy de vacaciones	Je suis en vacances	Sono in vacanza	(Eu) estou de férias	Estic de vacances	Mi ferias	Io es in vacantias.										4
01071	Introductions & Socializing	Welcome!	Willkommen!	¡Bienvenido(a)!	Bienvenu(e)!	Benvenuto(a)!	Bem-vindo(a)!	Benvingut(da)!	Bonvenon!	Benvenite!										4
01072	Nightlife & Social Plans	I'll call you tonight	Ich rufe dich heute Abend an	Te llamo esta noche	Je t'appelle ce soir	Ti chiamo stasera	(Eu) ligo para você hoje à noite	Et trucaré aquesta nit	Mi vokos vin ĉi-vespere	Io te telephonara iste nocte.										4
01073	Nightlife & Social Plans	I would like... (something)	Ich hätte gerne ... (etwas)	Me gustaría... (alguna cosa)	J'aimerais ... (quelque chose)	Mi piacerebbe... (qualcosa)	(Eu) gostaria de...(alguma coisa)	M'agradaria... (alguna cosa)	Mi ŝatus... (ion)	Io volerea...										4
01074	Parties & Socializing	Would you like to come with me? 	Würdest du gerne mit mir kommen?	¿Te gustaría venir conmigo?	Tu voudrais venir avec moi ?	Vorresti venire con me?	Você gostaria de vir comigo?	Vols venir amb mi?	Ĉu vi ŝatus veni kun mi?	Volerea tu venir con me?										4
01075	Parties & Socializing	Do you want something to drink?	Willst du etwas trinken?	¿Quieres tomar (o beber) algo?	Tu veux boire (prendre) quelque chose?	Vuoi qualcosa da bere?	Quer beber algo? 	Vols beure alguna cosa?	Ĉu vi volas trinki ion?	Vole tu biber alique?										4
01076	Parties & Socializing	Do you want to dance?	Willst du tanzen?	¿Quieres bailar?	Tu veux danser?	Vuoi ballare?	Quer dançar?	Vols ballar?	Ĉu vi volas danci?	Vole tu dansar?										4
01077	Parties & Socializing	You're a great dancer	Du bist ein guter Tänzer	(Tú) eres un buen bailarín	Tu es un bon danseur	Sei un buon ballerino	Você é um bom dançarino	Ets un gran ballarí	Vi estas bonega dancisto	Tu es un excellente dansator.										4
01078	Parties & Socializing	I can't dance	Ich kann nicht tanzen	No sé bailar	Je ne sais pas danser	Non so ballare	Não sei dançar	No sé ballar	Mi ne scias danci	Io non sape dansar.										4
01079	Parties & Socializing	I am drunk	Ich bin besoffen	Estoy borracho(a)  (fam.)	Je suis bourré(e) (fam.)	Sono ubriaco(a)	Estou bêbado(a)	Estic borratxo(a)	Mi estas ebria	Io es ebrie.										4
01080	Parties & Socializing	I don't feel well	Ich fühle mich nicht wohl	No me encuentro bien	Je ne me sens pas bien	Non mi sento bene	Não me sinto bem	No em trobo bé	Mi ne fartas bone	Io non me senti ben.										4
01081	Parties & Socializing	I have a hangover	Ich habe einen Kater	Tengo resaca	J'ai la gueule de bois	Ho i postumi di una sbronza	Tenho ressaca	Tinc ressaca	Mi havas postebrian staton	Io ha ebrietate										4
01082	Parties & Socializing	Can you come with me, please?	Kannst du bitte mit mir mitkommen?	¿Puedes venir conmigo, por favor?	Tu peux venir avec moi s'il te plaît ?	Puoi accompagnarmi per favore?	Pode vir comigo, por favor?	Pots venir amb mi, si us plau?	Ĉu vi povas veni kun mi, bonvolu?	Pote tu venir con me, per favor?										4
01083	Parties & Socializing	song 	das Lied 	la canción 	la chanson	la canzone	a música, a canção	la cançó (les cançons)	kanto	canto										4
01084	Expressions & Emotions	I like it	Das gefällt mir	Me gusta	Ça me plaît	Mi piace	Eu gosto	M'agrada	Mi ŝatas ĝin	Illo me place										4
01085	Expressions & Emotions	It's weird	Das ist komisch, das ist sonderbar	Es raro, es extraño	C'est bizarre	È strano	É estranho	És estrany	Estas strange	Illo es bizarre										4
01086	Expressions & Emotions	It's very funny	Das ist sehr lustig	Es muy gracioso (ES), Es muy chistoso (AL)	C'est très rigolo	È molto divertente	É muito engraçado	És molt divertit	Estas tre amuze	Illo es multo amusante										4
01087	Expressions & Emotions	It's beautiful	Das ist schön	Es bonito(a)	C'est beau	È bello	É bonito(a)	És bonic	Estas bele	Illo es belle										4
01088	Flirting Phrases	Do you want to step outside with me for a bit?	Willst du mit mir kurz rausgehen?	¿Quieres salir fuera un momento conmigo? 	Tu veux aller dehors un moment avec moi ?	Vuoi venire un po' fuori con me?	Quer ir lá fora comigo um momento?	Vols sortir una estona amb mi?	Ĉu vi volas eliri kun mi por momento?	Vole tu sortir foras con me un momento?										4
01089	Flirting Phrases	You're very nice	Du bist sehr nett	Eres muy simpático(a)	Tu es très sympa	Sei molto simpatico(a)	Você é muito simpático(a)	Ets molt simpàtic(a)	Vi estas tre simpatia	Tu es multo sympathic										4
01090	Flirting Phrases	I really like you	Du gefällst mir sehr	Me gustas mucho	Tu me plais beaucoup	Mi piaci molto	Gosto muito de você	M'agrades molt	Vi tre plaĉas al mi	Tu me place multo										4
01091	Love & Romance	sweetheart, honey	Liebling, Schatz	cariño	le / la chéri(e)	tesoro	querido(a)	l'amor, el carinyo	karulo	caro, multo car	Kannst du mir etwas zu trinken geben, Liebling?	Cariño, ¿puedes traerme algo para beber?	Chéri, tu peux m'apporter quelque chose à boire ?	Tesoro, puoi portarmi qualcosa da bere?	Querido(a), você pode me trazer algoparabeber?	Honey, can you get me something to drink?	Carinyo, em pots portar alguna cosa per beure?	Karulo, ĉu vi povas alporti al mi ion por trinki?	Caro, pote tu apportar me qualcosa a biber?	4
01092	Love & Romance	I love you  	Ich liebe dich	Te amo, te quiero	Je t'aime	Ti amo	Eu amo você	T'estimo	Mi amas vin	Io te ama	Ich liebe dich! Du bist die Liebe meines Lebens	¡Te amo! Eres el amor de mi vida	Je t'aime! Tu es l'amour de ma vie	Ti amo! Sei l'amore della mia vita	Eu amo você! Você é o amor da minha vida	I love you! You are the love of my life	T'estimo! Ets l'amor de la meva vida	Mi amas vin! Vi estas la amo de mia vivo	Io te ama! Tu es le amor de mi vita	4
01093	Love & Romance	kiss 	der Kuss 	el beso	le baiser	il bacio	o beijo	el petó (els petons), el bes (els besos)	kiso	basio										4
01094	Love & Romance	hug 	die Umarmung 	el abrazo	l'accolade  (se serrer dans ses bras)	l'abbraccio 	o abraço	l'abraçada (les abraçades)	brakumo	imbraciamento										4
01095	Love & Romance	boyfriend, girlfriend	der(die) Freund(in) 	el novio, la novia	le petit ami, la petite amie	il ragazzo, la ragazza (relazione romantica)	o namorado, a namorada	el xicot (els xicots), la xicota (les xicotes)	koramiko, koramikino	amico, amica	Ich habe einen Freund (eine Freundin)	Tengo novio(a)	J'ai un petit ami (une petite amie)	Ho un(a) ragazzo(a)	Tenho namorado(a)	I have a boyfriend (girlfriend)	Tinc xicot/a	Mi havas koramikon (koramikinon)	Io ha un amico/amica	4
01096	Travel Farewells	I have to be at the airport tomorrow morning at 8	Ich muss morgen früh um 8 Uhr am Flughafen sein.	Tengo que estar en el aeropuerto mañana por la mañana a las 8h	Je dois être demain matin à 8h à l'aéroport. 	Devo essere in aeroporto domani mattina alle 8 	(Eu) tenho que estar no aeroporto amanhã às 8	He d'estar a l'aeroport demà al matí a les 8	Mi devas esti ĉe la flughaveno morgaŭ matene je la 8a	Io debe esser al aeroporto deman matino a 8 horas										4
01097	Travel Farewells	Thanks for everything 	Danke für alles	Gracias por todo	Merci pour tout	Grazie per tutto	Muito obrigado(a) por tudo	Gràcies per tot	Dankon pro ĉio	Gratias pro toto										4
01098	Travel Farewells	Take care	Pass auf dich auf	Cuídate	Prends soin de toi	Stammi bene, riguardati	Cuide-se	Cuida't	Zorgu pri vi	Cura te										4
01099	Conversation Starters	What do you think of...?	Was denkst/hältst du von...? 	¿Qué piensas de?	Que penses-tu de ...?	Cosa pensi di... ?	O que acha de...?	Què en penses de...?	Kion vi pensas pri...?	Que pensa tu de...?										4
01100	Conversation Starters	Do you know... ?	Kennst du...?	¿Conoces...?	Tu connais ... ?	Conosci ... ?	Conhece...?	Coneixes...?	Ĉu vi konas...?	Cognosce tu...?										4
01101	Agreeing Disagreeing	I agree	(Ich bin) einverstanden	Estoy de acuerdo	Je suis d'accord	Sono d'accordo	Estou de acordo	Hi estic d'acord	Mi konsentas	Io es de accordo										4
01102	Parts of the Body	eye(s)	das Auge 	el ojo, los ojos	l'oeil, les yeux	l'occhio, gli occhi	o olho, os olhos	l'ull (els ulls)	okulo(j)	oculos										4
01103	Parts of the Body	head	der Kopf 	la cabeza 	la tête 	la testa	a cabeça	el cap (els caps)	kapo	capite										4
01104	Parts of the Body	eyes	die Augen	los ojos	les yeux 	gli occhi	os olhos	els ulls	okuloj	oculos										4
01105	Parts of the Body	nose	die Nase 	la nariz	le nez	il naso	o nariz	el nas (els nassos)	nazo	naso										4
01106	Parts of the Body	mouth	der Mund 	la boca 	la bouche	la bocca	a boca	la boca (les boques)	buŝo	bucca										4
01107	Parts of the Body	hair	die Haare ; das Haar	el pelo	les cheveux 	i capelli	o cabelo	el cabell, el pèl (els cabells, els pèls)	hararo	capillo										4
01108	Parts of the Body	arm	der Arm 	el brazo 	le bras 	il braccio	o braço	el braç (els braços)	brako	bracio										4
01109	Parts of the Body	hand	die Hand 	la mano	la main 	la mano	a mão	la mà (les mans)	mano	mano	Helen nimmt meine Hand	Helen me coge de la mano	Helen prend ma main	Helen prende la mia mano	Helen pega minha mão	Helen takes my hand	La Helen m'agafa de la mà	Helena prenas mian manon	Helen prende mi mano	4
01110	Parts of the Body	leg	das Bein 	la pierna	la jambe 	la gamba	a perna	la cama (les cames)	kruro	gamba										4
01111	Parts of the Body	face	das Gesicht 	la cara	le visage	la faccia	o rosto	la cara (les cares)	vizaĝo	facie										4
01112	Physical Appearance	young	jung	joven	jeune	giovane	jovem	jove	juna	juvene										4
01113	Physical Appearance	old	alt	mayor (formal, cortés), viejo(a) (informal para referirse a una persona muy mayor)	âgé(e) (poli), vieux(vieille) (informel)	anziano(a) (pol.), vecchio(a) (inf.)	velho(a)	vell(a), gran	maljuna	vetule							vell(a) (informal per a referir-se a una persona molt gran)	maljuna (neformala por tre maljuna persono)		4
01114	Physical Appearance	fat	dick (für Personen)	gordo(a)	gros(se)	grasso(a)	gordo(a)	gras(sa)	dika	grasse										4
01115	Physical Appearance	tall (person)	groß (für eine Person)	alto(a) (para una persona) 	grand(e) (pour une personne)	alto(a) (per una persona)	alto(a) (pessoa)	alt(a) (persona)	alta (homo)	alte	Deine Freundin ist sehr groß	Tu novia es muy alta	Ta petite amie est très grande	La tua ragazza è molto alta	Sua namorada é muito alta	Your girlfriend is very tall	La teva xicota és molt alta	Via koramikino estas tre alta	Tu amica es multo alte	4
01116	Physical Appearance	short (person)	klein (für eine Person)	bajo(a) (para una persona)	petit(e) (pour une personne)	basso(a) (per una persona)	baixo(a) (pessoa)	baix(a) (persona)	malalta (homo)	basse										4
01117	Physical Appearance	pretty,	hübsch	bonito(a) 	joli(e)	carino(a)	bonito(a), lindo(a)	bonic(a), bufó(ona)	bela	belle										4
01118	Physical Appearance	handsome (beautiful - person)	schön (Person)	guapo(a) (ES), lindo(a) (AL) 	beau (belle) (personne)	bello(a) (persona)	lindo(a) (para pessoas)	guapo(a)	bela	belle										4
01119	Physical Appearance	ugly 	hässlich	feo(a) 	moche	brutto(a)	feio(a)	lleig, lletja	malbela	fede										4
01120	Personality Traits	silly	dumm, dümmlich	tonto, estúpido	stupide, idiot, débile	stupido, sciocco	bobo(a)	ximple, estúpid	stulta	stupide										4
01121	Personality Traits	nice (person)	sympathisch (für eine Person)	simpático(a) (para una persona)	sympa (pour une personne)	simpatico(a) (per una persona)	simpático(a) (pessoa)	simpàtic(a) (persona)	simpatia (homo)	sympathic										4
01122	Personality Traits	boring	langweilig	aburrido(a) 	ennuyeux(se)	noioso(a)	chato(a)	avorrit(ida)	teda	enoiose	Ich halte ihn für echt langweilig	Él me parece realmente aburrido	Je le trouve vraiment ennuyeux	Lo trovo davvero noioso	Eu acho ele muito chato.	I find him really boring	Em sembla realment avorrit	Mi trovas lin vere teda	Il me pare realmente enoiose.	4
01123	Personality Traits	interesting 	interessant	interesante 	intéressant(e)	interessante	interessante	interessant	interesa	interessante										4
01124	Feelings & Emotions	smile	das Lächeln	la sonrisa	le sourire	il sorriso	o sorriso	el somriure (els somriures)	rideto	le surriso										4
01125	Clothes & Accessories	size	die Größe	la talla	la taille	la taglia	o tamanho	la talla (les talles)	grandeco	le talia	Wir haben die gleiche Größe	Tenemos la misma talla	Nous avons la même taille	Abbiamo la stessa taglia	Nós somos do mesmo tamanho	We are the same size	Tenim la mateixa talla	Ni havas la saman grandecon	Nos ha le mesme talia.	4
01126	Clothes & Accessories	t-shirt 	das T-Shirt 	la camiseta 	le t-shirt	la maglietta	a camiseta	la samarreta (les samarretes)	T-ĉemizo	le camisetta										4
01127	Clothes & Accessories	briefs, underwear (for men) 	der Slip , die Unterhose 	el calzoncillo (también pl.), la ropa interior (para el hombre)	le slip, le caleçon	lo slip, il boxer	a roupa íntima, a cueca	els calçotets, la roba interior (per a home)	kalsono	le calceones, le subvestimentos pro homines										4
01128	Clothes & Accessories	sock	die Socke  	el calcetín	la chaussette 	il calzino	a meia	el mitjó (els mitjons)	ŝtrumpeto	le socco										4
01129	Clothes & Accessories	pocket 	die Tasche (in der Kleidung) 	el bolsillo 	la poche (vêtement)	la tasca	o bolso	la butxaca (les butxaques)	poŝo	le tasca										4
01130	Clothes & Accessories	jacket	die Jacke 	la chaqueta 	la veste	la giacca	a jaqueta	la jaqueta (les jaquetes)	jako	le jachetta										4
01131	Clothes & Accessories	bathing suit	der Badeanzug , die Badehose 	el bañador, el traje de baño	le maillot de bain	il costume da bagno	a roupa de banho	el banyador (els banyadors), el vestit de bany (els vestits de bany)	naĝkostumo	le costume de banio										4
01132	Hair & Beauty	hair salon	der Friseursalon 	la peluquería	le salon de coiffure	il negozio di parrucchiere	o salão de beleza	la perruqueria (les perruqueries)	frizistejo	le salon de barbero										4
01133	Hair & Beauty	haircut	der (Haar)Schnitt 	el corte (de pelo / cabello)	la coupe (de cheveux)	il taglio (di capelli)	o corte (de cabelo)	el tall (de cabell) (els talls)	hararanĝo	le corte de capillos										4
01134	Family Members	sibling	der Bruder, die Schwester 	el hermano o la hermana	le frère ou la soeur	il fratello o la sorella	o irmão ou a irmã	el germà o la germana	gefrato	le fratre o le soror										4
01135	Family Members	cousin (female)	die Cousine 	la prima	la cousine 	la cugina	a prima	la cosina (les cosines)	kuzino	cosina										4
01136	Family Members	I am the oldest	Ich bin der (die) Älteste	Soy el(la) mayor	Je suis l'ainé(e).	Sono il(la) più grande (dei figli)	Sou o(a) mais velho(a)	Sóc el/la més gran	Mi estas la plej aĝa	Io es le plus vetule										4
01137	Family Members	I am the youngest	Ich bin der (die) Jüngste	Soy el(la) menor	Je suis le(a) plus jeune.	Sono il / la più giovane	Sou o(a) mais novo(a)	Sóc el/la més jove	Mi estas la plej juna	Io es le plus juvene										4
01138	Family Members	I have a brother and a sister	Ich habe einen Bruder und eine Schwester	Tengo un hermano y una hermana	J'ai un frère et une soeur.	Ho un fratello ed una sorella.	Tenho um irmão e uma irmã	Tinc un germà i una germana	Mi havas fraton kaj fratinon	Io ha un fratre e un soror										4
01139	Family Members	She is older than me	Sie ist älter als ich.	Ella es mayor que yo. 	Elle est plus vieille que moi.	Lei è più vecchia di me.	Ela é mais velha do que eu	Ella és més gran que jo	Ŝi estas pli aĝa ol mi	Illa es plus vetule que io										4
01140	Family Members	son	der Sohn 	el hijo	le fils 	il figlio	o filho	el fill (els fills)	filo	filio										4
01141	Family Members	daughter	die Tochter 	la hija	la fille (l'enfant)	la figlia	a filha	la filla (les filles)	filino	filia										4
01142	Family Members	baby	das Baby , der Säugling 	el bebé	le bébé 	il (la) bambino(a), il bebè, il (la) neonato(a)	o bebê	el nadó (els nadons), el bebè (els bebès)	bebo	baby										4
01143	Family Members	adolescent, teenager	der Jugendliche 	el/la adolescente	l'adolescent(e), l'ado	l'adolescente (m/f)	o adolescente	l'adolescent (els adolescents)	adoleskanto	adolescente										4
01144	Family Members	dad	der Papa 	el papá	le papa	il papà	o papai	el papa (els papes), el pare (els pares)	paĉjo	papa										4
01145	Family Members	mother	die Mutter 	la madre 	la mère	la madre	a mãe	la mare (les mares)	patrino	matre	Deine Mutter ist nicht auf dem Foto	Tu madre no está en la foto	Ta mère n'est pas sur la photo	Tua madre non è nella foto	Sua mãe não está na foto	Your mother is not in the photo	La teva mare no és a la foto	Via patrino ne estas en la foto	Tu matre non es in le photo.	4
01146	Family Members	mom (US), mum (UK)	die Mama 	la mamá 	la maman	la mamma	a mamãe	la mama (les mames), la mare (les mares)	panjo	mamma										4
01147	Family Members	parents	die Eltern	los padres	les parents	i genitori	os pais	els pares	gepatroj	parentes										4
01148	Family Members	brother	der Bruder 	el hermano	le frère 	il fratello	o irmão	el germà (els germans)	frato	fratre	Ich habe keinen Bruder.	No tengo hermano.	Je n'ai pas de frère.	Non ho un fratello.	Não tenho irmão	I do not have a brother	No tinc germà.	Mi ne havas fraton.	Io non ha un fratre.	4
01149	Family Members	sister	die Schwester 	la hermana	la sœur	la sorella	a irmã	la germana (les germanes)	fratino	soror	Ich habe zwei Schwestern.	Tengo dos hermanas.	J'ai deux sœurs	Ho due sorelle.	Tenho duas irmãs	I have two sisters	Tinc dues germanes.	Mi havas du fratinojn.	Io ha duo sorores.	4
01150	Family Members	grandfather	der Großvater 	el abuelo	le grand-père 	il nonno	o avô	l'avi (els avis)	avo	avo										4
01151	Family Members	grandmother	die Großmutter 	la abuela	la grand-mère 	la nonna	a avó	l'àvia (les àvies)	avino	ava										4
01152	Family Members	uncle	der Onkel 	el tío	l'oncle 	lo zio	o tio	l'oncle (els oncles)	onklo	oncle										4
01153	Family Members	aunt	die Tante 	la tía	la tante 	la zia	a tia	la tia (les ties)	onklino	amita										4
01154	Family Members	cousin	der Cousin 	el primo	le cousin	il cugino	o primo	el cosí (els cosins)	kuzo	cosino										4
01155	Units of Time	(one) decade	ein Jahrzehnt  	una década	une décennie 	un decennio	uma década	la dècada (les dècades)	jardeko	un decennio										4
01156	Units of Time	(one) millennium	ein Jahrtausend  	un milenio	un millénaire 	un millennio	um milênio	el mil·lenni (els mil·lennis)	jarmilo	un millennio										4
01157	Units of Time	eternity, forever	eine Ewigkeit 	una eternidad	une éternité 	un'eternità	uma eternidade	l'eternitat	eterneco	un eternitate										4
01158	Times of Day	2:15: It is (a) quarter past two	2:15 Uhr: Es ist Viertel nach zwei	2h15: Son las dos y cuarto	2h15 : Il est deux heures et quart	2h15 : Sono le due e un quarto	2h15min: São duas horas e quinze minutos (um quarto)	2:15: Són dos quarts de tres	2:15: Estas la dua kaj kvarono	Il es duo horas e un quarto										4
01159	Times of Day	after	danach, nachher	después	après	dopo	depois	després	poste	post										4
01160	Times of Day	half an hour	eine halbe Stunde	una media hora	une demi-heure	una mezz'ora	uma meia hora	mitja hora	duonhoro	un medie hora										4
01161	Times of Day	What time is it?	Wie spät ist es?	¿Qué hora es?	Quelle heure est-il?	Che ora è? / Che ore sono?	Que horas são?	Quina hora és?	Kioma horo estas?	Que hora es?										4
01162	Times of Day	1:00 pm: It's one o'clock in the afternoon	13:00 : Es ist dreizehn Uhr/ Es ist ein Uhr nachmittags	13:00: Es la una del mediodía 	13:00 : Il est une heure de l'après-midi	13:00 : È l'una del pomeriggio	13h: É uma hora da tarde	13:00: És la una del migdia	13:00: Estas la unua posttagmeze	Il es un hora del postmeridie										4
01163	Times of Day	6:00 am: It's six o'clock in the morning	6:00 : Es ist sechs Uhr morgens	6:00: Son las seis de la mañana	6:00 : Il est six heures du matin	6:00 : Sono le sei del mattino	6h: São seis horas da manhã	6:00: Són les sis del matí	6:00: Estas la sesa matene	Il es sex horas del matino										4
01164	Times of Day	5:00: It's five o'clock sharp	5:00 : Es ist genau fünf Uhr	5:00: Son las cinco en punto	5:00 : Il est cinq heures pile	5:00 : Sono le cinque in punto	5:00 : São cinco em ponto	5:00: Són les cinc en punt	5:00: Estas la kvina precize	Il es cinque horas in puncto										4
01165	Times of Day	4:26: It's four twenty-six	4:26 : Es ist vier Uhr sechsundzwanzig	4:26: Son las cuatro y veintiséis minutos	4:26 : Il est quatre heures vingt-six	4:26 : Sono le quattro e ventisei minuti	4:26 : São quatro horas e vinte e seis minutos	4:26: Són les quatre i vint-i-sis	4:26: Estas la kvara kaj dudek ses	Il es quatro horas e vinti-sex minutas										4
01166	Times of Day	2:45: It is a quarter to three 	2h45 : Es ist Viertel vor drei	2h45: Son las tres menos cuarto	2h45 : Il est trois heures moins le quart	2h45 : Sono le tre meno un quarto	2h45 : São quinze para as três	2:45: Falta un quart per a les tres	2:45: Estas kvarono antaŭ la tria	Il es tres horas minus un quarto										4
01167	Time & Frequency	rarely 	selten	rara vez 	rarement	raramente	raramente	rarament, poques vegades	malofte	rarmente										4
01168	Future Plans	in two weeks	in zwei Wochen	en dos semanas	dans deux semaines	tra due settimane	em duas semanas	en dues setmanes	post du semajnoj	in duo septimanas										4
01169	Future Plans	next month	nächsten Monat	el próximo mes, el mes que viene	le mois prochain	il mese prossimo	o próximo mês	el mes que ve	venontmonate	le mense proxime										4
01170	Future Plans	next year	nächstes Jahr	el próximo año, el año que viene	l'année prochaine 	l'anno prossimo	o próximo ano	l'any que ve	venontjare	le anno proxime										4
01171	Phone Usage	Do I need to make an appointment?	Muss ich einen Termin machen?	¿Necesito pedir cita?	Dois-je prendre rendez-vous?	Ho bisogno di un appuntamento?	Preciso marcar hora?	Necessito demanar cita?	Ĉu mi bezonas fari rendevuon?	Esque io debe prender un appunctamento?									Debe io facer un cita?	4
01172	Phone Usage	What is the country code / dialing code for Brazil?	Was ist die Vorwahl für Brasilien?	¿Cuál es el prefijo telefónico de Brasil?	Quel est le préfixe pour le Brésil?	Qual è il prefisso telefonico del Brasile?	Qual é o prefixo telefônico do Brasil?	Quin és el prefix telefònic del Brasil?	Kio estas la landokodo por Brazilo?	Qual es le prefixo telephonic de Brasil?									Qual es le codice de pais o de appello pro Brasil?	4
01173	Phone Usage	He will return later	Er wird später wiederkommen	(Él) Regresará más tarde	Il reviendra plus tard	Tornerà più tardi	Ele vai voltar mais tarde	Tornarà més tard	Li revenos poste	Ille retornara plus tarde.									Ille retornara plus tarde.	4
01174	Phone Usage	One moment...	Einen Moment...	Un momento...	Un moment...	Un momento...	Um momento...	Un moment...	Unu momenton...	Un momento...									Un momento...	4
01175	Phone Usage	Could you please tell him/her that I called?	Können Sie ihm/ihr bitte sagen, dass ich angerufen habe?	¿Podría decirle que lo he llamado, por favor?	Pourriez-vous lui dire que j'ai appelé s'il vous plaît	Potrebbe dirgli(le) che ho chiamato, per piacere?	Poderia dizer para ele que eu liguei, por favor?	Podria dir-li que he trucat, si us plau?	Ĉu vi povus diri al li/ŝi, ke mi telefonis, bonvolu?	Poterea vos, per favor, dicer le que io ha telephonate?									Pote ille dicer que io ha appellate, per favor?	4
01176	Phone Usage	I'll call back later	Ich werde später zurückrufen	(Yo) Llamaré (otra vez) más tarde	Je rappellerai plus tard	Richiamerò più tardi	Eu ligarei novamente mais tarde	Tornaré a trucar més tard	Mi retelefonos poste	Io appellara de novo plus tarde									Io appellara de novo plus tarde.	4
01177	Phone Usage	to answer (the phone)	beantworten (den Anruf)	contestar (al teléfono)	répondre (au téléphone)	rispondere (al telefono)	atender (o telefone)	contestar (el telèfon)	respondi (al la telefono)	responder (le telephono)										4
01178	Phone Usage	to leave a message 	eine Nachricht hinterlassen	dejar un mensaje 	laisser un message	lasciare un messaggio	deixar uma mensagem	deixar un missatge	lasi mesaĝon	lassar un message										4
01179	Phone Usage	call 	der Anruf 	la llamada 	l'appel 	la chiamata	a ligação, a chamada	la trucada (les trucades)	voko	le appello										4
01180	Phone Usage	to dial 	die Nummer wählen	marcar el número	composer le numéro	comporre il numero	discar	marcar	marki	marcar le numero										4
01181	Phone Usage	text message, text, SMS	die SMS 	el SMS, el mensaje de texto	le texto, le SMS	il messaggio, un SMS	a mensagem de texto, o SMS	el missatge de text (els missatges de text), l'SMS	tekstmesaĝo, SMS	message de texto, texto, SMS										4
01182	Phone Usage	adapter	der Adapter 	el adaptador	l'adaptateur 	l'adattatore	o adaptador	l'adaptador (els adaptadors)	adaptilo	le adaptator										4
01183	Phone Usage	SIM card	eine SIM-Karte 	una tarjeta SIM	une carte SIM	una carta SIM	um cartão SIM, um chip SIM	una targeta SIM	SIM-karto	carta SIM										4
01184	Internet Usage	You should look it up on the internet	Du solltest das im Internet suchen	Lo deberías buscar en Internet	Tu devrais le chercher sur internet	Dovresti cercarlo su internet	Você deveria pesquisar isso na internet	Hauries de buscar-ho a internet	Vi devus serĉi ĝin en la interreto	Tu deberea cercar lo super Internet									Tu deberea cercar lo super Internet.	4
01185	Internet Usage	Do you have wifi?	Haben Sie ein WiFi?	¿Tiene WiFi?	Vous avez le wifi (internet sans fil) ?	Ha il Wi-Fi?	Tem Wi-Fi?	Té wifi?	Ĉu vi havas wifi-on?	Tu ha wifi?									Tu ha wifi?	4
01186	Internet Usage	What is the password?	Wie lautet das Passwort?	¿Cuál es la clave (contraseña)?	Quel est le mot de passe ?	Qual è la password?	Qual é a senha?	Quina és la contrasenya?	Kio estas la pasvorto?	Qual es le parola clave?									Qual es le parola clave?	4
01187	Internet Usage	web address (url)	die Webadresse	la dirección de Internet 	l'adresse web 	l'indirizzo web	o endereço eletrônico (url)	l'adreça web (URL) (les adreces web)	retadreso (URL)	adresse de Internet (URL)										4
01188	Computer Hardware	My computer crashed	Mein Computer ist abgestürzt	Mi ordenador se ha quedado colgado	Mon ordinateur a planté	Il mio computer si è bloccato	Meu computador parou de funcionar	El meu ordinador s'ha penjat	Mia komputilo kraŝis	Mi computator se ha blocate										4
01189	Emergencies	It's an emergency	Das ist ein Notfall	Es una emergencia	C'est une urgence	È un'emergenza	É uma emergência	És una emergència	Estas urĝaĵo	Il es un emergentia										4
01190	Medical Situations	What is wrong?	Was ist los?	¿Qué pasa?	Qu'est-ce qui ne va pas ?	Cosa c'è che non va?	Qual é o problema? 	Què passa?	Kio estas malbona?	Que passa?										4
01191	Medical Situations	headache	der Kopfschmerz 	el dolor de cabeza	le mal de tête	il mal di testa	dor de cabeça	el mal de cap	kapdoloro	dolor de capite	Manchmal bekomme ich schreckliche Kopfschmerzen	A veces tengo dolores de cabeza horribles	J'ai des maux de tête terribles parfois	Ho dei mal di testa terribili a volte	Eu às vezes tenho dores de cabeça terríveis	I get terrible headaches sometimes	De vegades tinc mals de cap terribles	Mi foje havas terurajn kapdolorojn	A vices io ha terribile dolores de capite.	4
01192	Police Report	When did it happen?	Wann ist es passiert?	¿Cuándo sucedió?	Quand cela s'est-il passé?	Quando è successo?	Quando isso ocorreu?	Quan va passar?	Kiam ĝi okazis?	Quando occurreva illo?										4
01193	Traffic & Warning Signs	wrong way [on a one-way street]	das Durchfahrtsverbot 	el sentido prohibido	le sens interdit	il senso vietato	o sentido proibido	la direcció prohibida	malĝusta direkto	direction prohibite										4
01194	Traffic & Warning Signs	stop (sign)	Stop  (Schild)	Stop (señal en la vía)	stop (panneau)	stop (cartello)	pare (sinal)	l'stop (senyal)	stop (signalo)	stop										4
01195	Traffic & Warning Signs	yield right-of-way (US), give way (UK)	Vorfahrt gewähren	ceda el paso	cédez le passage	dare la precedenza	dê a preferência	cediu el pas	cedu la vojon	cede le passage										4
01196	Prepositions	behind	hinter	detrás	derrière	dietro	atrás	darrere	malantaŭ	retro	Was ist hinter dieser Tür?	¿Qué hay detrás de esta puerta?	Qu'est-ce qu'il y a derrière cette porte ?	Cosa c'è dietro questa porta?	O que há atrás dessa porta?	What is behind this door?	Què hi ha darrere d'aquesta porta?	Kio estas malantaŭ ĉi tiu pordo?	Que ha il retro iste porta?	4
01197	Prepositions	over	über etw.	por encima (de), sobre	au dessus de, sur	su, sopra	sobre, por sobre	per sobre de	super	supra	Die Katze springt ohne Probleme über den Zaun.	El gato salta por encima de la valla sin problema.	Le chat saute au dessus de la clôture sans problème.	Il gatto salta sopra la recinzione senza problemi.	O gato salta por sobre a cerca sem dificuldade.	The cat jumps over the fence easily	El gat salta per sobre de la tanca sense problema.	La kato facile saltas super la barilon.	Le catto salta facilemente supra le cerca.	4
01198	Prepositions	to	zu, nach	a	à	a	para, a/à	a	al	a	Ich fahre nach Paris.	Yo voy a París	Je vais à Paris	Vado a Parigi	Eu vou a Paris	I'm going to Paris	Vaig a París.	Mi iras al Parizo.	Io va a Paris.	4
01199	Prepositions	under	unter, unten	bajo	sous	sotto	embaixo	sota	sub	sub	Wir ruhen uns gern unter dem Baum aus	Nos gusta descansar bajo el árbol	Nous aimons nous reposer sous l'arbre	Ci piace riposare sotto l'albero	Nós gostamos de descansar embaixo da árvore	We like to relax under the tree	Ens agrada descansar sota l'arbre	Ni ŝatas ripozi sub la arbo	Nos ama relaxar sub le arbore.	4
01200	Prepositions	from (coming from)	aus (kommen aus)	desde (viniendo desde)	de , depuis (en provenance de)	da (tornare da)	do/da (vindo de)	de, des de (venint de)	de (venante de)	de	Ich komme aus dem Einkaufszentrum	Estoy viniendo desde el centro comercial	Je reviens ducentre commercial	Torno dal centro commerciale	(Eu) estou voltando do shopping	I'm coming back from the mall	Vinc del centre comercial	Mi revenas de la butikcentro	Io reveni del centro commercial.	4
01201	Prepositions	for	für	para	pour	per	para	per a	por	pro	Das Geschenk ist für dich	Este regalo es para ti	Ce cadeau est pour toi	Questo regalo è per te	Este presente é para ti	This gift is for you	Aquest regal és per a tu	Ĉi tiu donaco estas por vi	Iste dono es pro te.	4
01202	Prepositions	on	auf, über	sobre	sur	sopra	sobre	sobre	sur	super	Mein Telefon liegt auf dem Nachttisch	Mi teléfono está sobre la mesa de noche	Mon téléphone est sur la table de nuit	Il mio telefono è sopra al comodino	Meu telefone está sobre a mesa de cabeceira	My phone is on the bedside table	El meu telèfon és sobre la tauleta de nit	Mia telefono estas sur la apudlita tablo	Mi telephono es super le tabula de nocte.	4
01203	Prepositions	against	gegen	contra	contre	contro	contra	contra	kontraŭ	contra	Die Creme gegen die Mücken ist sehr wirksam im Amazonas	La crema contra los mosquitos es muy eficaz en el Amazonas	La crème contre les moustiques est très efficace en Amazonie	La pomata contro le zanzare è molto efficace in Amazzonia	O creme contra mosquitos é muito eficaz na Amazônia	Insect repellent against mosquitoes is very effective in the Amazon	La crema contra els mosquits és molt eficaç a l'Amazones	La kremo kontraŭ moskitoj estas tre efika en Amazonio	Repellente contra mosquitos es multo efficace in Amazonia.	4
01204	Question Words	where ... from	woher	de dónde	d'où	da dove, come	de onde	d'on	de kie	de ubi	Woher kennst du ihn?	¿De dónde loconoces?	D'où est-ce que tu le connais ?	Come lo conosci?	De onde você o conhece?	Where do you know him from?	D'on el coneixes?	De kie vi konas lin?	De ubi tu le cognosce?	4
01205	Common Connectors	both	beide	ambos	les deux, tous les deux	entrambi	ambos(as), os dois / as duas	tots dos, ambdós	ambaŭ	ambe	Wir sind beide Franzosen	Ambos somos franceses	Nous sommes tous les deux français	Siamo entrambi francesi	Nós dois somos franceses	We are both French	Tots dos som francesos	Ni ambaŭ estas francoj	Nos ambe es francese.	4
01206	Common Connectors	(the) best	(der/die/das) Beste	(el/la) mejor	(le) meilleur	(il) migliore	(o/a) melhor	(el/la) millor	(la) plej bona	le melior										4
01207	Common Connectors	no more, anymore	nicht mehr	no... más	ne ... plus	non... più	não... mais	ja no, no més	ne plu	non ... plus	Ich halte das nicht mehr aus!	¡No puedo soportarlo más!	Je ne peux plus supporter ça !	Non posso più sopportarlo!	Não aguento mais isso!	I can't take this anymore!	No ho puc suportar més!	Mi ne plu povas elteni ĉi tion!	Io non pote supportar lo plus!	4
01208	Common Connectors	not yet	noch nicht	todavía no	pas encore	non ancora	ainda não	encara no	ankoraŭ ne	nondum	Bist du fertig? - Noch nicht!	¿Has acabado? - ¡Todavía no!	Tu as fini ? - Pas encore !	Hai finito? - Non ancora!	Você terminou: - Ainda não!	Are you done? - Not yet!	Has acabat? - Encara no!	Ĉu vi finis? - Ankoraŭ ne!	Ha tu finite? - Nondum!	4
01209	Common Connectors	very, quite	ziemlich	muy, bastante	très, plutôt	parecchio, piuttosto	muito	molt, bastant	sufiĉe	multo, assatis	Also, ich bin ziemlich verwirrt. Ich erinnere mich an gar nichts.	Bueno, estoy bastante confundido. No recuerdo nada.	Eh bien, je suis plutôt confus. Je ne me souviens de rien.	Beh, sono parecchio confuso. Non ricordo niente.	Bem, estou muito confuso. Não me lembro de nada.	Well, I'm quite confused. I don't remember anything.	Bé, estic bastant confós. No recordo res.	Nu, mi estas sufiĉe konfuzita. Mi memoras nenion.	Bon, io es assatis confuse. Io non rememora ulle cosa.	4
01210	Common Connectors	neither	auch nicht	tampoco 	non plus	nemmeno	tampouco, também não	tampoc	ankaŭ ne	anque non	Diego raucht nicht, ich auch nicht	Diego no fuma, yo tampoco	Diego ne fume pas, moi non plus	Diego non fuma, io nemmeno	Diego não fuma, eu também não	Diego doesn't smoke, me neither	En Diego no fuma, jo tampoc	Diego ne fumas, ankaŭ mi ne	Diego non fuma, io anque non	4
01211	Common Connectors	each, every	jede(r), jedes	cada 	chaque	ogni	cada	cada	ĉiu	cata	Ich lerne jeden Tag etwas mehr Spanisch.	Cada día aprendo un poco más de español.	Chaque jour, j'apprends un peu plus l'espagnol	Ogni giorno imparo un po' più di spagnolo	Cada dia, aprendo um pouco mais de espanhol	Each day I learn a little more Spanish	Cada dia aprenc una mica més d'espanyol.	Ĉiutage mi lernas iom pli da hispana.	Cata die io apprende un pauc plus de espaniol.	4
01212	Common Connectors	almost 	fast	casi 	presque, quasiment	quasi	quase	gairebé, quasi	preskaŭ	quasi	Ich habe heute Morgen fast den Bus verpasst	Casi perdí el bus esta mañana	J'ai presque raté le bus ce matin	Ho quasi perso l'autobus questa mattina	Quase perdi o ônibus essa manhã	I almost missed the bus this morning	Aquest matí gairebé perdo l'autobús	Mi preskaŭ maltrafis la buson ĉi-matene	Io quasi perdeva le autobus iste matino.	4
01213	Common Connectors	someone	jemand	alguien 	quelqu'un	qualcuno	alguém	algú	iu	alicuno	Kommt noch jemand mit uns mit?	¿Alguien más viene con nosotros?	Quelqu'un d'autre vient avec nous	Qualcun altro viene con noi?	Mais alguém vem conosco  	Someone else is coming with us?	Algú més ve amb nosaltres?	Ĉu iu alia venas kun ni?	Alicuno altere veni con nos?	4
01214	Common Connectors	no, none	kein(e)	ningún(a)(o)	aucun(e)	nessuno	nenhum(a)	cap, gens	neniu	nulle	Kein Problem	No hay ningún problema	Il n'y a aucun problème	Non c'è nessun problema	Não há nenhum problema	No problem	Cap problema	Neniu problemo	Nulle problema.	4
01215	Common Connectors	so, then	also	entonces	alors	allora	então	aleshores, llavors	do	alora	Also, würdest du gerne mit mir essengehen?	Entonces, ¿te gustaría venir a cenar conmigo?	Alors, ça te dirait de venir diner avec moi ?	Allora, ti va di venire a cena con me?	Então, o que acha de vir jantar comigo?	So, would you fancy having dinner with me?	Aleshores, et vindria de gust venir a sopar amb mi?	Do, ĉu vi ŝatus veni vespermanĝi kun mi?	Alora, te placerea venir a cenar con me?	4
01216	Common Connectors	also, too	auch	también 	aussi	anche	também	també	ankaŭ	etiam	Ich will auch ein Bier	Yo también quiero una cerveza	Moi aussi je veux une bière	Voglio anch'io una birra	Eu também quero uma cerveja	I want a beer too	Jo també vull una cervesa	Ankaŭ mi volas bieron	Io etiam vole un bira.	4
01217	Common Connectors	already	schon	ya	déjà	già	já	ja	jam	ja	Wir haben schon mehrmals davon gesprochen	Ya hemos hablado de esto varias veces	Nous avons déjà parlé plusieurs fois de ça	Abbiamo già parlato di questo più volte	Já falamos disso muitas vezes	We've already talked about it several times	Ja hem parlat d'això diverses vegades	Ni jam parolis pri tio plurfoje	Nos ha ja parlate de isto plure vices.	4
01218	Common Connectors	that	dies, das	eso	cela, ça	ciò, quello	isso	això	tio	illo	Meine Eltern hatten in Bezug auf dies Recht	Mis padres tenían razón sobre eso	Mes parents avaient raison sur cela	I mieigenitori avevano ragione su quello	Meus pais tinham razão sobre isso	My parents were right about that	Els meus pares tenien raó sobre això	Miaj gepatroj pravis pri tio	Mi parentes habeva ration a proposito de illo.	4
01219	Common Connectors	any	irgendeine(r), egal welche(r)	cualquier(a)	n'importe quel...	qualunque	qualquer	qualsevol	iu ajn	qualcunque	Wir können in irgendein Restaurant gehen	Podemos ir a cualquier restaurante	Nous pouvons aller dans n'importe quel restaurant	Possiamo andare a qualunque ristorante	Podemos ir a qualquer restaurante	We can go to any restaurant	Podem anar a qualsevol restaurant	Ni povas iri al iu ajn restoracio	Nos pote vader a qualcunque restaurante.	4
01220	Common Connectors	enough	genug, genügend, ausreichend	suficiente 	suffisant, assez	sufficiente, abbastanza	suficiente	prou, suficient	sufiĉe	sufficiente	Als wäre das nicht genug	Como si no fuera suficiente	Comme si ça n'était pas suffisant	Come se non fosse sufficiente	Como se não fosse suficiente	As if that was not enough	Com si no fos prou	Kvazaŭ tio ne sufiĉus	Como si illo non esseva sufficiente	4
01221	Past Tense	Yesterday, we visited the town center (US) / centre (UK)	Gestern haben wir das Stadtzentrum besucht	Ayer, (nosotros) visitamos el centro de la ciudad	Hier, nous avons visité le centre ville	Ieri, (noi) visitammo il centro della città	Ontem, (nós) visitamos o centro da cidade	Ahir vam visitar el centre de la ciutat	Hieraŭ ni vizitis la urbocentron	Heri, nos visitava le centro del citate										4
01222	Past Tense	Did you walk for the whole day yesterday? 	Seid ihr gestern den ganzen Tag gelaufen?	 ¿Caminasteis (ES) ayer durante todo el día ?/(Ustedes) ¿Caminaron (AL) ayer durante todo el día?	Vous avez marché toute la journée, hier ? 	(Voi) avete camminato tutta la giornata ieri?	Vocês caminharam durante todo o dia ontem?	Vau caminar ahir durant tot el dia?	Ĉu vi marŝis la tutan tagon hieraŭ?	Camminava vos durante tote le die heri?										4
01223	Past Tense	I was in Paris last week	Ich war letzte Woche in Paris	(Yo) estuve en París la semana pasada	J'étais à Paris la semaine dernière	(Io) ero a Parigi la settimana passata	(Eu) estive em Paris na semana passada	Vaig ser a París la setmana passada	Mi estis en Parizo la pasintan semajnon	Io esseva in Paris le septimana passate										4
01224	Past Tense	I bought the material last week	Ich habe letzte Woche das Material gekauft	(Yo) compré el material la semana pasada	J'ai acheté le matériel la semaine dernière	(Io) ho comprato il materiale la settimana scorsa	(Eu) comprei material na semana passada	Vaig comprar el material la setmana passada	Mi aĉetis la materialon pasintsemajne	Io comprava le material le septimana passate										4
01225	Past Tense	I forgot my passport	Ich habe meinen Pass vergessen	Olvidé el pasaporte	J'ai oublié mon passeport	(Io) ho dimenticato il mio passaporto	(Eu) esqueci meu passaporte	He oblidat el passaport	Mi forgesis mian pasporton	Io oblidava mi passaporto										4
01226	Past Tense	Have you already been to the park?	Bist du schon in den Park gegangen?	¿(Tú) ya has ido al parque?	Tu es déjà allé au parc ?	(Tu) sei già andato al parco?	(Você) já foi ao parque?	Ja has anat al parc?	Ĉu vi jam iris al la parko?	Ha tu jam vadite al parco?										4
01227	Past Tense	Was it cold last winter?	War es kalt letzten Winter?	¿Hizo frío el invierno pasado?	Il a fait froid l'hiver dernier ?	Ha fatto freddo l'inverno scorso?	Fez frio no inverno passado?	Va fer fred l'hivern passat?	Ĉu estis malvarme la pasintan vintron?	Faceva frigide le hiberno passate?										4
01228	Irregular Verbs	to fight [fought, fought]	kämpfen	luchar, combatir	se battre	combattere, lottare	lutar	lluitar	batali	combatter	Sie kämpften bis zum Schluss	Lucharon hasta el final.	Ils se sont battus jusqu'à la fin	Hanno combattuto fino alla fine.	Eles lutaram até o fim	They fought until the end	Van lluitar fins al final.	Ili batalis ĝis la fino.	Illes combatteva usque al fin.	4
01229	Irregular Verbs	to set [set, set] 	decken, setzen	Poner, Ajustar	régler, mettre (la table...)	apparecchiare, mettere	arrumar, colocar	parar, posar	meti, prepari	poner; adjustar	Ich habe den Tisch gedeckt, bevor das Essen fertig war	Puse la mesa antes de que estuviera lista la cena.	J'ai mis la table avant que le repas soit prêt.	Ho apparecchiato la tavola prima che il pasto fosse pronto.	Eu arrumei a mesa antes que a refeição estivesse pronta	I set the table before the meal was ready	Vaig parar la taula abans que el sopar estigués a punt.	Mi preparis la tablon antaŭ ol la manĝo estis preta.	Io poneva le tabula ante que le cena esseva preste.	4
01230	Irregular Verbs	to let [let, let] 	lassen	dejar	laisser	lasciare	deixar	deixar	lasi	lassar; permitter	Meine Eltern lassenmich heute Abend ausgehen. 	¡Mis padres me dejan salir hoy!	Mes parents me laissent sortir ce soir. 	I miei genitori mi lasciano uscire questa sera! 	Meus pais me deixaram sair hoje à noite! 	My parents are letting me go out tonight! 	Els meus pares em deixen sortir avui!	Miaj gepatroj lasas min eliri ĉi-vespere!	Mi parentes me lassa exir iste nocte!	4
01231	Politics & Government	nationalist	der Nationalist 	el nacionalista	le nationaliste	il nazionalista	o nacionalista	el nacionalista (els nacionalistes)	naciisto	nationalista										4
01232	Politics & Government	election	die Wahl 	la elección	l'élection 	l'elezione 	a eleição	l'elecció (les eleccions)	elekto	election										4
01233	War & Conflict	terrorism	der Terrorismus	el terrorismo	le terrorisme	il terrorismo	o terrorismo	el terrorisme	terorismo	terrorismo										4
01234	Social Issues	welfare system	das Sozialsystem 	la ayuda social, sistema de beneficios sociales	le système de sécurité sociale	il sistema previdenziale	a assistência social	el sistema de benestar social	sociala sistemo	systema de assistentia social										4
01235	Social Issues	executive	die Führungskraft 	el dirigente, el ejecutivo	le cadre (poste/emploi)	il dirigente, il quadro	o(a) executivo(a)	l'executiu (els executius), el directiu (els directius)	administranto	executive; dirigente										4
01236	Social Issues	court	das Gericht 	el tribunal	le tribunal	il tribunale	o tribunal	el tribunal (els tribunals)	tribunalo	tribunal										4
01237	Disasters & Emergencies	safety, security	die Sicherheit 	la seguridad	la sécurité	la sicurezza	a segurança, a seguridade	la seguretat	sekureco	securitate										4
01238	News & Media	to report	eine Reportage machen	hacer un reportaje	faire un reportage	fare un reportage	fazer uma reportagem	fer un reportatge	raporti	reportar										4
01239	News & Media	journalist, newspaperman	der Journalist 	el periodista	le (la) journaliste	il giornalista	o(a) jornalista	el periodista (els periodistes), la periodista (les periodistes)	ĵurnalisto	jornalista										4
01240	News & Media	report	die Reportage , der Bericht 	el reportaje	le reportage	il reportage, l'inchiesta 	a reportagem	el reportatge (els reportatges)	raportaĵo	reportage										4
01241	News & Media	live (show)	live	en directo	en direct	in diretta	ao vivo	en directe	rekte	directemente										4
01242	Nouns	variety	die Vielfalt , die Art 	la variedad	la variété	la varietà, il varietà (show)	a variedade	la varietat (les varietats)	varieco	varietate										4
01243	Nouns	fund	der Fonds (Geld)	el fondo	le fonds (argent)	il fondo (di denaro)	o fundo	el fons (els fons)	fonduso	fundo	Die Wohltätigkeitsorganisation hat für die Überlebenden des Hurrikans einen Fonds mit 3 Millionen Dollar eingerichtet.	La asociación benéfica ha establecido un fondo de 3 millones de dólares para los supervivientes del huracán.	L'association caritative a mis en place un fonds de 3 millions de dollars pour les survivants de l'ouragan.	L'associazione di beneficenza ha istituito un fondo di 3 milioni di dollari per i sopravvissuti all'uragano.	A instituição de caridade criou um fundo de 3 milhões de dólares para os sobreviventes do furacão.	The charity established a 3 million dollars fund for the hurricane survivors.	L'organització benèfica ha establert un fons de 3 milions de dòlars per als supervivents de l'huracà.	La bonfara organizo establis fonduson de 3 milionoj da dolaroj por la postvivantoj de la uragano.	Le association benefic ha establite un fundo de 3 milliones de dollares pro le superviventes del huracan.	4
01244	Nouns	negotiation	die Verhandlung 	la negociación	la négociation	la negoziazione 	a negociação	la negociació (les negociacions)	intertraktado	negotiation										4
01245	Verbs	to win [won, won] (a game...) 	(ein Spiel) gewinnen 	ganar (un partido)	gagner (un jeu)	vincere (una partita)	ganhar (uma partida)	guanyar (un partit)	venki (ludon)	ganiar	Sie haben das Spiel gewonnen!	¡Ellos ganaron el partido! 	Ils ont gagné le match!	Hanno vinto la partita! 	Eles ganharam a partida!	They won the game! 	Van guanyar el partit!	Ili venkis la ludon!	Illes ganiava le partita!	4
01246	Basics	my	mein/e	mi, mis	ma, mon, mes	mio, mia, miei, mie	meu, minha, meus, minhas	meu, meva, meus, meves	mia	mi	Sie ist meine Mutter 	Ella es mi madre 	Elle est ma mère 	Lei è mia madre 	Ela é minha mãe	She is my mother 	Ella és la meva mare	Ŝi estas mia patrino	Illa es mi matre.	4
01247	Basics	your	dein/e, euer/eure	tu, tus	ton, ta, tes	tuo, tua, tuoi, tue	seu, sua, seus, suas	teu, teva, teus, teves	via	tu	Deine Augen sind hübsch  Eure Augen sind hübsch 	Tus ojos son muy bonitos 	Tes yeux sont très jolis 	I tuoi occhi sono molto belli 	Seus olhos são muito bonitos	Your eyes are very pretty 	Els teus ulls són molt bonics	Viaj okuloj estas tre belaj	Tu oculos es multo belle.	4
01248	Basics	his (masculine singular subject)	sein/e	su, sus (de él)	son, sa, ses (sujet masculin)	suo/a (di lui), suoi/sue	seu/o(a) dele, seus/os(as) dele	seu, seva, seus, seves (d'ell)	lia	su	Sein Bruder ist ein guter Reiseführer 	Su hermano (de él)es un buen guía 	Son frère est un bon guide 	Suo fratello è una buona guida 	O irmão dele é um bom guia	His brother is a good guide 	El seu germà és un bon guia	Lia frato estas bona gvidisto	Su fratre es un bon guida.	4
01249	Basics	her (feminine singular subject)	ihr/e (Singular)	su, sus (de ella)	son, sa, ses  (sujet féminin)	suo/a (di lei), suoi/sue	seu/o(a) dela, seus /os(as) dela	seu, seva, seus, seves (d'ella)	ŝia	su	IhrVater ist in der Armee	Su padre (de ella) está en el ejército	Son père (à elle) est dans l'armée	Il padre di lei è nell'esercito	O pai dela está no exército	Her father is in the army	El seu pare és a l'exèrcit	Ŝia patro estas en la armeo	Su patre es in le armea.	4
01250	Basics	its	sein/e (neutral)	su, sus (neutro)	sa, son, ses (sujet neutre)	suo, sua (neutro)	seu/sua, o(a)(s) dele(a)(s) (para animais/coisas)	seu, seva, seus, seves (d'allò)	ĝia, sia (reflexive)	su	Das Hündchen (eigentlich: der Hund) isst seinen Knochen 	El perro se está comiendo su hueso 	Le chien mange son os 	Il cane sta mangiando il suo osso 	O cachorro está comendo seu osso	The dog is eating its bone 	El gos s'està menjant el seu os	La hundo manĝas sian oston	Le can mangia su osso.	4
01251	Basics	our	unser/e	nuestro, nuestros, nuestra , nuestras	notre, nos	nostro, nostra, nostri, nostre	nosso, nossa, nossos, nossas	nostre, nostra, nostres	nia	nostre	Unser Hotel ist nicht weit weg	Nuestro hotel no está lejos	Notre hôtel n'est pas loin	Il nostro hotel non è lontano	Nosso hotel não é longe	Our hotel is not far	El nostre hotel no és lluny	Nia hotelo ne estas malproksime	Nostre hotel non es longe.	4
01252	Basics	their	ihr/e (Plural)	su, sus (de ellos, de ellas)	leur, leurs	loro	seu, sua / o deles, a deles	seu, seva, seus, seves (d'ells/es)	ilia	lor	Maria und Johann sind noch nicht angekommen, ihr Zug ist mit 10 Minuten Verspätung losgefahren 	Maria y Juan no han llegado todavía, su (de ellos) tren ha salido con 10 minutos de reetraso 	Maria et Juan ne sont pas encore arrivés, leur train est parti 10 minutes en retard 	Maria e Juan non sono ancora arrivati; il loro treno è partito con 10 minuti di ritardo 	Maria e Juan ainda não chegaram; o trem deles saiu 10 minutos atrasado 	Maria and Juan have not arrived yet; their train left 10 minutes late 	La Maria i en Joan encara no han arribat, el seu tren ha sortit amb 10 minuts de retard	Maria kaj Johano ankoraŭ ne alvenis; ilia trajno foriris 10 minutojn malfrue	Maria e Juan non ha ancora arrivate; lor traino ha partite con dece minutas de retardo.	4
01253	Basics	myself	selbst	yo mismo	moi-même	io, me stesso, personalmente	eu mesmo(a), pessoalmente	jo mateix(a)	mi mem	me mesme	Ich werde es selbst machen	Lo haré yo mismo	Je vais le faire moi-même	Lo farò personalmente	Eu mesmo farei isso	I'll do it myself	Ho faré jo mateix	Mi mem faros ĝin	Io lo facera me mesme.	4
01254	Basics	I was	ich war	Yo era, yo estuve, yo he sido, yo he estado	J'étais, j'ai été	Io ero, io fui, io sono stato	Eu era/fui	jo era, jo vaig ser	mi estis	io esseva	Als ich ein Kind war, ist mir etwas Schreckliches passiert	Cuando era niño, me pasó algo terrible.	Quand j'étais un enfant, quelque chose de terrible m'est arrivé.	Quando ero bambino, mi è successa una cosa terribile	Quando eu era criança, uma coisa horrível me aconteceu.	When I was a child, something terrible happened to me.	Quan era petit, em va passar una cosa terrible.	Kiam mi estis infano, io terura okazis al mi.	Quando io esseva un infante, alique terribile eveniva a me.	4
01255	Basics	he might...	er könnte ...	podría...	il pourrait...	potrebbe	pode... (possibilidade)	ell podria...	li eble...	ille poterea...	Der alte Mann könnte da sein	El viejo podría estar ahí	Le vieil homme pourrait être là	Il vecchio potrebbe essere lì	O velho pode estar lá	The old man might be there	El vell podria ser allà	La maljunulo eble estas tie	Le vetule poterea esser la.	4
01256	Basics	hers	ihr, ihre	el suyo, la suya, los suyos, las suyas (de ella)	le sien, la sienne, les siennes (féminin)	il suo, la sua, i suoi, le sue (di lei)	(o, a, os, as) dela	seu, seva, seus, seves (d'ella)	ŝia	le sue										4
01257	Basics	must (obligation and assumption)	muss	deber de (suposición)	devoir (obligation et supposition)	deve	deve (suposição, obrigação)	deure (suposició, obligació)	devi	deber	Das muss ihrgehören	Debe de ser suyo.	Ce doit être le sien	Deve essere suo.	Isso deve ser dela	It must be hers	Deu ser seu.	Ĝi devas esti ŝia	Illo debe esser le sue.	4
01258	Basics	6 o’clock	6 Uhr	las 6 (de la mañana o de la tarde)	6 heures (du matin ou du soir)	le 6 (del mattino o della sera)	6 horas (da manhã ou da tarde)	les 6	la sesa	sex horas	Es ist fast 6 Uhr	Son casi las 6	Il est presque 6 heures	Sono quasi le 6	São quase 6 horas	It's almost 6 o'clock	Són gairebé les 6	Estas preskaŭ la sesa.	Il es quasi sex horas.	4
01259	Communication	for instance, for example	zum Beispiel	por ejemplo	par exemple	ad esempio	por exemplo	per exemple	ekzemple	per exemplo										4
01260	Basics	brand new	brandneu	(totalmente) nuevo	tout nouveau, flambant neuf	nuovo di zecca, nuovissimo	novo em folha	flamant, nou de trinca	tute nova	totalmente nove	Das ist das brandneue Restaurant, von dem ich dir erzählt habe	Este es el restaurante nuevo del que te hablaba.	C'est le tout nouveau restaurant dont je te parlais.	Questo è il ristorante nuovo di zecca di cui ti parlavo.	Este é o restaurante novo em folha do qual eu estava falando pra você.	This is the brand new restaurant I was telling you about.	Aquest és el restaurant nou de trinca del qual et parlava.	Ĉi tiu estas la tute nova restoracio, pri kiu mi parolis al vi.	Isto es le restaurante totalmente nove de que io te parlava.	4
01261	Basics	Ouch!	Autsch!	¡Ay!	Aie ! Ouille !	Ahia!	Ai! 	Ai!	Aŭ!	Ai!										4
01262	Basics	Go ahead	sprich weiter, erzähl weiter	Adelante, venga	Vas-y	Vai, procedi	Vá em frente	Endavant	Antaŭen	Avante	Ja sprich weiter, das ist eine interessante Idee	Sí, adelante. Es una idea interesante.	Oui, vas-y. C'est une idée intéressante.	Sì, vai. È un'idea interessante.	Sim, vá em frente. Essa é uma ideia interessante.	Yes, go ahead. It's an interesting idea.	Sí, endavant. És una idea interessant.	Jes, antaŭen. Estas interesa ideo.	Si, avante. Illo es un idea interessante.	4
01263	Positive Attitudes	absolutely	absolut, vollkommen	totalmente	absolument	assolutamente	absolutamente, com certeza	absolutament, totalment	absolute	absolutemente										4
01264	Personal Interaction	regular, normal	gewöhnlich	normal	ordinaire, régulier, normal	regolare	regular, normal	normal, regular	regula, normala	normal										4
01265	Personal Interaction	to throw (away) something	etwas wegwerfen	tirar algo por la borda	gâcher, jeter	buttare (via), gettare	jogar (algo) fora, estragar	llençar, malbaratar	forĵeti, malŝpari	jectar via alique	Wirf deine Zukunft nicht weg	No tires tu futuro por la borda.	Ne gâche pas ton avenir.	Non buttare via il tuo futuro.	Não jogue fora o seu futuro.	Don't throw away your future.	No malbaratis el teu futur.	Ne forĵetu vian estontecon.	Non jecta via tu futuro.	4
01266	Personal Interaction	risk	das Risiko	el riesgo	le risque	il rischio	o risco	el risc (els riscos)	risko	risco	Ich bin bereit, das Risiko einzugehen	Estoy listo para asumir el riesgo.	Je suis prêt à prendre le risque.	Sono disposto a correre il rischio.	Eu estou pronto a correr o risco.	I'm willing to take the risk.	Estic disposat a assumir el risc.	Mi pretas preni la riskon.	Io es preste a assumer le risco.	4
01267	Everyday Objects	flavor (US), flavour (UK)	der Geschmack	el sabor	le parfum, l'arôme	il gusto	sabor	el gust (els gustos), el sabor (els sabors)	gusto, saporo	sapor	Welchen Geschmack möchtest du?	¿Qué sabor quieres?	Quel parfum voulez-vous ?	Che gusto vuole?	Que sabor você gostaria?	What flavor would you like?	Quin gust vols?	Kian guston vi ŝatus?	Qual sapor tu volerea?	4
01268	Everyday Objects	vanilla	die Vanille	la vainilla	la vanille	la vaniglia	a baunilha	la vainilla	vanilo	vanilla										4
01269	Everyday Objects	compared to 	im Vergleich zu	en comparación con	comparé à	paragonato a	comparado com 	en comparació amb	kompare al	comparate con	Seine Wohnung ist riesig im Vergleich zu deiner	Su apartamento es gigante en comparación con el tuyo.	Son appartement est gigantesque comparé au tien.	Casa sua è enorme paragonata alla tua.	O apartamento dele é enorme comparado com o seu.	His place is huge compared to yours	El seu apartament és gegantí en comparació amb el teu.	Lia apartamento estas grandega kompare al la via.	Su appartamento es enorme comparate con le tue.	4
01270	General Terms	dear...	liebe(r)	querido(a)...	cher(ère)...	caro(a)...	caro(a)..., querido(a)...	estimat(ada)...	kara...	car...										4
01271	Finance Vocabulary	downtown (US)	die Innenstadt, das Stadtzentrum	el centro (de la ciudad)	le centre ville (US)	il centro (della città) 	o centro da cidade	el centre (de la ciutat)	urbocentro	le centro del citate										4
01272	Daily Actions	to email someone	jemandem eine Email schicken	mandar un email	envoyer un email à quelqu'un	mandare una email	mandar um e-mail 	enviar un correu electrònic a algú	retpoŝti iun	inviar un e-mail a alicuno										4
01273	Daily Actions	to (take a) shower	sich duschen	darse una ducha	prendre une douche	farsi una doccia	tomar um banho (de chuveiro)	dutxar-se	duŝi sin	prender un ducha										4
01274	Daily Actions	emergency	der Notfall	la urgencia	l'urgence	l'emergenza	a emergência	l'emergència (les emergències), la urgència (les urgències)	urĝaĵo	urgentia	Er hatte einen Notfall	Ha tenido una urgencia	Il a eu une urgence.	Ha avuto un'emergenza.	Ele teve uma emergência.	He had an emergency.	Ha tingut una urgència.	Li havis urĝaĵon.	Ille habeva un urgentia.	4
01275	Finance Vocabulary	explanation	die Erklärung	la explicación	l'explication	la spiegazione	a explicação	l'explicació (les explicacions)	klarigo	explication	Es muss eine Erklärung für dieses Mysterium geben	Debe de haber una explicación para este misterio.	Il doit y avoir une explication à ce mystère.	Deve esserci una spiegazione per questo mistero.	Deve haver uma explicação para esse mistério.	There must be an explanation to this mystery.	Hi ha d'haver una explicació per a aquest misteri.	Devas esti klarigo por ĉi tiu mistero.	Il debe haber un explication pro iste mysterio.	4
01276	Everyday Life	classmate	der Schulkamerad/die Schulkameradin	el compañero de clase	le camarade de classe	il compagno di classe	o colega de turma	el company (els companys), la companya de classe (les companyes de classe)	samklasano	condiscipulo										4
01277	Everyday Life	furniture	die Möbel (Pl.)	los muebles	les meubles	i mobili	os móveis	els mobles	mebloj	mobiliario	Wir werden natürlich auch Möbel brauchen	También necesitaremos muebles, claro.	On aura aussi besoin de meubles, bien sûr.	Ci serviranno anche i mobili, ovviamente.	Nós também vamos precisar de móveis, é claro.	We'll need also furniture, of course.	També necessitarem mobles, és clar.	Ni ankaŭ bezonos meblojn, kompreneble.	Nos necessitara etiam mobiliario, naturalmente.	4
01278	Everyday Life	cost	die Kosten	el precio, el coste	le coût, le prix	il costo	o custo	el cost (els costos), el preu (els preus)	kosto	costo	Ich rufe dich zurück mit einer Kosteneinschätzung für Reparaturen und Farbe	Volveré a llamarte para darte una idea del precio de las reparaciones	Je te rappellerai avec une idée du coût des réparations et de la peinture.	Ti richiamerà con un'idea del costo delle riparazioni e della pittura.	Eu volto a entrar em contato com uma ideia do custo dos reparos e da pintura.	I'll call you back with an idea of the cost of repairs and paint.	Tornaré a trucar-te per donar-te una idea del preu de les reparacions	Mi retelefonos vin kun ideo pri la kosto de riparoj kaj farbo.	Io te appellara de novo con un idea del costo del reparationes e del pictura.	4
01279	Everyday Life	friendly	freundlich	simpático(a)	amical, sympathique	amichevole	simpático(a), amigável	amable, simpàtic(a)	amika	amical										4
01280	Everyday Life	incredible	unglaublich, genial	increíble	incroyable, génial	incredibile	incrível, genial	increïble, genial	nekredebla	incredibile										4
01281	Everyday Life	a piece of advice, advice	der Ratschlag	el consejo	le conseil	il consiglio	o conselho	el consell (els consells)	konsilo	un consilio; consilio										4
01282	Everyday Life	energy	die Energie	la energía	l'énergie	l'energia	a energia	l'energia	energio	energia										4
01283	Everyday Life	guest	der Gast	invitado, huésped	l'invité	l'ospite, l'invitato	o convidado, o hóspede	el convidat (els convidats), la convidada (les convidades), l'hoste (els hostes)	gasto	hospite										4
01284	Everyday Life	to be located	(an einem bestimmten Ort) gelegen sein, liegen	estar situado	être situé	essere situato	estar situado/localizado	estar situat, trobar-se	troviĝi	esser situate										4
01285	Health & Emotions	Congratulations!	Herzlichen Glückwunsch!	¡Enhorabuena!	Félicitations !	Congratulazioni!	Parabéns!	Enhorabona! Felicitats!	Gratulon!	Felicitationes!										4
01286	Office Terms	colleague	der Kollege	el compañero	le collègue	il collega	o(a) colega(a)	el company (els companys), la companya de feina (les companyes de feina)	kolego	collega	Ich gehe oft nach der Arbeit mit meinen Kollegen etwas trinken	Muchas veces voy a tomar algo con mis compañeros de trabajo	Je sors souvent boire un verre avec mes collègues après le travail	Vado spesso a bere un bicchiere con i mei colleghi dopo il lavoro	Eu frequentemente saio para beber com meus colegas depois do trabalho	I often go out for a drink with my colleagues after work	Sovint vaig a prendre alguna cosa amb els meus companys de feina	Mi ofte eliras por trinki kun miaj kolegoj post la laboro	Io sovente sorti pro prender un bibita con mi collegas post le labor.	4
01287	Office Terms	appointment, meeting	der Termin, das Meeting	la cita	le rendez-vous	l'appuntamento	o encontro, o horário marcado	la cita (les cites), la reunió (les reunions)	rendevuo	appunctamento; reunion										4
01288	Workplace Vocabulary	fast food	das Fast Food	comida rápida	la restauration rapide	fast food	fast food	el menjar ràpid	rapidmanĝejo	alimentation rapide	Ich habe in einem Fast Food Lokal an der Kasse gearbeitet	He trabajado en sitios de comida rápida y de cajera.	J'ai travaillé dans la restauration rapide en tant que caissier.	Ho lavorato in un fast food come cassiere.	Eu trabalhei como caixa em um restaurante de fast food.	I worked at a fast food place as a cashier.	He treballat en llocs de menjar ràpid i de caixera.	Mi laboris en rapidmanĝejo kiel kasisto.	Io laborava in un local de alimentation rapide como cassero.	4
01289	Workplace Vocabulary	It was a pleasure meeting you.	Es war mir ein Vergnügen Sie kennenzulernen.	Ha sido un placer conocerte.	C'était un plaisir de vous rencontrer.	È stato un piacere conoscervi.	Foi um prazer conhecer você. 	Ha estat un plaer conèixer-te.	Estis plezuro renkonti vin.	Esseva un placer cognoscer te.										4
01290	Past Time	two weeks ago	vor zwei Wochen	hace dos semanas	il y a deux semaines	due settimane fa	faz duas semanas	fa dues setmanes	antaŭ du semajnoj	il ha duo septimanas										4
01291	Past Time	last year	letztes Jahr	el año pasado	l'année dernière 	l'anno scorso	no ano passado	l'any passat	pasintjare	le anno passate										4
01292	Past Time	last month	letzten Monat	el mes pasado	le mois dernier	il mese scorso	no mês passado	el mes passat	pasintmonate	le mense passate										4
01293	Basics	No problem!	Kein Problem!	¡Ningún problema!	Pas de problème !	Nessun problema!	Sem problema! 	Cap problema!	Neniu problemo!	Nulle problema!										5
01294	Politeness	Have fun!	Viel Spaß!	¡Pásalo bien!	Amuse-toi bien!	Divertiti!	Divirta-se!	Passa-t'ho bé!	Amuziĝu!	Diverte te!										5
01295	Politeness	Please sit down	Setzen Sie sich bitte	Siéntese, por favor	Asseyez-vous, s'il vous plaît	Si sieda, per piacere	Sente-se, por favor	Segui, si us plau	Sidiĝu, bonvolu	Sede vos, per favor.										5
01296	Politeness	You're (👱) very kind	Sie sind sehr nett	Usted es muy amable	Vous (👱) êtes bien aimable	Lei è molto gentile 	O(a) senhor(a) é muito amável	És vostè molt amable	Vi estas tre afabla	Vos es multo amabile.										5
01297	Everyday Phrases	Can I ask you a question?	Darf ich Ihnen eine Frage stellen?	¿Puedo hacerle una pregunta?	Je peux vous poser une question?	Posso farle una domanda?	Posso fazer uma pergunta?	Puc fer-li una pregunta?	Ĉu mi povas fari al vi demandon?	Pote io facer vos un question?										5
01298	Everyday Phrases	Of course	Selbstverständlich	Por supuesto	Bien sûr	Certamente	Com certeza	Per descomptat, i tant	Kompreneble	Naturalmente										5
01299	Language Learning	You speak very well!	Du sprichst sehr gut!	¡Hablas muy bien!	Tu parles très bien !	Parli molto bene!	(Você) fala muito bem!	Parles molt bé!	Vi parolas tre bone!	Tu parla multo ben!										5
01300	Adjectives	fortunate, lucky	glücklich	afortunado(a)	chanceux , chanceuse 	fortunato(a)	afortunado(a), sortudo(a)	afortunat(ada)	bonŝanca	fortunate										5
01301	Adjectives	weird	komisch, seltsam, merkwürdig	raro(a), extraño(a)	bizarre, étrange	bizarro, strano	bizarro(a), estranho(a)	estrany(a), rar(a)	stranga	estranie	Dieses Kleid ist ein bisschen komisch, aber ich mag es	Este vestido es un poco raro, pero me gusta	Cette robe est un peu étrange quoi, mais je l'aime bien	Questo vestito è un po' bizarro, ma mi piace	Este vestido é um pouco bizarro, mas eu gosto dele	This dress is kinda weird, but I like it	Aquest vestit és una mica estrany, però m'agrada	Ĉi tiu robo estas iom stranga, sed mi ŝatas ĝin	Iste roba es un poco estranie, ma illo me place.	5
01302	Adjectives	peculiar	seltsam	peculiar, extraño(a)	curieux, curieuse ; particulier, particulière	particolare, insolito(a)	peculiar	peculiar	stranga, aparta	peculiar	Er macht viele seltsame Dinge, er ist ziemlich eigenartig	Hace muchas cosas extrañas. Es bastante peculiar	Il fait beaucoup de trucs bizarres, il est assez particulier	Fa un sacco di cose bizzare, è molto particolare.	Ele faz muitas coisas estranhas. Ele é bastante peculiar.	He does a lot of weird things. He's fairly peculiar	Fa moltes coses estranyes. És bastant peculiar	Li faras multajn strangajn aferojn. Li estas sufiĉe aparta	Ille face multe cosas estranie. Ille es assatis peculiar.	5
01303	Adjectives	marvelous	wundervoll	maravilloso(a)	merveilleux, merveilleuse	meraviglioso(a)	maravilhoso(a)	meravellós(osa)	mirinda	meraviliose	Die Natur ist gefährlich und wundervoll zugleich	La naturaleza es peligrosa a la vez que maravillosa	La nature est à la fois dangereuse et merveilleuse	La natura è allo stesso tempo pericolosa e meravigliosa.	A natureza às vezes é perigosa, e às vezes é maravilhosa	Nature is both dangerous and marvelous	La natura és perillosa i meravellosa alhora	La naturo estas kaj danĝera kaj mirinda	Le natura es tanto periculose como meraviliose.	5
01304	Adjectives	sincere	aufrichtig	sincero(a)	sincère	sincero(a)	sincero(a)	sincer(a)	sincera	sincer	Ich vertraue ihm, erist eine aufrichtige Person	Confío en él, es una persona sincera	Je lui fais confiance, c'est une personne sincère.	Mi fido di lui, è una persona sincera.	Eu confio nele. Ele é uma pessoa sincera.	I trust him. He's a sincere person.	Confio en ell, és una persona sincera	Mi fidas lin. Li estas sincera homo.	Io confide in ille. Ille es un persona sincer.	5
01305	Adjectives	stolen	gestohlen	robado(a)	volé(e)	rubato(a)	roubado(a)	robat(ada)	ŝtelita	robate	Haben sie das gestohlene Auto gefunden?	¿Encontraron el coche robado?	Ont-ils retrouvé la voiture volée ?	Hanno ritrovato la macchina rubata?	Encontraram o carro roubado?	Did they find the stolen car?	Han trobat el cotxe robat?	Ĉu ili trovis la ŝtelitan aŭton?	Ha illes trovate le automobile robate?	5
01306	Adjectives	regularly	regelmäßig	regularmente	régulièrement	regolarmente	regularmente	regularment	regule	regularmente	Ich denke nicht, dass du regelmäßig joggst.	No creo que corras regularmente	Je ne pense pas que tu coures régulièrement.	Non penso che tu corra regolarmente	Não acredito que você corra regularmente. 	I don't think you run regularly.	No crec que corris regularment	Mi ne pensas, ke vi kuras regule.	Io non crede que tu curre regularmente.	5
01307	Adjectives	quietly	leise	tranquilamente, en voz baja	calmement, tranquillement	sommessamente, silenziosamente	baixo (volume de voz), silenciosamente	en veu baixa, silenciosament	silente	a basse voce	Sie spricht leise	Ella habla en voz baja	Elle parle calmement	Lei parla sommessamente	Ela fala baixo	She speaks quietly	Ella parla en veu baixa	Ŝi parolas silente	Illa parla a basse voce.	5
01308	Adjectives	obviously	offensichtlich	obviamente	évidemment	ovviamente	Obviamente	òbviament	evidente	obviemente	Offensichtlich bist du darin besser als ich.	Obviamente esto se te da mejor que a mí.	Tu es évidemment meilleur que moi à ça.	Ovviamente sei più bravo di me in questo	Obviamente, você é melhor nisso do que eu.	Obviously you're better at this than me.	Òbviament, ets millor que jo en això.	Evidente vi estas pli bona pri ĉi tio ol mi.	Obviemente tu es plus habile in isto que io.	5
01309	Adjectives	careful	vorsichtig	prudente (tener cuidado)	prudent	attento, prudente	cauteloso	prudent, curós(osa)	singarda	prudente	Er ist ein Unbekannter. Du musst vorsichtig sein.	Es un extraño. Tienes que ser prudente.	C'est un inconnu. Tu dois être prudent.	È un estraneo. Devi essere prudente.	É um desconhecido. Você deve ser cauteloso.	He's a stranger. You need to be careful.	És un desconegut. Has de ser prudent.	Li estas fremdulo. Vi devas esti singarda.	Ille es un estraniero. Tu debe esser prudente.	5
01310	Adjectives	younger	kleiner, jünger	menor	plus petit(e), plus jeune	più piccolo(a), più giovane	mais jovem que, mais novo que	més jove, menor	pli juna	plus juvene	Er ist jünger als ich.	Él es menor que yo.	Il est plus jeune que moi	È più giovane di me.	Ele é mais jovem que eu.	He is younger than me	Ell és més jove que jo.	Li estas pli juna ol mi.	Ille es plus juvene que io.	5
01311	Adjectives	likely	wahrscheinlich, möglich	probable	probable, possible	probabile	provável 	probable	verŝajna	probabile	Wahrscheinlich regnet es heute Abend	Es probable que llueva esta noche	Il est probable qu'il pleuve ce soir	È probabile che piova stasera	É provável que chova esta noite	It will likely rain tonight	És probable que plogui aquesta nit	Verŝajne pluvos ĉi-vespere	Il es probabile que il pluvera iste nocte.	5
01312	Adjectives	calm	still	tranquilo(a)	calme, tranquille	tranquillo(a)	calmo(a), tranquilo(a)	tranquil(·la), calmat(ada)	trankvila	calme										5
01313	Adjectives	roasted	gebraten	asado(a)	rôti	arrostito	assado(a)	rostit(ida)	rostita	rostite	Heute Abend gibt es gebrateneKartoffeln mit grünen Bohnen	Esta noche hay patatas asadas al horno con judías verdes	Ce soir, c'est pommes de terre rôties au four avecharicots verts	Stasera abbiamo patate arrostite al forno con fagiolini	Esta noite teremos batatas assadas no forno com vagens verdes	Tonight we're having oven-roasted potatoes with green beans	Aquesta nit hi ha patates rostides al forn amb mongetes tendres	Ĉi-vespere ni havos rostitajn terpomojn kun verdaj faboj	Iste nocte nos habera patatas rostite in furno con fabas verde.	5
01314	Adjectives	drunk	betrunken, besoffen (fam.)	borracho(a)	bourré(e) (fam.), soûl(e)	ubriaco(a)	bêbado(a)	borratxo(a)	ebria	ebrie	Er war während derganzen Geburtstagsfeier seiner Freundinbetrunken	Estuvo borracho durante toda la fiesta de cumpleaños de su novia	Il était soûl pendant toute la fête d'anniversaire de sa copine	È stato ubriaco per tutta la festa di compleanno della sua ragazza	Ele estava bêbado durante toda a festa de aniversário da namorada dele	He was drunk for his girlfriend's entire birthday party	Va estar borratxo durant tota la festa d'aniversari de la seva xicota	Li estis ebria dum la tuta naskiĝtaga festo de sia koramikino	Ille esseva ebrie durante tote le festa de anniversario de su amica.	5
01315	Adjectives	oldest, older	der(die) Älteste, älter	el(la) mayor, mayor	le(la) plus âgé(e), plus âgé 	il più anziano(a), più vecchio(a)	o(a) mais velho(a), mais velho	el/la més gran, més gran	la plej aĝa, pli aĝa	major	Der Älteste meiner Geschwister wird 41 Jahre alt	El mayor de mis hermanos tendrá 41 años	Le plus âgé de mes frères et sœurs va avoir 41 ans	Il più vecchio dei miei fratelli sta per fare 41 anni	O mais velho dos meus irmãos e irmãs fará 41 anos	My oldest sibling will be 41 years old	El més gran dels meus germans farà 41 anys	Mia plej aĝa gefrato havos 41 jarojn	Le major de mi fratres e sorores habera 41 annos.	5
01316	Adjectives	the youngest	(der/die) Kleinste, (der/die) Jüngste	el (la) menor	le(la) plus petit(e), le(la) plus jeune	il(la) più piccolo(a), il(la) più giovane	o(a) mais jovem/mais novo(a)	el/la més jove/petit(a)	la plej juna	le minor	Er ist der Jüngste	Él es el menor.	Il est le plus jeune.	Lui è il più giovane.	Ele é o mais novo.	He is the youngest	Ell és el més jove.	Li estas la plej juna.	Ille es le minor.	5
01317	Adjectives	useful	nützlich	útil	utile	utile	útil	útil	utila	utile	Ich finde diese App sehr nützlich	Esta aplicación me parece muy útil	Je trouve cette application très utile	Trovo quest'app molto utile	Eu acho esse app muito útil	I find this app very useful	Aquesta aplicació em sembla molt útil	Mi trovas ĉi tiun aplikaĵon tre utila	Io trova iste application multo utile.	5
01318	Adjectives	rich	reich	rico(a) (de dinero)	riche	ricco(a)	rico(a)	ric(a)	riĉa	ric	Er ist sehr reich, er hat viel Geld.	El es muy rico, tiene mucho dinero.	Il est très riche, il a beaucoup d'argent.	È molto ricco, ha molti soldi.	Ele é muito rico, ele tem muito dinheiro.	He is very rich, he has a lot of money	Ell és molt ric, té molts diners.	Li estas tre riĉa, li havas multe da mono.	Ille es multo ric; ille ha multe pecunia.	5
01319	Adjectives	loud	laut	fuerte, alto(a) (por el sonido)	fort(e) (pour le son)	forte (per il suono)	alto (para som)	fort, alt (so)	laŭta	forte	Die Nachbarn beschweren sich, dass die Musik zu laut ist	Los vecinos se quejan de que la música está demasiado alta	Les voisins se plaignent que la musique est trop forte	I vicini si lamentano che la musica è troppo forte	Os vizinhos reclamam que a música está muito alta	The neighbors complain that the music is too loud	Els veïns es queixen que la música està massa alta	La najbaroj plendas, ke la muziko estas tro laŭta	Le vicinos se plange que le musica es troppo forte.	5
01320	Adjectives	nice	sympathisch, angenehm	simpático(a) (para personas), agradable (para lugares)	sympa, agréable	simpatico(a), gradevole	interessante (para pessoas), agradável (para lugares)	simpàtic(a), agradable	agrabla	agradabile; sympathic	Ich finde, diese Bar ist wirklich sympathisch	Este bar me parece muy agradable	Je trouve ce bar très sympa	Trovo questo bar molto simpatico	Eu acho este bar muito agradável	I think this bar is really nice	Aquest bar em sembla molt agradable	Mi pensas, ke ĉi tiu trinkejo estas vere agrabla	Iste bar me pare multo agradabile.	5
01321	Adjectives	short	kurz	corto(a)	court(e)	corto	curto(a)	curt(a)	mallonga	curte	Die Leiter ist zu kurz, um den oberen Teil des Schrankes zu erreichen.	La escalera es demasiado corta para llegar a lo alto del armario	L'échelle est trop courte pour atteindre le haut du placard	La scala è troppo corta per arrivare in alto nel ripostiglio.	A escada é curta demais para alcançar o topo do armário	The ladder is too short to reach the top of the cupboard	L'escala és massa curta per arribar a la part superior de l'armari.	La ŝtupetaro estas tro mallonga por atingi la supron de la ŝranko	Le scala es troppo curte pro attinger le parte superior del armario.	5
01322	Adjectives	clear	klar, deutlich, eindeutig	claro(a)	clair(e)	chiaro(a)	claro(a)	clar(a)	klara	clar	Die Nachricht ist eindeutig: Bleib wo du bist	El mensaje es claro: no moverse	Le message est clair : il faut rester sur place	Il messaggio è chiaro: bisogna stare fermi.	A mensagem é clara: não sair do lugar	The message is clear: stay put	El missatge és clar: queda't on ets	La mesaĝo estas klara: restu tie, kie vi estas	Le message es clar: remane ubi vos es.	5
01323	Adjectives	hard, tough	hart	duro(a), difícil	dur(e)	duro(a)	duro(a)	dur(a), difícil	malfacila	dur; difficile	Dieser Test war wirklich hart!	Ese examen fue muy difícil	Cet examen était vraiment dur !	Questo esame è stato davvero duro!	Esta prova foi realmente dura!	That test was really hard!	Aquell examen va ser molt difícil	Tiu testo estis vere malfacila!	Ille examine esseva vermente difficile!	5
01324	Adjectives	perfect	perfekt	perfecto(a)	parfait(e)	perfetto(a)	perfeito(a)	perfecte(a)	perfekta	perfecte	Er wartet auf den perfekten Zeitpunkt, um ihn zu fragen	Está esperando el momento perfecto para preguntárselo	Il attend le moment parfait pour lui demander	Aspetta il momento perfetto per chiederglielo	Ele espera o momento perfeito para lhe perguntar	He's waiting for the perfect time to ask him	Està esperant el moment perfecte per preguntar-li-ho	Li atendas la perfektan momenton por demandi lin	Ille attende le momento perfecte pro demandar lo a ille.	5
01325	Adjectives	possible	möglich	posible	possible	possibile	possível	possible	ebla	possibile	Es ist möglich, dass er den Termin vergessen hat	Es posible quehaya olvidado la cita	C'est possible qu'il ait oublié le rendez-vous	È possibile che abbia dimenticato l'appuntamento.	É possível que ele tenha esquecido seu compromisso.	It's possible that he forgot about the appointment	És possible que hagi oblidat la cita.	Tio, ke li forgesis la rendevuon, estas ebla.	Il es possibile que ille ha oblidate le appunctamento.	5
01326	Adjectives	private	privat	privado(a)	privé(e)	privato(a)	privado(a)	privat(ada)	privata	private	Sie können nicht hier herein. Das ist ein privates Grundstück	No puede entrar aquí, es propiedad privada	Vous ne pouvez pas entrer ici, c'est une propriété privée	Non può entrare qui, è proprietà privata.	Você não pode entrar aqui. Esta é uma propriedade privada.	You cannot come in here. This is private property	No podeu entrar aquí. És una propietat privada	Vi ne povas eniri ĉi tien. Ĉi tio estas privata posedaĵo	Vos non pote entrar hic. Isto es proprietate private.	5
01327	Adjectives	rare, exceptional	selten, außergewöhnlich	raro(a), excepcional	rare, exceptionnel(le)	raro, eccezionale	raro(a), excepcional	rar(a), excepcional	rara, escepta	rar, exceptional	Diese Pflanze hat seltene Eigenschaften.	Esta planta tiene unas cualidades excepcionales	Cette plante a des qualités rares	Questa pianta ha delle qualità rare.	Esta planta tem qualidades raras	This plant has rare qualities	Aquesta planta té qualitats rares.	Tiu planto havas rarajn kvalitojn.	Iste planta ha qualitates rar.	5
01328	Adjectives	dry	trocken	seco(a)	sec (sèche)	arido, secco	seco(a)	sec(a)	seka	sic	Es hat lange nicht mehr geregnet, der Boden ist trocken.	No ha llovido en mucho tiempo. Elsuelo está seco.	Il n'a pas plu depuis longtemps, le sol est sec	Non piove da molto tempo, il suolo è arido.	Não tem chovido há muito tempo. O solo está seco.	It hasn't rained in a long time, the ground is dry	No ha plogut en molt de temps. El terra està sec.	Ne pluvis delonge, la grundo estas seka.	Il non ha pluvite durante multe tempore. Le solo es sic.	5
01329	Adjectives	secret	geheim	secreto(a)	secret (secrète)	segreto(a)	secreto(a)	secret(a)	sekreta	secrete	Es ist ein geheimes Dokument. Es muss an einem sicheren Ort aufbewahrt werden.	Es un documento secreto. Debe guardarse en un lugar seguro.	C'est un document secret, il doit être gardé en lieu sûr.	È un documento segreto, deve essere tenuto in un luogo sicuro.	Este é um documento secreto. Ele deve ser guardado em um local seguro.	It is a secret document. It must be kept in a safe place	És un document secret. S'ha de guardar en un lloc segur.	Ĝi estas sekreta dokumento. Ĝi devas esti konservita en sekura loko	Isto es un documento secrete. Illo debe esser guardate in un loco secur.	5
01330	Adjectives	quiet, silent	ruhig	silencioso(a), tranquilo(a)	silencieux(se)	silenzioso(a)	silencioso(a)	silenciós(osa)	silenta	silente, tranquille	Diese Straße war ruhig,als ich dort lebte	Esta calle era silenciosa cuando yo vivía ahí	Cette rue était silencieuse quand j'y vivais	Questa strada era silenziosa quando vivevo qui	Esta rua era silenciosa quando eu morava aqui	This street was quiet when I lived here	Aquest carrer era silenciós quan hi vivia	Tiu strato estis silenta, kiam mi loĝis tie	Iste strata esseva tranquille quando io viveva hic.	5
01331	Adjectives	solid	fest, dauerhaft	sólido(a)	solide	solido(a)	sólido(a)	sòlid(a)	solida	solide	Wasser wird fest, wenn es sehr kalt ist.	El agua se vuelve sólida cuando hace mucho frío	L'eau devient solide quand il fait très froid	L'acqua diventa solida quando fa molto freddo.	A água se torna sólida quando faz muito frio	Water becomes solid when it is very cold out	L'aigua es torna sòlida quan fa molt de fred.	Akvo fariĝas solida kiam estas tre malvarme	Le aqua deveni solide quando il face multo frigide.	5
01332	Adjectives	amazing, unbelievable	außergewöhnlich, erstaunlich, unglaublich	extraordinario(a), increíble	extraordinaire, incroyable	straordinario, incredibile	extraordinário, incrível	extraordinari(ària), increïble	nekredebla, mirinda	extraordinari, incredibile	Er ist ein unglaublicher Spieler. Er ist sehr talentiert	Es un jugador extraordinario. Tiene mucho talento.	C'est un joueur incroyable, il a beaucoup de talent.	È un giocatore straordinario, ha tanto talento.	É um jogador incrível. Ele é muito talentoso.	He's an amazing player. He's very talented	És un jugador extraordinari. Té molt de talent.	Li estas mirinda ludanto. Li estas tre talenta	Ille es un jocator extraordinari. Ille ha multo talento.	5
01333	Adjectives	serious 	ernst	serio(a) 	sérieux(se)	serio(a)	sério(a)	seriós(osa), formal	serioza	seriose	Ich meine es ernst. Ich mache keinen Spaß	Hablo en serio, no estoy bromeando.	Je suis sérieux, je ne plaisante pas.	Sono serio, non sto giocando.	Estou falando sério; não estou brincando.	I'm serious. I'm not joking	Parlo seriosament. No estic fent broma	Mi estas serioza. Mi ne ŝercas	Io parla seriosemente. Io non jocula.	5
01334	Verbs	to check	nachschauen	comprobar, mirar	vérifier, regarder	controllare, guardare	verificar, olhar	comprovar, verificar	kontroli	verificar	Hast du unter dem Bett nachgeschaut?	¿Has mirado debajo de la cama?	Tu as regardé sous le lit ?	Hai controllato sotto il letto?	Você olhou debaixo da cama?	Did you check under the bed?	Has mirat sota el llit?	Ĉu vi kontrolis sub la lito?	Ha tu verificate sub le lecto?	5
01335	Verbs	to pick	auswählen	escoger	choisir (parmi une sélection)	scegliere	escolher	escollir, triar	elekti	eliger	Ich könnte einfach irgendeinen Namen auswählen und sie anrufen	Podría simplemente escoger cualquier nombre al azar y llamarles	Je pourrais simplement choisir n'importe quel nom au hasard et l'appeler	Potrei semplicemente scegliere qualunque nome a caso e chiamarlo	Eu poderia simplesmente escolher um nome qualquer e telefonar	I could just pick any random name and call it	Podria simplement escollir qualsevol nom a l'atzar i trucar-los	Mi povus simple elekti ajnan nomon hazarde kaj voki ĝin	Io poterea simplemente eliger qualcunque nomine al hasardo e appellar les.	5
01336	Verbs	to wipe	wegwischen	secar, limpiar	essuyer	strofinare, asciugare	limpar	eixugar	viŝi	essugar	Sie wischt ihre Tränen mit einem Taschentuch weg	Ella se seca las lágrimas con un pañuelo	Elle essuie ses larmes avec un mouchoir	Lei si asciuga le lacrime con un fazzoletto	Ela limpa suas lágrimas com um lenço	She wipes her tears with a tissue	Ella s'eixuga les llàgrimes amb un mocador	Ŝi viŝas siajn larmojn per poŝtuko	Illa essuga su lacrimas con un drappo.	5
01337	Verbs	to put down (put down, put down)	ablegen, absetzen, abstellen	posar (bajar algo)	poser	posare, mettere giù	pousar	posar	demeti	deponer	Ich bin froh, dass ich die Tasche abstellen kann	Me alegro de poder posar la bolsa	Je suis content de pouvoir poser le sac	Sono contento di poter posare la borsa	Estou contente de poder pousar a bolsa	I'm glad I can put down the bag	M'alegro de poder posar la bossa	Mi ĝojas, ke mi povas demeti la sakon	Io es contente que io pote deponer le sacco.	5
01338	Verbs	to take care of	sich um etwas kümmern	ocuparse de	s'occuper de	occuparsi di	cuidar de 	ocupar-se de, cuidar	zorgi pri	occupar se de	Meine Mutter kümmert sichum das Abendessen  	Mi madre se ocupa de la cena de esta noche	Ma mère s'occupedu repas de ce soir	Mia madre si occupa della cena di stasera	Minha mãe vai cuidar da refeição de hoje à noite	My mother is taking care of tonight's meal	La meva mare s'ocupa del sopar d'aquesta nit	Mia patrino zorgas pri la ĉi-vespera manĝo	Mi matre se occupa del cena de iste nocte.	5
01339	Verbs	to sound like	klingen	parecer (sólo para sonidos)	sembler, ressembler à (pour un son)	somigliare	soar como	sonar com	soni kiel	sonar como	Das klingt für mich nicht wie Musik	Esto no me parece música	Ça ne ressemble pas à de la musique pour moi	Questa non somiglia a musica per me	Isso não soa como música pra mim	This doesn't sound like music to me	Això no em sona a música	Tio ne sonas kiel muziko por mi	Isto non sona como musica a me.	5
01340	Verbs	to stink [stank, stunk]	stinken 	apestar, oler mal	puer	puzzare	feder, cheirar mal	fer pudor, empudegar	fiodori, malbonodori	puter	Für die Stadtmenschen stinken Schafe	Para la gente de la ciudad, las ovejas apestan	Pour les gens de la ville, les moutons puent	Per le persone di città, le pecore puzzano	Para as pessoas da cidade, as ovelhas cheiram mal	To people who live in the city, sheep stink	Per a la gent de la ciutat, les ovelles fan pudor	Por urbaj homoj, ŝafoj fiodoras	Pro le personas qui vive in le citate, le oves pute.	5
01341	Verbs	to meet [met, met]         	treffen 	quedar (con alguien), encontrarse (con alguien)	rencontrer	incontrare 	conhecer, encontrar	trobar-se, quedar	renkonti	incontrar se con	Er trifft seinen zukünftigen Kollegen	Él queda consu futuro compañero de trabajo	Il rencontre son futur collègue	Lui incontra il suo futuro collega	Ele encontra seu futuro colega	He is meeting his future colleague	Ell es troba amb el seu futur company de feina	Li renkontas sian estontan kolegon	Ille se incontra con su futur collega.	5
01342	Verbs	to happen	passieren	pasar	se passer	succedere	acontecer	passar, succeir	okazi	occurrer										5
01343	Verbs	to finish, to complete	beenden, abschließen , fertig sein	acabar, terminar	finir, terminer	finire, completare	acabar, terminar	acabar, completar	fini, kompletigi	finir, completar	Meine Mutter hat endlich ihre Berufsausbildung abgeschlossen	Mi madre por fin ha acabado su formación profesional	Ma mère a enfin terminé sa formation professionnelle	Mia mamma ha finalmente finito la sua formazione professionale	Minha mãe finalmente terminou sua formação profissional	My mother finally finished her professional training	La meva mare per fi ha acabat la seva formació professional	Mia patrino fine finis sian profesian trejnadon	Mi matre ha finalmente finite su formation professional.	5
01344	Verbs	to advise, to counsel 	jmd. etwas raten (rät, riet, hat geraten)	aconsejar 	conseiller	consigliare	aconselhar	aconsellar	konsili	consiliar	Monika rät mir, eine neue Sprache zu lernen und sie gibt immer gute Ratschläge	Mónica me aconseja aprender un nuevo idioma, ella da siempre buenos consejos	Monica me conseille d'apprendre une nouvelle langue, et elle donne toujours de bons conseils	Monica mi consiglia di imparare una nuova lingua, lei dà sempre buoni consigli	Monica me aconselha a aprender um novo idioma, ela sempre me dá bons conselhos	Monica advises me to learn a new language, and she always gives good advice	La Mònica m'aconsella aprendre un nou idioma, ella sempre dona bons consells	Monika konsilas al mi lerni novan lingvon, kaj ŝi ĉiam donas bonajn konsilojn	Monica me consilia apprender un nove lingua, e illa sempre da bon consilios.	5
01345	Verbs	to accompany, to go with 	begleiten	acompañar 	accompagner	accompagnare	acompanhar	acompanyar	akompani	accompaniar	Kann ich dich ins Kino begleiten?	¿Puedo acompañarte al cine?	Je peux t'accompagner au cinema ?	Posso accompagnarti al cinema?	Posso te acompanhar ao cinema?	Can I go with you to the cinema?	Puc acompanyar-te al cinema?	Ĉu mi povas akompani vin al la kinejo?	Pote io accompaniar te al cinema?	5
01346	Verbs	to accept	akzeptieren	aceptar 	accepter	accettare	aceitar	acceptar	akcepti	acceptar	Mein Angebot wurde akzeptiert um das Haus zu kaufen	Fue aceptada mi oferta para comprar esa casa	Mon offre a été acceptée pour acheter cette maison	La mia offerta fu accettata per comprare quella casa	Minha oferta para comprar esta casa foi aceita	My offer was accepted to buy that house	La meva oferta per comprar aquella casa va ser acceptada	Mia oferto por aĉeti tiun domon estis akceptita	Mi offerta pro comprar ille casa esseva acceptate.	5
01347	Verbs	to cancel	annullieren, für ungültig erklären	cancelar	annuler	annullare, cancellare	cancelar	cancel·lar, anul·lar	nuligi	cancellar	Das Treffen wurde annulliert	La reunión ha sido cancelada	La réunion a été annulée	La riunione è stata annullata	A reunião foi cancelada	The meeting has been cancelled	La reunió ha estat cancel·lada	La kunveno estis nuligita	Le reunion ha essite cancellate.	5
01348	Verbs	to sing [sang, sung]	singen 	cantar 	chanter	cantare	cantar	cantar	kanti	cantar	Er singt jeden Tag	Él canta todos los días	Il chante tous les jours	Canta tutti i giorni	Ele canta todos os dias	He sings every day	Ell canta cada dia	Li kantas ĉiutage	Ille canta cata die.	5
01349	Verbs	to take [took, taken], to catch [caught, caught]	nehmen 	coger, atrapar	prendre, attraper	prendere	pegar, embarcar em	agafar	preni, kapti	prender	Wir müssen den Zug um 7 nehmen.	Debemos coger el tren a las 7	Nous devons prendre le train à 7 heures.	Dobbiamo prendere il treno alle 7	(Nós) devemos pegar o trem às 7 horas	We must take the train at 7 o'clock	Hem d'agafar el tren a les 7	Ni devas preni la trajnon je la 7-a	Nos debe prender le traino a septe horas.	5
01350	Verbs	to receive 	bekommen 	recibir 	recevoir	ricevere	receber	rebre	ricevi	reciper	Du wirst Hilfe von deinem Lehrer bekommen	Vas a recibir la ayuda de tu profesor	Tu vas recevoir de l'aide de ton professeur	Riceverai l'aiuto del tuo professore	Você vai receber ajuda do seu professor	You will receive help from your teacher	Rebràs l'ajuda del teu professor	Vi ricevos helpon de via instruisto	Tu recipera le adjuta de tu professor.	5
01351	Verbs	to tell [told, told]	erzählen, berichten	contar	raconter	raccontare, dire	contar 	explicar, contar	rakonti	contar	James hat mir gestern eine super Geschichte erzählt	James me contó una muy buena historia ayer	James m'a raconté une très bonne histoire hier	James mi ha raccontato una storia molto buona ieri	James me contou uma história muito boa ontem	James told me a very good story yesterday	En James em va explicar una història molt bona ahir	Jakobo rakontis al mi tre bonan historion hieraŭ	James me contava un multo bon historia heri.	5
01352	Verbs	to grow [grew, grown] (up)	aufwachsen 	crecer	grandir	crescere	crescer 	créixer, fer-se gran	kreski	crescer	Ich bin in England aufgewachsen bevor ich mit 23 Jahren nach Deutschland gezogen bin.	Crecí en Inglaterra antes de mudarme a Alemania cuando tenía 23 años	J'ai grandi en Angleterre avant de déménager en Allemagne quand j'avais 23 ans	Sono cresciuto in Inghilterra prima di trasferirmi in Germania quando avevo 23 anni	Eu cresci na Inglaterra antes de eu mudar para a Alemanha quando eu tinha 23 anos	I grew up in England before moving to Germany when I was 23	Vaig créixer a Anglaterra abans de traslladar-me a Alemanya quan tenia 23 anys	Mi kreskis en Anglio antaŭ ol translokiĝi al Germanio kiam mi havis 23 jarojn	Io cresceva in Anglaterra ante de transferer me a Germania quando io habeva 23 annos.	5
01353	Verbs	to be careful	vorsichtig sein	cuidar 	faire attention	fare attenzione	tomar cuidado, prestar atenção	anar amb compte	zorgi	esser caute	Du musst vorsichtigmit den Tellern sein, sie sind sehr teuer	Debes cuidar los platos, son muy costosos	Tu dois faire attention avec les assiettes, elles sont chères	Devi fare attenzione con i piatti, sono cari	Você precisa tomar cuidado com os pratos; eles são muito caros	You need to be careful with the plates, they're expensive	Has d'anar amb compte amb els plats, són molt cars	Vi devas zorgi pri la teleroj, ili estas multekostaj	Tu debe esser caute con le plattos; illos es costose.	5
01354	Verbs	to thank	danken	dar las gracias, agradecer	remercier	ringraziare	agradecer	agrair, donar les gràcies	danki	regratiar	Erinnere mich daran,dass ich meinen Eltern für ihr Geschenk danken muss!	Recuérdame que tengo que dar las gracias a mis padres por su obsequio	Rappelle-moi de remercier mes parents pour leur cadeau	Ricordami di ringraziare i miei genitori per il loro regalo	Lembre-me de agradecer aos meus pais pelo presente	Remind me to thank my parents for their present	Recorda'm que he d'agrair als meus pares el seu regal	Memoru min danki miajn gepatrojn pro ilia donaco	Rememora me de regratiar mi parentes pro lor presente.	5
01355	Verbs	to say goodbye	sich verabschieden	despedirse	dire au revoir	dire arrivederci, salutare	despedir-se	acomiadar-se	adiaŭi	dicer adieu	Mir gefällt es nicht, mich am Flughafen zu verabschieden	No me gusta despedirme en el aeropuerto	Je n'aime pas dire au revoir à l'aéroport	Non mi piace salutarsi all'aeroporto	Não gosto de me despedir no aeroporto	I don't like saying goodbye at the airport	No m'agrada acomiadar-me a l'aeroport	Mi ne ŝatas adiaŭi en la flughaveno	A me non place dicer adieu al aeroporto.	5
01356	Verbs	to arrest	festnehmen 	detener, arrestar	arrêter (un voleur...)	arrestare	prender	detenir, arrestar	aresti	arrestar	50 Personen wurden während der Aufstände festgenommen	50 personas fueron arrestadas durante las protestas	50 personnes ont été arrêtées durant les émeutes	50 persone sono state arrestate durante le rivolte	50 pessoas foram presas durante os protestos	50 people were arrested during the riots	50 persones van ser arrestades durant els disturbis	50 homoj estis arestitaj dum la tumultoj	50 personas esseva arrestate durante le tumultos.	5
01357	Verbs	to flirt	flirten, anbaggern, anmachen 	flirtear (ES), coquetear (AL)	draguer	flirtare, corteggiare	paquerar	flirtejar, coquetejar	flirti	flirtar	Er hat meine (feste) Freundin vor mir angebaggert!	¡Él estaba flirteando con mi novia delante de mí!	Il draguait ma copine devant moi!	Stava corteggiando la mia ragazza davanti ai miei occhi!	Ele estava paquerando minha namorada na minha frente!	He was flirting with my girlfriend in front of me!	Ell estava flirtejant amb la meva xicota davant meu!	Li flirtis kun mia koramikino antaŭ mi!	Ille flirtava con mi amica in mi presentia!	5
01358	Verbs	to enter	eintreten 	entrar	entrer	entrare	entrar	entrar	eniri	entrar	Entschuldigen Sie, darf ich eintreten?	Disculpe, ¿puedo entrar?	Excusez-moi, est-ce que je peux entrer ?	Mi scusi, posso entrare?	Com licença, posso entrar?	Excuse me, can I enter?	Disculpi, puc entrar?	Pardonu, ĉu mi povas eniri?	Excusa me, pote io entrar?	5
01359	Verbs	to send [sent, sent]	senden, schicken	enviar, mandar	envoyer	inviare, mandare	enviar, mandar	enviar, trametre	sendi	inviar	Ich habe ihm gestern eine E-Mail gesendet	Le envié un email ayer	Je lui ai envoyé un email hier	Gli ho inviato una email ieri	Eu enviei a ele um e-mail ontem	I sent him an email yesterday	Li vaig enviar un correu electrònic ahir	Mi sendis al li retmesaĝon hieraŭ	Io le inviava un e-mail heri.	5
01360	Verbs	to spell [spelt/spelled, spelt/spelled]	buchstabieren	deletrear	épeler	fare lo spelling, pronunciare lettera per lettera	soletrar	lletrejar	literumi	orthographiar	Können Sie Ihren Namen buchstabieren?	¿Puede deletrear su nombre?	Pouvez-vous épeler votre nom ?	Può fare lo spelling del suo nome?	Você pode soletrar seu nome?	Can you spell your name?	Pot lletrejar el seu nom?	Ĉu vi povas literumi vian nomon?	Pote vos orthographiar vostre nomine?	5
01361	Verbs	to expect	erwarten, rechnen mit	Esperar algo	s'attendre à	aspettarsi	presumir	esperar, esperar-se	atendi, esperi	expectar	Ich rechne mit dem Schlimmsten	Espero lo peor	Je m'attends au pire	Mi aspetto il peggio	Eu presumo o pior	I expect the worst	Espero el pitjor	Mi atendas la plej malbonan	Io expecta le pejor.	5
01362	Verbs	to hope	hoffen	esperar (esperanza)	espérer	sperare	esperar que (esperança)	esperar (tenir esperança)	esperi	sperar	Ich hoffe, dass es morgen nicht regnen wird	Espero que no vaya a llover mañana	J'espère qu'il ne va pas pleuvoir demain	Spero non pioverà domani	Eu espero que não chova amanhã	I hope it won't rain tomorrow	Espero que demà no plogui	Mi esperas, ke morgaŭ ne pluvos	Io spera que il non pluvera deman.	5
01363	Verbs	to explain	erklären	explicar 	expliquer	spiegare	explicar	explicar	klarigi	explicar	Können Sie erklären, wie man dieseMaschine benutzt?	¿Puede explicarcómo usar esta máquina?	Pouvez-vous expliquer comment utiliser cette machine ?	Può spiegare come usare questa macchina?	Você pode me explicar como usar essa máquina?	Can you explain how to use this machine?	Pot explicar com utilitzar aquesta màquina?	Ĉu vi povas klarigi kiel uzi ĉi tiun maŝinon?	Pote vos explicar como usar iste machina?	5
01364	Verbs	to lack	fehlen	faltar	manquer	mancare (di qualcosa)	faltar	mancar, faltar	manki	mancar	Es fehlen ihm die nötigen Qualifikationen	Le faltan las cualificaciones necesarias	Il lui manque les qualifications nécessaires	Gli mancano le qualificazioni necessarie	Para ele faltam qualificações necessárias	He lacks the qualifications needed	Li manquen les qualificacions necessàries	Al li mankas la necesaj kvalifikoj	Le qualificationes necessari le falta.	5
01365	Verbs	to imagine	sich (etwas) vorstellen	imaginar	imaginer	immaginare	imaginar	imaginar	imagi	imaginar	Du kannst dir vorstellen, wie lustig das war	Puedes imaginar qué tan gracioso fue.	Tu peux imaginer à quel point c'était drôle	Puoi immaginare com'era buffo	Você pode imaginar como foi engraçado	You can imagine how funny it was	Pots imaginar que divertit va ser.	Vi povas imagi kiom amuza tio estis	Tu pote imaginar quanto comic illo esseva.	5
01366	Verbs	to try, to attempt	versuchen	intentar, tratar de	tenter, essayer	tentare, provare	tentar	intentar	provi	tentar	Ich werde versuchen, auf dem Nachhauseweg etwas Milchzu bekommen	Voy a intentar conseguir algo de leche de camino a casa	Je vais essayer d'obtenir un peu de lait en allant à la maison	Proverò a prendere un po' di latte mentre torno a casa	Eu vou tentar conseguir algum leite no caminho de casa	I'll try to get some milk on the way home	Intentaré aconseguir una mica de llet de camí a casa	Mi provos akiri iom da lakto survoje hejmen	Io tentara obtener alcun lacte in le via a casa.	5
01367	Verbs	to interest	interessieren	interesar	intéresser	interessare	interessar	interessar	interesi	interessar	Dieses Buch interessiert mich sehr	Este libro me interesa mucho	Ce livre m'intéresse beaucoup	Questo libro mi interessa molto	Este livro me interessa muito	This book interests me a lot	Aquest llibre m'interessa molt	Ĉi tiu libro tre interesas min	Iste libro me interessa multo.	5
01368	Verbs	to invite	einladen 	invitar	inviter	invitare	convidar	convidar	inviti	invitar	Wir wurden zu einer Hochzeit eingeladen	Nos han invitado a una boda	On a été invité à un mariage	Siamo stati invitati a un matrimonio	Nós fomos convidados para o casamento	We have been invited to a wedding	Ens han convidat a un casament	Ni estas invititaj al geedziĝo	Nos ha essite invitate a un maritage.	5
01369	Verbs	to leave [left, left]	losgehen, weggehen 	irse 	partir, s'en aller	andarsene	sair, partir	marxar, anar-se'n	foriri	partir	Ich gehe von hier los!	¡Me voy de aquí!	Je pars d'ici	Me ne vado da qui	Vou sair daqui	I'm leaving from here!	Marxaré d'aquí!	Mi foriras de ĉi tie!	Io parti de hic!	5
01370	Verbs	to suit	passen, sich eignen	irle bien, convenirle	aller à, convenir à	essere per, convenire	adequar, adaptar	avenir-se, escaure	taŭgi	convenir	Der Job passt nicht zu ihm	El trabajo no es para él	Le travail ne lui convient pas	Il lavoro non è per lui, non gli conviene	O trabalho não é adequado para ele	The job doesn't suit him	Aquesta feina no li escau	La laboro ne taŭgas por li	Le empleo non le conveni.	5
01371	Verbs	to keep [kept, kept]	behalten 	mantener , quedarse con	garder	mantenere, conservare, tenere	manter, ficar com	guardar, conservar	konservi	conservar	Ich glaube, dass ichdas Auto noch für ein weiteres Jahr behaltenwerde	Pienso que me quedaré con el auto otro año	Je pense que je vais garder la voiture pour une autre année	Penso che terrò la macchina per un altro anno	Eu acho que eu vou ficar com o carro mais outro ano.	I think I'll keep the car for another year	Crec que guardaré el cotxe un altre any	Mi pensas, ke mi konservos la aŭton por alia jaro	Io pensa que io conservara le automobile durante un altere anno.	5
01372	Verbs	to wonder	sich fragen	preguntarse	se demander	chiedersi	perguntar-se	preguntar-se	scivoli	demandar se	Ich frage mich, ob es morgen regnen wird.	Me pregunto si va a llover mañana	Je me demande s'il va pleuvoir demain	Mi chiedo se pioverà domani	Me pergunto se vai chover amanhã	I wonder if it's going to rain tomorrow	Em pregunto si demà plourà.	Mi scivolas, ĉu morgaŭ pluvos.	Io me demanda si il va pluver deman.	5
01373	Verbs	to kill	töten	matar	tuer	uccidere	matar	matar	mortigi	occider	Der Löwe hat das Zebra getötet	El león mató a la cebra	Le lion a tué le zèbre	Il leone ha ucciso la zebra	O leão matou a zebra	The lion killed the zebra	El lleó va matar la zebra	La leono mortigis la zebron	Le leon occideva le zebra.	5
01374	Verbs	to die	sterben 	morir	mourir	morire	morrer	morir	morti	morir	Mein Hund ist letzte Woche gestorben	Mi perro murió la semana pasada	Mon chien est mort la semaine dernière	Il cane è morto la settimana scorsa	Meu cachorro morreu na semana passada.	My dog died last week	El meu gos va morir la setmana passada	Mia hundo mortis pasintsemajne	Mi can moriva le septimana passate.	5
01375	Verbs	to cross (e.g. river)	überqueren	pasar, cruzar	passer, traverser	attraversare	cruzar, atravessar	creuar, travessar	transiri	transversar	Wir müssen die Grenze überqueren	Debemos pasar la frontera	Nous devons passer la frontière	Dobbiamo attraversare la frontiera	Nós devemos atravessar a fronteira	We have to cross the border	Hem de creuar la frontera	Ni devas transiri la landlimon	Nos debe transversar le frontiera.	5
01376	Verbs	to happen, to occur	geschehen 	pasar, ocurrir	se passer, se produire	succedere, accadere	acontecer, ocorrer	passar, ocórrer	okazi	occurrer	Was ist geschehen?	¿Qué pasó?	Que s'est-il passé ?	Che è successo?	O que aconteceu?	What happened?	Què ha passat?	Kio okazis?	Que occurreva?	5
01377	Verbs	to allow, to permit	erlauben, gestatten	autorizar, permitir	autoriser, permettre	permettere, autorizzare	permitir, autorizar	permetre, autoritzar	permesi, rajtigi	permitter	Es ist Ihnen nicht gestattet, die Kirche zu betreten	Usted no está autorizado para acceder al interior de la iglesia	Vous n'êtes pas autorisé à aller à l'intérieur de l'église	Lei non è autorizzato ad entrare in chiesa	Você não esta autorizado a entrar na igreja.	You're not allowed to go inside the church	No se li permet entrar a l'església	Vi ne rajtas eniri la preĝejon	Vos non es autorisate a entrar in le ecclesia.	5
01378	Verbs	to put [put, put]	hinlegen	poner 	mettre	mettere	colocar, pôr	posar, col·locar	meti	poner	Carolina legt alles an seinen Platz hin, sie ist sehr organisiert	Carolina lo pone todo en su lugar, es muy organizada	Carolina met tout à sa place, elle est très organisée	Carolina mette tutto al posto suo, è molto organizzata	Carolina coloca tudo em seu lugar, é muito organizada	Carolina puts everything in its place, she is very organized	La Carolina ho posa tot al seu lloc, és molt organitzada	Karolina metas ĉion sur sian lokon, ŝi estas tre organizita	Carolina pone toto in su loco; illa es multo organisate.	5
01379	Verbs	to practice (US), to practise (UK)	üben	practicar 	pratiquer	praticare	praticar	practicar	praktiki	practicar	Ich übe jeden Tag Klavierspielen	Yo practico el piano todos los días	Je pratique le piano tous les jours	Pratico il piano ogni giorno	Eu pratico piano todos os dias	I practice piano every day	Practico el piano cada dia	Mi praktikas pianon ĉiutage	Io practica le piano cata die.	5
01380	Verbs	to prefer	bevorzugen; etwas lieber mögen 	preferir 	préférer	preferire	preferir	preferir	preferi	preferer	Ich magheute Abend lieber zu Hause bleiben.	Prefiero quedarme en casa esta noche	Je préfère rester à la maison ce soir	Preferisco restare a casa stasera	Eu prefiro ficar em casa hoje à noite.	I prefer to stay at home tonight	Prefereixo quedar-me a casa aquesta nit.	Mi preferas resti hejme ĉi-vespere.	Io prefere remaner a casa iste nocte.	5
01381	Verbs	to prepare	vorbereiten	preparar 	préparer	preparare	preparar	preparar	prepari	preparar	Ich muss für die nächste Woche eine Präsentation vorbereiten	Debo preparar una presentación para la próxima semana	Je dois préparer une présentation pour la semaine prochaine	Devo preparare una presentazione per la settimana prossima	Eu tenho que preparar uma apresentação para a próxima semana	I have to prepare a presentation for next week	He de preparar una presentació per a la setmana que ve	Mi devas prepari prezenton por la venonta semajno	Io debe preparar un presentation pro le proxime septimana.	5
01382	Verbs	to forbid [forbad(e), forbidden]	verbieten 	prohibir	interdire	vietare, proibire	proibir	prohibir	malpermesi	prohiber	Es ist ihnen verboten, nach 20 Uhr Fern zu sehen	Ellos tienen prohibido mirar la televisión después de las 20h	Il leur est interdit de regarder la télé après 20h	È stato vietato loro di guardare la televisione dopo le 20	Eles estão proibidos de assistir à televisão depois das 20h	They're forbidden from watching TV after 8pm	Tenen prohibit mirar la televisió després de les 20h	Ili estas malpermesitaj spekti televidon post la 8-a vespere	Il es prohibite a illes spectar le television post le 20 horas.	5
01383	Verbs	to propose	vorschlagen 	proponer	proposer	proporre	propôr	proposar	proponi	proponer	Ich werde ihm ein interessantes Angebot vorschlagen müssen	Necesitaré proponerle una oferta interesante	Je vais devoir lui proposer une offre intéressante	Avrò bisogno di proporgli un'offerta interessante	Eu vou precisar propôr a ele uma oferta interessante	I will need to propose an interesting offer to him	Hauré de proposar-li una oferta interessant	Mi devos proponi al li interesan oferton	Io necessitara proponer a ille un offerta interessante.	5
01384	Verbs	to answer, to reply	antworten	responder 	répondre	rispondere	responder	respondre	respondi	responder	Hast du auf die Nachricht geantwortet?	¿Has respondido al mensaje?	Tu as répondu au message?	Hai risposto al messaggio?	Você respondeu a mensagem?	Have you answered the message?	Has respost el missatge?	Ĉu vi respondis la mesaĝon?	Ha tu respondite al message?	5
01385	Verbs	to take out (took out, taken out)	herausnehmen ; hinausbringen 	sacar 	sortir, enlever	portare fuori	tirar, retirar	treure	elporti	extraher	Kannst du den Müll hinausbringen?	¿Puedes sacar la basura?	Tu peux sortir la poubelle ?	Puoi portare fuori l'immondizia?	Pode tirar o lixo?	Can you take out the trash (US) / rubbish (UK)?	Pots treure les escombraries?	Ĉu vi povas elporti la rubon?	Pote tu extraher le immunditia?	5
01386	Verbs	to sit down (sat down, sat down)	sich (hin)setzen	sentarse 	s'asseoir	sedersi	sentar-se	seure, asseure's	sidiĝi	seder se	Lass die ältere Dame sich hinsetzen	Deja sentarse a la señora de edad	Laisse la vieille dame s'asseoir	Lascia che la signora anziana si sieda	Deixa sentar a senhora de idade	Let the elderly lady sit down	Deixa que la senyora gran segui	Lasu la maljunan sinjorinon sidiĝi	Lassa le seniora ancian seder se.	5
01387	Verbs	to go up (went up, gone up)	steigen 	subir 	monter	salire	subir	pujar	supreniri	ascender	Ich will auf den Mount Everest steigen!	¡Quiero subir al Monte Everest!	Je veux monter sur le mont Everest !	Voglio salire sul monte Everest!	Eu quero subir o Monte Everest!	I want to go up mount Everest!	Vull pujar a l'Everest!	Mi volas supreniri la Evereston!	Io vole ascender le monte Everest!	5
01388	Verbs	to touch	berühren	tocar	toucher	toccare	tocar, apalpar	tocar	tuŝi	toccar	Er ist so groß, dass er die Decke berühren kann	Es tan alto que puede tocar el techo	Il est si grand qu'il peut toucher le plafond	È così alto che tocca il soffitto.	Ele é tão alto que consegue tocar o teto	He's so tall he can touch the ceiling	És tan alt que pot tocar el sostre	Li estas tiel alta, ke li povas tuŝi la plafonon.	Ille es tanto alte que ille pote toccar le plafond.	5
01389	Nouns	door	die Tür 	la puerta	la porte	la porta	a porta	la porta (les portes)	pordo	porta	Sie öffnet die Tür	Ella abre la puerta.	Elle ouvre la porte.	Lei apre la porta.	Ela abre a porta.	She opens the door	Ella obre la porta.	Ŝi malfermas la pordon.	Illa aperi le porta.	5
01390	Nouns	access	der Zugriff	el acceso	l'accès	l'accesso 	o acesso	l'accés (els accessos)	aliro	accesso	Ich hatte keinen Zugriff auf mein Telefon	No tenía acceso a mi teléfono	Je n'avais pas accès à mon téléphone	Non avevo accesso al mio telefono	Eu não tinha acesso ao meu telefone	I did not have access to my phone	No tenia accés al meu telèfon	Mi ne havis aliron al mia telefono	Io non habeva accesso a mi telephono.	5
01391	Nouns	tissue	das Taschentuch 	el pañuelo	le mouchoir 	il fazzoletto	o lenço de papel 	el mocador de paper (els mocadors de paper)	poŝtuko	panniculo	Ana hat Taschentücher	Ana tiene pañuelos.	Ana a des mouchoirs.	Ana ha dei fazzoletti.	A Ana tem lenços de papel.	Ana has tissues	L'Ana té mocadors de paper.	Ana havas poŝtukojn.	Ana ha panniculos.	5
01392	Nouns	drawback, disadvantage 	der Nachteil  	el inconveniente	l'inconvénient , le désavantage	l'inconveniente, lo svantaggio	o inconveniente	l'inconvenient (els inconvenients)	malavantaĝo	inconveniente	Der Schlaf hat die Vorteile des Todes, ohne dessen kleinen Nachteil. [Albert Cohen]	El sueño tiene las ventajas de la muerte, sin su pequeño inconveniente [Albert Cohen]	Le sommeil a les avantages de la mort, sans son petit inconvénient [Albert Cohen]	Il sonno ha i vantaggi della morte senza il suo piccolo inconveniente [Albert Cohen]	O sono tem as vantagens da morte, sem seu pequeno inconveniente  [Albert Cohen]	Sleep has the advantages of death without that one minor drawback [Albert Cohen]	El somni té els avantatges de la mort, sense el seu petit inconvenient. [Albert Cohen]	Dormo havas la avantaĝojn de morto, sen ĝia malgranda malavantaĝo. [Albert Cohen]	Le somno ha le avantages del morte sin ille sol parve inconveniente [Albert Cohen]	5
01393	Nouns	joke	der Witz , der Scherz 	la broma, el chiste 	la blague	lo scherzo	a piada, a brincadeira	la broma (les bromes), l'acudit (els acudits)	ŝerco	joco	Ihr Witz war sehr lustig.	Su broma fue muy divertida.	Sa blague était très drôle.	Il suo scherzo è stato molto divertente.	Sua piada era muito engraçada	Her joke was very funny	La seva broma va ser molt divertida.	Lia ŝerco estis tre amuza.	Su joco esseva multo amusante.	5
01394	Nouns	class, kind, type 	die Klasse , die Art , der Typ 	la clase, el tipo (variedad)	la classe, le type	la classe, il tipo	a classe, o tipo	la classe (les classes), el tipus (els tipus)	klaso, tipo	typo	Es gibt viele verschiedene Arten von Autos.	Hay muchos tipos diferentes de coches	Il y a de nombreux types de voitures.	Ci sono vari tipi di auto.	Há diversos tipos de carros.	There are many different kinds of cars	Hi ha molts tipus de cotxes diferents.	Estas multaj diversaj specoj de aŭtoj.	Il ha multe differente typos de automobiles.	5
01395	Nouns	sentence	der Satz 	la frase 	la phrase	la frase	a frase	la frase (les frases), l'oració (les oracions)	frazo	phrase	Es gibt verschiedene Arten von Sätzen	Existen muchos tipos de frases.	Il existe plusieurs types de phrases.	Esistono vari tipi di frasi.	Há diversos tipos de frases.	There are several types of sentences	Hi ha diversos tipus de frases.	Estas pluraj specoj de frazoj.	Il existe multe typos de phrases.	5
01396	Nouns	security guard	der(die) Aufseher(in) , der(die) Wächter(in)  	el(la) guardián(ana) 	l'agent de sécurité	il(la) guardiano(a)	o(a) guarda	el guarda de seguretat (els guardes de seguretat)	sekurgardisto	guardiano de securitate	Er ist der Wächter des Hauses./Er ist der Hauswächter.	Es el guardián del edificio	C'est l'agent de sécurité de l'immeuble	È il guardiano dell'edificio	Ele é o guarda do prédio	He is the building security guard	És el guarda de seguretat de l'edifici	Li estas la sekurgardisto de la konstruaĵo	Ille es le guardiano de securitate del edificio.	5
01397	Nouns	ice	das Eis 	el hielo 	la glace, le glaçon	il ghiaccio	o gelo	el gel	glacio	glacie	Möchtest du Eiswürfel in deinem Getränk haben?	¿Te gustaría algo de hielo en tu bebida?	Est-ce que tu voudrais quelques glaçons dans ta boisson ?	Vuoi un po' di ghiaccio nella tua bibita?	Gostaria de gelo na sua bebida?	Would you like some ice in your drink?	Vols una mica de gel a la teva beguda?	Ĉu vi ŝatus iom da glacio en via trinkaĵo?	Vole tu un poco de glacie in tu bibita?	5
01398	Nouns	game 	das Spiel 	el juego 	le jeu	il gioco	o jogo	el joc (els jocs)	ludo	joco	Hat dir das Spiel gefallen?	¿Te gustó ese juego?	As-tu aimé ce jeu ?	Ti è piaciuto questo gioco?	Você gostou desse jogo?	Did you like that game?	T'ha agradat aquest joc?	Ĉu vi ŝatis tiun ludon?	Te placeva ille joco?	5
01399	Nouns	law 	das Gesetz 	la ley 	la loi	la legge	a lei	la llei (les lleis)	leĝo	lege	Gerechtigkeit und Gesetz sind zwei unterschiedliche Dinge	La justicia y la ley son dos cosas diferentes.	La justice et la loi sont deux choses différentes.	La giustizia e la legge sono due cose diverse.	A justiça e a lei são duas coisas diferentes.	Justice and the law are two different things	Justícia i llei són dues coses diferents.	Justeco kaj leĝo estas du malsamaj aferoj.	Justitia e le lege es duo cosas differente.	5
01400	Nouns	wood 	das Holz 	la madera 	le bois	il legno	a madeira	la fusta	ligno	ligno	Das Bett ist aus Holz	La cama es de madera.	Le lit est en bois.	Il letto è di legno.	A cama é feita de madeira.	The bed is made of wood	El llit és de fusta.	La lito estas el ligno.	Le lecto es facite de ligno.	5
01401	Nouns	lie  	die Lüge 	la mentira	le mensonge	la bugia	a mentira	la mentida (les mentides)	mensogo	mentira	Er erzählt lauter Lügen	No hace más que decir mentiras	Il ne raconte que des mensonges.	Lui racconta solo bugie.	Ele só diz mentiras.	He tells nothing but lies	No fa més que dir mentides.	Li nur diras mensogojn.	Il dice nihil salvo mendacios.	5
01402	Nouns	Christmas	das Weihnachten, die Weihnacht 	la Navidad	Noël	il Natale	o natal	el Nadal	Kristnasko	Natal	Frohe Weihnachten!	¡Feliz Navidad!	Joyeux Noël !	Buon Natale!	Feliz Natal!	Merry Christmas!	Bon Nadal!	Feliĉan Kristnaskon!	Bon Natal!	5
01403	Nouns	piece, portion	der Teil , das Stück 	el trozo, la porción	la part	la porzione	a parte, o pedaço	el tros (els trossos), la porció (les porcions)	peco, porcio	pecia	Er schenkte mir ein Stück Kuchen.	Me dio un trozo de pastel	Il m'a donné une part de gâteau.	Mi ha dato una porzione di dolce.	Ele me deu um pedaço do bolo.	He gave me a piece of cake	Em va donar un tros de pastís.	Li donis al mi pecon da kuko.	Il me dava un pecia de torta.	5
01404	Nouns	person	die Person 	la persona 	la personne	la persona	a pessoa	la persona (les persones)	persono	persona	Ich kenne diese Person nicht	No conozco a esa persona	Je ne connais pas cette personne	Non conosco questa persona.	Eu não conheço essa pessoa.	I don't know that person	No conec aquesta persona.	Mi ne konas tiun personon.	Io non cognosce ille persona.	5
01405	Nouns	answer, reply 	die Antwort 	la respuesta 	la réponse	la risposta	a resposta	la resposta (les respostes)	respondo	responsa	Ich brauche eine schnelle Antwort.	Necesito una respuesta rápidamente.	J'ai besoin d'une réponse rapidement.	Ho bisogno di una risposta velocemente.	Preciso de uma resposta rapidamente.	I need a quick reply.	Necessito una resposta ràpida.	Mi bezonas rapidan respondon.	Io necessita un responsa rapide.	5
01406	Nouns	dream 	der Traum 	el sueño	le rêve	il sogno	o sonho	el somni (els somnis)	sonĝo	sonio	Mein Traum ist esum die Welt zu reisen.	Mi sueño es viajar por el mundo.	Mon rêve est de faire le tour du monde.	Il mio sogno è fare il giro del mondo.	Meu sonho é dar a volta ao mundo.	My dream is to travel around the world	El meu somni és viatjar pel món.	Mia sonĝo estas vojaĝi ĉirkaŭ la mondo.	Mi sonio es viagiar circum le mundo.	5
01407	Nouns	type, kind	der Typ , die Art  	el tipo 	le type (pas la personne), la sorte	il tipo, il genere	o tipo	el tipus (els tipus), la mena (les menes)	tipo, speco	typo	Ich mag diese Art Hotel nicht	No me gusta este tipo de hotel	Je n'aime pas ce type d'hôtel	Non mi piace questo tipo di albergo	Não gosto deste tipo de hotel	I don't like this type of hotel	No m'agrada aquest tipus d'hotel.	Mi ne ŝatas ĉi tiun tipon de hotelo.	Io non me place iste typo de hotel.	5
01408	Nouns	voice	die Stimme 	la voz 	la voix	la voce	a voz	la veu (les veus)	voĉo	voce	Diese Sängerin hat eine wunderschöne Stimme.	Esta cantante tiene una voz muy bonita	Cette chanteuse a une belle voix.	Questa cantante ha una bella voce.	Esta cantora tem uma bela voz.	That singer has a beautiful voice	Aquesta cantant té una veu molt bonica.	Tiu kantistino havas belan voĉon.	Ille cantator ha un voce belle.	5
01409	Nouns	air	 die Luft 	el aire	l'air 	l'aria	o ar	l'aire	aero	aere	Die Luft am Land tut ihr gut.	El aire del campo le va bien	L'air de la campagne lui fait du bien.	L'aria della campagna gli fa bene.	O ar do campo lhe faz bem.	The air in the country is good for her	L'aire del camp li va bé.	La kampara aero bonfaras al ŝi.	Le aere del campo es bon pro illo.	5
01410	Nouns	beauty	die Schönheit 	la belleza	la beauté	la bellezza	a beleza	la bellesa	beleco	beltate	Ich werde nie die Schönheit dieser Landschaft vergessen	Nunca olvidaré la belleza de este paisaje	Je n'oublierai jamais la beauté de ce paysage	Non dimenticherò mai la bellezza di questo paesaggio 	Eu nunca esquecerei a beleza desta paisagem	I'll never forget the beauty of this landscape	No oblidaré mai la bellesa d'aquest paisatge.	Mi neniam forgesos la belecon de ĉi tiu pejzaĝo.	Io non oblidara jammais le beltate de iste paisage.	5
01411	Nouns	birth	die Geburt 	el nacimiento	la naissance	la nascita	o nascimento	el naixement (els naixements)	naskiĝo	nascentia	Die Geburt eines Kindes ist ein glücklicher Moment	El nacimiento de un niño es un momento de alegría.	La naissance d'un enfant est un moment joyeux.	La nascita di un bambino è un momento di gioia.	O nascimento de uma criança é um momento de alegria.	The birth of a child is a happy moment	El naixement d'un nen és un moment d'alegria.	La naskiĝo de infano estas feliĉa momento.	Le nascentia de un infante es un momento de gaudio.	5
01412	Nouns	copy	die Kopie 	la copia	la copie	la copia	a cópia	la còpia (les còpies)	kopio	copia	Ich muss eine Kopie dieses Dokuments machen	Necesito hacer una copia de este documento.	J'ai besoin de faire une copie de ce document.	Ho bisogno di fare una copia di questo documento.	Preciso fazer uma cópia desse documento.	I need to make a copy of that document	Necessito fer una còpia d'aquest document.	Mi bezonas fari kopion de tiu dokumento.	Io necessita facer un copia de ille documento.	5
01413	Nouns	electricity	die Elektrizität 	la electricidad	l'électricité 	l'elettricità	a eletricidade	l'electricitat	elektro	electricitate	Das Wort Elektrizität stammt aus demGriechischen, vom Wort «elektron»	La palabra «electricidad» proviene del griego «elektron»	Le mot électricité vient du grec «elektron»	La parola elettricità viene dal greco «elektron»	A palavra eletricidade vem do grego «elektron»	The word «electricity» comes from the Greek «elektron»	La paraula «electricitat» prové del grec «elektron».	La vorto «elektro» devenas de la greka «elektron».	Le parola «electricitate» proveni del greco «elektron».	5
01414	Nouns	issue	das Problem , die Frage 	el asunto, la cuestión	le problème, la question	il problema, la questione	o problema, a questão	l'assumpte (els assumptes), la qüestió (les qüestions)	afero, problemo	question	Wir müssen uns auf das grundlegende Problem konzentrieren	Necesitamos centrarnos en el asunto principal.	Nous devons nous concentrer sur le problème principal.	Dobbiamo concentrarci sul problema principale.	Devemos nos concentrar na questão principal.	We have to concentrate on the main issue	Ens hem de centrar en l'assumpte principal.	Ni devas koncentriĝi pri la ĉefa afero.	Nos debe concentrar nos super le question principal.	5
01415	Nouns	joy	die Freude 	la alegría	la joie	la gioia	a alegria	l'alegria	ĝojo	gaudio	Voller Freude lächelt sie ihr Baby an.	Llena de alegría, le sonríe a su bebé.	Pleine de joie, elle sourità son bébé.	Piena di gioia, sorride al suo bebè.	Cheia de alegria, ela sorri para o seu bebê.	Full of joy, she smiles at her baby	Plena d'alegria, somriu al seu nadó.	Plena de ĝojo, ŝi ridetas al sia bebo.	Plen de gaudio, illa ride a su baby.	5
01416	Nouns	moment	der Moment 	el momento	le moment	il momento	o momento	el moment (els moments)	momento	momento	Einen Moment, bitte	Un momento, por favor	Un moment, s'il vous plaît	Un momento, per favore	Um momento, por favor	One moment, please	Un moment, si us plau.	Unu momenton, bonvolu.	Un momento, per favor.	5
01417	Nouns	need, necessity	das Bedürfnis , die Notwendigkeit 	la necesidad	le besoin, la nécessité	il bisogno, la necessità	a necessidade, a ânsia	la necessitat (les necessitats)	bezono, neceso	necessitate	Schlafen und essen sind grundlegende Bedürfnisse	Dormir y comer son necesidades básicas.	Dormir et manger sont des besoins de base.	Dormire e mangiare sono bisogni basici.	Dormir e comer são necessidades básicas.	Sleep and food are basic needs	Dormir i menjar són necessitats bàsiques.	Dormado kaj manĝado estas bazaj bezonoj.	Le somno e le alimento es necessitates basic.	5
01418	Nouns	race	der Wettlauf , das Wettrennen , das Rennen 	la carrera	la course	la corsa	a corrida	la cursa (les curses)	vetkuro	cursa	Die Läufer trainierten für das Rennen.	Los corredores entrenaron para la carrera.	Les coureurs se sont entraînés pour la course.	I corridori si sono allenati per la corsa.	Os corredores treinaram para a corrida.	The runners trained for the race	Els corredors es van entrenar per a la cursa.	La kuristoj trejnis por la vetkuro.	Le cursores se trainava pro le cursa.	5
01419	Nouns	shame	die Scham , die Schande 	la vergüenza	la honte	la vergogna	a vergonha	la vergonya	honto	vergonia	Es ist keine Schande zu weinen	No hay que tener vergüenza por llorar.	Il n'y a pas de honte à pleurer	Non c'è vergogna nel piangere.	Não há vergonha em chorar.	There's no shame in crying.	No hi ha vergonya a plorar.	Ne estas honto plori.	Il non ha vergonia in plorar.	5
01420	Nouns	pollution	die (Umwelt)Verschmutzung 	la polución	la pollution	l'inquinamento	a poluição	la contaminació, la pol·lució	poluado	pollution	Heutzutage gibt es überall Umweltverschmutzung	Hoy día la polución está portodas partes.	La pollution est aujourd'hui partout.	Oggi c'è inquinamento ovunque.	Hoje, há poluição por toda parte.	Today, there is pollution everywhere	Avui dia, la contaminació és a tot arreu.	Hodiaŭ, poluado estas ĉie.	Hodie il ha pollution ubique.	5
01421	Food & Dining	I love chinese food	Ich liebe chinesisches Essen	Me encanta la comida china	J'adore la nourriture chinoise	Amo il cibo cinese	Gosto de comida chinesa	M'encanta el menjar xinès	Mi amas la ĉinan manĝaĵon	Io adora le cocina chinese										5
01422	Food & Dining	For here or to go? (US) / To eat in or take away? (UK)	Zum hier Essen oder zum Mitnehmen?	¿Para comer aquí o para llevar?	À manger sur place ou à emporter ?	Da mangiare qui o da asporto?	Para comer aqui ou para viagem?	Per menjar aquí o per emportar?	Por manĝi ĉi tie aŭ por kunporti?	Pro mangiar hic o pro portar via?										5
01423	Food & Dining	I'm a vegetarian	Ich bin Vegetarier	Soy vegetariano	Je suis végétarien	Sono vegetariano	Sou vegetariano	Sóc vegetarià/vegetariana	Mi estas vegetarano	Io es vegetariano										5
01424	Food & Dining	I don't eat pork	Ich esse kein Schweinefleisch	No como cerdo	Je ne mange pas de porc	Non mangio il maiale	Não como porco	No menjo porc	Mi ne manĝas porkaĵon	Io non mangia carne de porco										5
01425	Food & Dining	I only eat kosher food	Ich esse nur koscheres Essen	Sólo como comida kósher	Je ne mange que de la nourriture casher	Mangio solamente del cibo kasher	Somente como comida kosher	Només menjo menjar caixer	Mi manĝas nur koŝeran manĝaĵon	Io mangia solmente alimentos kosher										5
01426	Food & Dining	I would like still water please	Ich hätte gern stilles Wasser, bitte	Quisiera agua sin gas, por favor	Je souhaiterais de l'eau plate s'il vous plaît	Vorrei dell'acqua liscia, per favore	Gostaria de água sem gás, por favor	Voldria aigua sense gas, si us plau	Mi ŝatus akvon sen gaso, bonvolu	Io volerea aqua sin gas, per favor										5
01427	Food & Dining	It's delicious	Das ist lecker	Está delicioso (a)	C'est délicieux	È buonissimo	Está delicioso(a)	És deliciós	Ĝi estas bongusta	Illo es deliciose										5
01428	Food & Dining	bitter	bitter	amargo(a)	amer(ère)	amaro	amargo(a)	amarg(a)	amara	amar										5
01429	Food & Dining	diet	die Diät 	la dieta	le régime	la dieta	a dieta, o regime	la dieta (les dietes), el règim (els règims)	dieto	dieta										5
01430	Cooking	ingredient	die Zutat 	el ingrediente	l'ingrédient 	l'ingrediente 	o ingrediente	l'ingredient (els ingredients)	ingredienco	ingrediente	Ich habe alle Zutaten für dieses Rezept	Tengo todos los ingredientes para esta receta	J'ai tous les ingrédients pour cette recette	Ho tutti gli ingredienti per questa ricetta	Eu tenho todos os ingredientes para essa receita	I have all the ingredients for this recipe	Tinc tots els ingredients per a aquesta recepta.	Mi havas ĉiujn ingrediencojn por ĉi tiu recepto.	Io ha omne le ingredientes pro iste recipe	5
01431	Cooking	microwave oven 	die Mikrowelle 	el horno microondas	le four micro-ondes	il forno a microonde	o forno micro-ondas	el forn microones (els forns microones)	mikroonda forno	furno a microundas										5
01432	Food	tart, pie	der Kuchen , die Quiche	la tarta	la tarte	la crostata	a torta	el pastís (els pastissos), la tarta (les tartes)	torto	torta										5
01433	Food	soup 	die Suppe 	la sopa	la soupe	la zuppa	a sopa	la sopa (les sopes)	supo	suppa										5
01434	Food	cookie (US), biscuit (UK)	der Keks 	la galleta	le biscuit	il biscotto	o biscoito	la galeta (les galetes)	kekso, biskvito	biscuit										5
01435	Drinks	It's on me	Das geht auf mich	Yo invito	C'est moi qui paye, c'est moi qui invite	Pago io	É por minha conta	Jo convido	Estas miavice	io invita	Nimmst du ein Glas? Das geht auf mich	¿Quieres tomar algo? Yo invito	Tu veux un verre ? C'est moi qui invite	Vuoi un bicchiere? Pago io.	Quer beber alguma coisa? É por minha conta	Do you want a drink? It's on me	Vols prendre alguna cosa? Jo convido.	Ĉu vi volas trinkaĵon? Estas miavice.	Vole tu biber alco? Io invita.	5
01436	Drinks	a glass of champagne	ein Champagnerglas  	una copa de champán	une coupe de champagne	una coppa di champagne	uma taça de champanhe	una copa de xampany	glaso da ĉampano	un calice de champagne										5
01437	Food	vegetables	das Gemüse, die Gemüsesorten	la verdura, las verduras	les légumes 	la verdura, le verdure	os legumes	les verdures	legomoj	verduras	Soll ich dieses Gemüse auch schneiden?	¿Corto también estas verduras?	Je coupe aussi ceslégumes ?	Taglio anche queste verdure?	Corto estes legumes também?	Should I cut these vegetables, too?	Tallo també aquestes verdures?	Ĉu mi tranĉu ankaŭ ĉi tiujn legomojn?	Debe io taliar etiam iste verduras?	5
01438	Food	croissant	das Croissant	el cruasán	le croissant	croissant	o croissant	el croissant (els croissants)	kruasano	croissant	Ich hätte gerne drei Croissants, bitte	Querría tres cruasanes, por favor	Je voudrais trois croissants, s'il vous plaît	Vorrei tre croissant per favore	Eu gostaria de três croissants, por favor	I would like three croissants, please	Voldria tres croissants, si us plau.	Mi ŝatus tri kruasanojn, bonvolu.	Io volerea tres croissantes, per favor.	5
01439	Food	cereal	das Müsli , das Getreide	los cereales	les céréales 	i cereali	os cereais	els cereals	cerealoj	cereales										5
01440	Meat & Seafood	squid	der Kalmar, der Tintenfisch 	el calamar	le calamar (ou calmar)	il calamaro	a lula	el calamar (els calamars)	kalmaro	calamar										5
01441	Meat & Seafood	oysters	die Austern	las ostras	les huîtres	le ostriche	as ostras	les ostres	ostroj	ostreas										5
01442	Meat & Seafood	mussels	die Miesmuscheln 	los mejillones	les moules 	le cozze	os mexilhões	els musclos	mituloj	mytilos										5
01443	Meat & Seafood	spiny lobster	die Languste 	la langosta	la langouste	l'aragosta di roccia	a lagosta 	la llagosta (les llagostes)	langusto	langusta										5
01444	Meat & Seafood	lobster	der Hummer 	el bogavante	le homard	l'astice 	o lavagante, a lagosta-americana	el llamàntol (els llamàntols)	omaro	homaro										5
01445	Vegetables	broccoli	der Brokkoli 	el brócoli	le brocoli	il broccolo	o brócolis 	el bròquil (els bròquils), el bròcoli (els bròcolis)	brokolo	broccoli										5
01446	Vegetables	cucumber	die Gurke 	el pepino	le concombre 	il cetriolo	o pepino	el cogombre (els cogombres)	kukumo	cucumere										5
01447	Vegetables	squash, pumpkin	der (Garten)Kürbis 	la calabaza	la courge, la citrouille	la zucca	a abóbora	la carabassa (les carabasses)	kukurbo	cucurbita										5
01448	Vegetables	zucchini (US), courgette (UK)	die Zucchini 	el calabacín	la courgette 	la zucchina	a abobrinha	el carabassó (els carabassons)	kukurbo	cucurbita										5
01449	Vegetables	avocado	die Avocado 	el aguacate	l'avocat  (fruit)	l'avocado	o abacate	l'alvocat (els alvocats)	avokado	avocato										5
01450	Vegetables	peas	die (grünen) Erbsen	los guisantes (E)  / las arvejas (AL)	les petits pois	i piselli	as ervilhas	els pèsols	pizoj	pisos										5
01451	Fruits	mango	die Mango 	el mango	la mangue	il mango	a manga	el mango (els mangos)	mango	mango										5
01452	Fruits	kiwi	die Kiwi 	el kiwi	le kiwi	il kiwi	o kiwi	el kiwi (els kiwis)	kivio	kiwi										5
01453	Fruits	blackberry	die Brombeere 	la mora	la mûre	la mora	a amora	la móra (les móres)	rubuso	mora										5
01454	Fruits	grapes	die (Wein)Trauben	las uvas	les raisins, du raisin	l'uva	as uvas	el raïm	vinberoj	uvas										5
01455	Fruits	watermelon	die Wassermelone 	la sandía (ES) / la patilla (AL)	la pastèque 	l'anguria	a melancia	la síndria (les síndries)	akvomelono	melon de aqua										5
01456	Fruits	plum	die Pflaume 	la ciruela	la prune	la prugna	a ameixa	la pruna (les prunes)	pruno	pruna										5
01457	Fruits	apricot	die Aprikose 	el albaricoque	l'abricot 	l'albicocca	o damasco	l'albercoc (els albercocs)	abrikoto	albricoc										5
01458	Fruits	raspberry	die Himbeere 	la frambuesa	la framboise 	il lampone	a framboesa	el gerd (els gerds)	frambo	frambese										5
01459	Fruits	fig	die Feige 	el higo	la figue 	il fico	o figo	la figa (les figues)	figo	fico										5
01460	Fruits	mandarin orange	die Mandarine 	la mandarina	la mandarine 	il mandarino	a tangerina	la mandarina (les mandarines)	mandarino	mandarina										5
01461	Fruits	melon	die Melone 	el melón	le melon 	il melone	o melão	el meló (els melons)	melono	melon										5
01462	Fruits	coconut	die Kokosnuss 	el coco	la noix de coco 	il cocco	o coco	el coco (els cocos)	kokoso	coco										5
01463	Spices & Condiments	garlic	der Knoblauch , die Knoblauchzehe 	el ajo	l'ail (m) 	l'aglio	o alho	l'all (els alls)	ajlo	allio										5
01464	Spices & Condiments	onion	die Zwiebel 	la cebolla	l'oignon 	la cipolla	a cebola	la ceba (les cebes)	cepo	cepa										5
01465	Spices & Condiments	vinegar	der Essig 	el vinagre	le vinaigre 	l'aceto	o vinagre	el vinagre (els vinagres)	vinagro	aceto										5
01466	Spices & Condiments	oil	das Öl 	el aceite (de cocina)	l'huile  (de cuisine)	l'olio	o óleo (de cozinha)	l'oli (els olis)	oleo	oleo							oli (de cuina)	oleo (por kuirado)		5
01467	Hotel	a luxury hotel	ein Luxushotel  	un hotel de lujo	un hôtel de luxe	un albergo di lusso	um hotel de luxo	un hotel de luxe	luksa hotelo	un hotel de luxo										5
01468	Home & Furniture	host	der Gastgeber 	el anfitrión	l'hôte 	il padrone di casa, la persona che ospita	o anfitrião	l'amfitrió (els amfitrions)	gastiganto	hospite	Das Haus ist sehr schön und sein Gastgeber sehr nett	La casa es muy linda y el anfitrión muy simpático	La maison est très jolie et son hôte très sympa	La casa è molto carina e il suo padrone di casa molto simpatico	A casa é muito linda, e seu anfitrião é muito simpático	The house is beautiful, and the host nice	La casa és molt bonica i l'amfitrió molt simpàtic.	La domo estas tre bela kaj la gastiganto tre simpatia.	Le casa es multo belle, e le hospite es multo sympathic.	5
01469	Home & Furniture	living room	das Wohnzimmer	el salón, la sala de estar	le salon, la salle de séjour	il salotto, il soggiorno	sala de estar	la sala d'estar (les sales d'estar), el saló (els salons)	salono, vivĉambro	sala de sojorno	Ich habe im Wohnzimmer nachgeschaut	He mirado en el salón	J'ai regardé dans le salon	Ho guardato in salotto	Eu olhei na sala de estar	I looked in the living room	He mirat a la sala d'estar.	Mi rigardis en la salono.	Io ha guardate in le sala de sojorno.	5
01470	Home & Furniture	bench	die Bank	el banco (asiento)	le banc	la panchina	o banco (de praça)	el banc (els bancs)	benko	banco	Ich saß auf einer Bank	Estaba sentado en un banco	J'étais assis sur un banc	Ero seduto su una panchina	Eu estava sentado num banco	I was sitting on a bench	Estava assegut en un banc.	Mi sidis sur benko.	Io esseva sedite sur un banco.	5
01471	Home & Furniture	terrace, balcony	die Terrasse , der Balkon 	la terraza, el balcón	la terrasse, le balcon	la terrazza, il balcone	o terraço, a varanda	la terrassa (les terrasses), el balcó (els balcons)	teraso, balkono	terrassa, balcon										5
01472	Home & Furniture	stairs	die Treppe 	la escalera	l'escalier 	la scala	a escada	l'escala (les escales)	ŝtuparo	scala										5
01473	Home & Furniture	front door	die Eingangstür 	la puerta de entrada	la porte d'entrée 	la porta d'ingresso	a porta de entrada	la porta d'entrada (les portes d'entrada)	enirpordo	porta de entrata										5
01474	Home & Furniture	armchair	der Sessel 	el sillón	le fauteuil 	la poltrona	a poltrona	la butaca (les butaques)	fotelo	fauteuil										5
01475	Home & Furniture	drawer	die Schublade , die Lade 	el cajón	le tiroir 	il cassetto	a gaveta	el calaix (els calaixos)	tirkesto	tiratorio										5
01476	Home & Furniture	dishwasher 	der Geschirrspüler 	el lavaplatos 	le lave-vaisselle	la lavastoviglie	a lava-louças	el rentaplats (els rentaplats)	vazlavilo	lavaplattos										5
01477	House Description	atmosphere  	die Atmosphäre 	el ambiente  	l'atmosphère 	l'atmosfera	a atmosfera	l'ambient (els ambients)	atmosfero	ambiente										5
01478	House Description	exterior 	das Äußere 	el exterior 	l'extérieur 	l'esterno	o exterior	l'exterior (els exteriors)	eksteraĵo	exterior										5
01479	House Description	interior 	das Innere 	el interior 	l'intérieur 	gli interni	o interior	l'interior (els interiors)	interno	interior										5
01480	House Description	luxury 	der Luxus 	el lujo 	le luxe	il lusso	o luxo	el luxe	lukso	luxo										5
01481	House Description	luxurious 	luxuriös	lujoso(a) 	luxueux(se)	lussuoso(a)	luxuoso(a)	luxós, luxosa	luksa	luxuriose										5
01482	House Description	elegant 	elegant	elegante 	élégant	elegante	elegante	elegant	eleganta	elegante										5
01483	House Description	formal 	streng, formell	formal	formel	formale	formal	formal	formala	formal										5
01484	House Description	informal	informell	informal	informel	informale	informal	informal	neformala	informal										5
01485	House Description	modern 	modern	moderno(a) 	moderne	moderno(a)	moderno(a)	modern(a)	moderna	moderne										5
01486	House Description	traditional 	traditionell	tradicional 	traditionnel 	tradizionale	tradicional	tradicional	tradicia	traditional										5
01487	Household chores	to wash 	waschen, wischen, putzen	lavar, fregar	laver	lavare	lavar	rentar, fregar	lavi	lavar										5
01488	Personal care	to dry (oneself)	sich abtrocknen	secarse 	se sécher	asciugarsi	secar-se	assecar-se	sekiĝi	siccar se										5
01489	Requests & Assistance	Can I help you with anything?	Kann ich Ihnen irgendwie helfen?	¿Puedo ayudarle en algo?	Je peux vous aider à faire quelque chose?	Posso aiutarla in qualche cosa?	Posso te ajudar em algo?	Puc ajudar-lo en alguna cosa?	Ĉu mi povas helpi vin pri io?	Pote io adjutar vos in alique?										5
01490	Requests & Assistance	I don't need any help for now, thanks	Ich brauche im Moment keine Hilfe, danke	No necesito ayuda por ahora, gracias	Je n'ai pas besoin d'aide pour l'instant, merci	Non ho bisogno di aiuto per ora, grazie	Não preciso de ajuda agora, obrigado	No necessito ajuda per ara, gràcies	Mi ne bezonas helpon por la momento, dankon	Io non necessita ulle adjuta pro nunc, gratias										5
01491	Requests & Assistance	No problem, I can help you	Kein Problem, ich kann Ihnen helfen	No hay problema, puedo ayudarle	Pas de problème, je peux vous aider	Nessun problema, posso aiutarla	Sem problemas, posso te ajudar	Cap problema, puc ajudar-lo	Neniu problemo, mi povas helpi vin	Nulle problema, io pote adjutar vos										5
01492	Requests & Assistance	If you don't mind, I would like to use your computer for a bit	Wenn es Sie nicht stört, würde ich gern eine Weile Ihren Computer benutzen	Si no le importa, quisiera utilizar su ordenador (computador AL) un momento	Si ça ne vous dérange pas, j'aimerais utiliser votre ordinateur un moment	Se non la disturba, vorrei usare un poco il suo computer 	Se não se importa, gostaria de usar o seu computador um momento	Si no li fa res, voldria fer servir el seu ordinador una estona	Se ne ĝenas vin, mi ŝatus uzi vian komputilon iomete	Si non vos importa, io volerea usar vostre computator durante un momento										5
01493	Requests & Assistance	Can anyone help me?	Kann mir jemand helfen?	¿Alguien puede ayudarme?	Quelqu'un peut m'aider?	Qualcuno può aiutarmi?	Alguém pode me ajudar?	Algú em pot ajudar?	Ĉu iu povas helpi min?	Esque alcuno pote adjutar me?										5
01494	Accommodation	stay, visit	der Aufenthalt	la estancia	le séjour	il soggiorno	a estada	l'estada (les estades), la visita (les visites)	restado	sojorno, visita	Mein Aufenthalt im Hilton war sehr angenehm!	¡Mi estancia en el Hilton fue muy agradable!	Mon séjour au Hilton a été très agréable !	Il mio soggiorno all'Hilton è stato molto piacevole!	Minha estada no Hilton foi muito agradável!	My stay at the Hilton was very pleasant!	La meva estada al Hilton va ser molt agradable!	Mia restado ĉe la Hilton estis tre agrabla!	Mi sojorno al Hilton esseva multo placente!	5
01495	Accommodation	Is this place safe?	Ist dieser Ort sicher?	¿Este lugar es seguro?	Ce lieu est sûr?	Questo luogo è sicuro?	Este lugar é seguro?	És segur aquest lloc?	Ĉu ĉi tiu loko estas sekura?	Esque iste loco es secur?										5
01496	Accommodation	backpacker	der Rucksacktourist 	el mochilero	le routard	l'escursionista, il saccopelista	o mochileiro	el motxiller (els motxillers), la motxillera (les motxilleres)	dorsosakulo	viagiator con sacco a dorso	Ein Rucksacktourist ist jemand, der mit einem Rucksack reist	Un mochilero es alguien que viaja con una mochila en la espalda	Un routard est quelqu'un qui voyage avec un sac à dos	Un saccopelista è qualcuno che viaggia con uno zaino da spalla	Um mochileiro é alguém que viaja com sua mochila nas costas	A backpacker is a person who travels with a backpack	Un motxiller és una persona que viatja amb una motxilla.	Dorsosakulo estas homo, kiu vojaĝas kun dorsosako.	Un viagiator con sacco a dorso es un persona qui viagia con un sacco a dorso.	5
01497	Directions & Location	I can't find the way	Ich kann den Weg nicht finden	No puedo encontrar el camino	Je ne peux pas trouver le chemin	Non riesco a trovare la direzione	(Eu) não consigo encontrar o caminho	No trobo el camí	Mi ne povas trovi la vojon	Io non pote trovar le cammino.										5
01498	Directions & Location	beside	neben	al lado de	à côté de	accanto a, vicino a	ao lado de	al costat de	apud	al latere de										5
01499	Directions & Location	over there	dort	allá, allí	là-bas	là	lá	allà	tie	illac	Einverstanden, ich sehe dich dort.	De acuerdo, te veo allá	D'accord, je te vois là-bas.	D'accordo, ci vediamo là.	OK. Vejo você lá.	OK, I'll see you over there	D'acord, ens veiem allà.	Bone, mi vidos vin tie.	De accordo, io te videra illac.	5
01500	Transportation	to start (a vehicle)	losfahren, (ein Fahrzeug) starten	arrancar (un vehículo)	démarrer (un véhicule)	mettere in moto	dar partida (em um veículo)	arrencar (un vehicle)	startigi (veturilon)	poner in marcha un vehiculo										5
01501	Transportation	lane 	die Fahrspur 	el carril 	la voie	la corsia	a via, a estrada	el carril (els carrils)	leno	banda de circulation										5
01502	Transportation	Get off the highway (US) / motorway (UK) at exit number five [5]	Verlassen Sie die Autobahn an der Ausfahrt Nummer fünf 	Deje la autopista en la salida número cinco 	Quittez l'autoroute à la sortie numéro cinq 	Esca dall'autostrada all'uscita numero cinque 	Saia da rodovia na saída de número cinco 	Surti de l'autopista a la sortida número cinc	Eliru la aŭtovojon ĉe elirejo numero kvin	Quita le autostrata al sortita numero cinque										5
01503	Transportation	toll road 	die gebührenpflichtige Straße , die Mautstraße 	la carretera con peaje 	la route à péage	la strada a pedaggio	a estrada com pedágio	la carretera de peatge (les carreteres de peatge)	pagvojo	strata a pedage										5
01504	Transportation	dead-end street, no through road	die Sackgasse 	la calle sin salida 	la voie sans issue	la strada senza uscita	a rua sem saída	el carrer sense sortida (els carrers sense sortida)	sakstrato	strata sin sortita										5
01505	Transportation	one-way street	die Einbahnstraße 	la calle de un solo sentido	la rue à sens unique	la strada a senso unico	a rua de mão única (f)	el carrer d'un sol sentit (els carrers d'un sol sentit)	unudirekta strato	strata a senso unic										5
01506	Transportation	There is a lot of traffic on the streets today	Heute gibt es viel Verkehr auf den Straßen	Hay mucho tráfico en las calles hoy	Il y a beaucoup de circulation dans les rues aujourd'hui	C'è molto traffico sulle strade oggi	Há muito tráfego nas ruas hoje	Avui hi ha molt de trànsit als carrers	Hodiaŭ estas multe da trafiko sur la stratoj	Il ha multe traffico in le stratas hodie										5
01507	Transportation	traffic jam	der (Verkehrs)Stau  	el embotellamiento	l'embouteillage , le bouchon	l'ingorgo (stradale) (m)	o engarrafamento (m)	l'embús (els embussos)	trafikŝtopiĝo	congestion de traffico										5
01508	Transportation	to park	parken	estacionar, aparcar 	(se) garer	parcheggiare	estacionar	aparcar, estacionar	parkumi	parcar										5
01509	Transportation	car park, parking lot	der Parkplatz 	el estacionamiento, el aparcamiento	le parking	il parcheggio	o estacionamento	l'aparcament (els aparcaments), el pàrquing (els pàrquings)	parkejo	parcamento										5
01510	Transportation	Where is the next gas (US) / petrol (UK) station?	Wo ist die nächste Tankstelle?	¿Dónde está la próxima gasolinera (ES) / estación de gasolina? (AL) 	Où est la prochaine station-service?	Dove sta la prossima stazione di benzina?	Onde fica o próximo posto de gasolina?	On és la propera benzinera?	Kie estas la sekva benzinstacio?	Ubi es le proxime station de gasolina?										5
01511	Transportation	diesel, fuel oil	der Diesel , das Dieselöl 	el diésel, el fuelóleo	le diesel, le mazout 	il diesel, il gasolio	o diesel, o óleo combustível	el dièsel	dizelo	diesel, oleo combustibile										5
01512	Transportation	lead-free, unleaded (UK)	bleifrei	sin plomo 	sans-plomb	senza piombo	sem chumbo	sense plom	senplumba	sin plumbo										5
01513	Transportation	a gas (US), petrol (UK) station	die Tankstelle 	la gasolinera 	la station-service	la stazione (f) di benzina/di servizio	o posto de gasolina (m)	la benzinera (les benzineres)	benzinstacio	station de gasolina										5
01514	Transportation	to run out (ran out, run out) of gas (US) / petrol (UK)	kein Benzin mehr haben	quedarse sin gasolina 	tomber en panne d'essence	restare senza benzina	ficar sem gasolina	quedar-se sense benzina	elĉerpi benzinon	remaner sin gasolina										5
01515	Transportation	to fill up the tank	tanken	llenar el depósito/ tanque	faire le plein d'essence	fare il pieno di benzina	encher o tanque	omplir el dipòsit	plenigi la benzinujon	plenar le deposito										5
01516	Car Maintenance	garage, repair shop	die Autowerkstatt 	el taller (de reparación de coches)	le garage (atelier)	l'autofficina (f), il meccanico (m)	a oficina (mecânica)	el taller (mecànic) (els tallers)	garaĝo, riparejo	garage, officina de reparation de automobiles										5
01517	Car Maintenance	the spare wheel	das Ersatzrad 	la rueda de repuesto 	la roue de secours	la ruota di scorta	o estepe	la roda de recanvi (les rodes de recanvi)	la rezervorado	rota de reserva										5
01518	Car Maintenance	horn	die Hupe 	el claxon, la bocina	le klaxon	il clacson	a buzina	el clàxon (els clàxons), la botzina (les botzines)	hupo	klaxon										5
01519	Car Maintenance	headlight	das Vorderlicht 	el faro 	le phare	il faro	o farol	el far (els fars)	antaŭa lampo	pharo										5
01520	Car Maintenance	rear-view mirror	der Rückspiegel 	el retrovisor 	le rétroviseur	lo specchietto retrovisore	o retrovisor	el retrovisor (els retrovisors)	retrospegulo	speculo retrovisor										5
01521	Travel	to land	landen	aterrizar	atterrir	atterrare	aterrizar	aterrar	surteriĝi	atterrar	Mein Flugzeug landet um 18:15 Uhr	Mi avión aterriza a las 18.15h	Mon avion atterrit à 18h15	Il mio aereo atterra alle 18.15	Meu avião aterriza às 18h15	My plane lands at 6:15 pm	El meu avió aterra a les 18:15h.	Mia aviadilo surteriĝas je la 18:15.	Mi avion atterra a 18:15.	5
01522	Travel	I don't have carry-on baggage (US) / hand luggage (UK)	Ich habe kein Handgepäck	No tengo equipaje de mano	Je n'ai pas de bagage à main	Non ho il bagaglio a mano	Não tenho bagagem de mão	No tinc equipatge de mà	Mi ne havas manpakaĵon	Io non ha bagage a mano										5
01523	Travel	I would like to travel in economy class	Ich würde gern in der 2. Klasse reisen	Quisiera viajar en clase económica	Je voudrais voyager en classe économique	Vorrei viaggiare in classe economica	Gostaria de viajar na classe econômica	M'agradaria viatjar en classe turista	Mi ŝatus vojaĝi en ekonomia klaso	Io volerea viagiar in classe economic										5
01524	Travel	I have two bottles of wine	Ich habe zwei Flaschen Wein	Tengo dos botellas de vino	J'ai deux bouteilles de vin	Ho due bottiglie di vino	Tenho duas garrafas de vinho	Tinc dues ampolles de vi	Mi havas du botelojn da vino	Io ha duo bottilias de vino										5
01525	Travel	You have to pay taxes	Sie müssen Steuern zahlen	Debe pagar impuestos	Vous devez payer des taxes	Deve pagare delle tasse	Deve pagar impostos	Ha de pagar impostos	Vi devas pagi impostojn	Vos debe pagar impostos										5
01526	Travel	duty free	zollfrei	duty-free (libre de impuestos)	détaxé	Duty free (esentasse)	duty free (livre de impostos)	lliure d'impostos	senimposta	libere de impostos										5
01527	Travel	excess luggage 	das Übergepäck 	el exceso de equipaje 	l'excédent de bagages	il bagaglio in eccesso	o excesso de bagagem	l'excés d'equipatge	troa pakaĵo	excesso de bagage										5
01528	Travel	to board 	an Bord gehen, einsteigen	embarcar 	embarquer	imbarcarsi	embarcar	embarcar	enŝipiĝi, enaviadiliĝi	imbarcar										5
01529	Travel	customs 	der Zoll 	la aduana 	la douane	la dogana	a alfândega	la duana (les duanes)	dogano	doana										5
01530	Travel	to take a trip [or «to make a trip» to a particular place.]	eine Reise machen	hacer un viaje 	faire un voyage	fare un viaggio	fazer uma viagem	fer un viatge	fari vojaĝon	facer un viage										5
01531	Money	Do you accept credit cards?	Akzeptieren Sie Kreditkarten?	¿Aceptan tarjetas de crédito? 	Vous acceptez les cartes de crédit?	Accetta carte di credito?	(Você) aceita cartões de crédito?	Accepteu targetes de crèdit?	Ĉu vi akceptas kreditkartojn?	Accepta vos cartas de credito?									Accepta vos cartas de credito?	5
01532	Money	Where can I get my currency converted?	Wo kann ich Geld wechseln?	¿Dónde puedo cambiar dinero?	Où puis-je changer de l'argent?	Dove posso cambiare i soldi?	Onde posso trocar dinheiro?	On puc canviar divises?	Kie mi povas ŝanĝi valuton?	Ubi pote io cambiar mi moneta?									Ubi pote io cambiar mi moneta?	5
01533	Money	What is the exchange rate?	Wie ist der Wechselkurs?	¿Cuál es la tasa de cambio?	Quel est le taux de change? 	Qual è il tasso di cambio?	Qual é a taxa de câmbio?	Quina és la taxa de canvi?	Kio estas la kurzo?	Qual es le curso de cambio?									Qual es le curso de cambio?	5
01534	Money	Could you give me a receipt?	Könnten Sie mir eine Quittung geben?	¿Podría darme un recibo?	Pourriez-vous me donner un reçu?	Potrebbe darmi uno scontrino?	Poderia me dar um recibo?	Podria donar-me un rebut?	Ĉu vi povus doni al mi kvitancon?	Poterea dar me un recepta?									Poterea dar me un recepta?	5
01535	Money	I am going to pay with a traveler's check	Ich werde mit einem Reisescheck bezahlen	Voy a pagar con un cheque de viaje	Je vais payer avec un chèque de voyage	Pago con un traveller's cheque	Vou pagar com cheque de viagem	Pagaré amb un xec de viatge	Mi pagos per vojaĝĉeko	Io va pagar con un cheque de viage									Io va pagar con un cheque de viage	5
01536	Shopping	change purse	der Geldbeutel , das Portemonnaie 	la cartera, el monedero	le porte-monnaie	la borsetta, il portamonete	o porta-moedas	el portamonedes (els portamonedes)	monujo	portamoneta										5
01537	Shopping	I'll give it to you for...	Ich gebe es Ihnen für...	Se lo dejo por... 	Je vous le donne pour...	Glielo do per...	Eu deixo por ...	L'hi deixo per...	Mi donos ĝin al vi por...	Io lo lassa a vos pro...	Ich gebe esIhnen für 10 €.	Se lo dejo por 10 €	Je vous le donne pour 10 €.	Glielo do per 10 €.	Eu deixo por 10 €.	I'll give it to you for €10	L'hi deixo per 10 €.	Mi donos ĝin al vi por 10 €.	Io lo lassa a vos pro 10 €	5
01538	Shopping	I can offer you...	Ich kann Ihnen ... anbieten	Le puedo ofrecer... 	Je peux vous offrir...	Le posso offrire...	Posso te oferecer...	Li puc oferir...	Mi povas oferti al vi...	Io pote offerer vos...										5
01539	Shopping	cheap 	billig, günstig, preiswert	barato(a) 	bon marché	economico(a)	barato(a)	barat(a)	malmultekosta	a bon mercato										5
01540	Shopping	to buy groceries	einkaufen (gehen/sein) 	hacer la compra (comprar comida)	faire les courses	fare la spesa 	os mantimentos, a comida (compras)	anar a comprar (menjar)	aĉeti nutraĵojn	comprar alimentos	Ich warLebensmittel einkaufen, damit wir Mittagessenkochen können	He ido a hacer la compra para poder cocinar algo para el almuerzo	J'ai fait les courses pour qu'on puisse cuisiner quelque chose pour le déjeuner	Ho fatto un po' di spesa così possiamo cucinare qualcosa per pranzo	Eu comprei mantimentos para podermos cozinhar algo para o almoço	I bought groceries so we can cook something for lunch	He anat a comprar per poder cuinar alguna cosa per dinar.	Mi aĉetis nutraĵojn por ke ni povu kuiri ion por tagmanĝo.	Io ha comprate alimentos a fin que nos pote cocinar alco pro le prandio	5
01541	Shopping	delivery	die Lieferung 	la entrega	la livraison	la consegna	a entrega	el lliurament (els lliuraments), l'entrega (les entregues)	liverado	livration										5
01542	Shopping	I'm going grocery shopping!	Ich gehe Lebensmittel einkaufen!	¡Voy a hacer la compra (ES) / las compras (AL) !	Je vais faire les courses(au supermarché) !	Vado a fare la spesa!	Eu vou fazer compras (no supermercado)!	Vaig a comprar!	Mi iras aĉeti nutraĵojn!	Io va comprar alimentos!										5
01543	Shopping	I would like a box of chocolates	Ich möchte eine Schachtel Pralinen	Quisiera una caja de chocolates	Je voudrais une boîte de chocolats	Vorrei una scatola di cioccolatini	Gostaria de uma caixa de chocolates	Voldria una capsa de bombons	Mi ŝatus skatolon da ĉokoladoj	Io volerea un cassa de chocolates										5
01544	Shopping	I'm going shopping!	Ich gehe einkaufen!	¡Voy de compras!	Je vais faire du shopping !	Vado a fare shopping/acquisti!	Vou às compras	Vaig de compres!	Mi iras butikumi!	Io va facer compras!										5
01545	Shopping	cotton	die Baumwolle 	el algodón	le coton	il cotone	o algodão	el cotó	kotono	coton										5
01546	Shopping	polyester	der Polyester 	el poliéster	le polyester	il poliestere	o poliéster	el polièster	poliestero	polyester										5
01547	Shopping	looser	weiter	más suelto	plus ample	più largo, più allentato	mais frouxo(a)	més ample	pli malstrikta	plus laxe	Diese Hose ist weiter	Este pantalón está más suelto	Ce pantalon est plus ample	Questo pantalone è più largo	Esta calça é mais frouxa	These pants are looser	Aquests pantalons són més amples.	Ĉi tiuj pantalonoj estas pli malstriktaj.	Iste pantalones es plus laxe.	5
01548	Shopping	customer	der Kunde, die Kundin 	el(la) cliente	le(la) client(e)	il(la) cliente	o(a) cliente	el client (els clients), la clienta (les clientes)	kliento	cliente										5
01549	Colors	light (color)	hell (Farbe)	claro (color)	clair (couleur)	chiaro (colore)	claro (tom/cor)	clar (color)	hela (koloro)	clar										5
01550	Colors	dark	dunkel	oscuro	foncé	scuro	escuro	fosc	malhela	obscur										5
01551	Craft	gold 	das Gold  	el oro	l'or 	l'oro	o ouro 	l'or	oro	auro										5
01552	Craft	leather goods 	die Lederwaren	los artículos de cuero 	les articles en cuir	gli articoli di cuoio	os artigos de couro	els articles de cuir	ledaĵoj	articulos de corio										5
01553	Craft	(hand-)bag , purse	die (Hand)Tasche 	el bolso (el bolso de mano, cartera)	le sac (à main)	la borsa, la borsetta	a bolsa (a bolsa de mão)	la bossa de mà (les bosses de mà)	mansako	sacco a mano, bursa										5
01554	Craft	wallet 	der Geldbeutel 	la cartera (ES), la billetera (AL)	le portefeuille	il portafoglio	a carteira	la cartera (les carteres), la billetera (les billeteres)	monujo	portafolio	Sie haben keinen Geldbeutel in meiner Hosentasche gefunden, als ich im Krankenhaus ankam	No encontraron la cartera en mi bolsillo cuando llegué al hospital.	Ils n'ont pas trouvé de portefeuille dans ma poche quand je suis arrivé à l'hopital.	Non hanno trovato il portafoglio nella mia tasca quando sono arrivato all'ospedale	Eles não encontraram uma carteira no meu bolso quando cheguei no hospital	They did not find a wallet in my pocket when I arrived at the hospital.	No van trobar la cartera a la meva butxaca quan vaig arribar a l'hospital.	Ili ne trovis monujon en mia poŝo kiam mi alvenis en la hospitalon.	Illes non trovava un portafolio in mi tasca quando io arrivava al hospital.	5
01555	Craft	belt 	der Gürtel 	el cinturón 	la ceinture	la cintura	o cinturão, o cinto	el cinturó (els cinturons)	zono	cinctura										5
01556	Craft	painting	das Bild , das Gemälde	el cuadro	la peinture	il quadro	o quadro, a pintura	el quadre (els quadres), la pintura (les pintures)	pentraĵo	pictura	Das sieht wie ein altes Gemäldeaus!	¡Parece un cuadro antiguo!	On dirait une vieille peinture !	Sembra un vecchio quadro!	Parece um quadro antigo!	It looks like an old painting!	Sembla un quadre antic!	Ĝi aspektas kiel malnova pentraĵo!	Illo sembla un pictura antique!	5
01557	Craft	terracotta	die Terrakotta 	la terracota	la terre cuite	la terracotta	o barro	la terracota	terakoto	terracotta										5
01558	Craft	copper	das Kupfer 	el cobre	le cuivre	il rame	o cobre	el coure	kupro	cupro										5
01559	Craft	earrings 	die Ohrringe	los aretes, los pendientes 	les boucles d'oreilles	gli orecchini	os brincos	les arracades	orelringoj	pendentes										5
01560	Craft	necklace, collar	die Halskette 	el collar	le collier	la collana	o colar	el collaret (els collarets)	kolĉeno	collar										5
01561	Craft	ring	der Ring 	el anillo	la bague	l'anello	o anel	l'anell (els anells)	ringo	anello										5
01562	Tourism	to wait in line	(in der) Schlange stehen	hacer cola	faire la queue	fare la fila, fare la coda	esperar na fila	fer cua	stari en vico	facer cauda	Viele Leute stehen Schlange	Hay mucha gente haciendo cola	Il y a beaucoup de gens qui font la queue	Ci sono tante persone che fanno la fila	Há muita gente esperando na fila	There are a lot of people waiting in line	Hi ha molta gent fent cua.	Estas multaj homoj starantaj en vico.	Il ha multe gente facente cauda.	5
01563	Tourism	What interesting places are there to see in this city?	Welche interessanten Orte gibt es in dieser Stadt zu sehen?	¿Cuáles son los lugares interesantes a ver en esta ciudad?	Quels sont les lieux intéressants à voir dans cette ville?	Quali sono i luoghi interessanti da vedere in questa città?	Quais são os lugares interessantes para ver nesta cidade?	Quins llocs interessants hi ha per veure en aquesta ciutat?	Kiajn interesajn lokojn oni povas vidi en ĉi tiu urbo?	Qual locos interessante il ha a vider in iste citate?										5
01564	Tourism	We're just passing through, with only a few hours to spend here. What would you recommend that we should visit?	Wir sind auf der Durchreise und wir haben nur einige Stunden Zeit. Was raten Sie uns zu besichtigen?	Estamos de paso y solo tenemos unas horas. ¿Qué nos recomienda visitar?	Nous sommes de passage, et nous n'avons que quelques heures devant nous. Que nous conseillez-vous de visiter?	Siamo di passaggio e abbiamo solo qualche ora. Che ci consiglia di visitare?	Estamos de passagem e só temos umas horas. O que nos recomenda visitar?	Estem de pas i només tenim unes hores. Què ens recomana visitar?	Ni nur pasas kaj havas nur kelkajn horojn. Kion vi rekomendas, ke ni vizitu?	Nos es de passage e ha solmente alcun horas. Que nos recommenda visitar?										5
01565	Tourism	Is there a place we must see?	Gibt es einen Ort, den wir sehen müssen?	¿Hay algún lugar que debamos ver?	Il y a un endroit que l'on doit voir?	C'è un posto che dobbiamo vedere?	Há um lugar que devemos ver?	Hi ha algun lloc que hàgim de veure?	Ĉu estas iu loko, kiun ni devas vidi?	Ha il alcun loco que nos debe vider?										5
01566	Tourism	What are the main tourist attractions?	Was sind die touristischen Hauptattraktionen?	¿Cuáles son las atracciones turísticas principales?	Quelles sont les principales attractions touristiques ?	Quali sono le attrazioni turistiche principali?	Quais são as atrações turísticas principais?	Quines són les principals atraccions turístiques?	Kiuj estas la ĉefaj turismaj allogaĵoj?	Qual es le principal attractiones touristic?										5
01567	Religion	Sorry, I didn't do it on purpose	Entschuldigung, ich habe das nicht mit Absicht gemacht	Lo siento, lo hice sin querer	Désolé(e), je ne l'ai pas fait exprès	Mi dispiace, non l'ho fatto di proposito	Desculpe, fiz sem querer	Ho sento, no ho he fet a propòsit	Pardonu, mi ne faris tion intence	Pardono, io non lo faceva a proposito										5
01568	Nature	nature	die Natur	la naturaleza	la nature	la natura	a natureza	la natura	naturo	natura										5
01569	Nature	rainbow	der Regenbogen 	el arco iris	l'arc-en-ciel 	l'arcobaleno	o arco-íris	l'arc de Sant Martí	ĉielarko	arco iris										5
01570	Beach & Swimming	wave	die Welle 	la ola	la vague	l'onda	a onda	l'onada (les onades)	ondo	unda										5
01571	Farm	field	das Feld 	el campo	le champ 	il campo (m)	o campo (m)	el camp (els camps)	kampo	campo										5
01572	Farm	farm worker ; peasant	der Bauer, die Bäuerin 	el(la) campesino(a)	le(la) paysan(ne)	il(la) contadino(a)	o camponês, a camponesa; o(a) agricultor(a)	el pagès (els pagesos), la pagesa (les pageses)	kamparano	laborator agricole; paisano										5
01573	Farm	country house	das Landhaus 	la finca, la casa de campo	la maison de campagne	la casa di campagna	a chácara	la masia (les masies), la casa de camp (les cases de camp)	kampara domo	casa de campania										5
01574	Farm	cow 	die Kuh 	la vaca 	la vache	la vacca, la mucca	a vaca	la vaca (les vaques)	bovino	vacca										5
01575	Farm	bull 	der Stier 	el toro 	le taureau	il toro	o touro	el toro (els toros)	virbovo	tauro										5
01576	Farm	hen	das Huhn ; die Henne (plur. die Hennen)	la gallina	la poule	la gallina	a galinha	la gallina (les gallines)	kokino	gallina										5
01577	Entertainment	to go to an amusement park 	in einen Freizeitpark gehen/fahren	ir a un parque de atracciones 	aller à un parc d'attractions	andare a un parco giochi	ir a um parque de diversões	anar a un parc d'atraccions	iri al amuzparko	vader a un parco de attractiones										5
01578	Entertainment	to go to a concert 	auf ein Konzert gehen	ir a un concierto 	aller à un concert	andare ad un concerto	ir a um show, concerto	anar a un concert	iri al koncerto	vader a un concerto										5
01579	Entertainment	to see a show 	sich eine Theatervorführung ansehen	ver un espectáculo 	voir un spectacle	vedere uno spettacolo	ver um espetáculo	veure un espectacle	vidi spektaklon	vider un spectaculo										5
01580	Entertainment	to play an instrument	ein Instrument  spielen	tocar un instrumento	jouer d'un instrument	suonare uno strumento	tocar um instrumento	tocar un instrument	ludi instrumenton	sonar un instrumento	Spielst du ein Instrument?	¿Tocas un instrumento?	Tu joues d'un instrument ?	(Tu) Suoni uno strumento?	(Você) toca um instrumento?	Do you play an instrument?	Toques algun instrument?	Ĉu vi ludas instrumenton?	Sona tu un instrumento?	5
01581	Sports	What is your favorite sports team?	Was ist deine Lieblingsmannschaft?	¿Cuál es tu equipo favorito?	Quelle est ton équipe préférée ?	Qual è la tua squadra preferita?	Qual é o seu time favorito?	Quin és el teu equip esportiu preferit?	Kiu estas via plej ŝatata sporta teamo?	Qual es tu equipa sportive favorite?										5
01582	Sports	ball	der Ball 	la pelota	le ballon, la balle	la palla, il pallone (più grande)	a bola (ex.: uma bola maior, como a de futebol)	la pilota (les pilotes)	pilko	balla										5
01583	Outdoor Activities	to sunbathe 	sonnen	tomar el sol 	prendre le soleil	prendere il sole	tomar sol	prendre el sol	sunbani	prender le sol										5
01584	Introductions & Socializing	I was living in Spain when I met her	Ich lebte in Spanien, als ich sie kennengelernt habe	Yo estaba viviendo en España cuando la conocí	Je vivais en Espagne quand je l'ai rencontrée	Vivevo in Spagna quando l'ho conosciuta	Eu estava morando na Espanha quando a conheci	Vivia a Espanya quan la vaig conèixer	Mi loĝis en Hispanio kiam mi renkontis ŝin	Io viveva in Espania quando io la incontrava										5
01585	Introductions & Socializing	I want to introduce you to a friend of mine	Ich will dich einem Freund (einer Freundin) vorstellen	Te quiero presentar a un(a) amigo(a)	Je veux te présenter à un(e) ami(e)	Voglio presentarti ad un amico(a)	(Eu) quero lhe apresentar a um(a) amigo(a)	Et vull presentar un amic meu	Mi volas prezenti al vi amikon mian	Io vole presentar te a un amico mie										5
01586	Introductions & Socializing	David, this is Julia	David, das ist Julia	David, esta es Julia	David, voici Julia	David, questa è Julia	David, esta é a Julia	David, aquesta és la Júlia	David, jen Julia	David, iste es Julia										5
01587	Introductions & Socializing	We meet at last!	Endlich treffen wir uns!	¡Por fin nos encontramos!	On se rencontre enfin!	Finalmente ci incontriamo!	Finalmente nos encontramos!	Per fi ens coneixem!	Ni finfine renkontiĝas!	Al fin nos incontra!										5
01588	Introductions & Socializing	You can call me Sam	Du kannst mich Sam nennen	Puedes llamarme Sam	Tu peux m'appeler Sam	Mi puoi chiamare Sam	(Você) pode me chamar de Sam	Em pots dir Sam	Vi povas nomi min Sam	Tu pote appellar me Sam										5
01589	Nightlife & Social Plans	What is there to do at night?	Was kann man abends machen?	¿Qué se puede hacer por las noches?	Il y a quoi à faire le soir?	Che si può fare qui di sera?	O que se pode fazer à noite?	Què es pot fer a la nit?	Kion oni povas fari nokte?	Que ha il a facer de nocte?										5
01590	Nightlife & Social Plans	Are we going out tonight?	Gehen wir heute Abend aus?	¿Salimos esta noche?	On sort ce soir? 	Usciamo stasera?	Vamos sair esta noite?	Sortim aquesta nit?	Ĉu ni eliros ĉi-vespere?	Sorti nos iste nocte?										5
01591	Nightlife & Social Plans	I would love to!	Das würde mir gefallen!	¡Me encantaría! 	J'en serais ravi	Mi piacerebbe!	(Eu) adoraria!	M'encantaria!	Mi tre ŝatus!	Io lo amarea multo!										5
01592	Nightlife & Social Plans	Maybe another day 	Vielleicht an einem anderen Tag	Tal vez otro día 	Peut-être un autre jour	Magari un altro giorno	Talvez outro dia	Potser un altre dia	Eble alian tagon	Forsan un altere die										5
01593	Nightlife & Social Plans	Where are we going to meet up?	Wo werden wir uns treffen? 	¿Dónde quedaremos? (ES), ¿Dónde nos encontraremos? (AL)	Où allons-nous nous retrouver ?	Dove ci ritroviamo?	Onde vamos nos encontrar?	On quedem?	Kie ni renkontiĝos?	Ubi nos nos incontrara?										5
01594	Nightlife & Social Plans	We're meeting at six [6] pm	Wir treffen uns um achtzehn (18) Uhr	Nos encontramos a las seis  de la tarde	On se retrouve à dix-huit  heures	Ci incontriamo alle diciotto 	Nos encontramos às seis  da tarde	Quedem a les sis de la tarda	Ni renkontiĝos je la sesa posttagmeze	Nos nos incontra al sex horas del vespere										5
01595	Nightlife & Social Plans	We're meeting in front of...	Wir treffen uns vor...	Nos encontramos frente a...	On se retrouve en face de...	Ci vediamo davanti a...	Nos encontramos em frente a...	Quedem davant de...	Ni renkontiĝos antaŭ...	Nos nos incontra ante...										5
01596	Nightlife & Social Plans	Where do you want to go?	Wohin willst du gehen?	¿A dónde quieres ir?	Tu veux aller où?	Dove vuoi andare?	Aonde quer ir?	On vols anar?	Kien vi volas iri?	A ubi vole tu ir?										5
01597	Nightlife & Social Plans	Would you rather go to the movies (US) / cinema (UK) or somewhere else?	Gehst du lieber ins Kino oder woanders hin?	¿Prefieres ir al cine o a otro lugar?	Tu préfères aller au ciné ou ailleurs?	Preferisci andare al cinema o altrove?	Prefere ir ao cinema ou a outro lugar?	Prefereixes anar al cinema o a un altre lloc?	Ĉu vi preferas iri al la kinejo aŭ aliloken?	Prefere tu ir al cinema o a un altere loco?										5
01598	Nightlife & Social Plans	How much is (the) admission?	Wie viel kostet der Eintritt?	¿Cuánto cuesta la entrada?	Combien coûte l'entrée?	Quanto costa l'entrata?	Quanto custa a entrada?	Quant costa l'entrada?	Kiom kostas la eniro?	Quanto costa le entrata?										5
01599	Nightlife & Social Plans	Would you like...?	Würdest du gerne ...?	¿Te gustaría...?	Tu aimerais ... ?	Ti piacerebbe...?	(Você) gostaria de...?	T'agradaria...?	Ĉu vi ŝatus...?	Te placerea...?										5
01600	Nightlife & Social Plans	Let's have a party!	Los, machen wir eine Party!	¡Vamos a hacer una fiesta!	Allons faire la fête!	Facciamo una festa!	Vamos fazer uma festa!	Fem una festa!	Ni festu!	Vamos facer un festa!										5
01601	Nightlife & Social Plans	You're invited to my birthday party	Du bist zu meiner Geburtstagsfeier eingeladen	Estás invitado(a) a mi fiesta de cumpleaños	Tu es invité(e) à ma fête d'anniversaire	Sei invitato alla mia festa di compleanno	Está convidado(a) para minha festa de aniversário	Estàs convidat(da) a la meva festa d'aniversari	Vi estas invitita al mia naskiĝtaga festo	Tu es invitate a mi festa de anniversario										5
01602	Nightlife & Social Plans	Can I bring a friend?	Kann ich einen Freund (eine Freundin) mitnehmen?	¿Puedo llevar un(a) amigo(a)?	Je peux amener un(e) ami(e)?	Posso portare un(a) amico(a)?	Posso levar um(a) amigo(a)?	Puc portar un(a) amic(a)?	Ĉu mi povas kunporti amikon?	Pote io adducer un amico?										5
01603	Parties & Socializing	Happy birthday	Herzlichen Glückwunsch zum Geburtstag!	Feliz cumpleaños	Joyeux anniversaire !	Buon compleanno!	Feliz aniversário!	Feliç aniversari, Per molts anys	Feliĉan naskiĝtagon	Bon anniversario										5
01604	Parties & Socializing	Let's have a beer!	Trinken wir ein Bier!	¡Tomemos una cerveza!	Prenons une bière !	Prendiamo una birra!	Vamos tomar uma cerveja!	Anem a fer una cervesa!	Ni trinku bieron!	Bibe nos un bira!										5
01605	Parties & Socializing	I can't hear anything	Ich kann nichts hören	No oigo nada	Je n'entends rien	Non sento niente	Não escuto nada	No sento res	Mi aŭdas nenion	Io non pote audir alcun cosa										5
01606	Parties & Socializing	We had a lot of fun tonight	Wir hatten heute Abend viel Spaß	Nos divertimos mucho esta noche	On s'est bien amusé ce soir	Ci siamo divertiti molto stanotte	Nos divertimos muito essa noite	Ens hem divertit molt aquesta nit	Ni multe amuziĝis ĉi-vespere	Nos ha divertite nos multo iste nocte										5
01607	Parties & Socializing	to have fun 	Spaß haben	divertirse	s'amuser	divertirsi	divertir-se	divertir-se	amuziĝi	diverter se										5
01608	Parties & Socializing	to give (a gift)	schenken	regalar (un regalo)	offrir (un cadeau)	regalare	presentear (um presente)	regalar (un regal)	donaci (donacon)	donar un dono										5
01609	Parties & Socializing	surprise	die Überraschung 	la sorpresa	la surprise	la sorpresa	a surpresa	la sorpresa (les sorpreses)	surprizo	le surprisa										5
01610	Expressions & Emotions	No worries	Keine Sorge!	No te preocupes (informal)	T'inquiète pas, pas de soucis	Non preoccuparti	Não se preocupe (informal)	No et preocupis	Ne zorgu	Non te preoccupa	Keine Sorge, ich kümmere mich um deinen Sohn	No te preocupes, cuidaré a tu hijo	T'inquiète pas, je vais prendre soin de ton fils	Non preoccuparti, mi prenderò cura di tuo figlio	Não se preocupe, eu vou cuidar do seu filho	No worries, I'll take care of your son	No et preocupis, jo cuidaré el teu fill.	Ne zorgu, mi prizorgos vian filon.	Non te preoccupa, io habera cura de tu filio	5
01611	Expressions & Emotions	I liked it	Das hat mir gefallen	Me gustó	Ça m'a plu 	Mi è piaciuto	Eu gostei	M'ha agradat	Mi ŝatis ĝin	Illo me placeva										5
01612	Expressions & Emotions	What did you think about it?	Was hast du darüber gedacht?	¿Qué pensaste de eso?	Qu'en as-tu pensé? 	Che ne hai pensato?	O que você achou disso?	Què n'has pensat?	Kion vi pensis pri tio?	Que pensava tu de illo?										5
01613	Expressions & Emotions	I think it's very interesting	Ich denke, dass es sehr interessant ist	Pienso que es muy interesante	Je pense que c'est très intéressant	Penso che sia molto interessante	Acho que é muito interessante	Crec que és molt interessant	Mi pensas, ke ĝi estas tre interesa	Io pensa que illo es multo interessante										5
01614	Expressions & Emotions	It's cool, it's awesome	Das ist cool/toll	¡Está padre! (Mexico), ¡Qué guay! (España), ¡Que chévere! (Colombia, Ecuador, Perú)	C'est cool, c'est super	È forte, è figo, è fantastico	É legal	Mola, és genial	Estas mojose, estas bonege	Illo es formidabile, illo es stupende										5
01615	Expressions & Emotions	It (that) stinks, it (that) sucks [fam.]	Das ist Mist, furchtbar, schrecklich.	Es un asco	C'est nul	Fa schifo, Èuno schifo	É uma droga	Fa fàstic	Ĝi estas aĉa	Illo es repugnante										5
01616	Expressions & Emotions	It's great	Das ist genial	Es genial	C'est génial	È ottimo	É genial / é ótimo	És genial	Estas bonege	Illo es genial										5
01617	Expressions & Emotions	How do you feel?	Wie fühlst du dich?	¿Cómo te sientes?	Comment tu te sens?	Come ti senti?	Como se sente?	Com et sents?	Kiel vi sentas vin?	Como te senti tu?										5
01618	Expressions & Emotions	I'm a little tired	Ich bin ein bisschen müde	Estoy un poco cansado(a)	Je suis un peu fatigué(e)	Sono un po' stanco(a)	Estou um pouco cansado(a)	Estic una mica cansat(da)	Mi estas iom laca	Io es un pauco fatigate										5
01619	Expressions & Emotions	I'm embarrassed	Es ist mir peinlich	Estoy avergonzado(a)	Je suis gêné(e)	Mi sento in imbarazzo(a)	Estou envergonhado(a)	Tinc vergonya	Mi hontas	Io es avergoniate										5
01620	Expressions & Emotions	I'm worried	Ich bin beunruhigt	Estoy preocupado(a)	Je suis préoccupé(e)	Sono preoccupato(a)	Estou preocupado(a)	Estic preocupat(ada)	Mi estas zorgoplena	Io es preoccupate										5
01621	Expressions & Emotions	Don't worry	Mach dir keine Sorgen	No te preocupes	Ne t'inquiète pas	Non ti preoccupare	Não se preocupe	No et preocupis	Ne zorgu	Non te preoccupa										5
01622	Expressions & Emotions	Everything will be OK	Alles wird wieder gut werden	Todo va a ir bien	Tout va bien se passer	Andrà tutto bene	Tudo vai ficar bem	Tot anirà bé	Ĉio estos en ordo	Toto essera in ordine										5
01623	Expressions & Emotions	I'm a little shy	Ich bin ein bisschen schüchtern	Soy un poco tímido(a)	Je suis un peu timide	Sono un poco timido	Sou um pouco tímido(a)	Sóc una mica tímid(a)	Mi estas iom timida	Io es un poco timide										5
01624	Flirting Phrases	Do you have a boyfriend/girlfriend?	Hast du einen Freund (eine Freundin)?	¿Tienes novio(a)?	Tu as un(e) petit(e) ami(e)?	Hai un(a) ragazzo(a)?	Tem namorado(a)?	Tens xicot/xicota?	Ĉu vi havas koramikon/koramikinon?	Ha tu un amico o un amica?										5
01625	Flirting Phrases	I have a boyfriend/girlfriend	Ich habe einen Freund (eine Freundin)	Tengo novio(a)	J'ai un(e) petit(e) ami(e)	Ho un(a) ragazzo(a)	Tenho namorado(a)	Tinc xicot/xicota	Mi havas koramikon/koramikinon	Io ha un amico o un amica										5
01626	Flirting Phrases	I'm not interested	Ich bin nicht interessiert	No estoy interesado(a)	Je ne suis pas intéressé(e)	Non sono interessato(a)	Não estou interessado(a)	No m'interessa	Mi ne interesiĝas	Io non es interessate										5
01627	Flirting Phrases	You're very handsome (beautiful)	Du bist sehr schön	Eres muy guapo(a)	Tu es très beau (belle)	Sei molto bello(a)	Você é muito bonito(a)	Ets molt guapo(a)	Vi estas tre bela	Tu es multo belle										5
01628	Flirting Phrases	Can I see you tomorrow?	Kann ich dich morgen sehen?	¿Puedo verte mañana?	Je peux te voir demain?	Posso vederti domani?	Posso te ver amanhã?	Et puc veure demà?	Ĉu mi povas vidi vin morgaŭ?	Pote io vider te deman?										5
01629	Flirting Phrases	What's your phone number?	Wie ist deine Telefonnummer?; Wie lautet deine Telefonnummer?	¿Cuál es tu número de teléfono?	Quel est ton numéro de téléphone ?	Qual è il tuo numero di telefono?	Qual é o seu número de telefone?	Quin és el teu número de telèfon?	Kio estas via telefonnumero?	Qual es tu numero de telephono?										5
01630	Love & Romance	love	die Liebe	el amor	l'amour 	l'amore	o amor 	l'amor	amo	amor	Unsere Liebe wird ewig währen	Nuestro amor será para siempre	Notre amour durera pour toujours	Il nostro amore durerà per sempre	Nosso amor durará para sempre	Our love will last forever	El nostre amor durarà per sempre.	Nia amo daŭros eterne.	Nostre amor durara pro semper	5
01631	Love & Romance	I am in love with you	Ich bin in dich verliebt	Estoy enamorado(a) de ti	Je suis amoureux(se) de toi	Mi sono innamorato(a) di te	Estou apaixonado(a) por você	Estic enamorat(da) de tu	Mi estas enamiĝinta al vi	Io es inamorate de te										5
01632	Love & Romance	I think we're a good match.	Ich finde, dass wir gut zusammen passen	Creo que estamos bien juntos.	Je trouve que nous allons bien ensemble.	Trovo che stiamo bene insieme	Acho que nós combinamos	Crec que fem bona parella	Mi kredas, ke ni bone kongruas	Io crede que nos es ben insimul.										5
01633	Love & Romance	to arrange a date	ein Treffen  ausmachen	organizar una cita	donner rendez-vous	dare un appuntamento	marcar um encontro	concertar una cita	aranĝi rendevuon	organisar un appunctamento										5
01634	Love & Romance	to go out (went out, gone out) with	mit ... ausgehen	salir con	sortir avec	uscire con	sair com	sortir amb	eliri kun	sortir con										5
01635	Love & Romance	to be jealous	eifersüchtig sein	estar celoso(a)	être jaloux(se)	essere geloso(a)	ser ciumento(a), estar com ciúmes	estar gelós(a)	esti ĵaluza	esser jelose										5
01636	Travel Farewells	Thank you very much for your hospitality	Vielen Dank für Ihre Gastfreundschaft	Muchas gracias por su hospitalidad	Merci beaucoup de votre hospitalité	Grazie mille per la sua ospitalità	Muito obrigado(a) por sua hospitalidade	Moltes gràcies per la seva hospitalitat	Multan dankon pro via gastamo	Gratias multe pro vostre hospitalitate										5
01637	Travel Farewells	I'll miss you	Du wirst mir fehlen	Te voy a echar de menos (ES), Te voy a extrañar (AL)	Tu vas me manquer	Mi mancherai	(Eu) vou sentir saudades de você	Et trobaré a faltar	Mi sopiros pri vi	Tu me mancara										5
01638	Travel Farewells	What's your e-mail?	Wie lautet deine E-Mail-Adresse? 	¿Cuál es tu email?	C'est quoi ton e-mail?	Qual è la tua e-mail?	Qual é o seu e-mail?	Quin és el teu correu electrònic?	Kio estas via retpoŝtadreso?	Qual es tu adresse de e-posta?										5
01639	Travel Farewells	Will you write me?	Wirst du mir schreiben?	¿Me escribirás?	Tu vas m'écrire ?	Mi scriverai?	(Você) vai me escrever?	M'escriuràs?	Ĉu vi skribos al mi?	Tu me scribera?										5
01640	Travel Farewells	I'll call you when I get there	Ich werde dich anrufen, wenn ich ankomme	Te llamaré cuando llegue	Je t'appellerai quand j'arrive	Ti chiamerò quando arrivo (là)	Eu ligarei para você quando chegar  	Et trucaré quan arribi	Mi telefonos al vi kiam mi alvenos	Io te telephonara quando io arrivara ibi										5
01641	Conversation Starters	Did you know that...	Wusstest du, dass...?	Sabías que...	Tu savais que...	Sapevi che... 	Sabia que...	Sabies que...?	Ĉu vi sciis, ke...?	Sapeva tu que...										5
01642	Conversation Starters	The other day, I...	Unlängst/ Neulich, habe ich...	El otro día, yo...	L'autre jour, je...	L'altro giorno, io...	Outro dia, eu...	L'altre dia, jo...	La alian tagon, mi...	Le altere die, io...	Unlängst habe ich sie wieder getroffen.	El otro día, yo la volví a ver.	L'autre jour, je l'ai revue.	L'altro giorno, io l'ho incontrata di nuovo.	Outro dia, eu a encontrei novamente.	The other day, I met her again	L'altre dia, la vaig tornar a veure.	La alian tagon, mi renkontis ŝin denove.	Le altere die, io la videva de novo.	5
01643	Phrases of Speech	thankfully	glücklicherweise	por suerte	heureusement	per fortuna	felizmente	per sort	feliĉe	fortunatemente	Glücklicherweise gab es noch einen letzten freien Sitz im Bus	Por suerte, quedaba un último asiento libre en el autobús	Heureusement, il restait un dernier siège libre dans le bus	Per fortuna era rimasto un ultimo posto libero sul bus	Felizmente, havia um último assento livre no ônibus	Thankfully, there was one open seat left on the bus	Per sort, quedava un últim seient lliure a l'autobús.	Feliĉe, restis unu libera sidloko en la buso.	Fortunatemente, il restava un ultime sede libere in le autobus.	5
01644	Phrases of Speech	honestly, sincerely	Ehrlich gesagt	honestamente, sinceramente	honnêtement, sincèrement	Onestamente	honestamente, sinceramente	honestament, sincerament	honeste	honestemente, sinceremente	Ehrlich gesagt weiß ich nicht, was ich denken soll	Sinceramente, no sé qué pensar	Honnêtement, je ne sais pas quoi penser	Onestamente non so cosa pensare	Sinceramente, não sei o que pensar	I honestly don't know what to think	Sincerament, no sé què pensar.	Mi honeste ne scias, kion pensi.	Sinceremente, io non sape que pensar.	5
01645	Conversational Fillers	So...	Also ...	Entonces...	Alors...	Allora...	Então...	Llavors...	Do...	Alora...	Also du sagst, du hast das Fenster nicht zerbrochen	Entonces... estás diciendo que no rompiste la ventana.	Alors... Vous dites que vous n'avez pas cassé la fenêtre.	Allora... stai dicendo che non hai rotto la finestra.	Então...você está dizendo que não quebrou a janela.	So...you're saying that you didn't break the window.	Llavors... estàs dient que no vas trencar la finestra.	Do... vi diras, ke vi ne rompis la fenestron.	Alora... tu dice que tu non ha rumpite le fenestra.	5
01646	Correction & Clarification	Excuse me, that's not what I wanted to say	Entschuldige, das ist nicht das, was ich sagen wollte	Perdón, no es lo que quería decir	Pardon, ce n'est pas ce que je voulais dire	Scusami, non è questo che volevo dire	Desculpe-me, não é o que eu quis dizer	Perdó, no és el que volia dir	Pardonu, ne tion mi volis diri	Excusa me, isto non es lo que io voleva dicer.										5
01647	Agreeing Disagreeing	Gotcha! (I got you, I got it) !	Alles klar! Geht klar!	¡Entendido!	Compris !	Ricevuto!	Entendi!	Entesos!	Mi komprenis!	Comprendite!	Alles klar, jetzt macht das Sinn	¡Entendido! Ahora sí tiene sentido	Compris, c'est logique maintenant	Ricevuto, adesso sì che ha senso	Entendi, agora faz sentido	Gotcha; it makes sense now	Entesos! Ara té sentit.	Mi komprenis! Nun tio havas sencon.	Comprendite; isto ha senso nunc.	5
01648	Agreeing Disagreeing	It doesn't matter	Es ist egal	no importa	Ça n'a pas d'importance	Non importa	Isso não importa	No importa	Ne gravas	Non importa.										5
01649	Agreeing Disagreeing	Exactly 	Genau	Exactamente	Exactement 	Esattamente 	Exatamente	Exactament	Ĝuste	Exactemente										5
01650	Parts of the Body	back	der Rücken 	la espalda	le dos 	la schiena	as costas	l'esquena (les esquenes)	dorso	le dorso										5
01651	Parts of the Body	foot [plur. feet]	der Fuß 	el pie	le pied 	il piede	o pé	el peu (els peus)	piedo	le pede										5
01652	Physical Appearance	What does he (she) look like?  	Wie sieht er (sie) aus?	¿Cómo es él (ella)?  	Il (elle) est comment?	Com'è lui (lei)?	Como ele (ela) é?	Com és ell (ella)?	Kiel li (ŝi) aspektas?	Como es ille (illa)?										5
01653	Physical Appearance	slim, thin	dünn, mager	delgado(a), flaco(a)	mince, maigre	magro(a), snello(a), secco(a)	magro(a)	prim(a)	svelta	magre, gracile										5
01654	Physical Appearance	strong 	stark	fuerte 	fort(e)	forte	forte	fort(a)	forta	forte										5
01655	Physical Appearance	dark (skin)	dunkel (Haut)	moreno(a) 	brun, mat(e) (de peau)	scuro (di pelle)	moreno(a) (pele)	morè(na)	malhela (haŭto)	brun										5
01656	Physical Appearance	blond	blond	rubio(a)	blond(e)	biondo(a)	loiro(a)	ros(sa)	blonda	blonde										5
01657	Personality Traits	mean, nasty	gemein	malo, malvado	méchant(e), mauvais(e)	cattivo, odioso	mau / má	malvat(ada)	fia, malica	mal, maligne	Warum bist du so gemein zu mir?	¿Por qué eres tan malo conmigo?	Pourquoi es-tu aussi méchant avec moi ?	Perché sei così cattivo con me?	Porque você é tão mau comigo?	Why are you so mean to me?	Per què ets tan malvat amb mi?	Kial vi estas tiel fia al mi?	Proque es tu tanto maligne con me?	5
01658	Personality Traits	funny (person)	lustig (Person)	divertido(a) (persona)	drôle, rigolo (personne)	divertente (persona)	engraçado(a) (pessoa)	divertit(da) (persona)	amuza (persono)	amusante										5
01659	Personality Traits	fun	unterhaltsam, lustig	divertido(a) 	amusant(e)	divertente	divertido(a), engraçado(a)	divertit(da)	amuza	amusante	Dieser Film war sehr lustig	Esa película estuvo muy divertida	Ce film était vraiment amusant	Quel film è stato davvero divertente	Aquele filme foi realmente divertido	That movie was really fun	Aquella pel·lícula va ser molt divertida.	Tiu filmo estis tre amuza.	Ille film esseva realmente amusante.	5
01660	Personality Traits	smart, clever	intelligent	inteligente, listo(a)	intelligent(e)	intelligente	inteligente	intel·ligent, llest(a)	lerta, inteligenta	intelligente, astute	Dein Sohn ist sehr intelligent	Tu hijo es muy listo	Ton fils est très intelligent	Tuo figlio è molto intelligente	Seu filho é muito inteligente	Your son is very smart	El teu fill és molt llest.	Via filo estas tre lerta.	Tu filio es multo intelligente.	5
01661	Personality Traits	patient (adj.)	geduldig	paciente (adj.)	patient(e) (adj.)	paziente (agg.)	paciente (adj.)	pacient (adj.)	pacienca	patiente										5
01662	Personality Traits	sad 	traurig	triste 	triste	triste	triste	trist(a)	malĝoja	triste										5
01663	Personality Traits	discreet, reserved	zurückhaltend	discreto(a)	discret (discrète), réservé(e)	discreto(a)	discreto(a)	discret(a), reservat(ada)	diskreta	discrete, reservate										5
01664	Personality Traits	social	sozial	social	social	sociale, socievole	social, sociável	social	socia	social										5
01665	Feelings & Emotions	depressed 	deprimiert	deprimido(a) 	déprimé(e)	depresso(a)	deprimido(a)	deprimit(ida)	deprimita	deprimite										5
01666	Feelings & Emotions	tense, nervous 	nervös	nervioso(a)	énervé(e), nerveux(se)	nervoso(a)	nervoso(a)	nerviós(a)	nervoza	tense, nervose										5
01667	Feelings & Emotions	worried 	besorgt	preocupado(a) 	préoccupé(e)	preoccupato(a)	preocupado(a)	preocupat(ada)	zorgoplena	preoccupate										5
01668	Feelings & Emotions	calm, quiet	still, ruhig	tranquilo(a), calmado(a)	tranquille, calme	calmo(a)	tranquilo(a), calmo(a)	tranquil(la), calmat(ada)	trankvila, kvieta	calme, tranquille	Wir müssen ruhig bleiben	Debemos mantenernos tranquilos	Nous devons rester calme	Dobbiamo rimanere calmi	Precisamos ficar calmos	We need to stay calm	Hem de mantenir la calma.	Ni devas resti trankvilaj.	Nos debe restar calme.	5
01669	Clothes & Accessories	jeans 	die Jeans 	los tejanos, los vaqueros 	le jean	il jeans	o jeans	els texans	ĝinzo	jeans										5
01670	Clothes & Accessories	cap 	die Mütze 	la gorra	la casquette	il berretto	o boné	la gorra (les gorres)	ĉapo	berretto										5
01671	Clothes & Accessories	sneakers, trainers	die Sportschuhe	las zapatillas de deporte (ES), los tenis (AL)	les chaussures de sport, les baskets	le scarpe sportive, le scarpette da tennis	os tênis	les vambes, les sabatilles d'esport	sportŝuoj	scarpas de sport										5
01672	Clothes & Accessories	sandals	die Sandalen	las sandalias 	les sandales 	i sandali	as sandálias	les sandàlies	sandaloj	sandalias										5
01673	Hair & Beauty	barber	der (Herren)Friseur; der Barbier 	el barbero (para los hombres)	le barbier	il barbiere	o barbeiro (para homens)	el barber (els barbers)	barbiro	barbero										5
01674	Hair & Beauty	barber shop	der Herrenfriseursalon 	la barbería	le salon de coiffure pour homme	il negozio di barbiere	A barbearia	la barberia (les barberies)	barbirojo	barberia										5
01675	Hair & Beauty	I'd like a haircut, please	Ich würde mir gern die Haare schneiden lassen, bitte.	Quisiera cortarme el cabello, por favor	Je voudrais me faire couper les cheveux, s'il vous plaît	Vorrei tagliarmi i capelli, per piacere	Gostaria de cortar meu cabelo, por favor	Voldria tallar-me els cabells, si us plau	Mi ŝatus tondi miajn harojn, bonvolu	Io volerea un tonditura de capillos, per favor										5
01676	Family Members	kid	das Kind  (informell)	el niño (informal)	le gamin, l'enfant	il ragazzino	o menino	el nen (els nens), el vailet (els vailets)	knabo, infano	puero										5
01677	Professions & Occupations	profession, job, career	das Metier, der Beruf	la profesión, el trabajo	le métier, la profession	il mestiere, la professione	profissão, trabalho, carreira	la professió (les professions), la feina (les feines)	profesio	profession, travalio, carriera	Arzt zu seinist ein wichtiger Beruf.	Ser médico es un trabajo importante.	Être docteur est un métier important.	Essere dottore è una professione importante.	Ser médico é um trabalho importante.	Being a doctor is an important profession	Ser metge és una professió important.	Esti kuracisto estas grava profesio.	Esser medico es un profession importante.	5
01678	Times of Day	dawn	die Morgendämmerung 	la madrugada, el amanecer	l'aube 	l'alba	a madrugada	l'alba, la matinada	tagiĝo	aurora										5
01679	Time & Frequency	in time	pünktlich	a tiempo	à temps	in tempo	a tempo, na hora certa	a temps	ĝustatempe	a tempore	Ich sollte pünktlich zurück sein	Debería estar de vuelta a tiempo	Je devrais être de retour à temps	Dovrei tornare in tempo	Eu devo estar de volta a tempo	I should be back in time	Hauria d'estar de tornada a temps.	Mi devus reveni ĝustatempe.	Io deberea esser de retorno a tempore.	5
01680	Time & Frequency	too late	zu spät	demasiado tarde	trop tard	troppo tardi	tarde demais	massa tard	tro malfrue	troppo tarde	Es ist schon zu spät, um ins Kino zu gehen	Ya es demasiado tarde para ir al cine	Il est trop tard pour aller au cinéma maintenant	È troppo tardi per andare al cinema adesso	Agora está tarde demais para ir ao cinema	It's too late to go to the cinema now	Ja és massa tard per anar al cinema.	Estas tro malfrue por iri al la kinejo nun.	Il es jam troppo tarde pro vader al cinema.	5
01681	Time & Frequency	from time to time, once in a while	von Zeit zu Zeit	de vez en cuando 	de temps en temps	ogni tanto	de vez em quando	de tant en tant	de tempo al tempo	de tempore in tempore										5
01682	Weather Conditions	What is the weather like?  	Wie ist das Wetter?	¿Qué tiempo hace?  	Quel temps fait-il ?	Che tempo fa?	Como está o tempo?	Quin temps fa?	Kia vetero estas?	Qual tempore face?										5
01683	Weather Conditions	What will the weather be like tomorrow?	Wie wird das Wetter morgen sein?	¿Qué tiempo hará mañana?	Quel temps fera-t-il demain ?	Che tempo farà domani?	Como estará o tempo amanhã?	Quin temps farà demà?	Kia vetero estos morgaŭ?	Qual tempore facera deman?										5
01684	Weather Conditions	It rained all day yesterday	Gestern hat es den ganzen Tag geregnet	Ayer llovió todo el día	Hier, il a plu toute la journée	Ieri ha piovuto tutta la giornata	Ontem choveu todo o dia	Ahir va ploure tot el dia	Hieraŭ pluvis la tutan tagon	Heri il pluveva tote le die										5
01685	Weather Conditions	degree 	der Grad, das Diplom	el grado 	le degré	il grado	o grau	el grau (els graus)	grado	grado										5
01686	Weather Conditions	umbrella	der Regenschirm 	el paraguas	le parapluie 	l'ombrello	o guarda-chuva	el paraigua (els paraigües)	ombrelo	parapluvia										5
01687	Weather Conditions	to snow 	schneien	nevar 	neiger	nevicare	nevar	nevar	neĝi	nivar										5
01688	Weather Conditions	snow 	der Schnee 	la nieve 	la neige	la neve	a neve	la neu	neĝo	nive										5
01689	Weather Conditions	storm, gale	der Sturm 	la tormenta 	la tempête	la tempesta	a tempestade	la tempesta (les tempestes)	ŝtormo	tempesta										5
01690	Weather Conditions	fog 	der Nebel 	la niebla 	le brouillard	la nebbia	a neblina	la boira (les boires)	nebulo	nebula										5
01691	Phone Usage	How much is a three-minute call?	Wie viel kostet ein Dreiminutengespräch?	¿Cuánto cuesta una llamada de tres minutos?	Combien coûte un appel de trois minutes?	Quanto costa una chiamata di tre minuti?	Quanto custa uma ligação de três minutos?	Quant costa una trucada de tres minuts?	Kiom kostas tri-minuta voko?	Quanto costa un appello de tres minutas?										5
01692	Phone Usage	The line is busy	Die Leitung ist besetzt	La línea está ocupada	La ligne est occupée	La linea è occupata	O número está ocupado	La línia està ocupada	La linio estas okupita	Le linea es occupate										5
01693	Phone Usage	The connection is bad	Die Verbindung ist schlecht	La conexión es mala	La liaison est mauvaise	La connessione è scarsa	A conexão está ruim	La connexió és dolenta	La konekto estas malbona	Le connexion es mal										5
01694	Phone Usage	We got cut off	Wir wurden unterbrochen	Se cayó la línea	On a été coupé	È caduta la linea	A ligação caiu	S'ha tallat la línia	La linio interrompiĝis	Le communication esseva interrumpite										5
01695	Phone Usage	What is the emergency number?	Was ist die Notfallnummer?	¿Cuál es el teléfono de urgencia?	Quel est le numéro de téléphone des urgences?	Qual è il numero per le urgenze?	Qual é o telefone de emergência?	Quin és el número d'emergències?	Kio estas la kriz-numero?	Qual es le numero de urgentia?										5
01696	Internet Usage	online	online	en línea	en ligne	in linea	on-line	en línia	rete	in linea										5
01697	Internet Usage	website	die Webseite 	el sitio web 	le site web	il sito web	o site web	el lloc web (els llocs web)	retejo	sito web										5
01698	Computer Hardware	printer 	der Drucker 	la impresora 	l'imprimante 	la stampante	a impressora	la impressora (les impressores)	presilo	imprimitor										5
01699	Computer Hardware	keyboard 	die Tastatur 	el teclado 	le clavier	la tastiera	o teclado 	el teclat (els teclats)	klavaro	claviero										5
01700	Computer Hardware	to shut down (shut down, shut down), to turn off	ausschalten	apagar 	éteindre	spegnere	apagar, desligar	apagar, tancar	malŝalti	extinguer										5
01701	Emergencies	accident	der Unfall 	el accidente 	l'accident 	l'incidente 	o acidente 	l'accident (els accidents)	akcidento	accidente										5
01702	Emergencies	Leave me alone!	Lassen Sie mich in Ruhe!	¡Déjeme en paz !	Laissez-moi tranquille!	Lasciami in pace!	Deixe-me em paz!	Deixa'm en pau!	Lasu min sola!	Lassa me in pace!										5
01703	Emergencies	Don't touch me!	Fassen Sie mich nicht an!	¡No me toque!	Ne me touchez pas! 	Non mi tocchi!	Não me toque!	No em toquis!	Ne tuŝu min!	Non tange me!										5
01704	Emergencies	Stop, thief!	Stop, ein Dieb!	Alto, ¡hay un ladrón!	Stop, Au voleur ! 	Fermo! Al ladro!	Pare, ladrão!	Atura'l, lladre!	Haltu, ŝtelisto!	Stoppa, fur!										5
01705	Emergencies	I've lost my passport	Ich habe meinen Pass verloren	He perdido el pasaporte	J'ai perdu mon passeport	Ho perso il mio passaporto	(Eu) perdi meu passaporte	He perdut el passaport	Mi perdis mian pasporton	Io ha perdite mi passaporto										5
01706	Ask for help	I need your help	Ich brauche Ihre Hilfe	Necesito su ayuda	J'ai besoin de votre aide	Ho bisogno del suo aiuto	Preciso de sua ajuda	Necessito la teva ajuda	Mi bezonas vian helpon	Io ha besonio de vostre adjuta										5
01707	Ask for help	Help me!	Helfen Sie mir!	¡Ayúdeme!	Aidez-moi!	Aiutatemi!	Me ajude!	Ajuda'm!	Helpu min!	Adjuta me!										5
01708	Ask for help	Help me call an ambulance	Helfen Sie mir, einen Krankenwagen zu rufen	Ayúdeme a llamar una ambulancia	Aidez-moi à appeler une ambulance	Aiutatemi a chiamare un'ambulanza	Me ajude a chamar uma ambulância	Ajuda'm a trucar una ambulància	Helpu min voki ambulancon	Adjuta me a appellar un ambulantia										5
01709	Medical Situations	aspirin	das Aspirin 	la aspirina	l'aspirine 	l'aspirina	a aspirina	l'aspirina (les aspirines)	aspirino	aspirina										5
01710	Medical Situations	I'm hurt	ich bin verletzt	Estoy herido(a)	Je suis blessé(e)	Sono ferito(a)	Estou ferido(a)	Estic ferit(a)	Mi estas vundita	Io es ferite										5
01711	Medical Situations	seasickness	die Seekrankheit 	el mareo	le mal de mer	il mal di mare	o enjôo	el mareig (els marejos)	marmalsano	mal de mar										5
01712	Medical Situations	weak	schwach	débil	faible	debole	fraco(a)	feble, dèbil	malforta	debile										5
01713	Medical Situations	to bleed [bled, bled]	bluten	sangrar	saigner	sanguinare	sangrar	sagnar	sangi	sanguinar	Meine Nase hat mehrere Minuten lang geblutet.	Me ha sangrado la nariz durante varios minutos.	Mon nez a saigné pendant plusieurs minutes	Il mio naso ha sanguinato per vari minuti.	Meu nariz sangrou por vários minutos	My nose bled for several minutes	El meu nas ha sagnat durant diversos minuts.	Mia nazo sangis dum pluraj minutoj.	Mi naso ha sanguinate durante plure minutas.	5
01714	Prepositions	through	durch	a través	à travers	attraverso	através	a través de	tra	per	Ich sah seine Wohnungdurch seinFenster	Vi su apartamento a través de su ventana.	J'ai vu son appartement à travers sa fenêtre.	Ho visto il suo appartamento attraverso la sua finestra.	Eu vi seu apartamento através da sua janela.	I saw his apartment through his window	Vaig veure el seu apartament a través de la seva finestra.	Mi vidis lian apartamenton tra lia fenestro.	Io videva su appartamento per su fenestra.	5
01715	Prepositions	about, concerning	betreffend (was .... betrifft)	acerca de	au sujet de	in merito a, circa	sobre, a respeito de	sobre, respecte a	pri	circa										5
01716	Common Connectors	even	sogar	incluso	même (adverbe)	perfino	mesmo (advérbio), até	fins i tot	eĉ	mesmo	Sogar John war von den Neuigkeiten überrascht	Incluso John se sorprendió por la noticia	Même John a été surpris par la nouvelle	Perfino John era sorpreso dalla notizia	Até o John ficou surpreso com as notícias	Even John was surprised by the news	Fins i tot en John es va sorprendre per la notícia.	Eĉ Johano estis surprizita de la novaĵo.	Mesmo John esseva surprendite per le novas.	5
01717	Common Connectors	immediately	sofort	inmediatamente	immédiatement, tout de suite	immediatamente, subito	imediatamente	immediatament	tuj	immediatemente	Ich berühre meinen Kopf dort, wo er weh tut, und sofort erinnere ich mich ganz deutlich.	Me toco la cabeza donde me duele, e inmediatamente me viene un recuerdo muy claro	Je touche ma tête où ça me fait mal, et j'ai immédiatement un souvenir très clair.	Mi tocco la testa dove mi fa male e immediatamente ho un ricordo molto chiaro	Eu toco minha cabeça, onde ela dói, e imediatamente me lembro de tudo com clareza.	I touch my head where it hurts, and immediately I have a very clear memory.	...i immediatament tinc un record molt clar.	...kaj tuj mi havas tre klaran memoron.	Io tange mi capite ubi illo dole, e immediatemente io ha un memoria multo clar.	5
01718	Common Connectors	such a... 	so ein/e	tan...	Si, tellement	davvero, proprio	tão 	tan...	tia...	tal	Helene war so eine wunderbare Freundin als ich Hilfe brauchte	Elena era una amiga tan buena cuando la necesitaba...	Helen était une amie si formidable quand j'avais besoin d'aide.	Helen è stata un'amica davvero meravigliosa quando ho avuto bisogno.	Helen era uma amiga tão maravilhosa quando eu precisava de ajuda.	Helen was such a wonderful friend when I needed help.	L'Helena va ser una amiga tan meravellosa quan la vaig necessitar.	Helena estis tia mirinda amikino kiam mi bezonis helpon.	Helena esseva un amica si meraviliose quando io necessitava adjuta.	5
01719	Common Connectors	so much, so many	so viel, so viele	tanto (a), tantos (as)	autant 	così tanti, più 	tanto(a), tantos(as) 	tant(a), tants(es)	tiom da	tanto	Ich hatte in meinem Leben noch nie so viele Geschäfte gesehen.	Nunca había visto tantas tiendas en mi vida.	Je n'ai jamais vu autant de magasins de ma vie.	Non ho mai visto così tanti negozi in vita mia.	Eu nunca vi tantas lojas na minha vida.	I've never seen so many stores in my life	No havia vist mai tantes botigues a la meva vida.	Mi neniam vidis tiom da vendejoj en mia vivo.	Io ha nunquam vidite tante botecas in mi vita.	5
01720	Common Connectors	above all	vor allem	sobretodo	surtout	soprattutto	sobretudo	sobretot	super ĉio	super toto	Das ist vor allem eine Frage des Geldes.	Sobretodo es una cuestión de dinero.	C'est surtout une question d'argent.	È soprattutto una questione di soldi.	É sobretudo uma questão de dinheiro.	It's above all a matter of money	És sobretot una qüestió de diners.	Ĝi estas super ĉio afero de mono.	Il es super toto un question de moneta.	5
01721	Common Connectors	present, current	aktuell, jetzig, heutig	actual 	actuel	attuale	atual	actual	nuna	actual	Das jetzige Computersystem geht besser als das vorige	El sistema actual de mi computador funciona mejor que el anterior	Le système actuel de mon ordinateur marche mieux que le précédent	L'attuale sistema del mio computer funziona meglio del precedente	O sistema atual do meu computador funciona melhor que o anterior	My current computer system works better than my old one	El meu sistema informàtic actual funciona millor que l'antic.	Mia nuna komputila sistemo funkcias pli bone ol mia malnova.	Mi systema actual de computator functiona melio que le anterior.	5
01722	Common Connectors	back, behind, backward	(da)hinter, (dort) hinten	atrás , detrás 	derrière	dietro	atrás, detrás, para trás	enrere, darrere	malantaŭe	retro, detra	Stellt die Kofferdort hinten hin	Pongan las maletas atrás	Mettez les valises derrière	Mettete dietro le valige	Coloque as malas atrás	Put the suitcases in the back	Posa les maletes al darrere.	Metu la valizojn malantaŭe.	Pone le valises a retro.	5
01723	Common Connectors	although	obwohl	aunque 	bien que	anche se	embora	encara que, malgrat que	kvankam	ben que	Ich gehe (Abend)essen, obwohl ich nicht sehr hungrig bin	Voy a cenar aunque no tengo mucha hambre	Je vais dîner bien que je n'aipas très faim	Ceno anche se non ho molta fame	Vou jantar, embora eu não tenha muita fome	I'm going to dinner although I'm not very hungry	Vaig a sopar encara que no tinc gaire gana.	Mi iras vespermanĝi kvankam mi ne estas tre malsata.	Io va cenar ben que io non ha multe fame.	5
01724	Common Connectors	following, next	nächste(r)	siguiente 	suivant	prossimo	seguinte	següent	sekva	sequente	Der Nächste bitte	El siguiente, por favor	Le suivant s'il vous plaît	Il prossimo per favore	O seguinte, por favor	Next, please	El següent, si us plau.	La sekva, bonvolu.	Le sequente, per favor.	5
01725	Common Connectors	ahead, forward	vorwärts, weiter, vorn	adelante	en avant, avancer	avanti	adiante	endavant	antaŭen	avante	Der Weg geht zu Ende, wir können nicht mehr weiter gehen	El camino se acaba, no podemos seguir adelante	Le chemin se termine, nous ne pouvons pas aller plus loin (litt. plus en avant)	La strada finisce qui, non possiamo andare avanti	O caminho terminou, não podemos seguir adiante	The road ends, we can't go any further forward	El camí s'acaba, no podem anar més endavant.	La vojo finiĝas, ni ne povas iri plu antaŭen.	Le via fini; nos non pote continuar plus avante.	5
01726	Common Connectors	moreover	außerdem	además 	en plus	inoltre	além de, além disso	a més	krome	in ultra	Das Land ist sehr schön, außerdem ist es warm	El país es muy bonito, además hace calor	Le pays est très joli, en plus il fait chaud	Il paese è molto bello, inoltre fa caldo.	O país é muito bonito, além disso, faz calor	The country is pretty, moreover it is warm	El país és molt bonic, a més fa calor.	La lando estas tre bela, krome estas varme.	Le pais es multo belle; in ultra, face calor.	5
01727	Common Connectors	this, these	diese(r)	este(a), estos(as)	ce, cet(te), ces	questo(a), questi(e)	este(s), esta(s), isto	aquest(a), aquests(es)	ĉi tiu, ĉi tiuj	iste	Ich möchte diese Postkarte kaufen	Me gustaría comprar esta postal	Je voudrais acheter cette carte postale	Mi piacerebbe comprare questa cartolina	Eu gostaria de comprar este cartão postal	I would like to buy this postcard	M'agradaria comprar aquesta postal.	Mi ŝatus aĉeti ĉi tiun poŝtkarton.	Io volerea comprar iste carta postal.	5
01728	Common Connectors	yet, still	noch	aún, todavía	encore	ancora	ainda	encara	ankoraŭ	ancora	Es ist noch nicht vorbei	No está aún terminado	Ce n'est pas encore terminé	Non è ancora terminato	Ainda não terminou	It's not finished yet	Encara no s'ha acabat.	Ĝi ankoraŭ ne estas finita.	Illo non es ancora finite.	5
01729	Common Connectors	really	wirklich	realmente	vraiment	veramente, proprio	realmente	de debò, realment	vere	realmente	Ich bin wirklich müde	Estoy realmente cansado  	Je suis vraiment fatigué	Sono veramente stanco	Estou realmente cansado	I'm really tired	Estic realment cansat.	Mi estas vere laca.	Io es realmente fatigate.	5
01730	Common Connectors	while	während	mientras	pendant que	mentre	enquanto	mentre	dum	durante que	Während ich mich amüsiere, arbeitest du	Mientras me divierto, tú trabajas	Pendant que je m'amuse, tu travailles	Mentre mi diverto, tu lavori	Enquanto me divirto, você trabalha	While I'm enjoying myself, you're working	Mentre jo em diverteixo, tu treballes.	Dum mi amuziĝas, vi laboras.	Durante que io me diverte, tu labora.	5
01731	Irregular Verbs	to shut [shut, shut] 	schließen (unregelmäßiges Verb)	cerrar (verbo irregular)	fermer (verbe irrégulier)	chiudere (verbo irregolare)	fechar	tancar	fermi	clauder	Ich habe die Tür geschlossen, als ich den Raum verließ	Cerré la puerta cuando salí de la habitación.	J'aifermé la portequand j'ai quitté la pièce.	Ho chiuso la porta quando sono uscito dalla stanza.	Fechei a porta quando saí do quarto.	I shut the door when I left the room	Vaig tancar la porta quan vaig sortir de l'habitació.	Mi fermis la pordon kiam mi eliris el la ĉambro.	Io claudeva le porta quando io sortiva del camera.	5
01732	Irregular Verbs	to rise [rose, risen]	steigen 	aumentar, subir	monter, augmenter	aumentare	subir (quantidade, temperatura)	pujar, augmentar	altiĝi, pliiĝi	augmentar, ascender	Die Temperatur ist heute gestiegen.	Hoy han subido las temperaturas.	La température a augmenté aujourd'hui.	La temperatura è aumentata oggi.	Hoje a temperatura subiu.	The temperature rose today	La temperatura ha pujat avui.	La temperaturo altiĝis hodiaŭ.	Le temperatura augmentava hodie.	5
01733	Personal Questions	What time is it there?	Wie spät ist es bei dir?; Wie viel Uhr ist es bei dir?	¿Qué hora es ahí?	Quelle heure est-il chez toi ?	Che ora è lì?	Que horas são aí?	Quina hora és aquí?	Kioma horo estas tie?	Que hora es ibi?										5
01734	Personal Questions	What is the weather like there?	Wie ist das Wetter bei dir?	¿Qué tiempo está haciendo ahí?	Quel temps fait-il chez toi ?	Che tempo fa lì?	Como está o clima aí? 	Quin temps fa aquí?	Kia vetero estas tie?	Que tempore face ibi?										5
01735	Personal Questions	Do you live alone?	Lebst du allein?	¿Vives solo(a)?	Tu vis seul(e) ?	Vivi solo(a)? 	(Você) vive sozinho(a)?	Vius sol(a)?	Ĉu vi loĝas sola?	Tu vive sol?										5
01736	Personal Questions	What do you do for a living?	Womit verdienst du dein Geld?	¿A qué te dedicas?	Qu'est-ce que tu fais dans la vie ?	Cosa fai nella vita?	O que você faz da vida?	A què et dediques?	Kion vi faras por vivteni vin?	Que face tu pro viver?										5
01737	Personal Questions	What do you study?	Was studierst du?	¿Qué estudias?	Qu'est-ce que tu étudies ?	Cosa studi?	O que você estuda?	Què estudies?	Kion vi studas?	Que studia tu?										5
01738	Personal Questions	What do you do in your spare time?	Was machst du in deiner Freizeit?	¿Qué haces en tu tiempo libre?	Qu'est-ce que tu fais de ton temps libre ?	Cosa fai nel tuo tempo libero?	O que você faz em seu tempo livre?	Què fas en el teu temps lliure?	Kion vi faras en via libera tempo?	Que face tu in tu tempore libere?										5
01739	Personal Questions	What do you like to do?	Was machst du gerne?	¿Qué te gusta hacer?	Qu'est-ce que tu aimes faire ?	Cosa ti piace fare?	O que você gosta de fazer?	Què t'agrada fer?	Kion vi ŝatas fari?	Que place a te facer?										5
01740	Personal Questions	Where do you live?	Wo wohnst du?	¿Dónde vives?	Où habites-tu ?	Dove abiti?	Onde você vive?	On vius?	Kie vi loĝas?	Ubi vive tu?										5
01741	Personal Questions	Me too	Ich auch	Yo también	Moi aussi	Anch'io	Eu também	Jo també	Ankaŭ mi	Io etiam										5
01742	Technical Issues	Can you hear me?	Kannst du mich hören?	¿Me escuchas?	Est-ce que tu m'entends ?	Mi senti?	(Você) me ouve?	Em sents?	Ĉu vi aŭdas min?	Pote tu audir me?										5
01743	Technical Issues	Can you see me?	Kannst du mich sehen?	¿Me ves?	Est-ce que tu me vois ?	Mi vedi?	(Você) me vê?	Em veus?	Ĉu vi vidas min?	Pote tu vider me?										5
01744	Technical Issues	I can't see you	Ich kann dich nicht sehen	No te veo	Je ne te vois pas	Non ti vedo	Não estou vendo você	No et veig	Mi ne vidas vin	Io non pote vider te										5
01745	Technical Issues	I can't hear you	Ich kann dich nicht hören	No te escucho	Je ne t'entends pas	Non ti sento	(Eu) não estou te escutando	No et sento	Mi ne aŭdas vin	Io non pote audir te										5
01746	Technical Issues	It's working	Es funktioniert	Está funcionando	Ça marche	Funziona	Está funcionando	Funciona	Ĝi funkcias	Illo functiona										5
01747	Technical Issues	I can't hear you very well	Ich höre dich ganz schlecht.	No te escucho muy bien.	Je ne t'entends pas très bien	Non ti sento molto bene	(Eu) lhe escuto muito mal	No et sento gaire bé	Mi ne aŭdas vin tre bone	Io non pote audir te multo ben										5
01748	Technical Issues	The video quality is poor	Die Videoqualität ist sehr schlecht	El video es de mala calidad	La vidéo est de mauvaise qualité	La qualità del video è cattiva	O vídeo é de má qualidade	La qualitat del vídeo és dolenta	La videokvalito estas malbona	Le video es de mal qualitate										5
01749	Technical Issues	The problem is on your end	Das Problem geht von dir aus	El problema viene de tu lado	Le problème vient de ton côté	Il problema è dalla tua parte	O problema vem daí	El problema és teu	La problemo estas ĉe via flanko	Le problema es de tu latere										5
01750	Technical Issues	I'm running out of battery	Mein Akku ist leer	No tengo más baterías	Je n'ai plus de batterie	Sto finendo la batteria	(Eu) não tenho mais bateria	M'estic quedant sense bateria	Mia baterio elĉerpiĝas	Io es quasi sin batteria										5
01751	Technical Issues	I'll be back in five minutes	Ich komme in fünf Minuten wieder	Regreso en cinco minutos	Je reviens dans cinq minutes	Torno tra cinque minuti	(Eu) volto em cinco minutos	Torno en cinc minuts	Mi revenos post kvin minutoj	Io retornara in cinque minutas										5
01752	Technical Issues	I don't understand you	Ich verstehe dich nicht	No te entiendo	Je ne te comprends pas	Non ti capisco	(Eu) não lhe entendo	No t'entenc	Mi ne komprenas vin	Io non te comprende										5
01753	Technical Issues	Sorry for the delay	Entschuldigung für die Verspätung	Lamento el retraso	Désolé(e) pour le retard	Scusa per il ritardo	Desculpe pelo atraso	Perdó pel retard	Pardonu la malfruon	Excusa me pro le retardo										5
01754	Technical Issues	I'll call you back	Ich rufe dich zurück (in der Zukunft)	Te volveré a llamar	Je te rappelle (au futur)	Ti richiamerò	Eu voltarei a ligar pra você 	Et tornaré a trucar	Mi retelefonos vin	Io te appellara de novo										5
01755	Online Communication	webcam	die Webcam 	la webcam	la webcam	la webcam	a webcam	la càmera web (les càmeres web)	retkamerao	webcam										5
01756	Online Communication	headphones	der Kopfhörer; die Kopfhörer (Pl)	los auriculares (ES), los audífonos (AL)	le casque (audio)	le cuffie	os fones de ouvido	els auriculars	aŭdiloj	auriculares										5
01757	Online Communication	microphone	das Mikrofon ; das Mikro 	el micrófono	le micro	il microfono	o microfone	el micròfon (els micròfons)	mikrofono	microphono										5
01758	Online Communication	sound	der Ton 	el sonido	le son	il suono	o som	el so (els sons)	sono	sono										5
01759	Online Communication	session (online conversation)	die Session  (Einheit, Sitzung bei einem Gespräch)	la sesión (conversación online)	la session (de conversation)	la sessione di conversazione	a sessão de bate papo	la sessió (de conversa en línia) (les sessions)	sesio (reta konversacio)	session										5
01760	Online Communication	language partner, correspondent 	der Sprach-Partner 	el correspondiente	le partenaire linguistique, le correspondant	il partner linguistico, l'interlocutore (interlocutrice)	o(a) parceiro(a) linguístico(a), o(a) interlocutor(a)	el company (els companys) de llengua, la corresponsal (les corresponsals)	lingva partnero, korespondanto	correspondente										5
01761	Opinions & Beliefs	I've read that … 	Ich habe gelesen, dass...	He leído que...	J'ai lu que ...	Ho letto che...	(Eu) li que...	He llegit que...	Mi legis, ke...	Io ha legite que...										5
01762	Opinions & Beliefs	I believe that ...	Ich glaube, dass...	Creo que...	Je crois que ...	Io credo che...	(Eu) creio que...	Crec que...	Mi kredas, ke...	Io crede que...										5
01763	Opinions & Beliefs	Do you know/are you familiar with ... ?	Kennst du...?	¿Conoces...?	Est-ce que tu connais ... ?	Tu conosci...?	(Você) conhece...?	Coneixes...?	Ĉu vi konas...?	Tu cognosce...?										5
01764	Opinions & Beliefs	Apparently ...	Anscheinend...	Parece que...	Il paraît que ...	Sembra che...	Aparentemente...	Pel que sembla...	Ŝajne...	Il pare que...										5
01765	Opinions & Beliefs	Do you think that ...?	Denkst du, dass..?	¿Crees que...?	Est-ce que tu penses que ... ?	Tu pensi che...?	(Você) pensa que...?	Creus que...?	Ĉu vi pensas, ke...?	Tu crede que...?										5
01766	Opinions & Beliefs	Not at all!	Ganz und gar nicht!	¡Para nada!	Pas du tout !	Per niente!	Nem um pouco!	En absolut!	Tute ne!	De nulle maniera!										5
01767	Opinions & Beliefs	I think that ...	Ich denke, dass...	Pienso que...	Je pense que ...	Io penso che...	(Eu) penso que...	Penso que...	Mi pensas, ke...	Io pensa que...										5
01768	Opinions & Beliefs	Absolutely!	Absolut!	¡Absolutamente!	Absolument !	Assolutamente!	Absolutamente!	Absolutament!	Absolute!	Absolutemente!										5
01769	Language Practice	Can you ask me some questions?	Kannst du mir ein paar Fragen stellen?	¿Puedes hacerme preguntas?	Tu peux me poser des questions ?	Puoi farmi delle domande?	(Você) pode me fazer perguntas?	Em pots fer algunes preguntes?	Ĉu vi povas fari al mi kelkajn demandojn?	Pote tu facer me alcun questiones?										5
01770	Language Practice	I want to practice	Ich will üben	Quiero practicar	Je veux pratiquer	Voglio praticare	(Eu) quero praticar	Vull practicar	Mi volas praktiki	Io vole practicar										5
01771	Language Practice	I want to speak	Ich will sprechen	Quiero hablar	Je veux parler	Voglio parlare	(Eu) quero falar	Vull parlar	Mi volas paroli	Io vole parlar										5
01772	Language Practice	I'm preparing for an exam	Ich bereite mich auf eine Prüfung vor	Me estoy preparando para un examen	Je me prépare pour un examen	Mi sto preparando per un esame	(Eu) estou me preparando para um exame/teste	M'estic preparant per a un examen	Mi prepariĝas por ekzameno	Io me prepara pro un examine										5
01773	Language Practice	I have some exercises to do	Ich muss ein paar Übungen machen	Tengo que hacer ejercicios	J'ai des exercices à faire	Ho degli esercizi da fare	(Eu) tenho exercícios a fazer	Tinc alguns exercicis per fer	Mi havas kelkajn ekzercojn por fari	Io ha alcun exercitios a facer										5
01774	Language Practice	I need to improve my pronunciation	Ich muss meine Aussprache verbessern	Necesito mejorar la pronunciación	J'ai besoin d'améliorer ma prononciation	Ho bisogno di migliorare la mia pronuncia	(Eu) preciso melhorar minha pronúncia	Necessito millorar la meva pronunciació	Mi bezonas plibonigi mian elparolon	Io debe meliorar mi pronunciation										5
01775	Language Practice	I need to improve my comprehension	Ich muss mein Verständnis verbessern	Necesito mejorar mi comprensión	J'ai besoin d'améliorer ma compréhension	Ho bisogno di migliorare la mia comprensione	Eu preciso melhorar a minha compreensão	Necessito millorar la meva comprensió	Mi bezonas plibonigi mian komprenon	Io debe meliorar mi comprehension										5
01776	Language Practice	Correct me	Verbessere mich	Corrígeme	Corrige-moi	Correggimi	Corrija-me	Corregeix-me	Korektu min	Corrige me										5
01777	Language Practice	Can you repeat that?	Kannst du das wiederholen?	¿Puedes repetirlo?	Est-ce que tu peux répéter ?	Puoi ripetere?	(Você) pode repetir?	Pots repetir-ho?	Ĉu vi povas ripeti tion?	Pote tu repeter lo?										5
01778	Language Practice	What do you want to talk about?	Über was willst du sprechen?	¿De qué quieres hablar?	De quoi veux-tu parler ?	Di cosa vuoi parlare?	Do que você quer falar?	De què vols parlar?	Pri kio vi volas paroli?	De que vole tu parlar?										5
01779	Language Practice	Did you prepare anything?	Hast du etwas vorbereitet?	¿Has preparado algo?	Tu as préparé quelque chose ?	Hai preparato qualcosa?	(Você) preparou algo?	Has preparat alguna cosa?	Ĉu vi preparis ion?	Ha tu preparate alique?										5
01780	Language Practice	I suggest we do a language exchange	Ich schlage dir vor, einen Sprachaustausch zu machen	Te propongo hacer un intercambio lingüístico	Je te propose de faire un échange linguistique	Ti propongo di fare uno scambio linguistico	(Eu) lhe proponho fazermos um intercâmbio linguístico	Et proposo fer un intercanvi lingüístic	Mi proponas, ke ni faru lingvan interŝanĝon	Io te propone facer un intercambio linguistic										5
01781	Language Practice	I'd like to give you lessons 	Ich würde dir gerne Unterricht geben	Me gustaría darte clases	Je voudrais te donner des cours	Vorrei darti delle lezioni	(Eu) gostaria de lhe dar aulas 	M'agradaria fer-te classes	Mi ŝatus doni al vi lecionojn	Io volerea dar te lectiones										5
01782	Language Practice	We do fifty-fifty (50/50)	Wir machen fifty-fifty (50/50)	Lo dividimos cincuenta-cincuenta (50/50)	On fait cinquante-cinquante (50/50)	Facciamo cinquanta e cinquanta  (50/50)	Façamos meio a meio (50/50)	Fem meitat i meitat (50/50)	Ni faru duone-duone (50/50)	Nos lo divide cinquanta-cinquanta (50/50)										5
01783	Language Practice	It's your turn	Du bist dran	Es tu turno	C'est ton tour	Èil tuo turno	É a sua vez	És el teu torn	Estas via vico	Es tu vice										5
01784	Language Practice	Can you please speak slower?	Kannst du bitte langsamer sprechen?	¿Puedes hablar más despacio, por favor?	Est-ce que tu peux parler plus lentement, s'il te plaît ?	Puoi parlare più lentamente per  favore?	(Você) poderia falar mais devagar, por favor?	Pots parlar més a poc a poc, si us plau?	Ĉu vi povas paroli pli malrapide, bonvolu?	Pote tu parlar plus lentemente, per favor?										5
01785	Language Practice	I'm using Synapse to learn	Ich benutze Synapse, um zu lernen	Utilizo Synapse para aprender	J'utilise Synapse pour apprendre	Uso Synapse per imparare	(Eu) uso Synapse para aprender	Utilitzo Synapse per aprendre	Mi uzas Synapse por lerni	Io usa Synapse pro apprender										5
01786	Availability Questions	Are you free on weekends?	Hast du an den Wochenenden Zeit?	¿Estás libre los fines de semana?	Est-ce que tu es disponible les weekends ?	Sei libero nei weekend?	(Você) está disponível nos fins de semana?	Estàs lliure els caps de setmana?	Ĉu vi estas libera dum la semajnfinoj?	Es tu libere durante le fines de septimana?										5
01787	Availability Questions	Do you have time for ...?	Hast du Zeit für...?	¿Tienes tiempo para...?	Est-ce que tu as le temps pour ... ?	Hai tempo per...?	(Você) tem tempo para...?	Tens temps per a...?	Ĉu vi havas tempon por...?	Ha tu tempore pro ...?										5
01788	Availability Questions	Can I call you tomorrow at the same time?	Kann ich dich morgen um die selbe Zeit anrufen?	¿Te puedo llamar mañana a la misma hora?	Est-ce que je peux t'appeler demain à la même heure ?	Posso chiamarti domani alla stessa ora? 	Posso ligar pra você amanhã, no mesmo horário?	Et puc trucar demà a la mateixa hora?	Ĉu mi povas voki vin morgaŭ je la sama horo?	Pote io telephonar a te deman al mesme hora?										5
01789	Availability Questions	Are you free in the evening?	Hast du abends Zeit?	¿Estás libre por la noche?	Est-ce que tu es libre le soir ?	Sei libero la sera?	(Você) está livre à noite?	Estàs lliure al vespre?	Ĉu vi estas libera vespere?	Es tu libere in le vespere?										5
01790	Goodbyes & Farewells	I have to go	Ich muss los	Me tengo que ir	Je dois partir	Devo andare	(Eu) preciso ir/partir	He de marxar	Mi devas iri	Io debe ir										5
01791	Goodbyes & Farewells	I'm going to eat	Ich gehe essen	Voy a comer	Je vais manger	Vado a mangiare	(Eu) vou comer	Vaig a menjar	Mi iras manĝi	Io va mangiar										5
01792	Goodbyes & Farewells	It was very interesting	Das war sehr interessant	Fue muy interesante	C'était très intéressant	Èstato molto interessante	Foi muito interessante	Ha estat molt interessant	Estis tre interese	Illo esseva multo interessante										5
01794	Goodbyes & Farewells	I hope to talk to you again soon	Ich hoffe, bald wieder mit dir zu sprechen	Espero volver a hablar contigo pronto 	J'espère te parler à nouveau bientôt	Spero di parlare con te di nuovo presto	(Eu) espero falar com você novamente em breve	Espero tornar a parlar amb tu aviat	Mi esperas paroli kun vi denove baldaŭ	Io spera parlar de novo con te tosto										5
01795	Goodbyes & Farewells	See you tomorrow / Talk to you tomorrow	Wir sehen uns morgen / Wir hören uns morgen	Nos vemos mañana	À demain / On se parle demain	Ci vediamo domani / Ci sentiamo domani	Até amanhã	Fins demà / Parlem demà	Ĝis morgaŭ / Ni parolos morgaŭ	Usque deman										5
01796	Goodbyes & Farewells	See you next week!/Talk to you next week!	Bis nächste Woche!	¡Hasta la semana que viene!	À la semaine prochaine !	Ci vediamo/Ci sentiamo la prossima settimana!	Até a próxima semana!	Fins la setmana que ve!	Ĝis la venonta semajno!	Usque le septimana proxime										5
01797	Goodbyes & Farewells	I'm going to bed	Ich gehe schlafen	Me voy a la cama	Je vais au lit	Vado a dormire	(Eu) vou para a cama	Me'n vaig al llit	Mi iras dormi	Io va al lecto										5
01798	Goodbyes & Farewells	It's late	Es ist spät	Es tarde	Il est tard	Ètardi	Já é tarde	És tard	Estas malfrue	Il es tarde										5
01799	Goodbyes & Farewells	It's already been one hour	Das ist schon eine Stunde her.	Hace ya una hora	Ça fait déjà une heure	È già passata un'ora	Já faz uma hora	Ja ha passat una hora	Jam pasis unu horo	Il ha jam passate un hora										5
01800	Goodbyes & Farewells	See you next time!	Bis zum nächsten Mal!	¡Hasta la próxima!	À la prochaine fois !	Ci vediamo la prossima volta!	Até a próxima!	Fins la propera!	Ĝis la proksima fojo!	Usque le proxime vice										5
01801	Education Terms	teacher, professor	der Lehrer , der Professor 	el profesor	le professeur	l'insegnante, il professore	o professor	el professor (els professors), la professora (les professores)	instruisto, profesoro	professor										5
01802	Informal Greetings	cool (informal)	cool (informell)	tranquilo (informal)	tranquille (familier)	tranquillo (familiare)	legal (informal)	tranquil	trankvila	calme	Er ist ziemlich cool	Él es más bien tranquilo	Il est plutôt tranquille	Lui è piuttosto tranquillo	Ele é bem legal	He's rather cool	Ell és més aviat tranquil.	Li estas sufiĉe trankvila.	Ille es plus tosto calme.	5
01803	Informal Greetings	See ya!	Wir sehen uns!	¡Nos vemos!	À plus !	Ci vediamo!	Até! 	Fins després!	Ĝis poste!	A revider!										5
01804	War & Conflict	bombing, bomb attack	der Bombenanschlag 	el bombardeo, el ataque de bomba	l'attentat à la bombe 	il bombardamento, l'attentato dinamitardo	o bombardeio, o ataque a bomba	el bombardeig (els bombardejos), l'atemptat amb bomba (els atemptats amb bomba)	bombado, bombatako	bombardamento, attacco con bomba										5
01805	War & Conflict	coalition	die Koalition 	la coalición	la coalition	la coalizione	a coalizão	la coalició (les coalicions)	koalicio	coalition										5
01806	Social Issues	worker, workman	der Arbeiter 	el obrero, el trabajador	l'ouvrier 	il lavoratore, l'operaio	o(a) trabalhador(a)	l'obrer (els obrers), la treballadora (les treballadores)	laboristo	travaliator, travaliator										5
01807	Social Issues	murder	der Mord 	el asesinato 	le meurtre	l'assassinio	o homicídio	l'assassinat (els assassinats)	murdo	assassinato										5
01808	Disasters & Emergencies	rescue, help	die Hilfe , die Unterstützung 	la asistencia, la ayuda	le secours, l'aide	il soccorso, gli aiuti	a assistência, a ajuda	l'assistència, l'ajuda	savo, helpo	assistentia, adjuta										5
01809	News & Media	reporter	der Reporter 	el reportero	le reporter	il reporter	o(a) repórter	el reporter (els reporters), la reportera (les reporteres)	raportisto	reporter										5
01810	News & Media	statement	die Erklärung 	la declaración	la déclaration	la dichiarazione	a declaração	la declaració (les declaracions)	deklaro	declaration										5
01811	Nouns	representative	der Vertreter 	el representante	le représentant	il rappresentante, il delegato	o representante	el representant (els representants)	reprezentanto	representante										5
01812	Nouns	date	das Datum , die Verabredung 	la fecha, la cita	la date, le rendez-vous amoureux	la data, l'appuntamento	a data, o encontro	la data (les dates), la cita (les cites)	dato, rendevuo	data, cita							data, cita	dato, rendevuo		5
01813	Adverbs	straight	gerade	recto	droit	dritto	reto	recte	rekte	recte										5
01814	Social Situations	to hear from someone	von jemandem hören	tener noticias de alguien	avoir des nouvelles de quelqu'un	sentire, avere notizie di	ter notícias de alguém	tenir notícies d'algú	aŭdi de iu	reciper novas de alicuno	Ich habe gerade von ihm gehört	Acabo de tener noticias de él	Je viens d'avoir de ses nouvelles	Ho appena avuto sue notizie	Acabei de ter notícias dele	I just heard from him	Acabo de tenir notícies d'ell.	Mi ĵus aŭdis de li.	Io ha justo recipite novas de ille.	5
01815	Sports	gold (Olympic medal)	das Gold  (olympische Medaille)	el oro (medalla olímpica)	l'or  (médaille olympique)	l'oro (medaglia olimpica)	ouro (medalha olímpica)	l'or (medalla olímpica)	oro (olimpika medalo)	le auro (medalia olympic)										5
01816	Basics	other than	außer	aparte de	à part , autre que	oltre a, a parte	além de, que não (seja)	a part de	krom	aparte de										5
01817	Basics	mine (possessive pronoun)	meine/r/s (Possessivpronomen)	mío, míos (pronombre posesivo)	le mien, la mienne, les mien(ne)s (pronom possessif)	mio, mia, miei, mie (pronome possessivo)	meu, minha, meus, minhas	el meu, la meva, els meus, les meves	mia	le mie	Das ist meine/r!	¡Es mío!	C'est le mien !	Quello è mio!	Esse é meu!	It's mine!	És meu!	Tio estas mia!	Illo es le mie!	5
01818	Basics	yours (possessive pronoun)	eure/eurer/eures	tuyo, tuya, tuyos, tuyas (pronombre posesivo)	le tien, la tienne, les tien(ne)s (pronom possessif)	il tuo, la tua, i tuoi, le tue (pronome possessivo	seu, sua, seus, suas	el teu, la teva, els teus, les teves	via	le tue	Dieser Geldbeutel, ist das eurer?	Esta cartera, ¿es tuya?	Ce portefeuille, c'est le tien ?	Questo portafoglio è il tuo?	Esta carteira é sua?	This wallet, is it yours?	Aquesta cartera, és teva?	Ĉi tiu monujo, ĉu ĝi estas via?	Iste portamoneta, es illo le tue?	5
01819	Basics	his (possessive pronoun)	sein/e/s (Possessivpronomen)	suyo, suya, suyo, suyas (pronombre posesivo - de él)	le sien, la sienne, les sien(ne)s (pronom possessif, possédant masculin)	il suo, la sua, i suoi, le sue (pronome possessivo maschile)	seu(s), sua(s), dele(s), dela(s) (pronome possessivo)	el seu, la seva, els seus, les seves (d'ell)	lia	le sue (de ille)	Das Fahrrad ist sein(e)s 	Esta bicicleta es suya 	Ce vélo est le sien (à lui) 	La bici è sua (di lui) 	Esta bicicleta é a dele 	This bike is his	Aquesta bicicleta és seva.	Ĉi tiu biciklo estas lia.	Iste bicycletta es le sue.	5
01820	Basics	hers (possessive pronoun)	ihre/r/s (Possessivpronomen - 3. Person Singular)	suyo, suya, suyos, suyas (de ella)	le sien, la sienne, les sien(ne)s (pronom possessif, possédant féminin)	il suo, la sua, i suoi, le sue (pronome possessivo)	sua(s), dela(s)	el seu, la seva, els seus, les seves (d'ella)	ŝia	le sue (de illa)	Sie hat ihres nicht mitgebracht 	Ella no ha traído el suyo/ la suya /los suyos / las suyas 	Elle n'a pas apporté le sien 	Lei non ha portato la sua. 	Ela não trouxe a dela 	She didn't bring hers 	Ella no ha portat el seu.	Ŝi ne kunportis la sian.	Illa non ha apportate le sue.	5
01821	Basics	ours (possessive pronoun)	unsere/s	nuestro, nuestra, nuestros, nuestras (pronombre posesivo)	le/la nôtre, les nôtres (pronom possessif)	il nostro, la nostra, i nostri, le nostre (pronome possessivo)	nosso, nossa, nossos, nossas	el nostre, la nostra, els nostres, les nostres	nia	le nostre	Dieses Gepäckstück ist unseres 	Esta pieza de equipaje es una de las nuestras 	Ce bagage est l'un des nôtres 	Questo bagaglio è uno dei nostri. 	Esta é uma das nossas malas 	This piece of luggage is one of ours 	Aquesta peça d'equipatge és una de les nostres.	Ĉi tiu pakaĵo estas unu el la niaj.	Iste pecia de bagage es un del nostres.	5
01822	Basics	theirs (possessive pronoun)	ihre/r/s (Possessivpronomen - 3. Person Plural)	suyo, suya, suyos, suyas (pronombre posesivo)	le/la leur, les leurs (pronom possessif)	il/la/i/le loro	seu, sua, seus, suas, dele(a), deles(as)	el seu, la seva, els seus, les seves (d'ells/es)	ilia	le lore	Das ist nicht mein Problem, es ist ihres 	No es mi problema, es el suyo 	Ce n'est pas mon problème, c'est le leur	Non è un mio problema, è il loro 	Isso não é problema meu. É deles	It's not my problem, it's theirs 	No és problema meu, és seu.	Tio ne estas mia problemo, tio estas ilia.	Isto non es mi problema; illo es le lore.	5
01823	Basics	to be finished	fertig sein	haber terminado	avoir terminé	aver finito	ter terminado	haver acabat	esti fininta	haber finite	Ich bin mit meinen Hausaufgaben fertig	He terminado los deberes.	J'ai terminé mes devoirs.	Ho finito i miei compiti	Eu terminei minha lição de casa.	I'm finished with my homework.	He acabat els deures.	Mi finis mian hejmtaskon.	Io ha finite mi deberes.	5
01824	Basics	easier	einfacher	más fácil	plus facile	più facile	mais fácil 	més fàcil	pli facila	plus facile	Englisch ist einfacher als Französisch	El inglés es más fácil que el francés	L'anglais est plus facile que le français	L'inglese è più facile del francese	O inglês é mais fácil que o francês	English is easier than French	L'anglès és més fàcil que el francès.	La angla estas pli facila ol la franca.	Le anglese es plus facile que le francese.	5
01825	Communication	to wrap up	verpacken	envolver, embalar	emballer	imballare, avvolgere	embalar	embolicar	envolvi	involver	Ich habe das Gemälde in braunem Papier verpackt	He embalado el cuadro conpapel marrón	J'ai emballé la peinture dans du papier brun	Ho imballato il quadro con carta marrone	Eu embalei o quadro com papel kraft	I wrapped the painting up in brown paper	He embolicat el quadre amb paper marró.	Mi envolvis la pentraĵon per bruna papero.	Io ha involvite le pictura in papiro brun.	5
01826	Communication	usually	gewöhnlich, normalerweise	habitualmente	habituellement, en général	abitualmente, di solito	habitualmente	normalment, habitualment	kutime	habitualmente	Gewöhnlich renne ich nicht.	No corro habitualmente.	Je ne cours pas habituellement	Di solito non corro.	Eu não corro habitualmente.	I don't usually run.	Normalment no corro.	Mi kutime ne kuras.	Io non curre habitualmente.	5
01827	Communication	to break someone's heart	jemandem das Herz brechen	romperle el corazón a alguien	briser le cœur de quelqu'un	spezzare il cuore di qualcuno	partir o coração de alguém	trencar el cor a algú	rompi ies koron	rumper le corde a alicuno	Und sie hat mir schlicht und einfachdas Herz gebrochen	¡Y simplemente me ha roto el corazón!	Et elle m'a tout simplement brisé le cœur !	E lei mi ha semplicemente spezzato il cuore!	E ela simplesmente partiu meu coração!	And she basically broke my heart!	I simplement m'ha trencat el cor!	Kaj ŝi esence rompis mian koron!	E illa fundamentalmente rumpeva mi corde!	5
01828	Communication	lonely	einsam	solo, solitario	seul, solitaire	solo, solitario	solitário	solitari(a), sol(a)	soleca	solitari										5
01829	Communication	lately	in letzter Zeit	últimamente	ces derniers temps, récemment	ultimamente, di recente	ultimamente	últimament	lastatempe	ultimemente	Ich habe in letzter Zeit viel darüber nachgedacht	He estado pensando mucho últimamente.	J'y ai beaucoup pensé ces derniers temps.	Ci ho pensato molto ultimamente.	Eu tenho pensado muito nisso, ultimamente.	I've been thinking a lot about it lately.	Hi he estat pensant molt últimament.	Mi multe pensis pri tio lastatempe.	Io ha pensate multo super illo ultimemente.	5
01830	Basics	harder	mehr, bemühter	más (duro)	plus dur, plus difficile	più duramente	com mais afinco, com mais dedicação	més (dur)	pli (forte)	plus dur	Er will einfach, dass ich mehr arbeite.	Él solo quiere que yo trabaje más.	Il veut juste que je travaille plus dur.	Vuole solo che lavori più duramente.	Ele só quer que eu me dedique mais.	He just wants me to work harder.	Ell només vol que jo treballi més.	Li nur volas, ke mi laboru pli forte.	Ille solo vole que io labora plus dur.	5
01831	Positive Attitudes	generous	großzügig	generoso(a)	généreux	generoso	generoso	generós(a)	malavara	generose										5
01832	Positive Attitudes	at least	wenigstens	al menos	au moins	almeno	pelo menos	almenys	almenaŭ	al minus	Wenigstens ist sie um meine Gefühle besorgt. Das ist ein gutes Zeichen.	Al menos, se preocupa por mis sentimientos. Eso es bueno...	Au moins, elle s'inquiète de mes sentiments. C'est bon signe.	Almeno è preoccupata per i miei sentimenti. È un buon segno.	Pelo menos ela está preocupada com meus sentimentos. Isso é um bom sinal.	At least she's worried about my feelings. That's a good sign.	Almenys, es preocupa pels meus sentiments. Això és un bon senyal.	Almenaŭ ŝi zorgas pri miaj sentoj. Tio estas bona signo.	Al minus, illa se preoccupa de mi sentimentos. Isto es un bon signo.	5
01833	Personal Interaction	darling	(mein) Liebling, der Liebling	cariño	mon chéri, ma chérie	mio caro, mia cara	querido(a)	l'amor, l'afecte	karulo, karulino	caro										5
01834	Personal Interaction	emotional	emotional	emocional	émotionnel	emotivo	emocional	emocional	emocia	emotional										5
01835	Personal Interaction	handshake	der Händedruck	apretón de manos	la poignée de main	la stretta di mano	o aperto de mão	l'encaixada de mans (les encaixades de mans)	manpremo	pression de manos	Es scheint, er will mir mit seinem Händedruck wehtun	Es como si intentara hacerme daño con el apretón de manos.	C'est comme s'il essayait de me faire mal avec sa poignée de main.	È come se volesse farmi male con la sua stretta di mano.	É como se ele estivesse tentando me machucar com seu aperto de mão.	It's like he's trying to hurt me with his handshake.	És com si intentés fer-me mal amb l'encaixada de mans.	Estas kvazaŭ li provas vundi min per sia manpremo.	Il es como si ille essayava facer me mal con su pression de manos.	5
01836	Everyday Objects	guest room	das Gästezimmer	la habitación de los invitados	la chambre d'ami	la camera degli ospiti	o quarto de hóspede	l'habitació de convidats (les habitacions de convidats)	gastoĉambro	camera de hospites										5
01837	Everyday Objects	planning	das Planen, die Planung	la planificación	le planning, l'organisation	la pianificazione	o planejamento	la planificació	planado	planification	Ich denke wir sollten mit dem Planen nicht zu weit vorausgehen	No creo que debamos ir más allá con la...	Je ne pense pas que nous devrions aller trop loin avec le planning.	Non penso che dovremmo andare troppo avanti con la pianificazione.	Eu acho que não devemos ir longe demais com o planejamento.	I don't think we should get too far with the planning.	No crec que haguem d'anar més enllà amb la planificació.	Mi ne pensas, ke ni devus iri tro malproksimen kun la planado.	Io non crede que nos debe ir troppo longe con le planification.	5
01838	Business Basics	to cause	verursachen 	causar, provocar	causer, provoquer	causare	causar	causar, provocar	kaŭzi	causar										5
01839	Finance Vocabulary	director	der Direktor	el director	le directeur	il direttore	o diretor	el director (els directors), la directora (les directores)	direktoro	director										5
01840	Common Phrases	Oh my goodness!	Ach du meine Güte!	¡Dios mío!	Oh mon dieu !	Oh mio dio!	Ah... meu Deus!	Déu meu!	Ho, mia Dio!	Oh, Deo mie!										5
01841	Common Phrases	to step on something	auf etwa steigen/treten	pisar algo	marcher sur quelque chose	calpestare	pisar em alguma coisa	pisar alguna cosa	surpaŝi ion	calcar super alique	Ich bin auf etwas Hartes am Boden getreten	He pisado algo en el suelo.	J'ai marché sur quelque chose de dur sur le sol.	Ho calpestato qualcosa di duro sul pavimento.	Eu pisei em alguma coisa dura no chão.	I stepped on something hard on the floor.	He pisat alguna cosa a terra.	Mi surpaŝis ion malmolan sur la planko.	Io ha calcate super alique dur sur le pavimento.	5
01842	Common Phrases	to spend (time)	Zeit verbringen (mit)	pasar (tiempo)	passer (du temps sur quelque chose)	passare (tempo)	dedicar, gastar (tempo)	passar (temps)	pasigi (tempon)	passar tempore	Ich habe Wochen mit diesem Projekt verbracht	He pasado semanas con este proyecto.	J'ai passé des semaines sur ce projet.	Ho passato settimane su questo progetto.	Eu gastei semanas nesse projeto.	I spent weeks on this project.	He passat setmanes en aquest projecte.	Mi pasigis semajnojn en ĉi tiu projekto.	Io ha passate septimanas in iste projecto.	5
01843	Common Phrases	hopefully	erwartungsvoll	con esperanzas	avec espoir, avec un peu de chance	speranzoso	esperançosa	amb esperança	espere	con sperantia	Helene sieht mich erwartungsvoll an	Elena me mira con esperanzas.	Helen me regarde avec espoir.	Helen mi guarda speranzosa.	A Helen olha pra mim esperançosa.	Helen is looking at me hopefully.	L'Helena em mira amb esperança.	Helena rigardas min espere.	Elena me reguarda con sperantia.	5
01844	General Terms	adventure	das Abenteuer	la aventura	l'aventure	l'avventura	a aventura	l'aventura (les aventures)	aventuro	aventura										5
01845	Daily Actions	to disturb, to bother	stören	molestar	déranger, importuner	disturbare	incomodar, perturbar	molestar	ĝeni	disturbar, molestar	Es tut mir leid dich zu stören, aber ich habe eine Frage	Siento molestarte, pero tengo una pregunta	Désolé de te déranger comme ça mais j'ai une question pour toi.	Scusa se ti disturbo ma ho una domanda per te.	Desculpe incomodar, mas quero lhe fazer uma pergunta.	Sorry to disturb you like this but I have a question for you.	Em sap greu molestar-te, però tinc una pregunta.	Pardonu, ke mi ĝenas vin, sed mi havas demandon.	Pardona me de disturbar te assi, sed io ha un question pro te.	5
01846	Daily Actions	nevermind	das macht nichts, egal, mach dir nichts draus	no importa, no te preocupes	ce n'est pas grave, ne t'en fais pas	non fa niente, non preoccuparti	sem problema, deixa pra lá...	no et preocupis, no passa res	ne gravas	non importa, non te inquieta										5
01847	Daily Actions	in case...	für den Fall, dass	en caso de (que)...	au cas où...	in caso, nel caso in cui...	caso, no caso de	per si de cas...	se, okaze ke...	in caso que...	Für denFall, dass du vergessen hast, wir treffen uns morgen auf der Bank	En caso de que lo hayas olvidado, mañana hemos quedado en el banco	Au cas où tu aurais oublié, nous nous voyons demain à la banque.	In caso lo avessi dimenticato, ci vediamo in banca domani.	Caso você tenha esquecido, vamos nos encontrar amanhã no banco.	In case you forgot, we're meeting at the bank tomorrow.	Per si de cas ho has oblidat, demà hem quedat al banc.	Se vi forgesis, ni renkontiĝos ĉe la banko morgaŭ.	In caso que tu lo ha oblidate, nos nos incontrara al banca deman.	5
01848	Daily Actions	friendship	die Freundschaft	la amistad	l'amitié	l'amicizia	a amizade	l'amistat (les amistats)	amikeco	amicitate										5
01849	Finance Vocabulary	banker	der Bankkaufmann/die Bankkauffrau	el banquero	le banquier	il banchiere	o banqueiro	el banquer (els banquers), la banquera (les banqueres)	bankisto	banchero										5
01850	Everyday Life	assistant	der Assistent, die Assistentin	el asistente	l'assistant, l'adjoint	l'assistente	o assistente, o ajudante	l'assistent (els assistents), l'assistenta (les assistentes)	asistanto	assistente										5
01851	Everyday Life	the lowest	niedrigsten	el más bajo	le plus bas	i più bassi	os mais baixos	el més baix	la plej malalta	le plus basse	Meine Preise sind die niedrigsten in diesem Bereich!	¡Mis precios son los más bajos del mercado!	Mes prix sont les plus bas dans l'industrie !	I miei prezzi sono i più bassi del settore!	Os meus preços são os mais baixos do mercado!	My prices are the lowest in the industry!	Els meus preus són els més baixos del mercat!	Miaj prezoj estas la plej malaltaj en la industrio!	Mi precios es le plus basse in le industria!	5
01852	Everyday Life	reliable	verlässlich	fiable, de fiar	fiable	affidabile	confiável 	fiable, de confiança	fidinda	digne de fide										5
01853	Everyday Life	to interview someone	jemanden interviewen	entrevistar a alguien	interviewer, faire passer un entretien à quelqu'un	fare un colloquio a qualcuno	entrevistar alguém 	entrevistar algú	intervjui iun	interviewar alcuno										5
01854	Everyday Life	to make one's mind up	sich entschließen, eine Entscheidung treffen	decidirse	se décider	decidersi	tomar uma decisão	decidir-se	decidiĝi	decider se	Ich habe eine Entscheidung getroffen	Me he decidido...	Je me suis décidé...	Mi sono deciso...	Eu tomei uma decisão...	I've made up my mind…	M'he decidit...	Mi decidiĝis...	Io me ha decidite...	5
01855	Everyday Life	item	der Artikel, das Stück 	el artículo	l'article	l'oggetto	o item, o objeto 	l'article (els articles), l'element (els elements)	artikolo, ero	articulo										5
01856	Everyday Life	Yuck!	Wäh!, Igitt!	¡Puaj!	Beurk !	Bleh!	Eca! 	ecs!, quin fàstic!	Fuj!	Puah!										5
01857	Everyday Life	to replace	ersetzen	sustituir, reemplazar	remplacer	sostituire	substituir	reemplaçar, substituir	anstataŭigi	reimplaciar	Hast du irgendeine Ahnung wie viel es kosten wird sie zu ersetzen?	¿Te haces una idea de cuánto va a...?	Est-ce que tu as une idée de ce que ça va nous coûter de les remplacer ?	Hai idea di quanto ci costerà sostituirli?	Você tem alguma ideia do quanto vai custar substituí-los?	Do you have any idea how much it's going to cost to replace them?	Tens idea de quant costarà reemplaçar-los?	Ĉu vi havas ideon, kiom kostos anstataŭigi ilin?	Ha tu alcun idea de quanto il va costar reimplaciar los?	5
01858	Everyday Life	jealousy	die Eifersucht	los celos	la jalousie	la gelosia	o ciúme	la gelosia	ĵaluzo	jelosia										5
01859	Everyday Life	occasion (event)	der Anlass	la ocasión (evento)	l'occasion (événement)	l'occasione (evento)	a ocasião	l'ocasió (esdeveniment) (les ocasions)	okazo	occasion	Heute ist ein besonderer Anlass	Hoy es una ocasión muy especial.	Aujourd'hui est une occasion si spéciale.	Oggi è proprio un'occasione speciale.	Hoje é uma ocasião tão especial.	Today is such a special occasion	Avui és una ocasió molt especial.	Hodiaŭ estas tia speciala okazo.	Hodie es un occasion multo special.	5
01860	Everyday Life	appetizer	die Vorspeise	el aperitivo	l'apéritif, l'amuse-gueule	l'antipasto, lo stuzzichino	o aperitivo, a entrada	l'aperitiu (els aperitius)	antaŭmanĝeto	aperitivo	Ich habe ein paar Vorspeisen ausgewählt, die wir den Gästen servieren	He elegido algunos aperitivos que serviremos a nuestros invitados.	J'ai choisi certains amuse-gueules que nous servons à nos invités.	Ho scelto alcuni degli antipasti che stiamo servendo ai nostri invitati.	Eu escolhi alguns dos aperitivos que estamos servindo aos nossos convidados.	I picked out some of the appetizers we're serving to our guests.	He triat alguns dels aperitius que servim als nostres convidats.	Mi elektis kelkajn el la antaŭmanĝetoj, kiujn ni servas al niaj gastoj.	Io ha seligite alcunes del aperitivos que nos servira a nostre hospites.	5
01861	Everyday Life	complete	vollkommen, komplett	completo	entier, complet, total	completo	completo	complet	kompleta	complete										5
01862	Everyday Life	candle	die Kerze	la candela, la vela	la bougie	la candela	a vela	l'espelma (les espelmes), la candela (les candeles)	kandelo	candela										5
01863	Everyday Life	damn	verdammt	maldito	maudit, fichu, foutu	maledetto	maldito 	maleït	fia	damnate	Wo ist dieser verdammte Sicherungskasten?	¿Dónde está tu maldito panel eléctrico?	Où est ce foutu tableau électrique ?	Dov'è il maledetto pannello elettrico?	Onde fica o maldito quadro elétrico?	Where is that damn electric panel?	On és aquest maleït quadre elèctric?	Kie estas tiu fia elektra panelo?	Ubi es ille damnate pannello electric?	5
01864	Health & Emotions	lucky	Glück haben	afortunado	chanceux	fortunato	sortudo(a)	afortunat(ada)	bonŝanca	fortunate										5
01865	Health & Emotions	pot	der Topf, der Kochtopf	el cazo, la cacerola	la casserole, le fait-tout	la pentola	a panela	l'olla (les olles), la cassola (les cassoles)	poto	casserola										5
01866	Health & Emotions	annoying	nervig	insoportable, molesto	agaçant, ennuyant	fastidioso	chato (a)	molest, pesat	ĝena	moleste	Sogar halb totfinde ich diesen Typ nervig	Incluso cuando estoy medio muerto, creo que este tío es insoportable	Même quand je suis à moitié mort, je trouve ce type agaçant.	Anche quando sono mezzo morto, trovo questo tizio fastidioso...	Mesmo eu estando quase morto, acho esse cara chato...	Even when I'm half dead I find this guy annoying…	Fins i tot quan estic mig mort, trobo que aquest tio és insuportable.	Eĉ kiam mi estas duonmorta, mi trovas ĉi tiun ulon ĝena.	Mesmo quando io es medie morte, io trova iste individuo moleste...	5
01867	Basic Vocabulary	asleep	schlafend	dormido	endormi	addormentato	adormecido(a), dormindo	adormit(ida)	dormanta	dormiente	Ich habe dich schlafend in deinem Sessel gesehen	Te he visto dormido en tu silla.	Je t'ai vu endormie dans ton siège.	Ti ho vista addormentata sulla sedia.	Eu vi você dormindo na sua cadeira.	I saw you asleep in your chair.	T'he vist adormit a la teva cadira.	Mi vidis vin dormanta en via seĝo.	Io te ha vidite dormiente in tu sedia.	5
01868	General Vocabulary	technology	die Technologie	la tecnología	la technologie	la tecnologia	a tecnologia	la tecnologia (les tecnologies)	teknologio	technologia										5
01869	General Vocabulary	extremely	extrem	extremadamente	extrêmement	estremamente	extremamente	extremadament	ekstreme	extrememente										5
01870	Office Terms	What the hell... (vulgar)	Was zur Hölle... (vulgär)	Pero qué narices... (vulgar)	Mais qu'est-ce que... (vulgaire)	Ma che cavolo... (volgare)	Mas que diabo... (vulgar)	Què diables...?	Kio diable...?	Que diabolo...	Was zur Hölle ist passiert?	¿Pero qué narices ha pasado?	Mais qu'est-ce qu'il s'est passé ?	Ma che cavolo è successo?	Mas que diabo aconteceu?	What the hell happened?	Què diables ha passat?	Kio diable okazis?	Que diabolo ha occurrite?	5
01871	Office Terms	twice	zweimal	dos veces	deux fois	due volte	duas vezes	dues vegades	dufoje	duo vices	Nimm diese Tablette zweimal täglich	Tómate esta pastilla dos veces al día.	Prenez ce comprimé deux fois par jour.	Prenda questa pillola due volte al giorno.	Tome esse comprimido duas vezes por dia.	Take this pill twice a day.	Pren aquesta pastilla dues vegades al dia.	Prenu ĉi tiun pilolon dufoje tage.	Prende iste pilula duo vices al die.	5
01872	Office Terms	inbox (email)	Inbox (Email)	la bandeja de entrada (email)	la boite de réception (email)	la posta in arrivo (email)	a caixa de entrada (e-mail)	la bústia d'entrada (correu electrònic) (les bústies d'entrada)	enirkesto (retpoŝto)	cassa de entrata										5
01873	Workplace Vocabulary	to gain	sich aneignen, erwerben	ganar	obtenir, gagner, acquérir	ottenere, acquisire	ganhar, adquirir	guanyar, adquirir	akiri	ganiar	Also ich würde mir gerne mehr Erfahrung aneignen	Entonces, me encantaría ganar mas experiencia...	Alors j'aimerais acquérir plus d'expérience...	Quindi mi piacerebbe acquisire più esperienza...	Então, eu adoraria ganhar mais experiência…	So I'd like to gain more experience…	Llavors, m'encantaria guanyar més experiència...	Do mi ŝatus akiri pli da sperto...	Dunque, io desirarea ganiar plus experientia...	5
01874	Workplace Vocabulary	misunderstanding	das Missverständnis	malentendido	le malentendu	il malinteso	o mal entendido	el malentès (els malentesos)	miskompreno	incomprehension	Ich dachte, das könnte ein einfaches Missverständnis sein	Creía que que se trataba de un simple malentendido.	Je pensais qu'il s'agissait d'un simple malentendu.	Pensavo si trattasse di un semplice malinteso.	Eu pensei que se tratava de um simples mal entendido.	I thought it might be a simple misunderstanding.	Pensava que es tractava d'un simple malentès.	Mi pensis, ke povus temi pri simpla miskompreno.	Io credeva que illo poteva esser un simple incomprehension.	5
01875	Workplace Vocabulary	impressive	beeindruckend	impresionante	impressionnant	impressionante	impressionante	impressionant	impona	impressionante										5
07002	Everyday Phrases	What is your typical daily routine?	Wie sieht Ihr typischer Tagesablauf aus?	¿Cómo es su rutina diaria típica?	Quelle est votre routine quotidienne typique ?	Com'è la sua solita routine quotidiana?	Como é a sua rotina diária típica?	Com és la seva rutina diària típica?	Kia estas via tipa ĉiutaga rutino?	Qual es vostre routine quotidian typic?										4
07158	Emergencies	If you can hear me, squeeze my hand	Wenn Sie mich hören können, dann drücken Sie meine Hand	Si me puede oír, apriete mi mano	Si vous m'entendez, serrez-moi la main	Se mi sente, stringa la mia mano	Se você pode me ouvir, aperte minha mão	Si em sent, estrenyi'm la mà	Se vi aŭdas min, premu mian manon	Si vos pote audir me, stringe mi mano										4
07159	Emergencies	If you can hear me, blink your eyes	Wenn Sie mich hören können, dann blinzeln Sie mit Ihren Augen	Si me puede oír, parpadee	Si vous m'entendez, clignez des yeux	Se mi sente, strizzi gli occhi	Se você pode me ouvir, pisque os olhos	Si em sent, parpellegi	Se vi aŭdas min, palpebrumu	Si vos pote audir me, palpebra le oculos										4
07160	Emergencies	Go find a defibrillator at the pharmacy	Holen Sie einen Defibrillator aus der Apotheke	Vaya a buscar un desfibrilador a la farmacia	Allez chercher un défibrillateur à la pharmacie	Andate a prende un defibrillatore in farmacia	Encontre um desfibrilador na farmácia	Vagi a buscar un desfibril·lador a la farmàcia	Iru preni malfibrilaciilon ĉe la apoteko	Va cercar un defibrillator al pharmacia										4
07161	Emergencies	Get out of the way!	Gehen Sie aus dem Weg!	¡Quítese del camino!	Dégagez !	Fate largo!	Saia do caminho!	Aparti's!	For la vojon!	Retira vos del cammino!										4
07162	Emergencies	Are there any other victims?	Gibt es weitere Opfer?	¿Hay más víctimas?	Y a-t-il d'autres victimes ?	Ci sono altre vittime?	Há outras vítimas?	Hi ha més víctimes?	Ĉu estas aliaj viktimoj?	Ha il altere victimas?										4
07163	Emergencies	Are you injured?	Sind Sie verletzt?	¿Está herido?	Êtes-vous blessé ?	È ferito?	Você está ferido(a)?	Està ferit(ida)?	Ĉu vi estas vundita?	Es vos vulnerate?										4
07164	Emergencies	Do not move	Nicht bewegen	No se mueva	Ne bougez pas	Non si muova	Não se mova	No es mogui	Ne moviĝu	Non move vos										4
07165	Emergencies	Help is coming	Hilfe kommt	La ayuda está en camino	Les secours arrivent	I soccorsi stanno arrivando	A ajuda está a caminho	L'ajuda està en camí	Helpo venas	Le adjuta veni										4
07166	Emergencies	Are you in pain?	Haben Sie Schmerzen?	¿Siente dolor?	Est-ce que vous avez mal ?	Le fa male?	Você sente dor?	Té dolor?	Ĉu vi havas doloron?	Senti vos dolor?										4
07167	Medical Situations	How long have you had that pain?	Wie lange haben Sie diese Schmerzen bereits?	¿Hace cuánto tiempo tiene ese dolor?	Depuis combien de temps avez-vous mal ?	Da quanto ha questo dolore?	Há quanto tempo você sente esta dor?	Des de quan té aquest dolor?	De kiam vi havas tiun doloron?	Desde quanto tempore senti vos ille dolor?										4
07168	Medical Situations	The pain keeps me awake	Die Schmerzen halten mich wach.	El dolor no me deja dormir	La douleur m'empêche de dormir	Il dolore non mi fa dormire	A dor me mantém acordado	El dolor no em deixa dormir	La doloro ne lasas min dormi	Le dolor non me lassa dormir										4
07169	Personal Questions	Are you Mr.Reynolds, born February 23, 1957 in Denver?	Sind Sie Herr Reynolds, geboren am 23. Februar 1957 in Denver?	¿Usted es el Señor Reynolds, nacido el 23 de febrero del 1957 en Denver?	Êtes-vous bien Monsieur Reynolds, né le 23 Février 1957 à Denver ?	Lei è il Signor Reynolds, nato il 23 febbraio 1957 a Denver?	Estou falando com Sr. Reynolds, nascido no dia 23 de fevereiro de 1957, em Denver?	És vostè el senyor Reynolds, nascut el 23 de febrer de 1957 a Denver?	Ĉu vi estas Sinjoro Reynolds, naskita la 23-an de februaro 1957 en Denver?	Es vos le senior Reynolds, nascite le 23 de februario 1957 in Denver?										4
07170	Medical Situations	Breathe in	Atmen Sie ein	Inhale	Inspirez	Inspiri	Inspire	Inspiri	Enspiru	Inhala										4
07171	Medical Situations	Breathe out	Atmen Sie aus	Exhale	Expirez	Espiri	Expire	Expiri	Elspiru	Exhala										4
07172	Medical Situations	Lie down on your back	Legen Sie sich auf den Rücken	Acuéstese sobre su espalda	Allongez-vous sur le dos	Si stenda sulla schiena	Deite-se de costas	Estiri's de bocaterrosa	Kuŝiĝu surdorse	Cuba vos sur le dorso										4
07173	Healthcare professionals	home help	die Haushaltshilfe	la asistencia en el hogar	l'aide à domicile	l'assistenza a domicilio	a assistência domiciliar	l'assistència a domicili	hejma helpo	assistentia a domicilio										4
07174	Healthcare professionals	family doctor	der Hausarzt	el/la médico de familia	le médecin de famille	il medico di famiglia	o médico da família	el metge de família (la metgessa de família)	familia kuracisto	medico de familia										4
07175	Healthcare professionals	Doctors Without Borders	Ärzte ohne Grenzen	Médicos sin Fronteras	les médecins sans frontières	Medici senza frontiere	Médicos Sem Fronteiras	Metges Sense Fronteres	Kuracistoj sen landlimoj	Medicos sin Frontieras										4
07176	Healthcare professionals	home care provider	die Heimhilfe	el proveedor de asistencia en el hogar	l'auxiliaire de vie	l'assistente medico domestico	o provedor de cuidados domiciliares	el proveïdor d'atenció domiciliària (la proveïdora d'atenció domiciliària)	hejma prizorga provizanto	prestator de cura a domicilio										4
07177	Healthcare professionals	medical sales representative	der Pharmareferent	el/la representante de ventas médicas	le visiteur médical	l'informatore (informatrice) scientifico(a)	o representante comercial médico	el representant de vendes mèdiques (la representant de vendes mèdiques)	medicina venda reprezentanto	representante de venditas medical										4
07178	Healthcare professionals	child care assistant	der Kinderpfleger	el/la asistente de cuidado de niños	l'auxiliaire de puériculture	l'assistente all'infanzia	o assistente pediatra	l'assistent de puericultura (els assistents de puericultura)	infanprizorga asistanto	assistente de cura de infantes										4
07179	Healthcare professionals	occupational therapist	der Ergotherapeut	el/la terapeuta ocupacional	l'ergothérapeute	l'ergoterapeuta	o terapeuta ocupacional	el terapeuta ocupacional (la terapeuta ocupacional)	okupa terapiisto	therapeuta occupational										4
07180	Healthcare professionals	private nurse	die selbstständige Krankenschwester	el enfermero particular / la enfermera particular	l'infirmier(e) libéral(e)	l'infermiere privato	o enfermeiro autônomo	l'infermer(a) privat(da) (els infermers privats)	privata flegisto	infirmero private										4
07181	Healthcare professionals	nurse manager	der Pflegedienstleiter	el/la gerente de enfermero(a)s	le cadre infirmier	il dirigente infermieristico	o gerente de enfermagem	el supervisor d'infermeria (la supervisora d'infermeria)	flegista administranto	gerente de infirmeros										4
07182	Healthcare professionals	physical therapist (US), physiotherapist (UK) 	der Physiotherapeut	el/la fisioterapeuta	le kinésithérapeute	il fisioterapista	o fisioterapeuta	el fisioterapeuta (la fisioterapeuta)	fizioterapiisto	physiotherapeuta										4
07183	Healthcare professionals	nutritionist	der Ernährungsberater	el/la nutricionista	le nutritionniste	il nutrizionista	o nutricionista	el nutricionista (la nutricionista)	nutristo	dietista, nutritionista										4
07184	Healthcare professionals	speech therapist	der Logopäde	el fonoaudiólogo, la fonoaudióloga	l'orthophoniste	il logopedista, il logoterapista	o ortofonista	el logopeda (la logopeda)	logopedo	logopedista										4
07185	Healthcare professionals	optician	der Optiker	el/la oculista	l'opticien, l'opticienne	l'ottico	o oftalmologista	l'òptic(a) (els òptics)	optikisto	optico										4
07186	Healthcare professionals	healthcare professional	der Gesundheitsexperte	el/la profesional de la salud	le professionnel de santé	l'operatore sanitario	o profissional de saúde	el professional de la salut (la professional de la salut)	sanprofesiulo	professional de sanitate										4
07187	Healthcare professionals	paediatric nurse	die Kinderkrankenschwester	el enfermero pediátrico, la enfermera pediátrica	la puéricultrice	l'infermiere pediatrico	a enfermeira pediatra	l'infermer(a) pediàtric(a) (els infermers pediàtrics)	pediatria flegisto	infirmero pediatric										4
07188	Healthcare professionals	chiropodist	der Fußpfleger	el podólogo, la podóloga	le pédicure podologue	il chiropodista	o pedicuro	el podòleg (la podòloga)	podologo	podologo										4
07189	Healthcare professionals	dental technician 	der Zahntechniker	el técnico dental	le prothésiste dentaire	l'odontotecnico	o técnico dentário	el tècnic dental (la tècnica dental)	dentoteknikisto	technico dental										4
07190	Healthcare professionals	anaesthetist	der Anästhesist	el/la anestesista	l'anesthésiste	l'anestetista	o anestesista	l'anestesista (els anestesistes)	anestezisto	anesthetista										4
07191	Healthcare professionals	oncologist	der Onkologe	el oncólogo, la oncóloga	le cancérologue	l'oncologo	o oncologista	l'oncòleg(a) (els oncòlegs)	onkologo	oncologo										4
07192	Healthcare professionals	cardiologist	der Kardiologe	el cardiólogo, la cardióloga	le cardiologue	il cardiologo	o cardiologista	el cardiòleg(a) (els cardiòlegs)	kardiologo	cardiologo										4
07193	Healthcare professionals	dentist	der Zahnarzt	el/la dentista	le dentiste	il dentista	o dentista	el dentista (la dentista)	dentisto	dentista										4
07194	Healthcare professionals	dermatologist	der Dermatologe	el dermatólogo, la dermatóloga	le dermatologue	il dermatologo	o dermatologista	el dermatòleg(a) (els dermatòlegs)	dermatologo	dermatologo										4
07195	Healthcare professionals	endocrinologist	der Endokrinologe	el endocrinólogo, la endocrinóloga	l'endocrinologue	l'endocrinologo	o endocrinologista	l'endocrinòleg(a) (els endocrinòlegs)	endokrinologo	endocrinologo										4
07196	Healthcare professionals	gastroenterologist	der Gastroenterologe	el gastroenterólogo, la gastroenteróloga	le gastro-entérologue	il gastroenterologo	o gastroenterologista	el gastroenteròleg(a) (els gastroenteròlegs)	gastroenterologo	gastroenterologo										4
07197	Healthcare professionals	gynaecologist	der Gynäkologe	el ginecólogo, la ginecóloga	le gynécologue	il ginecologo	o ginecologista	el ginecòleg(a) (els ginecòlegs)	ginekologo	gynecologo										4
07198	Healthcare professionals	coroner/forensic pathologist	der Rechtsmediziner	el patólogo forense, la patóloga forense	le médecin légiste	il patologo forense, l'anatomopatologo	o médico legista	el metge forense (la metgessa forense)	kriminalistika patologo, jurmedicino	pathologo forense										4
07199	Healthcare professionals	neurologist	der Neurologe	el neurólogo, la neuróloga	le neurologue	il neurologo	o neurologista	el neuròleg(a) (els neuròlegs)	neŭrologo	neurologo										4
07200	Healthcare professionals	ophthalmologist	der Augenarzt	el oftalmólogo, la oftalmóloga	l'ophtalmologiste	l'oculista	o oftalmologista	l'oftalmòleg(a) (els oftalmòlegs)	okulisto, oftalmologo	ophthalmologo										4
07201	Healthcare professionals	ear, nose and throat specialist, ENT specialist	der Hals-Nasen-Ohren Arzt	el/la otorrinolaringólogo	l'oto-rhino-laryngologiste	l'otorinolaringoiatra	o otorrinolaringologista (OLR)	l'otorrinolaringòleg(a) (els otorrinolaringòlegs)	otorinolaringologo	otorhinolaryngologo										4
07202	Healthcare professionals	paediatrician	der Kinderarzt	el/la pediatra	le pédiatre	il pediatra	o pediatra	el pediatre (la pediatra)	pediatro	pediatro										4
07203	Healthcare professionals	lung specialist, pulmonologist	der Pneumologe	el neumólogo, la neumóloga	le pneumologue	lo pneumologo	o pneumologista	el pneumòleg(a) (els pneumòlegs)	pneŭmologo	pneumologo										4
07204	Healthcare professionals	psychiatrist	der Psychiater	el/la psiquiatra	le psychiatre	lo psichiatra	o psiquiatra	el psiquiatre (la psiquiatra)	psikiatro	psychiatro										4
07205	Healthcare professionals	radiologist	der Radiologe	el radiólogo, la radióloga	le radiologue	il radiologo	o radiologista	el radiòleg(a) (els radiòlegs)	radiologo	radiologo										4
07206	Healthcare professionals	rheumatologist	der Rheumatologe	el reumatólogo, la reumatóloga	le rhumatologue	il reumatologo	o reumatologista	el reumatòleg(a) (els reumatòlegs)	reŭmatologo	rheumatologo										4
07207	Healthcare professionals	midwife	die Hebamme	la partera	la sage-femme	l'ostetrica	a parteira	la llevadora (les llevadores)	akuŝistino	obstetrice										4
07208	Healthcare professionals	urologist	der Urologe	el urólogo, la uróloga	l'urologue	l'urologo	o urologista	l'uròleg(a) (els uròlegs)	urologo	urologo										4
07209	Healthcare professionals	osteopath	der Osteopath	el/la osteópata	l'ostéopathe	l'osteopata	o osteopata 	l'osteòpata (els osteòpates)	osteopato	osteopatha										4
07210	Healthcare professionals	psychologist	der Psychologe	el psicólogo, la psicóloga	le psychologue	lo psicologo	o psicólogo	el psicòleg(a) (els psicòlegs)	psikologo	psychologo										4
07211	Healthcare professionals	paramedic	der Sanitäter	el paramédico, la paramédica	l'auxiliaire médical	il paramedico	o paramédico	el paramèdic(a) (els paramèdics)	paramedikisto	paramedico										4
07212	Healthcare professionals	domestic staff	das klinische Hauspersonal	el personal doméstico	l'agent de service hospitalier (ASH)	lo staff interno	os funcionários internos	el personal de servei hospitalari	hospitala servistaro	personal domestic										4
07213	Healthcare professionals	hospital unit clerk	der Verwaltungsangestellte einer Station	el/la recepcionista del departamento hospitalario	l'agent d'administration	il funzionario amministrativo	o recepcionista da unidade hospitalar	l'administratiu(va) d'unitat hospitalària	hospitala sekcia oficisto	receptionista del departimento hospitalari										4
07214	Hospital Departments & Areas	delivery room	der Kreißsaal	el paritorio (ES), la sala de partos	la salle d'accouchement	la sala parto	a sala de parto	la sala de parts	akuŝejo	sala de parto										4
07215	Hospital Departments & Areas	recovery room	der Aufwachraum	la sala de recuperación	la salle de réveil	la sala post-operatoria	a sala de recuperação	la sala de reanimació	reanimada ĉambro	sala de recuperation										4
07216	Hospital Departments & Areas	outpatient treatment	die ambulante Behandlung	el tratamiento de pacientes ambulatorios	les consultations externes	le cure ambulatoriali	o tratamento ambulatório	el tractament ambulatori	ambulatoria kuracado	tractamento de patientes ambulatori										4
07217	Hospital Departments & Areas	pathology lab	das Pathologielabor	el laboratorio de patología	le laboratoire d'analyses	il laboratorio di patologia, il laboratorio di analisi	o laboratório de análises clínicas	el laboratori de patologia (els laboratoris de patologia)	patologia laboratorio	laboratorio de pathologia										4
07218	Hospital Departments & Areas	maternity ward	die Entbindungsstation	la sala de maternidad	la maternité	la maternità	a maternidade	la maternitat (les maternitats)	akuŝejo, materneco	sala de maternitate										4
07219	Hospital Departments & Areas	resuscitation room	der Reanimationsraum	la sala de resucitación	la salle de réanimation	la rianimazione	a sala de reanimação	la sala de ressuscitació	resuscitada ĉambro	sala de resuscitation										4
07220	Hospital Departments & Areas	surgical ward	die Chirurgie	la sala de cirugías	le service de chirurgie	il reparto chirurgico	a ala cirurgica	el departament de cirurgia	kirurgia fako	sala de chirurgia										4
07221	Hospital Departments & Areas	X-ray department	die Röntgenabteilung	el departamento de radiología	le service de radiologie	il reparto di radiologia	o departamento de raio-x	el departament de raigs X	radiologia fako	departimento de radiologia										4
07222	Hospital Departments & Areas	palliative care	die Palliativstation	el tratamiento de dolor, los cuidados paliativos	le service de soins paliatifs	il reparto cure palliative	o serviço de cuidados paliativos	les cures pal·liatives	paliativaj zorgoj	curas palliative										4
07223	Hospital Departments & Areas	intensive care unit (ICU)	die Intensivstation	la unidad de cuidados intensivos	l'unité de soins intensifs	la terapia intensiva	a unidade de tratamentos intensivos (UTI)	la unitat de cures intensives (UCI)	intensa prizorga unuo (IPU)	unitate de curas intensive										4
07224	Hospital Departments & Areas	drug detoxification center/detox center	die Suchtklinik	el centro de desintoxicación de drogas	le centre de désintoxication	il centro di disintossicazione	o centro de desintoxicação	el centre de desintoxicació	sendrogiĝa centro	centro de disintoxication de drogas										4
07225	Hospital Departments & Areas	rehabilitation center/rehab center	die Rehaklinik	el centro de rehabilitación	le centre de rééducation	il centro di riabilitazione	o centro de reabilitação	el centre de rehabilitació	rehabilitada centro	centro de rehabilitation										4
07226	Hospital Departments & Areas	 health care center	das Gesundheitszentrum	el centro de cuidados de salud	le centre médico-psychologique	il presidio sanitario, il poliambulatorio	o centro de saúde	el centre d'atenció primària	sanzorga centro	centro de curas de sanitate										4
07227	Hospital Departments & Areas	day hospital	die Tagesklinik	el hospital para pacientes externos/ambulatorios	l'hôpital de jour	il day hospital	o hospital-dia / hospital de dia	l'hospital de dia	taga hospitalo	hospital de die										4
07228	Hospital Departments & Areas	mental health hospital/psychiatric hospital	die psychiatrische Klinik	el hospital psiquiátrico	l'hôpital psychiatrique ou C.H.S.	l'ospedale psichiatrico, il centro di igiene mentale	o hospital psiquiátrico	l'hospital psiquiàtric	psikiatria hospitalo	hospital psychiatric										4
07229	Hospital Departments & Areas	care home, rest home	Altersheim	el asilo	la maison de repos, de convalescence	la casa famiglia, la casa di riposo	o lar para idosos	la residència de gent gran, l'asil	ripozejo, maljunulejo	casa de reposo										4
07230	Hospital Departments & Areas	nursing home/assisted living center	das Pflegeheim	la residencia asistida	la résidence pour personnes âgées	il centro di residenza assistita, la casa di cura	a casa de repouso	la residència assistida	prizorga hejmo, flegejo	residentia assistite										4
07231	Hospital Departments & Areas	teaching hospital	das Universitätsklinikum	el hospital escuela	le centre hospitalier universitaire	il policlinico universitario	o hospital universitário	l'hospital clínic	universitata hospitalo	hospital schola	Das Universitätsklinikum San Juan de Dios ist das wichtigste Krankenhaus in Estelí.	El Hospital Escuela San Juan de Dios es el principal centro asistencial de Estelí.	Le centre hospitalier universitaire San Juan de Dios est le principal hôpital d'Estelí.	Il policlinico universitario San Juan de Dios è il principale ospedale di Estelí.	O hospital universitário San Juan de Dios é o principal hospital de Estelí.	San Juan de Dios teaching hospital is the main hospital in Estelí.	L'hospital clínic San Juan de Dios és el principal hospital d'Estelí.	La universitata hospitalo San Juan de Dios estas la ĉefa hospitalo en Estelí.	Le hospital schola San Juan de Dios es le principal centro assistential in Esteli.	4
07232	Medical Situations	If the test results come back abnormal, get the on-shift intern	Wenn die Testergebnisse zurückkommen und nicht normal sind, rufen Sie den Bereitschaftsfacharzt in Ausbildung	Si los resultados vuelven anormales, llama el residente de turno	Si le bilan revient perturbé, appelle l'interne de garde.	Se i risultati sono anormali, chiama il tirocinante di turno	Se os testes voltarem com resultados anormais, chame o estagiário do turno	Si els resultats de l'anàlisi són anormals, avisa l'intern de guàrdia.	Se la testrezultoj revenas nenormalaj, voku la deĵorantan staĝanton.	Si le resultatos del test reveni anormal, appella le interne de servicio										4
07233	Parts of the Body	nape (of the neck)	der Nacken	la nuca	la nuque	la nuca	a nuca	la nuca (les nuques)	nuko	nuca										4
07234	Parts of the Body	eyelid	das Augenlid	el párpado	la paupière	la palpebra	a pálpebra	la parpella (les parpelles)	palpebro	palpebra										4
07235	Parts of the Body	trunk	der Rumpf	el tronco	le tronc	il tronco	o tronco	el tronc (els troncs)	trunko	trunco										4
07236	Parts of the Body	limbs	die Glieder	las extremidades	les membres	gli arti	os membros	les extremitats	membroj	extremitates										4
07237	Parts of the Body	forearm	der Unterarm	el antebrazo	l'avant-bras	l'avambraccio	o antebraço	l'avantbraç (els avantbraços)	antaŭbrako	antebracio										4
07238	Parts of the Body	thigh	der Oberschenkel	el muslo	la cuisse	la coscia	a coxa	la cuixa (les cuixes)	femuro	femore										4
07239	Parts of the Body	hip	die Hüfte	la cadera	la hanche	l'anca	o quadril	el maluc (els malucs)	kokso	coxa										4
07240	Parts of the Body	torso	der Oberkörper	el torso	le torse	il torso	o torso	el tors (els torsos)	torso	torso										4
07241	Parts of the Body	toe	die Zehe	el dedo del pie	le doigt de pied, l'orteil	il dito dei piedi	o dedo do pé	el dit del peu (els dits del peu)	piedfingro	digito del pede										4
07242	Parts of the Body	heel	die Ferse	el talón	le talon	il tallone	o calcanhar	el taló (els talons)	kalkano	talon										4
07243	Parts of the Body	abdomen	der Unterleib	el abdomen	l'abdomen	l'addome	o abdomen	l'abdomen	abdomeno	abdomine										4
07244	Parts of the Body	navel	der Bauchnabel	el ombligo	le nombril	l'ombelico	o umbigo	el melic (els melics)	umbiliko	umbilico										4
07245	Parts of the Body	sole	die Fußsohle	la planta del pie	la plante des pieds	la pianta dei piedi	a planta dos pés	la planta del peu (les plantes dels peus)	plandumo	planta del pede										4
07246	Parts of the Body	lumbar region, small of the back	der Lendenwirbelbereich	la región lumbar	la région lombaire, les lombaires	la zona lombare	a região lombar	la regió lumbar	lumba regiono	region lumbar										4
07247	Health & Emotions	genetic factors	die genetischen Faktoren	los factores genéticos	les facteurs génétiques	i fattori genetici	os fatores genéticos	els factors genètics	genetikaj faktoroj	factores genetic										4
07248	Health & Emotions	alcoholism	der Alkoholismus	el alcoholismo	l'alcoolisme	l'alcolismo	o alcoolismo	l'alcoholisme	alkoholismo	alcoholismo										4
07249	Diseases	acute bronchitis	die akute Bronchitis	la bronquitis aguda	la bronchite aigue	la bronchite acuta	a bronquite aguda	la bronquitis aguda	akuta bronkito	bronchitis acute										4
07250	Diseases	chronic bronchitis	die chronische Bronchitis	la bronquitis crónica	la bronchite chronique	la bronchite cronica	a bronquite crônica	la bronquitis crònica	kronika bronkito	bronchitis chronic										4
07251	Diseases	rhinitis, stuffy	die Rhinitis, die Nasenschleimhautentzündung	la rinitis	la rhinite	la rinite	a rinite	la rinitis	rinito	rhinitis										4
07252	Diseases	gastritis	die Gastritis	la gastritis	la gastrite	la gastrite	a gastrite	la gastritis	gastrito	gastritis	Eine chronische Gastritis erfordert eine spezielle Diät.	La gastritis crónica requiere una dieta especial.	La gastrite chronique nécessite un régime spécial.	La gastrite cronica richiede una dieta speciale.	A gastrite crónica requer uma dieta especial.	Chronic gastritis requires a special diet.	La gastritis crònica requereix una dieta especial.	Kronika gastrito postulas specialan dieton.	Le gastritis chronic require un dieta special.	4
07253	Diseases	Intestinal obstruction	der Darmverschluss	la obstrucción intestinal	une occlusion intestinale	l'ostruzione intestinale	a obstrução intestinal	l'obstrucció intestinal	intesta obstrukco	obstruction intestinal										4
07254	Diseases	hyperthyroidism	die Hyperthyreose, die Schilddrüsenüberfunktion	el hipertiroidismo	l'hyperthyroidie	l'ipertiroidismo	o hipertireoidismo	l'hipertiroïdisme	hipertiroidismo	hyperthyroidismo										4
07255	Diseases	osteoarthritis	die Osteoarthritis (OA)	la osteoartritis	l'arthrose	l'osteoartite, l'artrosi	a osteoartrite	l'osteoartritis	osteoartrito	osteoarthritis										4
07256	Diseases	renal and vesical calculi	Nieren- und Blasensteine	el cálculo renal y biliar	les calculs rénaux et vésicaux	i calcoli renali e vescicali	os cálculos renais e vesicais	els càlculs renals i vesicals	renaj kaj vezikaj kalkuloj	calculos renal e vesical										4
07257	Diseases	acute kidney injury, acute renal failure	das akute Nierenversagen, die akute Nierenschädigung	la lesión renal aguda, la insuficiencia renal aguda	l'insuffisance rénale aiguë	l'insufficienza renale acuta, il danno renale acuto	a lesão renal aguda, a insuficiência renal aguda	la insuficiència renal aguda, la lesió renal aguda	akuta rena malfunkcio, akuta rena malkapablo	lesion renal acute, insufficientia renal acute										4
07258	Diseases	endometriosis	die Endometriose	la endometriosis	l'endométriose	l'endometriosi	a endometriose	l'endometriosi	endometriozo	endometriosis										4
07259	Diseases	testicular cancer	der Hodenkrebs	el cáncer de testículo	le cancer des testicules	il cancro ai testicoli	o câncer de testículo	el càncer de testicle	testika kancero	cancere testicular										4
07260	Diseases	schizophrenia	die Schizophrenie	la esquizofrenia	la schizophrénie	la schizofrenia	a esquizofrenia	l'esquizofrènia	skizofrenio	schizophrenia										4
07261	Diseases	addiction	die Sucht	la adicción	la dépendance	la dipendenza	a dependência	l'addicció (les addiccions)	dependeco, toksomanio	addiction										4
07262	Diseases	psoriasis	die Schuppenflechte	la psoriasis	le psoriasis	la psoriasi	a psoríase	la psoriasi	psoriazo	psoriasis										4
07263	Diseases	skin cancer	der Hautkrebs	el cáncer de piel	le cancer de la peau	il cancro della pelle	o câncer de pele	el càncer de pell	haŭta kancero	cancere de pelle										4
07264	Diseases	acute abdomen	das akute Abdomen	el abdomen agudo	l'abdomen chirurgical	l'addome acuto	o abdome agudo	l'abdomen agut	akuta abdomeno	abdomine acute										4
07265	Diseases	torn retina	der Netzhautriss	la retina rasgada	la déchirure de la rétine	la rottura della retina	a rasgadura na retina	el despreniment de retina	retina disŝiro	retina lacerate										4
07266	Diseases	lung cancer	der Lungenkrebs	el cáncer de pulmón	le cancer du poumon	il cancro ai polmoni	o câncer de pulmão	el càncer de pulmó	pulma kancero	cancere pulmonar										4
07267	Diseases	toxoplasmosis	die Toxoplasmose	la toxoplasmosis	la toxoplasmose	la toxoplasmosi	a toxoplasmose	la toxoplasmosi	toksoplasmozo	toxoplasmosis										4
07268	Diseases	pertussis, whooping cough	der Keuchhusten	la tos ferina	la coqueluche	la pertosse, la tosse convulsa	a pertússis, a coqueluche	la tos ferina	kokluŝo	pertussis										4
07269	Diseases	A(H5N1), H5N1	H5N1, die Vogelgrippe	H5N1	H5N1	H5N1	o H5N1 (gripe aviária)	H5N1, la grip aviària	H5N1, birda gripo	A(H5N1), H5N1										4
07270	Diseases	malaria	die Malaria	la malaria	le paludisme	la malaria	a malária	la malària	malario	malaria										4
07271	Diseases	a contagious disease	die ansteckende Krankheit	la enfermedad contagiosa	une maladie contagieuse	la malattia contagiosa	a doença contagiosa	la malaltia contagiosa (les malalties contagioses)	kontaĝa malsano	un maladia contagiose										4
07272	Diseases	hyperkalemia	die Hyperkaliämie	la hiperpotasemia	l'hyperkaliémie	l'iperpotassiemia	a hipercalemia	la hiperpotassèmia, la hipercalèmia	hiperkaliemio	hyperkalemia										4
07273	Medications	do not drive	nicht Auto fahren	no conducir	ne pas conduire	non guidare	não dirija	no conduir	ne stiri	non conducer										4
07274	Medications	do not take with alcohol	nicht mit Alkohol einzunehmen	no tomar con alcohol	ne pas prendre avec de l'alcool	non assumere con alcol	não misturar com álcool	no prendre amb alcohol	ne prenu kun alkoholo	non prender con alcohol										4
07275	Medical Situations	Can you breathe alright?	Können Sie gut atmen?	¿Puede respirar bien?	Est-ce que vous respirez bien ?	Respira bene?	Você pode respirar bem?	Pot respirar bé?	Ĉu vi povas bone spiri?	Pote vos respirar ben?										4
07276	Medical Situations	Are you wheezing?	Haben Sie Keuchhusten?	¿Su respiración es sibilante?	Votre respiration est-elle sifflante ?	Ha il respiro affannoso?	Sua respiração está sibilante? 	Té sibilàncies?	Ĉu vi spiras siblante?	Esque vostre respiration es sibilante?										4
07277	Medical Situations	Do you have asthma?	Haben Sie Asthma?	¿Tiene asma?	Souffrez-vous d'asthme ?	Ha l'asma?	Você tem asma?	Té asma?	Ĉu vi havas asmon?	Ha vos asthma?										4
07278	Medical Situations	How long have you been coughing?	Seit wann husten Sie?	¿Cuánto tiempo lleva tosiendo?	Depuis combien de temps toussez-vous ?	Da quanto tempo tossisce?	Há quanto tempo você está tossindo?	Des de quan tus?	De kiam vi tusas?	Durante quanto tempore ha vos tussite?										4
07279	Medical Situations	Are you coughing up blood?	Husten Sie Blut?	¿Usted está tosiendo sangre?	Crachez-vous du sang ?	Tossisce del sangue?	Você está tossindo sangue?	Tus sang?	Ĉu vi tusas sangon?	Esque vos tusse sanguine?										4
07280	Medical Situations	Do you smoke?	Rauchen Sie?	¿Fuma?	Fumez-vous ?	Fuma?	Você fuma?	Fuma?	Ĉu vi fumas?	Fuma vos?										4
07281	Medical Situations	How long have you been smoking?	Seit wann rauchen Sie?	¿Durante cuánto tiempo ha fumado?	Depuis combien de temps est-ce que vous fumez ?	Da quanto tempo fuma?	Há quanto tempo você fuma?	Des de quan fuma?	De kiam vi fumas?	Durante quanto tempore ha vos fumate?										4
07282	Medical Situations	Are you out of breath?	Sind Sie außer Atem?	¿Está usted sin aliento?	Êtes-vous essoufflé ?	Le manca il respiro?	Você está sem ar?	Li falta l'aire?	Ĉu vi estas senspira?	Esque vos es sin halito?										4
07283	Medical Situations	I am wheezing	Ich habe Pfeifgeräusche beim Atmen.	Tengo respiración sibilante 	J'ai une respiration sifflante	Ho il respiro affannoso	Minha respiração está sibilante	Tinc sibilàncies	Mi havas siblan spiradon	Io ha respiration sibilante										4
07284	Medical Situations	It's hard for me to breathe	Es fällt mir schwer zu atmen.	Tengo dificultad para respirar	J'ai du mal à respirer	Respiro con difficoltà	Tenho dificuldades para respirar	Em costa respirar	Estas malfacile por mi spiri	Io ha difficultate a respirar										4
07285	Medical Situations	I run out of breath easily	Ich bin schnell aus der Puste.	Me quedo sin aliento fácilmente	Je suis essoufflé facilement	Rimango senza fiato facilmente	Fico sem ar facilmente 	Em quedo sense aire fàcilment	Mi facile senspiriĝas	Io remane sin halito facilemente										4
07286	Medical Situations	I've been coughing for three days	Ich huste seit drei Tagen.	He estado tosiendo durante tres días	Je tousse depuis trois jours	Tossisco da tre giorni	Estou tossindo há três dias	Tusso des de fa tres dies	Mi tusas de tri tagoj	Io ha tussite durante tres dies										4
07287	Medical Situations	to have trouble breathing	Schwierigkeiten beim Atmen haben	tener dificultad para respirar	avoir des difficultés pour respirer	avere problemi a respirare	ter problemas para respirar	tenir dificultat per respirar	havi malfacilaĵon por spiri	haber difficultate a respirar										4
07288	Medical Situations	mechanical breathing	die maschinelle Atemunterstützung	la ventilación mecánica	la ventilation assistée	la ventilazione assistita	ventilação mecânica	la ventilació mecànica	mekanika spirado	ventilation mechanic										4
07289	Medical Situations	dependent on oxygen therapy/on ventilatory support	abhängig von einer Sauerstofftherapie/ einem Beatmungsgerät	dependiente de la oxigenoterapia/el soporte ventilatorio	dépendent de l'oxygénothérapie/d'une assistance ventilatoire	dipendente da ossigenoterapia/da supporto respiratorio 	dependente	dependent de l'oxigenoteràpia / del suport ventilatori	dependa de oksigenterapio / de ventola subteno	dependente de oxygenotherapia/de supporto respiratori										4
07290	Medical Situations	cigarette	die Zigaretten	el cigarrillo	la cigarette	la sigaretta	o cigarro	el cigarret (els cigarrets), la cigarreta (les cigarretes)	cigaredo	cigarretta										4
07291	Medical Situations	to open the window	das Fenster aufmachen	abrir la ventana	ouvrir la fenêtre	aprire la finestra	abrir a janela	obrir la finestra	malfermi la fenestron	aperir le fenestra										4
07292	Medical Situations	wheezing	das Keuchen	la sibilancia	la respiration sifflante	la dispnea	a respiração sibilante	la sibilància (les sibilàncies)	siblado	sibilo										4
07293	Food & Dining	Has your doctor advised against or forbidden any food types?	Hat Ihr Arzt Ihnen von etwas abgeraten oder Ihnen Nahrungsmittel verboten?	¿Su médico le ha aconsejado en contra o prohibido cualquier tipo de comida?	Est-ce que votre médecin vous a déconseillé ou interdit certains aliments ?	Il suo dottore le ha sconsigliato o vietato alcuni cibi?	Seu médico desaconselhou ou proibiu algum tipo de alimento?	El seu metge li ha desaconsellat o prohibit algun tipus de menjar?	Ĉu via kuracisto malrekomendis aŭ malpermesis iujn manĝaĵojn?	Ha vostre medico dissuadite vos de, o prohibite vos, ulle typos de alimento?										4
07294	Food & Dining	Are you on a special diet?	Folgen Sie einer spezieller Ernährung?	¿Sigue alguna dieta especial?	Est-ce que vous avez un régime spécial ?	Segue una dieta speciale?	Você está seguindo alguma dieta especial?	Segueix alguna dieta especial?	Ĉu vi sekvas specialan dieton?	Seque vos un dieta special?										4
07295	Food & Dining	You must drink at least a liter and a half of water each day	Sie müssen jeden Tag mindestens anderthalb Liter Wasser trinken.	Usted debe tomar al menos un litro y medio de agua al día	Vous devez boire au moins un litre et demi d'eau par jour	Deve bere almeno un litro e mezzo di acqua al giorno	Você deve tomar ao menos um litro e meio de água por dia	Ha de beure almenys un litre i mig d'aigua cada dia	Vi devas trinki almenaŭ unu litron kaj duonon da akvo ĉiutage	Vos debe biber al minus un litro e medie de aqua cata die										4
07296	Food & Dining	Remember to keep hydrated	Denken Sie daran, hydriert zu bleiben.	Recuerde mantenerse hidratado	Pensez à vous hydrater	Ricordi di mantenersi idratato	Lembre-se de se manter hidratado	Recordi mantenir-se hidratat(ada)	Memoru resti hidratigita	Memora mantener vos hydratate										4
07297	Food & Dining	You can't eat or drink anything 6 hours before the operation	Sie dürfen 6 Stunden vor der Operation nichts mehr essen oder trinken.	Usted no puede comer ni tomar nada 6 horas antes de la operación	Vous ne devez pas boire ni manger 6 heures avant l'opération	Non può bere né mangiare nulla 6 ore prima dell'operazione	Você não pode comer ou beber nada 6 horas antes da operação	No pot menjar ni beure res 6 hores abans de l'operació	Vi ne povas manĝi aŭ trinki ion ajn 6 horojn antaŭ la operacio	Vos non pote mangiar o biber alique sex horas ante le operation										4
07298	Food & Dining	How often do you drink alcohol?	Wie oft trinken Sie Alkohol?	¿Con cuánta frecuencia toma alcohol?	À quelle fréquence consommez-vous de l'alcool ?	Quanto spesso beve alcol?	Com que frequência você ingere bebidas alcóolicas?	Amb quina freqüència beu alcohol?	Kiom ofte vi trinkas alkoholon?	con quante frequentia bibe vos alcohol?										4
07299	Food & Dining	You need a more balanced diet	Sie brauchen eine ausgewogenere Ernährung.	Usted necesita una dieta más equilibrada	Il faut que vous mangiez plus équilibré	Ha bisogno di una dieta più bilanciata	Você precisa de uma dieta mais balanceada	Necessita una dieta més equilibrada	Vi bezonas pli ekvilibran dieton	Vos necessita un dieta plus equilibrate										4
07300	Food & Dining	You must avoid sugar	Sie müssen Zucker vermeiden.	Usted debe evitar el azúcar	Vous devez éviter le sucre	Deve evitare lo zucchero	Você deve evitar o açucar	Ha d'evitar el sucre	Vi devas eviti sukeron	vos debe evitar le sucro										4
07301	Medical Situations	Do you have any health concerns?	Haben Sie gesundheitliche Bedenken?	¿Tiene algún problema de salud?	Avez-vous des préoccupations de santé ?	Ha preoccupazioni per la salute?	Você tem alguma preocupação com a saúde?	Té algun problema de salut?	Ĉu vi havas iujn sanajn zorgojn?	ha vos alcun problema de sanitate?										5
07302	Food & Dining	You need to cut salt out of your diet	Sie müssen in Ihrer Ernährung auf Salz verzichten.	Necesita eliminar la sal de su dieta	Vous avez besoin d'éliminer le sel de votre alimentation	Ha bisogno di eliminare il sale dalla sua dieta	Você precisa cortar o sal da sua dieta	Necessita eliminar la sal de la seva dieta	Vi bezonas forigi salon el via dieto	vos necessita eliminar le sal de vostre dieta										4
07303	Food & Dining	installation / stimulation	die Installation / die Stimulation	instalación / estimulación	installation / stimulation	installazione / stimolazione	instalação / estimulação	instal·lació / estimulació	instalo / stimulo	installation / stimulation										4
07304	Food & Dining	To need assistance and/or monitoring	Unterstützung und / oder Beobachtung benötigen	Necesitar asistencia y/o supervisión	A besoin d'aide partielle et/ou surveillance	Aver bisogno di assistenza e/o sorveglianza 	Precisar de assistência ou de supervisão	necessitar assistència i/o supervisió	bezoni helpon kaj/aŭ superrigardon	necessitar assistentia e/o supervision										4
07305	Food & Dining	to need complete help (eating)	komplette Hilfe benötigen (beim Essen)	necesitar ayuda completa (para la alimentación)	avoir besoin d'aide totale (à la nutrition)	avere bisogno di aiuto completo (per la nutrizione)	precisar de ajuda completa (para a nutrição) 	necessitar ajuda completa (per menjar)	bezoni kompletan helpon (por manĝi)	necessitar adjuta complete pro mangiar										4
07306	Food & Dining	dehydration	die Dehydration	la deshidratación	la déshydratation	la disidratazione	a desidratação	la deshidratació	malhidratiĝo	dishydratation										4
07307	Food & Dining	malnutrition	die schlechte Ernährung	la malnutrición	la malnutrition	la malnutrizione	a malnutrição	la malnutrició	subnutrado	malnutrition										4
07308	Food & Dining	underweight	das Untergewicht	el bajo peso / infrapeso	le sous-poids	il sottopeso	o baixo peso	el baix pes	subpezo	basse peso										4
07309	Food & Dining	anorexia	die Magersucht	la anorexia	l'anorexie	l'anoressia	a anorexia	l'anorèxia	anoreksio	anorexia										4
07310	Food & Dining	loss of appetite	der Appetitverlust	la pérdida de apetito	la perte d'appétit	la perdita dell'appetito	a perda de apetite 	la pèrdua de gana	apetitperdo	perdita de appetito										4
07311	Food & Dining	a balanced meal	eine ausgewogene Mahlzeit	una comida equilibrada	un repas équilibré	un pasto bilanciato	uma refeição equilibrada	un àpat equilibrat (uns àpats equilibrats)	ekvilibra manĝo	un repasto equilibrate										4
07312	Food & Dining	to avoid sugary foods	zuckerhaltige Nahrung vermeiden	evitar los alimentos azucarados	éviter les aliments sucrés	evitare gli alimenti dolci	evitar alimentos açucarados	evitar els aliments ensucrats	eviti sukerajn manĝaĵojn	evitar alimentos ric in sucro										4
07313	Food & Dining	to avoid fatty foods	fetthaltige Nahrung vermeiden	evitar los alimentos grasos	éviter les aliments gras	evitare gli alimenti grassi	evitar alimentos gordurosos 	evitar els aliments grassos	eviti grasajn manĝaĵojn	evitar alimentos grasse										4
07314	Food & Dining	nasogastric intubation, nasogastric feeding	die transnasale Magensonde	el sondaje nasogástrico (procedimiento)	alimentation naso gastrique	il sondino naso gastrico	alimentação por sonda nasogástrica 	la intubació nasogàstrica, l'alimentació nasogàstrica	nazogastra intubado, nazogastra nutrado	intubation nasogastric, alimentation nasogastric										4
07315	Food & Dining	high in fibre	reich an Ballaststoffen	alto en fibra	riche en fibres	ricco di fibre	rico em fibras	ric(a) en fibra	riĉa je fibroj	ric in fibra										4
07316	Food & Dining	low lactose	wenig Laktose	bajo en lactosa	pauvre en lactose	con poco lattosio	baixo teor de lactose	baix(a) en lactosa	malalta en laktozo	basse in lactosa										4
07317	Food	cooked meat products	die Fleischprodukte	los productos cárnicos cocidos	les charcuteries	i salumi	os produtos de carne cozida	els productes carnis cuits, els embotits	prilaboritaj viandaĵoj, ĉarkutaĵoj	productos de carne cocite										4
07318	Food	starchy foods	die stärkehaltigen Nahrungsmittel	los alimentos ricos en almidón	les féculents	i farinacei	os alimentos ricos em amido	els aliments rics en midó	amelozaj manĝaĵoj	alimentos amylacee										4
07319	Food	fats, lipids	die Fette, die Lipide	las grasas, los lípidos	les graisses, lipides	i grassi, i lipidi	as gorduras, os lipídios	els greixos, els lípids	grasoj, lipidoj	grassias, lipides										4
07320	Food	dairy products	die Milchprodukte	los lácteos	les produits laitiers	i latticini	os lacticínios	els productes lactis	laktaĵoj	productos lactee										4
07321	Food	proteins	die Proteine	las proteínas	les protéines	le proteine	as proteínas	les proteïnes	proteinoj	proteinas										4
07322	Food	carbohydrates	die Kohlenhydrate	los carbohidratos	les glucides	i carboidrati	os carboidratos	els carbohidrats, els glúcids	karbonhidratoj	carbohydratos										4
07323	Medical Situations	Do you go to the bathroom regularly?	Gehen Sie regelmäßig auf Toilette?	¿Usted va al baño regularmente?	Est-ce que vous allez à la selle régulièrement ?	Va di corpo regolarmente?	Você vai ao banheiro regularmente?	Va al lavabo regularment?	Ĉu vi regule iras al la necesejo?	Va vos al camera de banio regularmente?										4
07324	Medical Situations	Does it hurt when you urinate?	Tut es weh, wenn Sie Wasser lassen?	¿Siente dolor al orinar?	Est-ce que vous avez mal quand vous urinez ?	Le fa male quando urina?	Você sente dores ao urinar?	Li fa mal quan orina?	Ĉu doloras kiam vi urinas?	Senti vos dolor quando vos urina?										4
07325	Medical Situations	Does it burn when you pee?	Brennt es, wenn Sie Wasser lassen?	¿A usted le quema al orinar?	Est-ce que ça brûle quand vous faites pipi ?	Le brucia quando fa pipì?	Você sente uma queimação ao urinar?	Li cou quan fa pipí?	Ĉu brulas kiam vi pisas?	Arde illo quando vos urina?										4
07326	Medical Situations	How am I going to go to the bathroom when I can't get up on my own?	Wie soll ich ins Badezimmer gelangen, wenn ich von alleine nicht aufstehen kann?	¿Cómo voy a ir al baño si no puedo sostenerme en pie solo?	Comment je vais faire pour aller aux toilettes si je ne peux pas me lever ?	Come faccio ad andare al bagno se non posso alzarmi da solo?	Como irei ao banheiro se não posso me levantar sozinho?	Com aniré al lavabo si no em puc aixecar sol(a)?	Kiel mi iros al la necesejo se mi ne povas memstare leviĝi?	Como va io ir al camera de banio quando io non pote star in pede per me mesme?										4
07327	Medical Situations	Can I have the bedpan?	Kann ich die Bettpfanne haben?	¿Me puede dar la bacinilla?	Est-ce que je peux avoir le bassin ? 	Posso avere la padella per favore?	Pode me dar a comadre?	Em pot portar la xata?	Ĉu mi povas havi la litpelvon?	Pote vos dar me le bassino de lecto?										4
07328	Medical Situations	Can I have the urinal?	Kann ich das Urinal haben?	¿Me puede dar el orinal?	Est-ce que je peux avoir le pistolet ?	Posso avere il pappagallo?	Pode me dar o urinol?	Em pot portar l'orinal?	Ĉu mi povas havi la urinujon?	Pote vos dar me le urinal?										4
07329	Medical Situations	a normal bowel movement	der normale Stuhlgang	una evacuación intestinal normal	un transit normal	una evacuazione intestinale normale	uma evacuação intestinal normal	una deposició normal	normala fekado	un evacuation intestinal normal										4
07330	Medical Situations	incontinence 	die Inkontinenz	la incontinencia	l'incontinence	l'incontinenza	a incontinência	la incontinència	nekontinenco	incontinentia										4
07331	Medical Situations	urine guard/pad	die Windel 	la protección urinaria	la protection urinaire	il pannolino	a fralda	el bolquer (els bolquers)	vindotuko	protection urinari										4
07332	Medical Situations	stool	der Stuhlgang	la heces	la selle	le feci	as fezes	la femta	fekaĵoj	feces										4
07333	Medical Situations	urine	der Urin	la orina	l'urine	l'urina	a urina	l'orina	urino	urina										4
07334	Medical Situations	Are you able to walk?	Können Sie laufen?	¿Usted puede caminar?	Est-ce que vous arrivez à marcher ?	Può camminare?	Você consegue se mover?	Pot caminar?	Ĉu vi kapablas marŝi?	esque vos pote ambular?										4
07335	Medical Situations	Do you need help moving?	Brauchen Sie Hilfe beim fortbewegen?	¿Necesita ayuda para moverse?	Est-ce que vous avez besoin d'aide pour vous déplacer ?	Ha bisogno di aiuto per spostarsi?	Você precisa de ajuda para se mover?	Necessita ajuda per moure's?	Ĉu vi bezonas helpon por moviĝi?	esque vos necessita adjuta pro mover vos?										4
07336	Medical Situations	You will need to stay lying down	Sie müssen liegen bleiben.	Usted tendrá que quedarse acostado	Vous allez devoir rester allongé	Deve rimanere sdraiato	Você deverá se manter deitado	Haurà de romandre estirat(ada)	Vi devos resti kuŝanta	vos debera remaner cubate										4
07337	Medical Situations	Do not get up unless the doctor says so	Stehen Sie nicht auf, so lange der Doktor es nicht erlaubt.	No se levante a menos que se lo pida el doctor	Ne vous levez pas à moins que le médecin l'autorise	Non si alzi a meno che non glielo dica il dottore	Não levante-se a menos que o doutor o diga	No s'aixequi si no l'hi diu el metge	Ne leviĝu krom se la kuracisto tion diros	non leva vos salvo si le medico lo dice										4
07338	Medical Situations	To move with help	Sich dank jemandes Hilfe fortbewegen können.	Moverse con ayuda	Se déplacer avec de l'aide	Muoversi con aiuto	Mover-se com auxílio	moure's amb ajuda	moviĝi kun helpo	mover se con adjuta										4
07339	Medical Situations	To move with the help of two people	Sich dank der Hilfe von zwei Personen fortbewegen können.	Moverse con la ayuda de dos personas	Se déplacer avec l'aide de deux personnes	Muoversi con l'aiuto di due persone	Mover-se com auxílio de duas pessoas	moure's amb l'ajuda de dues persones	moviĝi kun helpo de du homoj	mover se con le adjuta de duo personas										4
07340	Medical Situations	bedridden	bettlägering	postrado en cama	Alité en permanence	allettato	acamado(a)	enllitat(ada)	litkuŝa	allectate										4
07341	Medical Situations	the doctor forbids getting up	der Arzt verbietet das Aufstehen	el doctor prohíbe ponerse de pie	Le médecin a interdit le lever	il medico proibisce di alzarsi	o médico proíbe de levanta-se	el metge prohibeix aixecar-se	la kuracisto malpermesas leviĝi	le medico prohibi levar se										4
07342	Medical Situations	bedsore, pressure ulcer	das Druckgeschwür	la escara	l'escarre	la piaga da decubito	a escara	l'escara (les escares)	litvundo, premulcero	ulcere de decubito										4
07343	Medical Situations	I need a cane	Ich brauche einen Gehstock.	Necesito un bastón	J'ai besoin d'une canne	Ho bisogno di un bastone	Preciso de uma bengala	Necessito un bastó	Mi bezonas bastonon	Io necessita un baston										4
07344	Medical Situations	I fell	Ich bin gefallen	Me caí	Je suis tombé	Sono caduto	eu caí	He caigut	Mi falis	Io ha cadite										4
07345	Medical Situations	Can I bathe myself?	Kann ich baden gehen?	¿Me puedo bañar?	Est-ce que je vais pouvoir me baigner ?	Posso farmi un bagno?	Posso me banhar?	Em puc banyar?	Ĉu mi povas bani min?	Pote io baniar me?										4
07346	Medical Situations	My legs hurt	Meine Beine tun weh.	Me duelen las piernas	J'ai mal aux jambes	Mi fanno male le gambe	Sinto dor nas pernas	Em fan mal les cames	Miaj kruroj doloras	Mi gambas dole										4
07347	Medical Situations	I'm limping	Ich humple	Estoy cojeando	Je boite	Zoppico	Estou mancando	Coixejo	Mi lamas	Io claudica										4
07348	Medical Situations	You must not stand up	Sie dürfen nicht aufstehen.	Usted no debe ponerse de pie	Vous ne devez pas vous lever	Non si deve alzare in piedi	Você não deve se levantar	No s'ha d'aixecar	Vi ne devas leviĝi	Vos non debe star in pede										4
07349	Medical Situations	Help me get up	Helfen Sie mir aufzustehen.	Ayúdeme a levantarme	Aidez-moi à me lever	Mi aiuti ad alzarmi	Me ajude a me levantar	Ajudi'm a aixecar-me	Helpu min leviĝi	Adjuta me a levar me										4
07350	Medical Situations	Turn onto your left side	Drehen Sie sich auf die linke Seite	Póngase sobre su lado izquierdo	Mettez-vous sur le côté gauche	Si giri sul fianco sinistro	 Vire-se para o lado esquerdo	Giri's sobre el seu costat esquerre	Turnu vin sur vian maldekstran flankon	Verte vos super vostre latere sinistre										4
07351	Medical Situations	lie face-down	Legen Sie sich auf den Bauch.	acuéstese boca abajo	Mettez-vous sur le ventre	Si metta prono	Vire-se de frente	Estiri's de bocaterrosa	Kuŝiĝu vizaĝ-malsupren	Cuba vos con le facie a basso										4
07352	Medical Situations	hand rail	der Handlauf	el pasamano	la main courante, rambarde, poignée	il corrimano 	o corrimão	el passamà (els passamans)	balustrado, manrelo	le appoiamano										4
07353	Medical Situations	patient lift/jack hoist	der Personenlifter	el elevador de pacientes	le lève-malade	il sollevamalati, il verticalizzatore	o elevador de pacientes	l'elevador de pacients	pacienta levilo	le elevator de patientes										4
07354	Medical Situations	Did you sleep well?	Haben Sie gut geschlafen?	¿Durmió bien?	Est-ce que vous avez bien dormi ?	Ha dormito bene?	Você dormiu bem?	Ha dormit bé?	Ĉu vi bone dormis?	Ha vos dormite ben?										4
07355	Medical Situations	Do you sleep well?	Schlafen Sie gut?	¿Usted duerme bien?	Est-ce que vous dormez bien ?	Dorme bene?	Você dorme bem?	Dorm bé?	Ĉu vi bone dormas?	Dormi vos ben?										4
07356	Medical Situations	Do you need a sleeping pill?	Brauchen Sie eine Schlaftablette?	¿Necesita una pastilla para dormir?	Est-ce que vous avez besoin d'un somnifère ?	Ha bisogno di un sonnifero?	Você precisa de um sonífero?	Necessita una pastilla per dormir?	Ĉu vi bezonas dormigilon?	Ha vos besonio de un pilula pro dormir?										4
07357	Medical Situations	Do you have insomnia?	Leiden Sie an Schlaflosigkeit?	¿Sufre de insomnio?	Avez-vous des insomnies ?	Soffre di insonnia?	Você tem insônia?	Té insomni?	Ĉu vi havas sendormecon?	Suffre vos de insomnia?										4
07358	Medical Situations	Is it hard for you to wake up in the morning?	Fällt es Ihnen schwer morgens aufzustehen?	¿Es difícil para usted levantarse por la mañana?	Est-ce que vous avez du mal à vous lever le matin ?	È difficile per lei svegliarsi la mattina?	É difícil para você se levantar pela manhã?	Li costa llevar-se al matí?	Ĉu estas malfacile por vi leviĝi matene?	Es difficile pro vos eveliar vos le matino?										4
07359	Medical Situations	How many hours did you sleep last night?	Wie viele Stunden haben Sie letzte Nacht geschlafen?	¿Cuántas horas durmió anoche?	Combien d'heures avez-vous dormi la nuit dernière ?	Quante ore ha dormito la scorsa notte?	Quantas horas você dormiu na noite passada?	Quantes hores va dormir ahir a la nit?	Kiom da horoj vi dormis hieraŭ nokte?	Quante horas dormiva vos le nocte passate?										4
07360	Medical Situations	How many hours did you sleep during the day?	Wieviele Stunden haben Sie tagsüber geschlafen?	¿Cuantas horas durmió durante el día?	Combien d'heures avez-vous dormi dans la journée ?	Quante ore ha dormito durante il giorno?	Quantas horas você dormiu durante o dia?	Quantes hores ha dormit durant el dia?	Kiom da horoj vi dormis dum la tago?	Quante horas dormiva vos durante le die?										4
07361	Medical Situations	Did you take a nap in the afternoon?	Haben Sie einen Mittagsschlaf gehalten?	¿Ha hecho la siesta por la tarde?	Avez-vous fait une sieste l'après-midi ?	Ha fatto un sonnellino nel pomeriggio?	Você tirou um cochilo à tarde?	Ha fet la migdiada a la tarda?	Ĉu vi siestis posttagmeze?	Ha vos facite un siesta durante le postmeridie?										4
07362	Medical Situations	I'm having trouble falling asleep	Ich habe Probleme beim Einschlafen	Me está costando trabajo quedarme dormido	J'ai du mal à m'endormir	Ho dei probelmi ad addormentarmi	Estou tendo problemas para adormecer	Em costa adormir-me	Mi malfacile endormiĝas	Io ha difficultate a addormir me.										4
07363	Medical Situations	I'm having sleeping problems	Ich habe Schlafprobleme.	Estoy teniendo problemas con el sueño	J'ai du mal à dormir	Ho problemi a dormire	Estou tendo problemas com o meu sono	Tinc problemes per dormir	Mi havas dormproblemojn	Io ha problemas de somno.										4
07364	Medical Situations	The pain wakes me up	Der Schmerz weckt mich auf.	El dolor me despierta	La douleur me réveille	Il dolore mi sveglia	A dor me acorda	El dolor em desperta	La doloro vekigas min	Le dolor me evelia.										4
07365	Medical Situations	I need to rest	Ich muss mich ausruhen.	Necesito descansar	J'ai besoin de me reposer	Ho bisogno di riposare	Preciso descansar	Necessito descansar	Mi bezonas ripozi	Io necessita reposar.										4
07366	Medical Situations	I'm having nightmares	Ich habe Albträume.	Estoy teniendo pesadillas	Je fais des cauchemards	Ho gli incubi	Estou tendo pesadelos	Tinc malsons	Mi havas koŝmarojn	Io ha incubos.										4
07367	Medical Situations	I sleep all the time	Ich schlafe die ganze Zeit.	Duermo todo el tiempo	Je dors tout le temps	Dormo tutto il tempo	Eu durmo o tempo todo	Dormo tota l'estona	Mi dormas la tutan tempon	Io dormi tote le tempore.										4
07368	Medical Situations	under-sheet, mattress protector	der Matratzenschoner, die Bettunterlage	el protector de colchón	une alèse	la traversa (per la protezione del materasso)	o protetor de colchão	el protector de matalàs	matraca protektilo	sub-drappo, protector de matras										4
07369	Personal care	Do you want me to help you get dressed?	Wollen Sie, dass ich Ihnen beim Anziehen helfe?	¿Quiere que le ayude a vestirse?	Est-ce que vous voulez que je vous aide à vous habiller ?	Vuole che la aiuti a vestirsi?	Você quer que eu o ajude a se vestir?	Vol que l'ajudi a vestir-se?	Ĉu vi volas, ke mi helpu vin vestiĝi?	Vole vos que io vos adjuta a vestir vos?										4
07370	Personal care	I will help you dress/undress	Ich helfe Ihnen beim Anziehen/Ausziehen.	Le ayudaré a vestirse/desvestirse	Je vais vous aider à vous habiller/déshabiller	La aiuto a vestirsi / spogliarsi	Eu vou ajudar você a se vestir/despir	L'ajudaré a vestir-se/desvestir-se	Mi helpos vin vestiĝi/senvestiĝi	Io vos adjutara a vestir vos/disvestir vos.										4
07371	Personal care	I can dress myself	Ich kann mich selbst anziehen.	Yo me puedo vestir solo	Je peux m'habiller tout seul	Posso vestirmi da solo	Eu posso me vestir sozinho	Em puc vestir sol(a)	Mi povas vesti min mem	Io pote vestir me sol.										4
07372	Personal care	Can you help me with my socks?	Können Sie mir mit meinen Socken helfen?	¿Me puede ayudar con mis medias?	Est-ce que vous pouvez m'aider avec mes chaussettes ?	Mi può aiutare con i calzini?	Você pode me ajudar com minhas meias?	Em pot ajudar amb els mitjons?	Ĉu vi povas helpi min kun miaj ŝtrumpetoj?	Pote vos adjutar me con mi soccos?										4
07373	Personal care	Can I wear my pajamas?	Kann ich meinen Pyjama tragen?	¿Puedo usar mi pijama?	Est-ce que je peux porter mon pyjama ?	Posso mettere il pigiama?	Posso vestir meus pijamas?	Em puc posar el pijama?	Ĉu mi povas surmeti mian piĵamon?	Pote io portar mi pyjama?										4
07374	Personal care	to take off (took off, taken off) clothes	sich ausziehen	desvestirse	enlever des vêtements	spogliarsi, togliersi i vestiti	despir-se	treure's la roba	demeti vestojn	disvestir se										4
07375	Personal care	to put on (put on, put on) clothes	sich anziehen	vestirse	mettre des vêtements	vestirsi	vestir-se	posar-se la roba	surmeti vestojn	vestir se										4
07376	Medical Situations	How long have you had a fever?	Seit wann haben Sie Fieber?	¿Cuánto tiempo lleva con fiebre?	Depuis combien de temps avez-vous de la fièvre ?	Da quanto ha la febbre?	Há quanto tempo você está com febre?	Des de quan té febre?	De kiam vi havas febron?	Desde quando ha vos febre?										4
07377	Medical Situations	Are you having night sweats?	Haben Sie Nachtschweiß?	¿Está teniendo sudores nocturnos?	Avez-vous des sueurs nocturnes ?	Ha i sudori notturni?	Você está tendo sudorese?	Té suors nocturnes?	Ĉu vi havas noktajn ŝvitojn?	Ha vos sudores nocturne?										4
07378	Medical Situations	Are you hot/cold?	Ist Ihnen heiß/kalt?	¿Usted tiene calor/frío?	Avez-vous chaud/froid ?	Ha caldo/freddo?	Você está com calor/frio?	Té calor/fred?	Ĉu vi estas varma/malvarma?	Senti vos calor o frigor?										4
07379	Medical Situations	I believe I have a fever	Ich glaube ich habe Fieber.	Creo que tengo fiebre	Je crois que j'ai de la fièvre	Credo di avere la febbre	Eu acredito que eu esteja com febre	Crec que tinc febre	Mi kredas, ke mi havas febron	Io crede que io ha febre.										4
07380	Medical Situations	I'm cold	Mir ist kalt.	Tengo frío	J'ai froid	Ho freddo	Estou com frio	Tinc fred	Mi estas malvarma	Io senti frigido.										4
07381	Medical Situations	sweat	der Schweiß	el sudor	la sueur	il sudore	suor	la suor	ŝvito	sudor										4
07382	Medical Situations	Could you open the window?	Könnten Sie das Fenster aufmachen?	¿Me puede ayudar a abrir la ventana?	Est-ce que vous pouvez ouvrir la fenêtre ?	Potrebbe aprire la finestra?	Você pode abrir a janela?	Podria obrir la finestra?	Ĉu vi povus malfermi la fenestron?	Poterea vos aperir le fenestra?										4
07383	Medical Situations	the radiator	die Heizung	el radiador	le radiateur	il termosifone	o aquecedor	el radiador (els radiadors)	radiatoro	le radiator										4
07384	Medical Situations	I would like an extra blanket	Ich möchte eine zusätzliche Decke.	Quisiera una cobija extra	Je voudrais une couverture supplémentaire	Vorrei un'altra coperta	Eu gostaria de um cobertor extra	Voldria una manta extra	Mi ŝatus kroman kovrilon	Io volerea un copertura extra.										4
07385	Personal care	Do you need help to wash yourself?	Brauchen Sie Hilfe, um sich zu waschen?	¿Necesita ayuda para lavarse?	Avez-vous besoin d'aide pour vous laver ?	Ha bisogno di aiuto per lavarsi?	Você precisa de ajuda para se lavar?	Necessita ajuda per rentar-se?	Ĉu vi bezonas helpon por lavi vin?	Ha vos besonio de adjuta pro lavar vos?										4
07386	Personal care	You will need to wash yourself with the product before the operation.	Sie müssen sich vor dem Eingriff mit dem Produkt waschen.	Usted tendrá que lavarse con el producto antes de la operación	Il va falloir vous laver avec le produit avant l'opération	Deve lavarsi col prodotto prima dell'operazione	Você deverá lavar-se com o produto antes da operação	S'haurà de rentar amb el producte abans de l'operació.	Vi devos lavi vin per la produkto antaŭ la operacio.	Vos debera lavar vos con le producto ante le operation.										4
07387	Personal care	to wash private parts	den Intimbereich waschen	lavarse las partes íntimas	faire la toilette intime	farsi il bidè	lavar as partes íntimas	rentar-se les parts íntimes	lavi siajn privatajn partojn	lavar se le partes intime										4
07388	Personal care	wash cloth (US), flannel (UK)	der Waschlappen	la toallita	le gant de toilette	il guanto di spugna	a toalha de rosto	la manopla de bany	lavtuko, lavoganto	panno de lavar										4
07390	Diseases	visually impaired	sehbehindert	discapacitados visuales	mal-voyant	non vedente	deficiente visual	amb discapacitat visual	vidhandikapita	invaliditate visual										4
07391	Communication	I don't understand	Ich verstehe nicht.	No entiendo	Je ne comprends pas	Non capisco	Eu não entendo	No entenc	Mi ne komprenas	Io non comprende										4
07392	Communication	I need a translator	Ich brauche einen Übersetzer.	Necesito un traductor	J'ai besoin d'un traducteur	Ho bisogno di un traduttore	Eu preciso de um tradutor	Necessito un traductor	Mi bezonas tradukiston	Io necessita un traductor										4
07393	Communication	isolation	die Isolation	el aislamiento	l'isolement	l'isolamento	isolamento	l'aïllament	izolado	isolation										4
07394	Communication	deafness	die Taubheit	la sordera	la surdité	la sordità	a surdez	la sordesa	surdeco	surditate										4
07395	Communication	hearing aid	das Hörgerät	el audífono	la prothèse auditive	l'apparecchio acustico	o aparelho auditivo	l'audiòfon (els audiòfons)	aŭdaparato	apparato acustic										4
07396	Communication	I need a doctor who can speak English	Ich brauche einen Arzt, der Englisch sprechen kann.	Necesito un médico que pueda hablar inglés	J'ai besoin d'un médecin parlant anglais	Ho bisogno di un dottore che parli inglese	Preciso de um médico que fale inglês	Necessito un metge que parli anglès	Mi bezonas kuraciston kiu parolas la anglan	Io necessita un medico qui pote parlar anglese										4
07397	Communication	to be deaf	taub sein	ser sordo	être sourd	essere sordo	ser surdo	ser sord(a)	esti surda	esser surde										4
07398	Religion	My religion forbids me	Meine Religion verbietet mir	Mi religión me prohíbe	Ma religion me l'interdit	La mia religione me lo vieta	Minha religião me proíbe	La meva religió m'ho prohibeix	Mia religio malpermesas al mi	Mi religion me prohibe										4
07399	Religion	I can't eat that	Ich kann das nicht essen.	No puedo comer eso	Je ne peux pas manger ça	Non posso magiare questo	Não posso comer isso	No puc menjar això	Mi ne povas manĝi tion	vos necessita un dieta plus equilibrate										4
07400	Religion	I want to be treated by a woman	Ich möchte von einer Frau behandelt werden.	Quiero ser tratado(a) por una mujer	Je veux être soignée par une femme	Voglio essere curata da una donna	Quero ser tratada por uma mulher	Vull que m'atengui una dona	Mi volas esti prizorgata de virino	Io vole esser tractate per un femina										4
07401	Religion	The hospital has a chaplain	Das Krankenhaus hat einen Seelsorger.	El hospital cuenta con un capellán	L'hôpital dispose d'un aumônier	L'ospedale ha un cappellano	O hospital dipõe de um capelão	L'hospital té un capellà	La hospitalo havas kapelanon	Le hospital ha un cappellano										4
07402	Religion	I don't eat meat	Ich esse kein Fleisch.	No como carne	Je ne mange pas de viande	Non mangio carne	Eu não como carne	No menjo carn	Mi ne manĝas viandon	Io non mangia carne										4
07403	Religion	I am a vegetarian	Ich bin Vegetarier.	Yo soy vegetariano(a)	Je suis végétarien	Sono vegetariano	Eu sou vegetariano(a)	Sóc vegetarià(ana)	Mi estas vegetarano	Io es vegetariano										4
07404	Religion	I am a vegan	Ich bin Veganer.	Yo soy vegano(a)	Je suis végétalien	Sono vegano(a)	Eu sou vegano(a)	Sóc vegà(ana)	Mi estas vegano	Io es vegetariano										4
07405	Religion	I refuse a blood transfusion	Ich lehne eine Bluttransfusion ab.	Me niego a una transfusión de sangre	Je refuse la transfusion sanguine	Rifiuto la trasfusione di sangue	Eu me recuso a fazer uma transfusão sanguínea	Refuso una transfusió de sang	Mi rifuzas sangotransfuzon	Io refusa un transfusion de sanguine										4
07406	Religion	I only eat halal 	Ich essen nur Halalfleisch.	Yo solo como halal	Je mange seulement Halal	Mangio solo cibo halal	Eu só como halal	Només menjo halal	Mi manĝas nur halalan manĝaĵon	Io mangia solmente halal										4
07407	Religion	I only eat kosher	Ich esse nur koscher.	Yo solo como kosher	Je mange seulement Kasher	Mangio solo cibo kosher	Eu só como kosher	Només menjo caixer	Mi manĝas nur koŝeran manĝaĵon	Io mangia solmente kosher										4
07408	Religion	I am an organ donor	Ich bin ein Organspender.	Yo soy donante de órganos	Je suis donneur d'organes	Sono un donatore di organi	Eu sou um doador de órgãos	Sóc donant d'òrgans	Mi estas organdonacanto	Io es un donator de organos.										4
07409	Religion	I would like a room for praying	Ich hätte gerne einen Raum, in dem ich beten kann.	Me gustaría tener un espacio para rezar	Je voudrais une salle pour prier	Vorrei una stanza in cui pregare	Eu gostaria de uma sala pra rezar	Voldria una sala per resar	Mi ŝatus ĉambron por preĝi	Io volerea haber un spatio pro precar.										4
07410	Religion	I do not want a man entering my room	Ich möchte nicht, dass ein Mann mein Zimmer betritt.	No quiero que entre un hombre a mi habitación	Je ne veux pas qu'un homme entre dans ma chambre	Non voglio che un uomo entri nella mia camera	Eu não quero que um homem entre no meu quarto	No vull que un home entri a la meva habitació	Mi ne volas, ke viro eniru mian ĉambron	Io non vole que un homine entra in mi camera.										4
07411	Religion	Orthodox	orthodox	ortodoxo	orthodoxe	Ortodosso	ortodoxo(a)	ortodox(a)	ortodoksa	orthodoxe										4
07412	Religion	fundamentalist	der Fundamentalist	fundamentalista	intégriste	fondamentalista	fundamentalista	fonamentalista	fundamentisto	fundamentalista										4
07413	Religion	Protestant	protestantisch	protestante	protestant	Protestante	protestante	protestant	protestanto	protestante										4
07414	Personal Questions	What do you do during the day?	Was machen Sie tagsüber?	¿Usted qué hace durante el día?	Que faites-vous pendant vos journées ?	Cosa fa durante il giorno?	O que você faz durante o dia?	Què fa durant el dia?	Kion vi faras dum la tago?	Que face vos durante le die?										4
07415	Personal Questions	When is your family coming to see you?	Wann kommt Ihre Familie Sie besuchen?	¿Cuándo viene su familia a verlo(a)?	Quand votre famille viendra-t-elle vous voir ?	Quando verrà a trovarla la sua famiglai?	Quando a sua família vem lhe visitar?	Quan vindrà la seva família a veure'l(la)?	Kiam via familio venos viziti vin?	Quando veni vostre familia a vider vos?										4
07416	Personal Questions	I am bored	Mir ist langweilig.	Estoy aburrido(a)	Je m'ennuie	Mi annoio	Estou entediado	M'avorreixo	Mi enuas	Io es enoiate.										4
07417	Personal Questions	I would like to read something in my language.	Ich würde gerne etwas in meiner Sprache lesen.	Me gustaría leer algo en mi idioma.	J'aimerais lire quelque chose dans ma langue	Vorrei leggere qualcosa nella mia lingua	Eu gostaria de ler algo na minha língua	M'agradaria llegir alguna cosa en el meu idioma	Mi ŝatus legi ion en mia lingvo	Io volerea leger alco in mi lingua.										4
07418	Personal Questions	Can you put the TV on an English station?	Können Się den Fernseher auf einen englischen Sender einstellen?	¿Puede poner la televisión en un canal inglés?	Peut-on mettre la télé sur une chaîne anglaise ?	Può mettere la tv su un canale inglese?	Você pode colocar a TV num canal inglês?	Pot posar la televisió en un canal anglès?	Ĉu vi povas ŝalti la televidon al angla kanalo?	Pote vos poner le television sur un canal anglese?										4
07419	Medical Situations	forgetfulness, memory loss	der Gedächtnisverlust	la falta de memoria	la perte de mémoire	la perdita di memoria	a perda de memória	la pèrdua de memòria	memorperdo	oblivion, perdita de memoria										4
07420	Medical Situations	Can you explain my disease to me?	Können Sie mir meine Krankheit erklären?	¿Puede explicarme la enfermedad que padezco?	Est-ce que vous pouvez m'expliquer ma maladie ?	Mi può spiegare la mia malattia?	Você pode me explicar a minha doença?	Em pot explicar la meva malaltia?	Ĉu vi povas klarigi al mi mian malsanon?	Pote vos explicar a me mi maladia?										4
07421	Medical Situations	I don't understand what's happening	Ich verstehe nicht was los ist.	No entiendo lo que está pasando	Je ne comprends pas ce qui se passe	Non capisco cosa sta succedendo	Não entendo o que está acontecendo	No entenc què està passant	Mi ne komprenas kio okazas	Io non comprende lo que occurre										4
07422	Medical Situations	Will I be able to walk like before?	Werdeich wieder wie früher laufen können?	¿Podré caminar como antes?	Est-ce que je pourrai marcher comme avant ?	Potrò camminare come prima?	Serei capaz de andar como antes?	Podré tornar a caminar com abans?	Ĉu mi povos denove marŝi kiel antaŭe?	Potera io ambular como antea?										4
07423	Medical Situations	Will there be lasting effects after this accident?	Wird es nach diesem Unfall bleibende Auswirkungen geben?	¿Habrá efectos duraderos después de este accidente?	Pensez-vous qu'il y aura des sequelles après cet accident ?	Ci saranno degli effetti permanenti dopo questo incidente?	Haverá sequelas após este acidente?	Hi haurà seqüeles després d'aquest accident?	Ĉu restos sekvoj post ĉi tiu akcidento?	Habera effectos durabile post iste accidente?										4
07424	Medical Situations	What is my doctor's name?	Wie heißt mein Arzt?	¿Cuál es el nombre de mi médico?	Quel est le nom de mon médecin ?	Come si chiama il mio dottore?	Qual é o nome do meu médico?	Com es diu el meu metge?	Kiel nomiĝas mia kuracisto?	Qual es le nomine de mi medico?										4
07425	Medical Situations	I would like to speak with my doctor	Ich möchte mit meinem Arzt sprechen.	Me gustaría hablar con mi médico	Je voudrais parler avec mon médecin...	Vorrei parlare con il mio dottore...	Eu gostaria de falar com o meu médico	Voldria parlar amb el meu metge	Mi ŝatus paroli kun mia kuracisto	Io volerea parlar con mi medico										4
07426	Medical Situations	Is my condition serious?	Ist meine Zustand ernst?	¿Mi enfermedad es grave?	Est-ce que mon état est grave ?	Il mio stato è grave?	O minha condição é grave?	És greu el meu estat?	Ĉu mia stato estas grava?	Es mi condition grave?										4
07427	Emergencies	poisoning	die Vergiftung	el envenenamiento	l'empoisonnement	l'avvelenamento	o envenenamento	l'enverinament	venenado	invenenamento										4
07428	Diseases	arteriosclerosis	die Arteriosklerose	la arteriosclerosis	l'artériosclérose	l'arteriosclerosi	a arteriosclerose	l'arterioesclerosi	arteriosklerozo	arteriosclerosis										4
07429	Diseases	stroke, cerebral vascular accident (CVA)	der Schlaganfall	el accidente cerebrovascular	l'accident vasculaire cérébral (AVC)	l'ictus, l'incidente vascolare cerebrale 	o derrame, o acidente vascular cerebral (AVC)	l'accident cerebrovascular (ACV)	apopleksio, cerba vaskula akcidento (CVA)	accidente cerebrovascular										4
07430	Diseases	low blood pressure, hypotension	die Hypotonie	la hipotensión	l'hypotension	l'ipotensione, la bassa pressione sanguigna	a pressão baixa, a hipotensão	la pressió arterial baixa, la hipotensió	hipotensio	hypotension										4
07431	Diseases	ruptured aneurysm	das geplatzte Aneurysma	la ruptura de aneurisma	la rupture d'anévrisme	la rottura dell'aneurisma	a ruptura de aneurisma	la ruptura d'aneurisma	aneŭrisma rompo	ruptura de aneurisma										4
07432	Diseases	heart attack, myocardial infarction	der Myokardinfarkt, der Herzinfarkt	el infarto de miocardio	l'infarctus du myocarde	l'infarto del miocardio	o ataque cardíaco, o infarto do miocárdio	l'infart de miocardi	miokardia infarkto	infarcto de myocardio										4
07433	Diseases	eczema	das Ekzema, das Ekzem	el eczema	l'eczéma	l'eczema	o eczema	l'èczema (els èczemes)	ekzemo	eczema										4
07434	Diseases	aerophagia	die Aerophagie, das Luftschlucken	la aerofagia	l'aérophagie	l'aerofagia	a aerofagia	l'aerofàgia	aerofagio	aerophagia										4
07435	Diseases	bilious attack	die Gallenkolik	el cólico bilioso	la colique hépatique	la colica biliare	a cólica biliar	el còlic biliar	hepata koliko	colica biliose										4
07436	Diseases	epileptic seizure	der epileptische Anfall	la crisis epiléptica	la crise d'épilepsie	la crisi epilettica	a crise de epilepsia	la crisi epilèptica	epilepsia atako	crise epileptic										4
07437	Diseases	neuralgia	die Neuralgie	la neuralgia	la névralgie	la nevralgia	a neuralgia	la neuràlgia	neŭralgio	neuralgia										4
07438	Diseases	paraplegia	die Paraplegie	la paraplejia	la paraplégie	la paraplegia	a paraplegia	la paraplegia	paraplegio	paraplegia										4
07439	Diseases	balance disorders	die Gleichgewichtsstörungen	los trastornos del equilibrio	les troubles de l'équilibre	i disturbi dell'equilibrio	os distúrbios do equilíbrio	els trastorns de l'equilibri	ekvilibraj malordoj	disordines del equilibrio										4
07440	Diseases	convulsion	die Konvulsion	la convulsión	la convulsion	la convulsione	a convulsão	la convulsió (les convulsions)	konvulsio	convulsion										4
07441	Diseases	encephalitis	die Enzephalitis, die Hirnentzündung	la encefalitis	l'encéphalite	l'encefalite	a encefalite	l'encefalitis	encefalito	encephalitis										4
07442	Diseases	carcinoma	das Karzinom	el carcinoma	le carcinome	il carcinoma	o carcinoma	el carcinoma (els carcinomes)	karcinomo	carcinoma										4
07443	Diseases	melanoma	das Melanom	el melanoma	le mélanome	il melanoma	o melanoma	el melanoma (els melanomes)	melanomo	melanoma										4
07444	Diseases	benign tumour	der gutartige Tumor	el tumor benigno	la tumeur bénigne	il tumore benigno	o tumor benigno	el tumor benigne (els tumors benignes)	benigna tumoro	tumor benigne										4
07445	Diseases	malignant tumour	der bösartige Tumor	el tumor maligno	la tumeur maligne	il tumore maligno	o tumor maligno	el tumor maligne (els tumors malignes)	maligna tumoro	tumor maligne										4
07446	Diseases	hyperopic	weitsichtig	el hipermétrope	hypermétrope	l'ipermetropia	o hipermétrope	hipermetrop(a)	hipermetropa	hypermetrope										4
07447	Diseases	fractured rib	die gebrochene Rippe	la costilla fracturada	la côte cassée	la costola fratturata	a costela fraturada	la costella fracturada (les costelles fracturades)	rompita ripo	costa fracturate										4
07448	Diseases	rheumatoid arthritis (RA)	die rheumatoide Arthritis	la artritis reumatoidea	la polyarthrite rhumatoïde	l'artrite reumatoide	a artrite reumatóide	l'artritis reumatoide	reŭmatoida artrito	arthritis rheumatoide										4
07449	Diseases	to break one's arm	sich den Arm brechen	romperse el brazo	se casser le bras	rompersi un braccio	quebrar o braço	trencar-se el braç	rompi al si la brakon	rumper se le bracio										4
07450	Diseases	fall	der Fall	la caída	la chute	la caduta	cair, a queda	la caiguda (les caigudes)	falo	cadita										4
07451	Diseases	tonsillitis	die Tonsillitis, die Mandelentzündung	la amigdalitis	l'amygdalite	la tonsillite	a amigdalite	l'amigdalitis	tonsilito	tonsillitis										4
07452	Diseases	throat infection 	die Racheninfektion	la infección de garganta	l'angine	l'infezione alla gola	a infecção na garganta	la infecció de gola	gorĝa infekto	infection de gorga										4
07453	Diseases	respiratory tract infection	die Atemwegsinfektion	la infección de la vía aerea	l'infection des voies respiratoires	l'infezione delle vie respiratorie	a infecção respiratória	la infecció de les vies respiratòries	spira voja infekto	le infection del tracto respiratori										4
07454	Diseases	respiratory insufficiency	die Ateminsuffizienz	la insuficiencia respiratoria	l'insuffisance respiratoire	l'insufficienza respiratoria	a insuficiência respiratória	la insuficiència respiratòria	spira nesufiĉo	le insufficientia respiratori										4
07455	Diseases	eating disorder	die Essstörung	el desorden alimentario	le trouble alimentaire	il disordine alimentare	o distúrbio alimentar	el trastorn alimentari (els trastorns alimentaris)	manĝperturbo	le disordine alimentari										4
07456	Verbs	to urinate	urinieren	orinar	uriner	urinare	urinar	orinar	urini	urinar										4
07457	Medical Procedures	urine test	der Urintest	el análisis de orina	l'analyse d'urine	l'analisi delle urine	o teste de urina	l'anàlisi d'orina (les anàlisis d'orina)	urinanalizo	le analyse de urina										4
07458	Diseases	burning urination	das brennende Wasserlassen	el ardor al orinar	les brûlures mictionnelles	il bruciore nell'urinare	a ardência ao urinar	la coïssor en orinar	brula urinado	le ardor al urinar										4
07459	Diseases	urinary tract infection	die Harnwegsinfektion	la infección urinaria	l'infection urinaire	l'infezione urinaria	a infecção urinária	la infecció d'orina	urina voja infekto	le infection del tracto urinari										4
07460	Diseases	epidemiology	die Epidemiologie	la epidemiología	l'epidémiologie	l'epidemiologia	a epidemiologia	l'epidemiologia	epidemiologio	le epidemiologia										4
07461	Medical Procedures	euthanasia	die Euthanasie	la eutanasia	l'euthanasie	l'eutanasia	a eutanásia	l'eutanàsia	eŭtanazio	le euthanasia										4
07462	Social Issues	case fatality rate, CFR	die Todesfallrate	la tasa de letalidad	taux de létalité	il tasso di letalità	a taxa de letalidade	la taxa de letalitat	kaza mortoprocento	le taxa de fatalitate										4
07463	Home & Furniture	spot, seat	der Platz	el puesto	la place (dans une salle)	il posto (in una sala)	o assento, o lugar	el seient (els seients), el lloc (els llocs)	loko, sidloko	le posto										4
07464	Connecting Ideas	We have discovered...	Wir haben entdeckt ...	Hemos descubierto...	Nous avons découvert ...	Abbiamo scoperto...	Nós descobrimos... 	Hem descobert...	Ni malkovris...	Nos ha discoperite...										4
07465	Diseases	benign prostatic hypertrophy (BPH)	die Benigne Prostatahyperplasie (BPH)	la hiperplasia benigna de próstata	l'hypertrophie bénigne de la prostate	l'ipertrofia prostatica benigna	a hipertrofia prostática benigna	la hiperplàsia benigna de pròstata (HBP)	benigna prostata hiperplazio (BPH)	hypertrophia prostatic benigne (HPB)										4
07466	Diseases	lymphoma	das Lymphom	el linfoma	le lymphome	il linfoma	o linfoma	el limfoma (els limfomes)	limfomo	lymphoma										4
07467	Diseases	cerebral palsy	die Zerebralparese	la parálisis cerebral	la paralysie cérébrale	la paralisi cerebrale	a paralisia cerebral	la paràlisi cerebral	cerba paralizo	paralyse cerebral										4
07468	Diseases	diverticular disease	die Divertikelkrankheit	la enfermedad diverticular	la maladie diverticulaire	la diverticolosi	a doença diverticular	la malaltia diverticular	divertikula malsano	morbo diverticular										4
07469	Diseases	cholecystitis	die Cholezystitis, die Gallenblasenentzündung	la colecistitis	la cholécystite	la colecistite	a colecistite	la colecistitis	kolecistito	cholecystitis										4
07470	Diseases	protein-energy malnutrition	die Protein-Energie-Mangelernährung	la desnutrición proteica-calorica	la malnutrition protéino-énergétique	la malnutrizione proteico-energetica	a desnutrição energético-protéica (DEP) 	la malnutrició proteicoenergètica	proteina-energia subnutrado	malnutrition proteino-energetic										4
07471	Diseases	parathyroid dysfunction	die Nebenschilddrüsen-Dysfunktion	la disfunción paratiroidea	le dysfonctionnement parathyroïdien	la disfunzione paratiroidea	a disfunção paratireoidiana	la disfunció paratiroïdal	paratiroida misfunkcio	dysfunction parathyroide										4
07472	Diseases	chronic obstructive pulmonary disease (COPD)	die chronische obstruktive Lungenerkrankung	la enfermedad pulmonar obstructiva crónica (EPOC)	la broncho-pneumopathie chronique obstructive	la broncopnumopatia cronica ostruttiva	a doença pulmonar obstrutiva crônica (DPOC	la malaltia pulmonar obstructiva crònica (MPOC)	kronika obstrukca pulma malsano (KOPM)	morbo pulmonar obstructive chronic (MPOC)										4
07473	Diseases	ischemic heart disease (IHD)	die ischämische Herzkrankheit	la cardiopatía isquémica	la cardiophathie ischémique	la cardiopatia ischemica	a cardiopatia isquêmica	la cardiopatia isquèmica (CI)	iskemia kormalsano (IKM)	cardiopathia ischemic (CPI)										4
07474	Diseases	A nosocomial infection is an infection contracted in a hospital.	Eine nosokomiale Infektion ist eine im Krankenhaus erworbene Infektion.	Una infección nosocomial es una infección contraída en un hospital.	Une infection nosocomiale est une infection contractée à l'hôpital.	Un'infezione nosocomiale è un'infezione contratta in un ospedale.	Uma infecção nosocomial é una infecção contraída em um hospital.	Una infecció nosocomial és una infecció contreta en un hospital.	Nosokomiala infekto estas infekto akirita en hospitalo.	Un infection nosocomial es un infection contrahite in un hospital.										4
07475	Social Issues	basic public health insurance	die gesetzliche Krankenversicherung	el seguro básico de salud pública	la sécurité sociale de base	la previdenza sociale di base	o seguro de saúde público de base	l'assegurança pública de salut bàsica	baza publika sanasekuro	assecurantia basic de sanitate public										5
07476	Social Issues	supplementary universal medical cover	zusätzliche Leistung der allgemeinen Krankenversicherung	la cobertura médica universal suplementaria	CMU complémentaire	la copertura medica supplementare universale	a cobertura médica universal complementar	la cobertura mèdica universal suplementària	suplementa universala medicina kovrado	copertura medical universal supplementari										5
07477	Social Issues	state medical aid	staatliche medizinische Versorgung	la asistencia médica del estado	l'aide médicale d'état	l'assistenza medica statale	o auxílio médico do Estado	l'ajuda mèdica estatal	ŝtata medicina helpo	assistentia medical del stato										5
07478	Medical Questions	How is your sleep?	Wie sieht es mit dem Schlaf aus?	¿Cómo está durmiendo?	Comment dormez-vous ?	Dorme bene?	Como está o seu sono?	Com dorm?	Kiel estas via dormo?	Como es vostre somno?										5
07479	Medical Questions	Do you have a fever?	Haben Sie Fieber?	¿Tiene fiebre?	Avez-vous de la température ?	Ha la febbre?	Você está com febre?	Té febre?	Ĉu vi havas febron?	Esque vos ha febre?										5
07480	Medical Questions	Are you constipated?	Haben Sie Verstopfung?	¿Está estreñido(a)?	Êtes-vous constipé ?	È costipato?	Está com prisão de ventre?	Està restret(a)?	Ĉu vi estas konstipita?	Esque vos es constipate?										5
07481	Medical Questions	I have had a fever for three days	Ich hatte drei Tage lang Fieber	Llevo tres días con fiebre	J'ai de la fièvre depuis trois jours	Ho avuto la febbre per tre giorni	Estou com febre há três dias	Tinc febre des de fa tres dies	Mi havas febron de tri tagoj	Io ha habite febre durante tres dies										5
07482	Medical Questions	I feel pain in my ...	Ich habe Schmerzen in...	Siento dolor en...	J'ai mal à ...	Mi fa male...	Eu sinto dor em...	Sento dolor a...	Mi sentas doloron en mia...	Io senti dolor in mi ...										5
07483	Medical Questions	It's getting worse	Es wird schlimmer	Está empeorando	C'est de pire en pire	Sta peggiorando	Está piorando	Està empitjorant	Ĝi plimalboniĝas	Illo se aggrava										5
07484	Medical Questions	How long have you had these symptoms?	Wie lange haben Sie diese Symptome schon?	¿Durante cuánto tiempo ha tenido estos síntomas?	Depuis combien de temps avez-vous ces symptômes ?	Da quanto tempo ha questi sintomi?	Quando apareceram estes sintomas?	Des de quan té aquests símptomes?	De kiam vi havas ĉi tiujn simptomojn?	Desde quanto tempore ha vos iste symptomas?										5
07485	Medical Questions	Are you taking any medicine now?	Nehmen Sie im Moment irgendwelche Medikamente?	¿Está tomando algún medicamento ahora?	Prenez-vous des médicaments en ce moment ?	Sta prendendo qualche medicina al momento?	Está tomando algum medicamento atualmente?	Està prenent algun medicament ara?	Ĉu vi prenas iun medikamenton nun?	Esque vos prende alcun medicamento nunc?										5
07486	Medical Questions	Breathe slowly	Atmen Sie langsam	Respire lentamente	Respirez calmement	Respiri lentamente	Respire lentamente	Respiri a poc a poc	Spiru malrapide	Respira lentemente										5
07487	Medical Questions	Take a deep breath	Atmen Sie tief ein	Respire profundamente	Respirez profondément	Faccia un respiro profondo	Respire fundo	Respiri profundament	Spiru profunde	Respira profundemente.										5
07488	Medical Questions	Does your family have a history of any illnesses?	Gab es in Ihrer Familie in der Vergangenheit irgendwelche Krankheiten?	¿Su familia tiene antecedentes de alguna enfermedad?	Y a-t-il des antécédents particuliers dans votre famille ?	Ci sono casi di malattie particolari nelle sua famiglia?	Há um histórico de doenças na sua família?	La seva família té antecedents d'alguna malaltia?	Ĉu via familio havas historion de iuj malsanoj?	Esque vostre familia ha antecedentes de alcun maladia?										5
07489	Medical Questions	Does it happen often?	Passiert das oft?	¿Ocurre frecuentemente?	Cela vous arrive-t-il souvent ?	Le succede spesso?	Isso acontece com frequência?	Passa sovint?	Ĉu tio okazas ofte?	Esque illo occurre frequentemente?										5
07490	Medical Questions	How long have you been experiencing these symptoms?	Wie lange verspüren Sie diese Symptome schon?	¿Hace cuánto tiempo ha estado experimentando estos síntomas?	Depuis combien de temps ressentez-vous ces symptômes ?	Da quanto tempo soffe di questi sintomi?	Há quanto tempo você está observando estes sintomas?	Des de quan experimenta aquests símptomes?	De kiam vi spertas ĉi tiujn simptomojn?	Durante quanto tempore ha vos experimentate iste symptomas?										5
07491	Medical Situations	This is going to hurt a little	Das wird ein bisschen wehtun	Esto va a doler un poco	Ça va faire un peu mal	Questo le farà un po' male	Isso vai doer um pouco	Això li farà una mica de mal	Tio iomete doloros	Isto va doler un pauco										5
07492	Medical Situations	Turn your head to the right	Drehen Sie Ihren Kopf nach rechts	Voltee la cabeza a la derecha	Tournez la tête à droite	Giri la testa a destra	Vire sua cabeça para a direita	Giri el cap a la dreta	Turnu vian kapon dekstren	Gira vostre capite a dextra										5
07493	Medical Situations	Strip to the waist	Machen Sie sich obenrum frei	Desvístase hasta la cintura	Retirez le haut	Rimanga a torso nudo	Tire a camisa	Despulli's fins a la cintura	Senvestigu vin ĝis la talio	Disvesti vos usque al cinctura										5
07494	Medical Questions	Does it hurt if I press here?	Tut es weh, wenn ich hier drücke?	¿Le duele si aplico presión aquí?	Est-ce que ça fait mal si j'appuie ici ?	Le fa male se premo qui?	Dói se eu apertar aqui?	Li fa mal si pressiono aquí?	Ĉu doloras se mi premas ĉi tie?	Dole vos si io preme hic?										5
07495	Medical Questions	Do you feel constant pain or intermittent pain?	Habe Sie dauerhafte Schmerzen oder nur ab und zu?	¿Siente dolor constante o intermitente?	Avez-vous mal tout le temps ou par intermittence ?	Sente un dolore costante o intermittente?	Você sente uma dor constante ou intermitente?	Sent un dolor constant o intermitent?	Ĉu vi sentas konstantan doloron aŭ intermitan doloron?	Senti vos dolor constante o intermittente?										5
07496	Medical Situations	I'll change your IV drip	Ich werde Ihre Infusion wechseln	Cambiaré el goteo intravenoso	Je vais changer votre perfusion	Devo cambiare la sua flebo	Vou trocar a sua solução intravenosa	Li canviaré el sèrum	Mi ŝanĝos vian IV-guton	Io cambiara vostre perfusion intravenose										5
07497	Medical Situations	I will have to insert a nasal/rectal probe	Ich werde eine nasale/rektale Sonde einführen müssen	Tendré que introducir una sonda nasal/rectal	Je vais devoir insérer une sonde nasale/rectale	Devo inserire una sonda nasale/rettale	Deverei inserir uma sonda nasal/rectal	Hauré d'inserir una sonda nasal/rectal	Mi devos enmeti nazan/rektuman sondilon	Io debera introducer un sonda nasal/rectal										5
07498	Medical Situations	I am going to give you an injection	Ich werde Ihnen eine Spritze geben	Le voy a poner una inyección	Je vais faire une injection	Devo farle un'iniezione	Vou lhe dar uma injeção	Li posaré una injecció	Mi donos al vi injekton	Io va dar vos un injection										5
07499	Medical Situations	I have to take a blood sample	Ich muss eine Blutprobe entnehmen	Debo tomar una muestra de sangre	Je dois prendre un échantillon de sang	Devo prendere un campione di sangue	Devo tomar uma amostra de sangue	He de prendre-li una mostra de sang	Mi devas preni sangospecimenon	Io debe prender un specimen de sanguine										5
07500	Medical Situations	I am going to take your temperature	Ich werde Ihre Temperatur messen	Voy a tomarle la temperatura	Je vais prendre votre température	Ora le misuro la temperatura	Vou tomar a sua temperatura	Li prendré la temperatura	Mi mezuros vian temperaturon	Io va prender vostre temperatura										5
07501	Medical Situations	Can you describe the pain?	Können Sie den Schmerz beschreiben?	¿Puede describir el dolor?	Est-ce que vous pouvez décrire la douleur ?	Può descrivermi il dolore?	Você pode descrever a dor?	Pot descriure el dolor?	Ĉu vi povas priskribi la doloron?	Pote vos describer le dolor?										5
07502	Medical Situations	You will have to remain in the hospital for multiple days	Sie werden für ein paar Tage im Krankenhaus bleiben müssen	Tendrá que permanecer en el hospital varios días	Il va falloir vous hospitaliser pendant quelques jours	Dovrà rimanere in ospedale per un po' di giorni	Você deverá ficar no hospital por vários dias	Haurà de quedar-se a l'hospital diversos dies	Vi devos resti en la hospitalo dum pluraj tagoj	Vos debera remaner in le hospital durante plure dies										5
07503	Medical Situations	You can't leave in this condition	Sie können in diesem Zustand nicht gehen	No se puede ir en este estado	Vous ne pouvez pas partir dans cet état	Non può andarsene in queste condizioni	Você não pode partir neste estado	No pot marxar en aquest estat	Vi ne povas foriri en ĉi tiu stato	Vos non pote partir in iste condition										5
07504	Medical Situations	Surgery may be necessary	Man muss wahrscheinlich operieren	Es posible que sea necesaria la cirugía	Il faudra probablement vous opérer	Probabilmente avrà bisogno di un intervento chirurgico	Uma cirurgia pode ser necessária	Potser caldrà una cirurgia	Kirurgio eble estos necesa	Chirurgia pote esser necessari										5
07505	Medical Situations	You can leave the hospital	Sie können das Krankenhaus verlassen	Puede irse del hospital	Vous pouvez quitter l'hôpital	Può uscire dall'ospedale	Você pode deixar o hospital	Pot marxar de l'hospital	Vi povas forlasi la hospitalon	Vos pote partir del hospital										5
07506	Medical Situations	You can go home, but you must rest in bed	Sie können nach Hause gehen aber Sie müssen im Bett bleiben	Puede irse a casa, pero debe guardar cama	Vous pouvez rentrer à la maison, mais il faudra rester au lit	Può andare a casa, ma deve rimanere a letto	Você pode ir pra casa, mas deve ficar de repouso na cama	Pot anar-se'n a casa, però ha de fer repòs al llit	Vi povas iri hejmen, sed vi devas resti en la lito	Vos pote ir a casa, ma vos debe restar in lecto										5
07507	Medical Situations	I can't let you leave in this condition 	Ich kann Sie in diesem Zustand nicht gehen lassen	No lo(a) puedo dejar ir en este estado	Je ne peux pas vous laisser partir dans votre état	Non posso lasciarla andare via in queste condizioni	Não posso deixar-lhe partir neste estado	No puc deixar que se'n vagi en aquest estat	Mi ne povas lasi vin foriri en ĉi tiu stato	Io non pote lassar vos partir in iste condition										5
07508	Medical Situations	It's in your best interest to stay overnight at the hospital	Es ist nur zu Ihrem Besten die Nacht im Krankenhaus zu verbringen	Lo mejor para usted es pasar la noche en el hospital	Dans votre intêret, vous devez rester à l'hôpital au moins cette nuit	È nel suo interesse passare la notte in ospedale	Para o seu bem, você deveria passar a noite no hospital	Pel seu bé, hauria de passar la nit a l'hospital	Estas en via plej bona intereso resti tranokte en la hospitalo	Es in vostre melior interesse remaner un nocte in le hospital										5
07509	Medical Situations	If you insist, you have to sign discharge papers	Wenn Sie darauf bestehen, müssen Sie die Entlassungspapiere unterzeichnen	Si usted insiste, tendrá que firmar los papeles par darlo(a) de alta	Si vous insistez, il faudra signer une décharge	Se insiste, dovrà firmare i documenti di dimissione	Se você insiste, deverá assinar um termo de liberação	Si insisteix, ha de signar els papers de l'alta	Se vi insistas, vi devas subskribi la eligajn dokumentojn	Si vos insiste, vos debera signar le papiros de dimission										5
07510	Medical Questions	How tall are you?	Wie groß sind Sie?	¿Cuánto mide?	Quelle est votre taille ?	Quanto è alto?	Qual é a sua altura?	Quant fa d'alçada?	Kiom alta vi estas?	Quanto alte es vos?										5
07511	Medical Situations	Let me see your finger	Lassen Sie mich Ihren Finger sehen	Déjeme ver su dedo	Donnez-moi votre doigt	Mi faccia vedere il dito	Deixe-me ver o seu dedo	Deixi'm veure el seu dit	Lasu min vidi vian fingron	Lassa me vider vostre digito										5
07512	Medical Situations	I am going to take your pulse	Ich werde Ihren Puls messen	Voy a tomarle el pulso	Je vais prendre votre pouls	Devo sentirle il battito	Vou tomar o seu pulso	Li prendré el pols	Mi prenos vian pulson	Io va prender vostre pulso										5
07513	Medical Situations	I am going to take your blood pressure	Ich werde Ihren Blutdruck messen	Voy a tomarle la presión arterial	Je vais prendre votre tension	Devo misurarle la pressione	Vou medir sua pressão sanguínea 	Li prendré la pressió arterial	Mi mezuros vian sangopremon	Io va prender vostre pression arterial										5
07514	Medical Situations	Your blood pressure is 120mm Hg over 80 	Ihr Blutdruck liegt bei 120/80 mm Hg	Su presión arterial es de 120mm Hg sobre 80	Vous avez 120/80de tension	La sua pressione è 120 su 80	A sua pressão arterial é de 120 por 80	La seva pressió arterial és de 120 sobre 80	Via sangopremo estas 120 super 80	Vostre pression arterial es de 120 mm Hg super 80										5
07515	Medical Situations	Your temperature is 99.5 degrees farenheit	Ihre Temperatur ist 37,5°	Su temperatura es de 37.5 grados centígrados	Vous avez 37,5° de température	La sua temperatura è 37,5°	Sua temperatura é de 37,5 °C	La seva temperatura és de 37,5 graus	Via temperaturo estas 37,5 gradoj	Vostre temperatura es de 99,5 grados Fahrenheit										5
07516	Medical Situations	Your pulse rate is 90 beats per minute	Ihr Puls liegt bei 90 Schlägen pro Minute	Su frecuencia de pulso es de 90 latidos por minuto	Vous avez 90 pulsations par minute	Il suo battito è 90 pulsazioni al minuto	Seu pulso é de 90 batimentos por minuto	El seu pols és de 90 pulsacions per minut	Via pulso estas 90 batoj por minuto	Vostre frequentia de pulso es de 90 pulsationes per minuta										5
07517	Medical Questions	On a scale from 1 to 10, where is your pain?	Auf einer Skala von 1 bis 10, wie groß ist Ihr Schmerz?	En una escala del 1 al 10, ¿en qué nivel está su dolor?	Sur une échelle de 1 à 10, à combien évaluez-vous votre douleur ?	Su una scala da 1 a 10, dove si trova il suo dolore?	Em uma escala de 1 a 10, como você avalia a sua dor?	En una escala de l'1 al 10, on se situa el seu dolor?	Sur skalo de 1 ĝis 10, kie estas via doloro?	In un scala de 1 a 10, a qual nivello es vostre dolor?										5
07518	Medical Questions	Is it worsening?	Wird es schlimmer?	¿Está empeorando?	Est-ce que ça empire ?	Sta peggiorando?	Está piorando?	Està empitjorant?	Ĉu ĝi plimalboniĝas?	Esque illo pejora?									Esque illo pejora?	5
07519	Medical Questions	Is it getting better?	Wird es besser?	¿Está mejorando?	Est-ce que ça va mieux ?	Sta migliorando?	Está melhorando?	Està millorant?	Ĉu ĝi pliboniĝas?	Esque illo meliora?									Esque illo meliora?	5
07520	Medical Questions	What brings you here?	Was bringt Sie her?	¿Qué lo(a) trae por aquí?	Qu'est-ce qui vous amène ?	Cosa la porta qui?	O que lhe traz aqui?	Què el porta per aquí?	Kio venigas vin ĉi tien?	Que vos porta hic?									Que vos porta hic?	5
07521	Medical Questions	Have you been feeling better since your last visit?	Fühlen Sie sich seit Ihrem letzten Besuch besser?	¿Se ha encontrado mejor desde su última visita?	Est-ce que ça va mieux depuis votre dernière visite?	È stato meglio dopo la sua ultima visita?	Você tem se sentido melhor desde a última consulta?	S'ha trobat millor des de la seva última visita?	Ĉu vi fartas pli bone de via lasta vizito?	Vos ha sentite vos melio desde vostre ultime visita?									Vos ha sentite vos melio desde vostre ultime visita?	5
07522	Medical Questions	Has this happened to you before?	Ist Ihnen das schon einmal passiert?	¿Esto le ha ocurrido antes?	Cela vous est-il déjà arrivé ?	Le è mai capitato prima?	Isto já aconteceu com você anteriormente?	Li ha passat això abans?	Ĉu ĉi tio okazis al vi antaŭe?	Ha isto occurrite a vos antea?									Ha isto occurrite a vos antea?	5
07523	Medical Questions	Is it serious?	Ist es ernst?	¿Es grave?	Est-ce que c'est grave ?	È una cosa grave?	É grave?	És greu?	Ĉu estas grave?	Es illo grave?									Es illo grave?	5
07524	Medical Questions	I don't understand what that means	Ich verstehe nicht was das bedeutet	No entiendo qué significa	Je ne comprends pas ce que ça veut dire ?	Non capisco che significa	Não entendo o que isso significa	No entenc què vol dir això	Mi ne komprenas kion tio signifas	Io non comprende lo que illo significa.									Io non comprende lo que illo significa.	5
07525	Medical Questions	Is my condition going to get worse?	Wird mein Zustand schlechter?	¿Va a empeorar mi estado?	Est-ce que mon état va empirer ?	La mia malattia peggiorerà?	Minha condição irá piorar?	Empitjorarà el meu estat?	Ĉu mia stato plimalboniĝos?	Va mi stato pejorar?									Va mi stato pejorar?	5
07526	Medical Questions	Will I be able to go back home soon?	Werde ich bald entlassen werden können?	¿Podré regresar a mi casa pronto?	Est-ce que je vais pouvoir rentrer chez moi bientôt ?	Potrò tornare a casa presto?	Poderei ir para a casa em breve?	Podré tornar a casa aviat?	Ĉu mi povos baldaŭ reiri hejmen?	Potera io retornar a casa tosto?									Potera io retornar a casa tosto?	5
07527	Medical Questions	What did the tests say?	Was ergaben die Tests?	¿Qué decían los análisis?	Que disent les analyses ?	Cosa dicono le analisi?	O que dizem os testes?	Què deien les anàlisis?	Kion diris la testoj?	Que diceva le analyses?									Que diceva le analyses?	5
07528	Medical Questions	Will I be able to get up soon?	Werde ich bald wieder aufstehen können?	¿Podré levantarme pronto?	Est-ce que je vais bientôt pouvoir me lever ?	Potrò alzarmi presto?	Serei capaz de me levantar em breve?	Podré aixecar-me aviat?	Ĉu mi povos baldaŭ leviĝi?	Potera io levar me tosto?									Potera io levar me tosto?	5
07529	Medical Questions	Is it contagious?	Ist es ansteckend?	¿Es contagioso?	Est-ce contagieux ?	È contagioso?	É contagioso?	És contagiós?	Ĉu estas kontaĝa?	Es illo contagiose?										5
07530	Medical Questions	Is it cancer?	Ist es Krebs?	¿Es cáncer? 	C'est un cancer ?	Si tratta di cancro?	É câncer?	És càncer?	Ĉu estas kancero?	Es illo cancere?										5
07531	Medical Questions	Do you eat well?	Essen Sie ausgewogen?	¿Come bien?	Est-ce que vous mangez équilibré ?	Mangia in modo sano?	Você come bem?	Menja bé?	Ĉu vi bone manĝas?	Come vos ben?										5
07532	Medical Questions	Take one, three times a day, after each meal	Nehmen Sie dreimal täglich eine Tablette, nach jeder Mahlzeit	Tómese una, tres veces al día, después de cada comida	Prenez en un, trois fois par jour après chaque repas	Ne prenda una, tre volte al giorno dopo ogni pasto	Tome um, três vezes ao dia, após cada refeição	Prengui'n una, tres vegades al dia, després de cada àpat	Prenu unu, trifoje tage, post ĉiu manĝo	Prende un, tres vices al die, post cata repasto.										5
07533	Medical Questions	Are you allergic to anything ?	Sind Sie gegen irgendetwas allergisch?	¿Es usted alérgico(a) a alguna cosa?	Avez-vous des allergies ?	È allergico a qualcosa?	Você é alérgico a algo?	És al·lèrgic(a) a alguna cosa?	Ĉu vi estas alergia al io?	Es vos allergic a alique?										5
07534	Medical Questions	What are the risks of having the operation?	Was sind die Risiken der Operation?	¿Cuáles son los riesgos asociados con la operación?	Quels sont les risques liés à l'opération ?	Quali sono i rischi di sottoporsi all'operazione?	Quais são os riscos relacionados à operação?	Quins són els riscos de l'operació?	Kiuj estas la riskoj de la operacio?	Qual es le riscos associate con le operation?										5
07535	Medical Questions	How long will I stay in the hospital?	Wie lange werde ich im Krankenhaus bleiben?	¿Cuánto tiempo estaré en el hospital?	Combien de temps vais-je rester à l'hôpital ?	Per quanto dovrò stare in ospedale?	Por quanto tempo ficarei no hospital?	Quant de temps estaré a l'hospital?	Kiom longe mi restos en la hospitalo?	Quanto tempore restara io in le hospital?										5
07536	Medical Questions	When will I be able to get up on my own?	Wann werde ich aufstehen können?	¿Cuándo seré capaz de levantarme por mi cuenta?	Quand est-ce que je pourrai me lever ?	Quando potrò alzarmi?	Quando serei capaz de me levantar?	Quan podré aixecar-me sol(a)?	Kiam mi povos memstare leviĝi?	Quando potera io levar me per me mesme?										5
07537	Medical Questions	You'll have to be operated on	Sie müssen operiert werden	Va a tener que ser operado	Il va falloir vous opérer	Dovrà essere operato	Você deverá ser operado	L'hauran d'operar	Vi devos esti operaciita	Vos habera que esser operate.										5
07538	Medical Questions	Have you ever been operated on?	Wurden Sie schon einmal operiert?	¿Alguna vez le han operado?	Avez-vous déjà subi une opération chirurgicale ?	È mai stato operato prima?	Você já foi operado?	L'han operat alguna vegada?	Ĉu vi iam estis operaciita?	Ha vos jam essite operate?										5
07539	Medical Questions	Do you have a family history of health problems?	Gab es in Ihrer Familie in der Vergangenheit gesundheitliche Probleme?	¿Tiene algún antecedente familiar de problemas de salud?	Est-ce que vous avez des antécédents familiaux?	Ci sono problemi di salute nella sua famiglia?	Você tem um histórico de problemas de saúde na família?	Té antecedents familiars de problemes de salut?	Ĉu vi havas familian historion de sanproblemoj?	Ha vos alicun antecedente familial de problemas de sanitate?										5
07540	Workplace Vocabulary	the work shifts	die Arbeitsschichten	los turnos de trabajo	les horaires de travail	i turni di lavoro	os turnos de trabalho	els torns de treball	la laborvicoj	periodos de labor										5
07541	Medical Procedures	scrubs	der Kasack	la ropa quirúrgica	la blouse	il camice	o vestuário médico	l'uniforme quirúrgic (els uniformes quirúrgics)	kirurgia vesto, kitelo	vestimentos chirurgic										5
07542	Medical Procedures	sterile field	der sterile Bereich	el campo estéril	le champ stérile	il campo sterile	o campo esterilizado 	el camp estèril (els camps estèrils)	sterila kampo	campo sterile										5
07543	Medical Procedures	med cart (US), drug trolley(UK)	der Medikamentenwagen	la carretilla médica	le chariot de médicaments	il carrello dei medicinali	o carrinho de medicação	el carro de medicaments (els carros de medicaments)	medikamenta ĉaro	carro medical										5
07544	Medical Procedures	sterile compress	die sterile Kompresse	la compresa estéril	la compresse stérile	la compressa sterile	a compressa estéril	la compresa estèril (les compresses estèrils)	sterila kompreso	compressa sterile										5
07545	Medical Procedures	bottle	die Flasche	la botella	le flacon	il flacone	a garrafa	el flascó (els flascons), l'ampolla (les ampolles)	flakono, botelo	bottilia										5
07546	Medical Procedures	wipe	das Reinigungstuch	la toallita	la lingette	la salvietta 	o toalhete	la tovalloleta (les tovalloletes)	viŝtuko	panniculo humidificate										5
07547	Medical Procedures	nasal prongs	die Nasenkanüle	la cánula nasal	les lunettes à oxygène	la cannula nasale	a cânula nasal	la cànula nasal (les cànules nasals)	naza kanulo	cannula nasal										5
07548	Medical Procedures	kidney dish	die Nierenschale	la riñonera (uso médico)	le haricot (réniforme)	la bacinella a fagiolo	a cuba rim	la ronyonera (les ronyoneres)	ren-forma pelvo, ren-pelvo	bassino reniforme										5
07549	Medical Procedures	bag for the disposal of soft waste	Beutel für die Entsorgung weicher Abfälle	la bolsa para la eliminación de residuos blandos	le sac à déchets mous	la busta per lo smaltimento di rifiuti sanitari	o saco para resíduos macios	la bossa per a residus sanitaris	sako por molaj forĵetaĵoj	sacco pro le elimination de residuos molle										5
07550	Medical Procedures	trash can	der Mülleimer	la basura, la papelera	la poubelle	il cestino della spazzatura	a lata de lixo	les escombraries, la paperera (les papereres)	rubujo	recipiente pro immunditia										5
07551	Medical Procedures	tubes for blood samples	das Blutröhrchen	los tubos para muestras sanguineas	les tubes pour prélèvements sanguins	le provette per i campioni di sangue	os tubos para a coleta de sangue	els tubs per a mostres de sang	tuboj por sangospecimenoj	tubos pro monstras de sanguine										5
07552	Medical Procedures	blade	die Klinge	la cuchilla	la lame	la lama	a lâmina	la fulla (les fulles)	klingo	lama										5
07553	Medical Procedures	towel clamp	die Handtuchklemme	la abrazadera de toalla	la pince à champ	le pinze fissateli	a pinça Backhaus	la pinça de camps (les pinces de camps)	tukokrampo	crampa de servietta										5
07554	Medical Procedures	hemostat	die Arterienklemme	el hemostato	la pince hémostatique	le pinze emostatiche	a pinça hemostática 	l'hemostat (els hemostats), la pinça hemostàtica (les pinces hemostàtiques)	hemostato, arteria pinĉilo	hemostato										5
07555	Medical Procedures	stethoscope	das Stethoskop	el estetoscopio	le stéthoscope	lo stetoscopio	o estetoscópio	l'estetoscopi (els estetoscopis)	stetoskopo	stethoscopio										5
07556	Medical Procedures	perfusion bag 	der Infusionsbeutel	la bolsa de perfusión	la poche à perfusion	la sacca per trasfusione	o saco de perfusão	la bossa de perfusió (les bosses de perfusió)	perfuzo-sako	sacco de perfusion										5
07557	Medical Procedures	catheter	der (Infusions)Schlauch	el catéter	le cathéter	il catetere	o cateter	el catèter (els catèters)	katetero	catheter										5
07558	Medical Procedures	adhesive bandage	der Pflasterverband	el vendaje adhesivo	le pansement adhésif	la fasciatura adesiva	a atadura adesiva	l'apòsit adhesiu (els apòsits adhesius)	adhera pansaĵo	bandage adhesive										5
07559	Medical Procedures	antiseptic	das Antiseptikum	antiséptico	antiseptique	antisettico	antisséptico	antisèptic(a)	antisepsa	antiseptico										5
07560	Medical Procedures	bandage scissors	die Verbandschere	las tijeras para vendaje	les ciseaux à bandage	le forbici per bendaggio	a tesoura para bandagem	les tisores de benes	bandaĝa tondilo	cisorios pro bandage										5
07561	Medical Procedures	blood pressure monitor	das Blutdruckmessgerät	el medidor de la presión arterial	le tensiomètre	il monitor per la pressione	o medidor de pressão arterial	el tensiòmetre (els tensiòmetres)	sangoprema mezurilo, tensiometro	monitor de pression arterial										5
07562	Medical Procedures	cannula	die Kanüle	la cánula	la canule	la cannula	a cânula	la cànula (les cànules)	kanulo	cannula										5
07563	Medical Procedures	cervical collar	die Halskrause	el collar cervical	la minerve	il collare cervicale	o colar cervical	el collar cervical (els collars cervicals)	cervika kolumo	collar cervical										5
07564	Medical Procedures	swab, compress	die Kompresse	la torunda/el hisopo (AL), la compresa	la compresse	il tampone	a compressa	la compresa (les compreses), el tampó (els tampons)	kompreso, vatbulo	tampon, compressa										5
07565	Medical Procedures	back brace	die Rückenorthese	la faja lumbar	le corset lombaire	il busto ortopedico	a cinta lombar	la faixa lumbar (les faixes lumbars)	lumba korseto	corset lumbar										5
07566	Medical Procedures	cotton wool	die Watte	el algodón	le coton hydrophile	il cotone idrofilo	o algodão hidrófilo	el cotó fluix	hidrofila kotono, vato	coton										5
07567	Medical Procedures	disposable gloves	die Einweghandschuhe	los guantes desechables	les gants jetables	i guanti usa e getta	as luvas descartáveis	els guants d'un sol ús	forĵeteblaj gantoj	guantos jectabile										5
07568	Medical Procedures	dressing	der Verband	el vendaje, el apósito	le pansement	la fasciatura, la benda	o curativo	l'apòsit (els apòsits), la bena (les benes)	pansaĵo	bandage										5
07569	Medical Procedures	dressing trolley	der Verbandwagen	el carro de curas	le chariot de soins	il carrello ospedaliero	o carrinho de curativos	el carro de cures	kuraca ĉaro	carro de bandages										5
07570	Medical Procedures	elastic tape	das elastische Klebepflaster	la cinta elástica	bande adhésive élastique	l'adesivo elastico	a faixa elástica	la cinta elàstica (les cintes elàstiques)	elasta bendo	fascia elastic										5
07571	Medical Procedures	examination table	der Untersuchungstisch	la mesa de examinación	la table d'examen	il lettino da visita	a mesa de exame	la llitera d'exploració (les lliteres d'exploració)	ekzamena tablo	tabula de examine										5
07572	Medical Procedures	eye chart	das Sehtestbild	la gráfica optométrica	l'échelle d'acuité visuelle	la tavola oculistica	a tabela de Snellen	la taula optomètrica (les taules optomètriques)	okula ekzamentabelo	tabula optometric										5
07573	Medical Procedures	forceps	die Zange	los fórceps	le forceps	il forcipe	o fórceps / a pinça	el fòrceps (els fòrceps)	forcepso	forceps										5
07574	Medical Procedures	gauze	die Gaze	la gasa	la gaze	la garza	a gaze	la gasa (les gases)	gazo	gaza										5
07575	Medical Procedures	glucose monitor	das Blutzuckermessgerät	el monitor de glucosa	le lecteur de glycémie	il glucosometro	o medidor de glicemia	el glucòmetre (els glucòmetres)	glukozomezurilo	le monitor de glucosa										5
07576	Medical Procedures	hypodermic needle	die Injektionsnadel	la aguja hipodérmica	l'aiguille hypodermique	l'ago ipodermico	a agulha hipodérmica	l'agulla hipodèrmica (les agulles hipodèrmiques)	hipoderma kudrilo	le agulia hypodermic										5
07577	Medical Procedures	microscope	das Mikroskop	el microscopio	le microscope	il microscopio	o microscópio	el microscopi (els microscopis)	mikroskopo	le microscopio										5
07578	Medical Procedures	nasal tube	die Nasensonde	la sonda nasal	la sonde nasale	il sondino nasale	a sonda nasogástrica	la sonda nasal (les sondes nasals)	naza sondilo	le sonda nasal										5
07579	Medical Procedures	nursing care plan	der Pflegeplan	el plan de cuidado de enfermería	le plan de soins	il piano di assistenza infermieristica	o plano de cuidados	el pla de cures d'infermeria (els plans de cures d'infermeria)	flegada prizorga plano	le plano de curas de infirmeria										5
07580	Medical Procedures	otoscope	das Otoskop	el otoscopio	l'otoscope	l'otoscopio	o otoscópio	l'otoscopi (els otoscopis)	otoskopo	le otoscopio										5
07581	Medical Procedures	insulin pen	der Insulinpen	el bolígrafo de insulina	le stylo à insuline	la penna insulinica	a caneta de insulina	el bolígraf d'insulina (els bolígrafs d'insulina)	insulina plumo	le penna de insulina										5
07582	Medical Procedures	medical records	die Krankenakte	la historia médica	le dossier médical	la cartella clinica	a ficha médica	l'historial mèdic (els historials mèdics)	medicina dosiero	le historia medical										5
07583	Medical Procedures	medicine cup	der Medikamentenbecher	el vaso dosificador	le gobelet à médicaments	il dosatore medicinale	o copo de medicamentos	el got dosificador (els gots dosificadors)	medikamenta pokalo	le vaso dosator										5
07584	Medical Procedures	oxygen mask	die Sauerstoffmaske	la máscara de oxígeno	le masque à oxygène	la maschera d'ossigeno	a máscara de oxigênio	la mascareta d'oxigen (les mascaretes d'oxigen)	oksigena masko	le masca de oxygeno										5
07585	Medical Procedures	patient care chart	die Patientenkarte	el historial médico del paciente	la fiche de soins	la cartella assistenziale del paziente	a ficha de cuidados	el gràfic d'atenció al pacient (els gràfics d'atenció al pacient)	prizorga diagramo por paciento	le dossier medical del patiente										5
07586	Medical Procedures	privacy screen	der Sichtschutz	el biombo hospitalario	l'écran d'intimité, le paravent	il paravento da ospedale	o biombo hospitalar	la pantalla de privacitat (les pantalles de privacitat), el paravent (els paravents)	privateca ekrano, paravano	le paravento hospitalari										5
07587	Medical Procedures	scalpel	das Skalpel	el bisturí	le scalpel, le bistouri	il bisturi	o bisturi	el bisturí (els bisturís)	skalpelo	le scalpello										5
07588	Medical Procedures	pair of sterile / sanitized gloves	ein Paar sterile Handschuhe	el par de guantes estériles	la paire de gants stériles	un paio di guanti sterili	o par de luvas estéreis	el parell de guants estèrils	paro da sterilaj gantoj	le par de guantos sterile										5
07589	Medical Procedures	nasogastric tube	die transnasale Magensonde	la sonda nasogástrica (objeto)	la sonde nasogastrique	il sondino naso gastrico	a sonda nasogástrica	la sonda nasogàstrica	nazogastra sondilo	sonda nasogastric										5
07590	Workplace Vocabulary	I work the morning shift all week	Ich habe die ganze Woche Frühschicht.	Trabajo el turno de la mañana toda la semana	Je suis du matin toute la semaine	Lavoro al turno di mattina per tutta la settimana	Eu trabalho no turno da manhã a semana inteira	Faig el torn de matí tota la setmana	Mi laboras la matenan deĵoron la tutan semajnon	Io labora le periodo matinal tote le septimana										5
07591	Medical Situations	Morning visits are not allowed	Morgens sind Besuche verboten.	No se permiten visitas por la mañana	Les visites sont interdites le matin	Le visite mattutine non sono permesse	Visitas pela manhã não são permitidas	Les visites al matí no estan permeses	Matenaj vizitoj ne estas permesitaj	Le visitas matinal non es permittite										5
07592	Medical Situations	I would suggest you don't visit him in the morning	Ich würde Ihnen davon abraten ihn morgens zu besuchen.	Yo sugiero no visitarlo por la mañana	Je vous déconseille de lui rendre visite le matin	Le consiglierei di non venire a trovarlo di mattina	Eu sugiro que não o visite pela manhã	Li suggereixo que no el visiti al matí	Mi sugestas, ke vi ne vizitu lin matene	Io suggererea que vos non le visita in le matino										5
07593	Medical Situations	I'm looking for Mr. Turner's room	Ich suche das Zimmer von Herr Turner.	Estoy buscando la habitación del Sr. Turner	Je cherche la chambre de Monsieur Turner	Sto cercando la stanza del signor Turner	Estou procurando o quarto do Sr. Turner	Busco l'habitació del senyor Turner	Mi serĉas la ĉambron de sinjoro Turner	Io cerca le camera del senior Turner										5
07594	Medical Situations	He is in room 2021, on the second floor	Er liegt im Zimmer 2021 im zweiten Stock.	Él está en la habitación 2021, en el segundo piso	Il est dans la chambre 2021, au deuxième étage	È nella stanza 2021, al secondo piano	Ele está no quarto 2021, no segundo andar	És a l'habitació 2021, al segon pis	Li estas en ĉambro 2021, en la dua etaĝo	Ille es in le camera 2021, al secunde etage										5
07595	Medical Situations	Take the elevator, turn right and go to the end of the hallway	Nehmen Sie den Aufzug, biegen Sie rechts ab und gehen Sie bis zum Ende des Korridors.	Tome el ascensor, gire a la derecha y siga hasta el final del corredor	Prenez l'ascenseur, tournez à droite et allez au bout du couloir	Prenda l'ascensore, giri a destra e arrivi alla fine del corridoio	Pegue o elevador, vire à direita e siga até o final do corredor	Agafi l'ascensor, giri a la dreta i vagi fins al final del passadís	Prenu la lifton, turnu vin dekstren kaj iru ĝis la fino de la koridoro	Prende le ascensor, vira a dextra e vade usque al fin del corridor										5
07596	Medical Situations	Sorry, you can't enter the examining room	Tut mir leid, Sie können den Behandlungsraum nicht betreten.	Disculpe, usted no puede entrar a la sala de exámenes	Désolé, vous ne pouvez pas entrer dans la salle d'examen	Mi dispiace, non può entrare in sala visite 	Sinto muito, você não pode entrar na sala de exames	Disculpi, no pot entrar a la sala d'exploració	Pardonu, vi ne povas eniri la ekzamenan ĉambron	Pardono, vos non pote entrar in le sala de examine										5
07597	Medical Situations	I have to ask you to leave the room during therapy	Ich muss Sie bitten das Zimmer während der Therapie zu verlassen.	Debo pedirle que salga de la habitación durante la terapia	Je dois vous demander de sortir de la chambre pendant la thérapie	Le devo chiedere di uscire dalla stanza durante la terapia	Devo pedir que você saia do quarto durante a terapia	Li he de demanar que surti de l'habitació durant la teràpia	Mi devas peti vin forlasi la ĉambron dum la terapio	Io debe peter vos que vos sorti del camera durante le therapia.										5
07598	Medical Situations	I have to ask you to wait outside please	Ich werde Sie bitten müssen, draußen zu warten.	Tengo que pedirle que espere fuera, por favor	Il faudra attendre dehors, s'il vous plaît	Le devo chiedere di attendere fuori, per piacere	Devo pedir que você aguarde do lado de fora, por favor	Li he de demanar que esperi a fora, si us plau	Mi devas peti vin atendi ekstere, bonvolu	Io debe peter vos que vos attende foras, per favor.										5
07599	Medical Situations	We are going to take care of your husband/wife	Wir werden uns um Ihren Ehemann / Ihre Ehefrau kümmern.	Vamos a cuidar a su esposo/esposa	Nous allons nous occuper de votre mari / femme.	Ci prenderemo cura di suo marito/sua moglie	Iremos tomar conta do seu marido / sua esposa	Cuidarem el seu marit/la seva muller	Ni prizorgos vian edzon/edzinon	Nos va prender cura de vostre marito o vostre sposa.										5
07600	Medical Situations	Doctor Marais is going to meet with your father	Dr. Marais wird Ihren Vater besuchen.	El Doctor Marais se va a reunir con su padre	Le docteur Marais va rendre visite à votre père	Il dottor Marais sta per visitare suo padre	O Dr. Marais irá consultar o seu pai	El doctor Marais es reunirà amb el seu pare	Doktoro Marais renkontiĝos kun via patro	Le doctor Marais va incontrar se con vostre patre.										5
07601	Medical Situations	We will do whatever it takes to find out what's wrong with your son	Wir werden tun was nötig ist, um herauszufinden was Ihrem Sohn fehlt.	Haremos todo lo posible para averiguar qué le pasa a su hijo	Nous ferons tout le nécessaire pour trouver ce qu'a votre fils	Faremo il possibile per scoprire cos'ha suo figlio	Vamos fazer todo o necessário para descobrir o problema do seu fillho	Farem tot el necessari per esbrinar què li passa al seu fill	Ni faros ĉion necesan por ekscii, kio okazas al via filo	Nos facera toto lo possibile pro discoperir lo que non va con vostre filio.										5
07602	Medical Situations	I will need your consent to operate on your son	Ich brauche Ihre Einverständnis, um Ihren Sohn operieren zu dürfen.	Voy a necesitar su consentimiento para operar a su hijo	J'aurais besoin de votre consentement pour l'opération de votre fils	Avrò bisogno del suo consenso per operare suo figlio	Preciso da sua permissão para operar o seu filho	Necessitaré el seu consentiment per operar el seu fill	Mi bezonos vian konsenton por operacii vian filon	Io habera besonio de vostre consentimento pro operar vostre filio.										5
07603	Medical Situations	We are going to operate on your mother tomorrow	Wir werden Ihre Mutter morgen operieren.	Vamos a operar a su madre mañana	Nous allons opérer votre mère demain	Opereremo sua madre domani	Iremos operar a sua mãe amanhã	Operarem la seva mare demà	Ni operacios vian patrinon morgaŭ	Nos va operar vostre matre deman.										5
07604	Medical Situations	Do we need to notify anybody else in the family?	Müssen wir jemand anderes aus der Familie benachrichtigen?	¿Tenemos que notificar a algún otro familiar?	Devons-nous prévenir quelqu'un d'autre de la famille?	Dobbiamo avvertire qualcun altro della famiglia?	Devemos notificar algum outro membro da família?	Hem de notificar algú més de la família?	Ĉu ni devas sciigi iun alian en la familio?	Esque nos debe notificar alicuno altere in le familia?										5
07605	Medical Situations	Doctor Marais is one of the best, he will take care of your daughter	Dr. Marais ist einer der Besten. Er wird sich um Ihre Tochter kümmern.	El Doctor Marais es uno de los mejores, él cuidará a su hija	Le docteur Marais est un des meilleurs, il s'occupera de votre fille	Il dottor Marais è uno dei migliori, si prenderà cura di sua figlia	O Dr. Marais é um dos melhores, ele irá cuidar da sua filha	El doctor Marais és un dels millors, ell cuidarà de la seva filla	Doktoro Marais estas unu el la plej bonaj, li prizorgos vian filinon	Le doctor Marais es un del meliores; ille prendera cura de vostre filia.										5
07606	Medical Situations	He is in stable condition	Sein Zustand ist stabil.	Él está en condición estable	Il est dans un état stable	Lui è in condizioni stabili	Ele está numa condição estável	El seu estat és estable	Lia stato estas stabila	Ille es in condition stabile.										5
07607	Medical Situations	Your father's operation went very well	Die Operation Ihres Vaters ist sehr gut verlaufen.	La operación de su padre ha ido muy bien	L'opération de votre père s'est très bien passée	L'operazione di suo padre è andata molto bene	A operação do seu pai correu muito bem	L'operació del seu pare ha anat molt bé	La operacio de via patro tre bone sukcesis	Le operation de vostre patre procedeva multo ben.										5
07608	Medical Situations	The operation was a total success	Die Operation war ein voller Erfolg.	La operación fue un éxito total	L'opération a été un vrai succès	L'operazione è stato un successo completo	A operação foi um sucesso absoluto	L'operació ha estat un èxit total	La operacio estis kompleta sukceso	Le operation esseva un successo total.										5
07609	Medical Situations	Now he is out of danger	Jetzt ist er außer Gefahr.	Ahora él está fuera de peligro	Il est désormais hors de danger	Ora è fuori pericolo	Agora ele está fora de perigo	Ara està fora de perill	Nun li estas ekster danĝero	Ora ille es foras de periculo.										5
07610	Medical Situations	Your son is much better and can leave today	Ihrem Sohn geht es viel besser und er kann heute entlassen werden.	Su hijo está mucho mejor y se puede ir hoy	Votre fils va beaucoup mieux et peut sortir aujourd'hui	Suo figlio sta molto meglio e può uscire oggi	Seu filho está muito melhor e pode ir para a casa hoje	El seu fill està molt millor i pot marxar avui	Via filo estas multe pli bona kaj povas foriri hodiaŭ	Vostre filio es multo melior e pote partir hodie.										5
07611	Medical Situations	His condition is getting better day after day	Sein Zustand verbessert sich von Tag zu Tag.	Su estado está mejorando día tras día	Sa condition s'améliore jour après jour	La sua condizione migliora giorno dopo giorno	A condição dele está melhorando dia após dia	El seu estat millora dia a dia	Lia stato pliboniĝas tago post tago	Su condition meliora die post die.										5
07612	Palliative Care & End-of-Life	How much time does he have left?	Wie viel Zeit bleibt ihm noch?	¿Cuánto tiempo le queda?	Combien de temps lui reste-t-il ?	Quanto tempo gli resta?	Quanto tempo ele(a) ainda tem?	Quant de temps li queda?	Kiom da tempo restas al li?	Quanto tempore le resta?										5
07613	Palliative Care & End-of-Life	Can I see him before it's too late?	Kann ich ihn sehen ehe es zu spät ist?	¿Lo puedo ver antes de que sea demasiado tarde?	Est-ce que je peux le voir avant qu'il ne soit trop tard?	Posso vederlo prima che sia troppo tardi?	Posso vê-lo antes que seja tarde demais?	El puc veure abans que sigui massa tard?	Ĉu mi povas vidi lin antaŭ ol estos tro malfrue?	Pote io vider le ante que il sia troppo tarde?										5
07614	Palliative Care & End-of-Life	What are his chances of recovery?	Welche Chancen der Genesung bleiben ihm?	¿Cuáles son sus posibilidades de recuperación?	Quelles sont ses chances de guérison ?	Quali sono le sue probabilità di guarigione?	Quais são suas chances de recuperação?	Quines possibilitats de recuperació té?	Kiuj estas liaj ŝancoj resaniĝi?	Qual es su possibilitates de recuperation?									Qual es su possibilitates de recuperation?	5
07615	Palliative Care & End-of-Life	Is he in pain?	Hat er Schmerzen?	¿Padece dolor?	Est-ce qu'il souffre ?	Soffre?	Ele está sentindo dores?	Té dolor?	Ĉu li suferas?	Ha ille dolor?									Ha ille dolor?	5
07616	Palliative Care & End-of-Life	It's hard to explain this in English	Es ist schwer das auf Englisch zu erklären.	Es difícil explicar esto en inglés	C'est difficile de vous annoncer ça en anglais	È difficile spiegarlo in inglese	É difícil explicar isto em inglês	És difícil explicar-ho en anglès	Estas malfacile klarigi tion en la angla	Il es difficile explicar isto in anglese									Il es difficile explicar isto in anglese.	5
07617	Palliative Care & End-of-Life	His condition has deteriorated	Sein Zustand hat sich verschlechtert.	Su estado ha empeorado	Son état s'est dégradé	La sua condizione è peggiorata	A condição dele(a) piorou	El seu estat ha empitjorat	Lia stato malboniĝis	Su condition se ha deteriorate									Su condition se ha deteriorate.	5
07618	Palliative Care & End-of-Life	Is he aware?	Weiß er Bescheid?	¿Él sabe algo?	Il est au courant?	È al corrente?	Ele está sabendo?	N'està al corrent?	Ĉu li estas konscia?	Es ille consciente?									Es ille consciente?	5
07619	Palliative Care & End-of-Life	Can I stay with him?	Kann ich bei ihm bleiben?	¿Me puedo quedar con él?	Puis-je rester avec lui?	Posso stare con lui?	Posso ficar com ele?	Em puc quedar amb ell?	Ĉu mi povas resti kun li?	Pote io remaner con ille?									Pote io remaner con ille?	5
07620	Palliative Care & End-of-Life	Unfortunately, we fear the worst	Leider befürchten wir das Schlimmste.	Desafortunadamente, tememos lo peor	Malheureusement nous craignons le pire	Sfortunatamente, temiamo il peggio	Infelizmente, tememos o pior	Malauradament, ens temem el pitjor	Bedaŭrinde, ni timas la plej malbonan	Infortunatemente, nos time le pejor									Infortunatemente, nos time le pejor.	5
07621	Palliative Care & End-of-Life	He is in a vegetative state	Er liegt im Wachkoma.	Él está en un estado vegetativo	Il est dans un état végétatif	È in stato vegetativo	Ele se encontra em estado vegetativo	Està en estat vegetatiu	Li estas en vegeta stato	Ille es in un stato vegetative									Ille es in un stato vegetative.	5
07622	Palliative Care & End-of-Life	She is in a coma	Sie liegt im Koma.	Ella está en coma	Elle est dans le coma	Lei è in coma	Ela está em coma	Està en coma	Ŝi estas en komato	Illa es in coma									Illa es in coma.	5
07623	Palliative Care & End-of-Life	He could pass at any moment	Er könnte in jedem Moment sterben.	Él podría fallecer en cualquier momento	Il peut mourir à tout moment	Può morire in ogni momento	Ele pode falecer a qualquer momento	Podria morir en qualsevol moment	Li povus forpasi iam ajn	Ille poterea morir a qualcunque momento									Ille poterea morir a qualcunque momento.	5
07624	Palliative Care & End-of-Life	We're doing everything possible to make sure he isn't suffering	Wir tun alles Mögliche, um sicher zu gehen, dass er nicht leidet.	Estamos haciendo todo lo posible para que no sufra	Nous faisons tout pour qu'il ne souffre pas	Stiamo facendo tutto il possibile per assicurarci che non soffra	Estamos fazendo todo o possível para que ele não sofra	Estem fent tot el possible per assegurar-nos que no pateixi	Ni faras ĉion eblan por certigi, ke li ne suferu	Nos face toto lo possibile pro assecurar que ille non suffre										5
07625	Palliative Care & End-of-Life	I'm so sorry	Es tut mir sehr leid	Lo siento mucho	Je suis vraiment désolé	Mi dispiace tanto	Eu sinto muito	Ho sento molt	Mi tre bedaŭras	Io regretta multo										5
07626	Palliative Care & End-of-Life	It pains me to tell you that...	Es tut mir sehr leid Ihnen Sagen zu müssen, dass...	Siento mucho decirle que...	Je suis navré de vous annoncer que...	Mi dispiace molto ma devo dirle che...	Sinto muito em lhe dizer que...	Em sap greu dir-li que...	Mi bedaŭras diri al vi, ke...	Me dole multo dicer vos que...										5
07627	Palliative Care & End-of-Life	He hasn't woken up	Er ist nicht aufgewacht.	Él no ha despertado	Il ne s'est pas réveillé	Non si è più svegliato	Ele não acordou	No s'ha despertat	Li ne vekiĝis	Ille non se ha eveliate										5
07628	Palliative Care & End-of-Life	He has passed tonight	Er ist heute Nacht verstorben.	Él falleció esta noche	Il est mort cette nuit	È morto stanotte	Ele faleceu esta noite	Ha mort aquesta nit	Li forpasis ĉi-nokte	Ille ha morite iste nocte										5
07629	Palliative Care & End-of-Life	He didn't feel any pain	Er hatte keine Schmerzen.	Él no sintió dolor	Il n'a pas souffert	Non ha sentito alcun dolore	Ele não sentiu dor alguma	No ha patit cap dolor	Li ne sentis doloron	Ille non sentiva alicun dolor										5
07630	Palliative Care & End-of-Life	He is no longer with us	Er ist nicht mehr unter uns.	Él ya no está con nosotros	Il nous a quittés	Non è più con noi	Ele não está mais entre nós	Ja no és entre nosaltres	Li ne plu estas kun ni	Ille non es plus con nos										5
07631	Palliative Care & End-of-Life	He has stopped breathing	Er hat aufgehört zu atmen.	Él ha dejado de respirar	Il a arrêté de respirer	Ha smesso di respirare	Ele parou de respirar	Ha deixat de respirar	Li ĉesis spiri	Ille ha cessate de respirar										5
07632	Palliative Care & End-of-Life	Did he feel any pain?	Hatte er Schmerzen?	¿Sintió dolor?	Est-ce qu'il a souffert ?	Ha sofferto?	Ele sentiu alguma dor?	Ha patit dolor?	Ĉu li suferis?	Ha ille sentite alicun dolor?										5
07633	Palliative Care & End-of-Life	He is brain dead	Er ist gehirntot.	Él tiene muerte cerebral	Il est en état de mort cérébrale	È in uno stato di morte cerebrale	Ele teve morte cerebral	Té mort cerebral	Li estas cerbe morta	Ille ha morte cerebral										5
07634	Palliative Care & End-of-Life	My condolences	Mein Beileid.	Mis condolencias	Toutes mes condoléances	Le mie condoglianze	Meus pêsames	El meu condol	Mian kondolencon	Mi condolentias										5
07635	Palliative Care & End-of-Life	He arrived at the hospital too late	Er wurde zu spät ins Krankenhaus eingeliefert.	Él llegó al hospital demasiado tarde	Il est arrivé trop tard à l'hôpital	È arrivato in ospedale troppo tardi	Ele chegou ao hospital tarde demais	Va arribar a l'hospital massa tard	Li alvenis al la hospitalo tro malfrue	Ille arrivava al hospital troppo tarde										5
07636	Palliative Care & End-of-Life	When he arrived here, his condition was already critical	Sein Zustand war bereits sehr kritisch als er hier ankam.	Cuando él llegó, ya estaba en estado crítico	Quand il est arrivé ici, son état était déjà critique	Quando è arrivato qui, le sue condizioni erano già critiche	Quando ele chegou aqui, sua condição já era muito grave	Quan va arribar aquí, el seu estat ja era crític	Kiam li alvenis ĉi tien, lia stato jam estis kritika	Quando ille arrivava hic, su condition esseva jam critic										5
07637	Palliative Care & End-of-Life	There was nothing more we could do for him, we are sorry	Wir konnten nichts mehr für ihn tun, es tut uns leid.	No había nada más que pudiéramos hacer por él, lo sentimos mucho	Nous n'avons pu rien faire pour lui, nous sommes désolés	Non c'era nient'altro che avremmo potuto fare per lui, ci dispiace	Não havia nada que pudéssemos fazer por ele, sentimos muito	No hi havia res més que poguéssim fer per ell, ho sentim	Ni povis fari nenion plu por li, ni bedaŭras	Il non habeva plus aliquid que nos poteva facer pro ille; nos lo regretta multo										5
07638	Palliative Care & End-of-Life	You have to identify the body at the morgue	Sie müssen den Körper im Leichenschauhaus identifizieren.	Usted tiene que identificar el cuerpo en la morgue	Vous devrez identifier son corps à la morgue	Deve identificare il corpo in obitorio	Você precisa identificar o copo no necrotério	Ha d'identificar el cos a la morgue	Vi devas identigi la korpon en la kadavrejo	Vos debe identificar le cadavere in le morgue										5
07639	Palliative Care & End-of-Life	To get your husband's personal belongings, you have to fill out this form	Um die persönlichen Sachen Ihres Mannes abzuholen, müssen Sie dieses Formular ausfüllen.	Para recuperar los efectos personales de su esposo, debe rellenar este formulario	Pour récupérer les effets personnels de votre mari, vous devez remplir ce formulaire	Per avere gli effetti personali di suo marito deve compilare questo modulo	Para recuperar os pertences do seu marido, você deverá preencher este formulário	Per recollir els efectes personals del seu marit, ha d'omplir aquest formulari	Por preni la personajn posedaĵojn de via edzo, vi devas plenigi ĉi tiun formularon	Pro recuperar le effectos personal de vostre marito, vos debe completar iste formulario										5
07640	Palliative Care & End-of-Life	We would like to speak with you about a very delicate issue	Wir würden mit Ihnen gerne über eine sehr delikate Angelegenheit sprechen.	Nos gustaría hablar con usted acerca de un tema muy delicado	Nous voudrions vous parler d'une question très délicate	Vorremmo parlare con lei di una questione molto delicata	Gostaríamos de falar com você sobre uma questão muito delicada	Voldríem parlar amb vostè d'un tema molt delicat	Ni ŝatus paroli kun vi pri tre delikata afero	Nos placerea parlar con vos super un question multo delicate										5
07641	Palliative Care & End-of-Life	Would you like to donate certain organs to science?	Wären Sie damit einverstanden, einige der Organe der Wissenschaft zu spenden?	¿Desea donar algunos órganos a la ciencia?	Est-ce que vous accepteriez de faire don à la médecine de certains organes?	Ha considerato la donazione di alcuni organi alla scienza?	Você gostaria de doar certos órgãos à ciência?	Acceptaria donar alguns òrgans a la ciència?	Ĉu vi konsentus donaci iujn organojn al la scienco?	Desira vos donar certe organos al scientia?										5
07642	Palliative Care & End-of-Life	It could at least help other people	Es könnte wenigstens anderen Menschen helfen.	Esto por lo menos podría ayudar a otras personas	Cela pourrait au moins aider d'autres personnes	Potrebbe almeno aiutare altre persone	Isto poderia ao menos ajudar outras pessoas	Això podria almenys ajudar altres persones	Tio povus almenaŭ helpi aliajn homojn	Isto al minus poterea adjutar altere personas.										5
07643	Palliative Care & End-of-Life	Can we repatriate his/her body?	Können wir seinen Körper in sein Heimatland zurückschicken?	¿Podemos repatriar su cuerpo?	Est-ce que nous pourrions rapatrier son corps?	Possiamo rimpatriare il suo corpo?	Podemos repatriar o corpo dele(a)?	Podem repatriar el seu cos?	Ĉu ni povas repatriigi lian/ŝian korpon?	Pote nos repatriar su corpore?										5
07644	Palliative Care & End-of-Life	Of course. Just go to the admissions desk, and they will explain everything to you	Natürlich. Gehen Sie einfach zur Aufnahme und man wird Ihnen dort alles Weitere erläutern.	Por supuesto. Diríjase al mostrador de admisiones y ellos le explicarán todo	Bien sûr Il faudra se rendre au bureau des entrées et ils vous expliqueront tout	Certo. Deve solo andare all'ufficio accettazione e le spiegheranno tutto.	É claro. Dirija-se à mesa de admissões e eles explicarão tudo a você	I tant. Vagi al taulell d'admissions i allà li ho explicaran tot	Kompreneble. Nur iru al la akcepta oficejo, kaj ili klarigos ĉion al vi	Certo. Va simplemente al bureau de admissiones, e illes vos explicara toto.										5
07645	Expressions & Emotions	We've been waiting here for hours; I can't take it anymore!	Wir warten schon seit Stunden. Ich kann es nicht mehr aushalten!	Llevamos esperando aquí durante horas, ¡no aguanto más!	Nous attendons depuis des heures ici, j'en peux plus !	Stiamo aspettando qui da ore; non ce la faccio più!	Estamos esperando há horas, não aguento mais!	Fa hores que esperem aquí; no puc més!	Ni atendas ĉi tie de horoj; mi ne plu eltenas!	Nos ha attendite hic durante horas; io non pote supportar lo plus!										5
07646	Expressions & Emotions	My mother is still in pain, what's going on?	Meine Mutter hat immer noch Schmerzen, was ist los?	Mi madre aún está sintiendo dolor, ¿qué está pasando?	Ma mère continue à avoir des douleurs, qu'est-ce qu'il se passe ?	Mia madre soffre ancora, che succede?	A minha mãe ainda está sentindo dores, o que está acontecendo?	La meva mare encara té dolor, què passa?	Mia patrino ankoraŭ doloras, kio okazas?	Mi matre ancora ha dolor; que occurre?										5
07647	Expressions & Emotions	Can you do anything to relieve it?	Können Sie irgendetwas tun, um es zu lindern?	¿Puede hacer algo para aliviarlo?	Pouvez-vous faire quelque chose pour le soulager ?	Può fare qualcosa per allieviare il dolore?	Você pode fazer algo para aliviar?	Pot fer alguna cosa per alleujar-lo?	Ĉu vi povas fari ion por mildigi ĝin?	Pote vos facer alique pro alleviar lo?										5
07648	Expressions & Emotions	His condition hasn't gotten better; can you explain why?	Sein Zustand hat sich nicht verbessert. Wissen Sie warum?	Su estado no ha mejorado; ¿me puede explicar por qué?	Sa condition ne s'améliore pas, pouvez-vous m'expliquer ?	Il suo stato non è migliorato, mi può spiegare perché?	A condição dele não melhorou; você pode explicar o por quê?	El seu estat no ha millorat; em pot explicar per què?	Lia stato ne pliboniĝis; ĉu vi povas klarigi kial?	Su stato non se ha meliorate; pote vos explicar proque?										5
07649	Expressions & Emotions	What do I have to do to see a doctor in this hospital!?	Was muss ich tun, um in diesem Krankenhaus einen Arzt zu finden!?	¿Qué tengo que hacer para ver un doctor en este hospital?	Que faut-il faire dans cet hôpital pour voir un docteur ?	Cosa devo fare per vedere un dottore in questo ospedale!	O que devo fazer para ser atendido por um médico neste hospital!?	Què he de fer per veure un metge en aquest hospital!?	Kion mi devas fari por vidi kuraciston en ĉi tiu hospitalo!?	Que debe io facer pro vider un doctor in iste hospital!?										5
07650	Expressions & Emotions	Sorry, we have a lot of patients, but the doctor won't take much longer	Tut mir leid, wir haben eine Menge Patienten, aber der Arzt wird bald da sein.	Perdón, tenemos muchos pacientes, pero el doctor no se demorará mucho más tiempo	Désolé, nous avons beaucoup de patients, mais le docteur ne va pas tarder à passer 	Scusi, abbiamo molti pazienti, ma il dottore non ci metterà molto	Sinto muito, temos muitos pacientes, mas o médico não vai demorar muito	Disculpi, tenim molts pacients, però el metge no trigarà gaire	Pardonu, ni havas multajn pacientojn, sed la kuracisto ne longe daŭros	Pardono, nos ha multe patientes, ma le doctor non tardara multo plus.										5
07651	Expressions & Emotions	My father's room is dirty and too small!	Das Zimmer meines Vater ist dreckig und zu klein!	¡La habitación de mi padre está sucia y es demasiado pequeña!	La chambre de mon père est sale et trop petite !	La stanza di mio padre è sporca e troppo piccola!	O quarto do meu pai está sujo e é muito pequeno!	L'habitació del meu pare és bruta i massa petita!	La ĉambro de mia patro estas malpura kaj tro malgranda!	Le camera de mi patre es sordide e troppo parve!										5
07652	Expressions & Emotions	I'm under the impression that I'm being disrespected in this hospital!	Ich habe den Eindruck, dass ich in diesem Krankenhaus nicht respektiert werde.	¡Estoy bajo la impresión que me estan faltando el respeto en este hospital!	J'ai l'impression que vous vous moquez de moi dans cet hôpital !	Ho l'impressione che in questo ospedale mi si manchi di rispetto!	Tenho a impressão de que estou sendo desrespeitado neste hospital!	Tinc la impressió que en aquest hospital se'm falta al respecte!	Mi havas la impreson, ke oni mokas min en ĉi tiu hospitalo!	Io ha le impression que on me tracta sin respecto in iste hospital!										5
07653	Expressions & Emotions	We have it all under control and will find a solution	Wir haben alles unter Kontrolle und werden eine Lösung finden.	Lo tenemos todo bajo control y encontraremos una solución	On va contrôler ça ensemble et trouver une solution	Abbiamo tutto sotto controllo e troveremo una soluzione	Temos tudo sob controle e vamos encontrar uma solução	Ho tenim tot sota control i trobarem una solució	Ni havas ĉion sub kontrolo kaj trovos solvon	Nos lo ha toto sub controlo e trovara un solution.										5
07654	Expressions & Emotions	Sir, please calm down. Shouting won't fix the problem	Bitte beruhigen Sie sich. Schreien wird das Problem nicht lösen.	Señor, por favor, cálmese. Gritar no solucionará el problema	Monsieur, calmez-vous. Crier ne résoudra pas le problème	Signore, si calmi. Urlare non risolverà il problema	Senhor, por favor, acalme-se. Gritar não vai resolver o problema	Senyor, si us plau, calmi's. Cridar no solucionarà el problema	Sinjoro, bonvolu trankviliĝi. Krii ne solvos la problemon	Senior, per favor, calma vos. Clamar non resolvera le problema.										5
07655	Expressions & Emotions	Madam, there's no need to raise your voice at me. I'm only here to help you	Es besteht kein Grund Ihre Stimme zu erheben gnädige Frau. Ich bin nur da, um Ihnen zu helfen.	Señora, no hay necesidad de levantar la voz. Estoy aquí para ayudarla	Madame, il ne faut pas me crier dessus. Je suis là pour vour aider	Signora, non c'è bisogno di alzare la voce. Sono qui per aiutarla	Senhora, não é preciso aumentar o tom de voz. Estou aqui apenas para ajudá-la	Senyora, no cal que em cridi. Sóc aquí per ajudar-la	Sinjorino, ne necesas krii al mi. Mi estas ĉi tie por helpi vin	Seniora, il non ha necessitate de altiar le voce contra me. Io es hic solmente pro adjutar vos										5
07656	Expressions & Emotions	We will do everything we can to help	Wir werden alles tun was wir können, um zu helfen.	Haremos todo lo posible para ayudar	Nous faisons le maximum pour l'aider	Faremo il possibile per aiutarla	Faremos todo o possível para ajudar	Farem tot el possible per ajudar	Ni faros ĉion eblan por helpi	Nos facera toto lo possibile pro adjutar										5
07657	Expressions & Emotions	I understand you're under stress. Have a seat, and I'll explain everything to you	Ich verstehe, dass Sie unter Stress stehen. Setzen Sie sich und ich erkläre Ihnen alles.	Entiendo que usted está bajo mucha presión. Siéntese y se lo explicaré todo	Je comprends votre état de stress. Asseyez-vous, je vais tout vous expliquer	Capisco che lei è sotto stress. Si sieda e le spiegherò tutto	Eu entendo que você esteja estressado. Sente-se e eu lhe explicarei tudo	Entenc que estigui estressat(ada). Segui, i li ho explicaré tot	Mi komprenas vian streson. Sidiĝu, mi klarigos ĉion al vi	Io comprende que vos es sub multe pression. Sede vos, e io vos explicara toto										5
07658	Expressions & Emotions	The doctor will explain the situation to you later	Der Arzt wird Ihnen die Situation später erklären.	El doctor le explicará la situación más tarde	Plus tard le docteur vous expliquera la situation	Il dottore le spiegherà la situazione dopo	O médico irá lhe explicar a situação mais tarde	Més tard el metge li explicarà la situació	Poste la kuracisto klarigos al vi la situacion	Le medico vos explicara le situation plus tarde										5
07659	Expressions & Emotions	Don't worry, we're here to help your father	Keine Sorge, wir sind da, um Ihrem Vater zu helfen.	No se preocupe, estamos aquí para ayudar a su padre	Ne vous inquiétez pas, nous sommes là pour aider votre père	Non si preoccupi, siamo qui per aiutare suo padre	Não se preocupe, estamos aqui para ajudar o seu pai	No es preocupi, som aquí per ajudar el seu pare	Ne zorgu, ni estas ĉi tie por helpi vian patron	Non vos preoccupa, nos es hic pro adjutar vostre patre										5
07660	Medical Items	vial, ampoule (container)	die Ampulle	el vial, la ampolla (recipiente)	la fiole, l'ampoule	la fiala	o frasco, a ampola	el vial, l'ampolla	ampolo	ampulla, flacon (recipiente)		El vial contiene la dosis exacta para la vacuna.								5
07661	Diseases	itching	der Juckreiz	el comezón, el picor	les démangeaisons	il prurito	coceira / irritação	la picor	jukado	prurito										5
07662	Diseases	boil	der Furunkel	el forúnculo	le furoncle	il foruncolo	o furúnculo	el furóncol (els furóncols)	furunko	furunculo										5
07663	Diseases	swelling	die Schwellung	la hinchazón	le gonflement	il gonfiore	o inchaço	la inflor, la infladura (les inflors)	ŝvelaĵo	tumefaction										5
07664	Diseases	hives	die Nesselsucht	la urticaria	l'urticaire	l'orticaria	a urticária	la urticària	urtikario	urticaria										5
07665	Diseases	abdominal bloating	der Blähbauch	la distensión abdominal	le ballonnement	il gonfiore addominale	o inchaço abdominal	la distensió abdominal	abdomena ŝvelado	distension abdominal										5
07666	Diseases	piles, hemorrhoids (US), haemorroids (UK)	die Hämorrhoiden	las hemorroides	les hémorroïdes	le emorroidi	as hemorróidas	les hemorroides	hemoroidoj	hemorrhoides										5
07667	Diseases	blood in the stools	Blut im Stuhl	la sangre en las heces	le sang dans les selles	il sangue nelle feci	o sangue nas fezes	la sang a la femta	sango en la fekaĵoj	sanguine in le feces										5
07668	Diseases	nausea	die Übelkeit	la náusea	les nausées	la nausea	a náusea	la nàusea (les nàusees)	naŭzo	nausea										5
07669	Diseases	to feel like throwing up/vomiting	Brechreiz verspüren	sentirse como si fuera a vomitar	avoir envie de vomir	sentirsi di vomitare / rimettere	ter vontade de vomitar	tenir ganes de vomitar	senti naŭzon, voli vomi	sentir se como si on debe vomitar										5
07670	Diseases	to feel nauseous	Übelkeit verspüren	sentir náuseas	avoir des nausées	avere la nausea	sentir náusea	sentir nàusees	senti naŭzon	sentir nausea										5
07671	Diseases	constipation	die Verstopfung	el estreñimiento	la constipation	la costipazione	a prisão de ventre	el restrenyiment	konstipo	constipation										5
07672	Diseases	stiff neck	die Nackensteifheit	la tortícolis	la nuque raide	il torcicollo	a rigidez no pescoço	la torticoli, el torticoli	torkolo	torticollis										5
07673	Diseases	nosebleed	das Nasenbluten	la hemorragia nasal	les saignements de nez	l'epistassi, il sangue dal naso	o sangramento nasal	l'hemorràgia nasal, el sagnat de nas	nazosangado, epistakso	hemorrhagia nasal										5
07674	Diseases	dizziness	der Schwindel(anfall)	mareo	les vertiges	le vertigini	a tontura / a vertigem	el mareig (els marejos)	vertiĝo	vertigine										5
07675	Diseases	I feel dizzy	Mir ist schwindelig.	Me siento mareado(a)	J'ai la tête qui tourne	Mi gira la testa	Estou tonto(a)	Estic marejat(ada)	Mi estas kapturna, mi vertiĝas	Io me senti vertiginose										5
07676	Diseases	lightheadedness	die Benommenheit	aturdimiento	l'étourdissement	lo stordimento	a vertigem	l'atordiment	kapturniĝo	le vertigine										5
07677	Diseases	to blow one's nose	sich die Nase putzen	sonarse la nariz	se moucher	soffiarsi il naso	assoar o nariz	mocar-se	nazi sin	sufflar le naso										5
07678	Diseases	to have a sore throat	Halsschmerzen haben	tener dolor de garganta	avoir mal à la gorge	avere mal di gola	sentir dor de garganta	tenir mal de coll	havi gorĝdoloron	haber dolor de gorga										5
07679	Diseases	shortness of breath	die Atemnot	la falta de aire	l'essoufflement	il respiro corto	a falta de ar	la falta d'aire	senspireco	le dyspnea										5
07680	Diseases	sore throat	der Halsschmerz	el dolor de garganta	le mal de gorge	il mal di gola	a dor de garganta	el mal de coll	gorĝdoloro	le dolor de gorga										5
07681	Diseases	runny nose	die laufende Nase	el moqueo nasal	le nez qui coule	il naso che cola	o nariz escorrendo	el degoteig nasal	flua nazo	le rhinorrhea										5
07682	Diseases	stuffy nose	die verstopfte Nase	la nariz congestionada	le nez bouché	il naso tappato	o nariz entupido	el nas tapat, la congestió nasal	ŝtopita nazo	le naso congestionate										5
07683	Diseases	tightness in the chest	das Engegefühl in der Brust	la opresión en el pecho	le sentiment d'oppression thoracique	la sensazione di pesantezza al petto	a dor no peito / pressão torácica	l'opressió al pit	premo en la brusto	le oppression in le pectore										5
07684	Diseases	asthma attack	der Asthmaanfall	el ataque de asma	la crise d'asthme	l'attacco di asma	crise de asma	l'atac d'asma	asmaatako	le attacco de asthma										5
07685	Diseases	pins and needles	das Kribbeln	el cosquilleo	les fourmillements	i formicolii	o formigamento	el formigueig	formikado	le formication										5
07686	Diseases	the shakes	das Zittern	los temblores	les tremblements	i brividi	os tremores	els tremolors	tremoj	le tremores										5
07687	Diseases	I'm shaking	Ich zittere	Estoy temblando	Je tremble	sto tremando	estou tremendo	Estic tremolant	Mi tremas	Io treme										5
07688	Diseases	body aches, sore muscles	der Muskelkater	el dolor muscular	les courbatures	i dolori muscolari	as dores musculares	els dolors musculars, les agulletes	muskolaj doloroj	dolor muscular										5
07689	Diseases	tiredness/weakness	die Müdigkeit/Schwäche	el cansancio, la fatiga	la fatigue	la stanchezza, la debolezza	a fatiga	el cansament, la fatiga, la feblesa	laceco, malforteco	fatiga, debilitate										5
07690	Diseases	chills	der Schüttelfrost	los escalofríos	les frissons	i brividi	os calafrios / arrepios	els calfreds	frostotremoj	tremores										5
07691	Diseases	sleep problems	die Schlafstörungen	los problemas de sueño	les troubles du sommeil	i problemi nel dormire	os distúrbios do sono	els problemes de son	dormproblemoj	problemas de somno										5
07692	Diseases	cold sweats/night sweats	der Kaltschweiß	los sudores fríos	les sueurs froides	i sudori freddi, i sudori notturni	o suor frio	les suors fredes, les suors nocturnes	malvarmaj ŝvitoj, noktaj ŝvitoj	sudores frigide/nocturne										5
07693	Diseases	inflammation	die Entzündung	la inflamación	l'inflammation	l'infiammazione	a inflamação	la inflamació	inflamo	inflammation										5
07694	Diseases	lactose intolerance	die Laktoseintoleranz	la intolerancia a la lactosa	l'intolérance au lactose	l'intolleranza al lattosio	a intolerância à lactose	la intolerància a la lactosa	laktomaltoleremo	intolerantia a lactose										5
07695	Diseases	to swell	anschwellen	hincharse	enfler	gonfiarsi	inchar	inflar-se	ŝveliĝi	tumefacer se										5
07696	Diseases	to have a fever	Fieber haben	tener fiebre	avoir de la fièvre	avere la febbre	ter febre	tenir febre	febri	haber febre										5
07697	Diseases	he is injured/wounded	Er ist verletzt/verwundet.	él está lesionado/herido	Il est blessé	Lui è ferito	ele está ferido	està lesionat/ferit	li estas vundita	ille es ferite/vulnerate										5
07698	Diseases	burn	die Verbrennung	la quemadura	la brûlure	la bruciatura, l'ustione	a queimadura	la cremada (les cremades)	brulvundo	ustion										5
07699	Diseases	second-degree burn	die Verbrennung zweiten Grades	la quemadura de segundo grado	la brûlure au second degré	l'ustione di secondo grado	a queimadura de segundo grau	la cremada de segon grau	duagrada brulvundo	ustion de secunde grado										5
07700	Diseases	cut	der Schnitt	el corte	la coupure	il taglio	o corte	el tall (els talls)	tranĉo	corte										5
07701	Diseases	bleeding	die Blutung	la pérdida de sangre	le saignement	il sanguinamento	o sangramento	l'hemorràgia (les hemorràgies), el sagnat	sangado	perdita de sanguine										5
07702	Diseases	menstrual pain	die Regelschmerzen	el dolor menstrual	les règles douloureuses	il dolore mestruale	as dores de menstruação 	el dolor menstrual	menstrua doloro	dolor menstrual										5
07703	Diseases	muscular aches	die Muskelschmerzen	los dolores musculares	les douleurs musculaires	i dolori muscolari	as dores musculares	els dolors musculars	muskolaj doloroj	dolores muscular										5
07704	Diseases	hip pain	die Hüftschmerzen	el dolor de cadera	le mal à la hanche	il dolore all'anca	a dor no quadril	el mal de maluc	koksa doloro	dolor de coxa										5
07705	Diseases	backache	die Rückenschmerzen	la lumbalgia / dolor de espalda	le mal au dos	il mal di schiena	a dor nas costas	el mal d'esquena	dorsdoloro	lumbalgia / dolor de dorso										5
07706	Diseases	stomachache	die Bauchschmerzen	el dolor de estómago	le mal au ventre	il mal di stomaco	a dor no estômago	el mal de panxa	stomakdoloro	dolor de stomacho										5
07707	Diseases	chest pain/angina	der Brustschmerz	el dolor de pecho/angina	la douleur thoracique	il dolore toracico / al petto	a dor no peito	el dolor de pit, l'angina de pit	brusta doloro, angino	dolor de pectore / angina pectoral										5
07708	Diseases	to have a headache	Kopfschmerzen haben	tener dolor de cabeza	avoir mal à la tête	avere mal di testa	sentir dor de cabeça	tenir mal de cap	havi kapdoloron	haber dolor de capite										5
07709	Diseases	to have a stomach ache	Bauchschmerzen haben	tener dolor de estómago	avoir mal au ventre	avere mal di stomaco	sentir dor no estômago	tenir mal de panxa	havi stomakdoloron	haber dolor de stomacho										5
07710	Diseases	sharp pain	der stechende Schmerz	el dolor agudo	la douleur aigüe	il dolore acuto	a dor agúda	el dolor agut	akra doloro	dolor acute										5
07711	Diseases	chronic pain	der chronische Schmerz	el dolor crónico	la douleur chronique	il dolore cronico	a dor crônica	el dolor crònic	kronika doloro	dolor chronic										5
07712	Diseases	constant pain	der dauerhafte Schmerz	el dolor constante	la douleur continue	il dolore costante	a dor constante	el dolor constant	konstanta doloro	dolor constante										5
07713	Diseases	severe pain	der starke Schmerz	el dolor intenso	la douleur intense	il dolore forte	a dor intensa	el dolor intens	intensa doloro	dolor intense										5
07714	Diseases	to have pain everywhere/all over	überall Schmerzen haben	tener dolor por todas partes	avoir mal partout	sentire dolore ovunque	sentir dor em toda a parte	tenir mal a tot arreu	havi doloron ĉie	haber dolor per tote partes										5
07715	Diseases	to be in (was in / were in, been in) pain	Schmerzen haben	padecer dolor	être douloureux	soffrire, avere dolore	sentir dores	patir dolor	suferi, havi doloron	suffrer dolor										5
07716	Diseases	mild pain	der leichte Schmerz	el dolor leve	la douleur légère	il dolore leggero	a dor leve	el dolor lleu	malforta doloro	dolor leve										5
07717	Diseases	localized pain	der lokale Schmerz	el dolor localizado	la douleur localisée	il dolore localizzato	a dor localizada	el dolor localitzat	lokalizita doloro	dolor localisate										5
07718	Diseases	throbbing pain	der pochende Schmerz	el dolor pulsátil	la douleur pulsatile	il dolore pulsante	a dor latejante	el dolor pulsatiu	pulsanta doloro	dolor pulsatile										5
07719	Diseases	dull pain	der dumpfe Schmerz	el dolor sordo	la douleur sourde	il dolore sordo	a dor surda	el dolor sord	obtuza doloro	dolor surde										5
07720	Diseases	pain scale	die Schmerzskala	la escala de dolor	l'échelle d'évaluation de la douleur	la scala del dolore	a escala da dor	l'escala de dolor	dolorskalo	scala de dolor										5
07721	Diseases	persistent pain	der Dauerschmerz	el dolor persistente	la douleur persistante	il dolore persistente	a dor persistente	el dolor persistent	persista doloro	dolor persistente										5
07722	Parts of the Body	calf	die Wade	la pantorrilla	le mollet	il polpaccio	a panturrilha	el panxell (els panxells), el bessó (els bessons)	suro	sura										5
07723	Parts of the Body	cervical vertebrae	die Halswirbelsäule	las vértebras cervicales	les vertèbres cervicales	le vertebre cervicali	as vértebras cervicais	les vèrtebres cervicals	cervikaj vertebroj	vertebras cervical										5
07724	Parts of the Body	esophagus (US), oesophagus (UK)	die Speiseröhre	el esófago	l'oesophage	l'esofago	o esôfago	l'esòfag	ezofago	esophago										5
07725	Parts of the Body	trigeminal nerve, CN V	der Nervus trigeminus, der 5. Hirnnerv	el nervio trigémino	le nerf trijumeau	il nervo trigemino	o nervo trigêmeo	el nervi trigemin	trigemina nervo	nervo trigeminal, NC V										5
07726	Parts of the Body	ureter	der Harnleiter	el uréter	l'uretère	l'uretere	o ureter	l'urèter (els urèters)	uretero	ureter										5
07727	Parts of the Body	conjunctiva	die Bindehaut	la conjuntiva	conjonctive	la congiuntiva	a conjuntiva	la conjuntiva	konjunktivo	conjunctiva										5
07728	Medical Situations	family history of disease	die familiäre Krankheitsgeschichte	los antecedentes familiares de enfermedad	les antécédents familiaux de maladie	la storia familiare della malattia	os antecedentes familiares da doença	els antecedents familiars de malaltia	familia historio de malsano	antecedentes familial de maladia										5
07729	Diseases	appendicitis	die Blinddarmentzündung	la apendicitis	l'appendicite	l'appendicite	a apendicite	l'apendicitis	apendicito	appendicitis										5
07730	Medications	medicine, drug	das Medikament, das Arzneimittel	el medicamento	le médicament	la medicina, il farmaco, il medicinale	o medicamento	el medicament (els medicaments)	medikamento	medicamento										5
07731	Medications	over-the-counter drug	das OTC-Arzneimittel	el medicamento sin receta	le médicament en vente libre	il medicinale da banco	o medicamento de venda livre	el medicament sense recepta	senrecepta medikamento	medicamento sin recepta										5
07732	Medications	generic medicine	das Generikum, das generische Medikament	el medicamento genérico	le médicament générique	il medicinale generico	o medicamento genérico	el medicament genèric	generika medikamento	medicamento generic										5
07733	Medications	prescription only drug	das rezeptpflichtige Arzneimittel	el medicamento controlado	le médicament sur ordonnance	il medicinale su prescrizione	o medicamento sob prescrição médica	el medicament amb recepta	recepta medikamento	medicamento a recepta obligatori										5
07734	Healthcare professionals	pharmacist, chemist (UK only)	der Apotheker	el farmacéutico	le pharmacien	il farmacista	o farmacêutico	el farmacèutic (la farmacèutica)	farmaciisto	pharmaceutico										5
07735	Medications	anti-inflammatory	das Antiphlogistikum	el antiinflamatorio	l'anti-inflammatoire	l'antinfiammatorio	o anti-inflamatório	l'antiinflamatori (els antiinflamatoris)	kontraŭinflama medikamento	antiinflammatorio										5
07736	Medications	sedative, depressant	das Beruhigungsmittel	el sedante	le calmant	il sedativo	o calmante	el sedant (els sedants)	sedativo, trankviligilo	sedativo										5
07737	Medications	corticosteroid	das Kortikosteroid	el corticosteroide	le corticoïde	il corticosteroide	o corticosteroides, o corticoide 	el corticosteroide (els corticosteroides)	kortikosteroido	corticosteroide										5
07738	Medications	diuretic	das Diuretikum	el diurético	le diurétique	il diuretico	o diurético	el diürètic (els diürètics)	diurezigilo	diuretico										5
07739	Medications	laxative	das Abführmittel	el laxante	le laxatif	il lassativo	o laxante	el laxant (els laxants)	laksigilo	laxativo										5
07740	Medications	sleeping pill, soporific	das Schlafmittel	el soporífero	le somnifère	il sonnifero	o sonífero	el somnífer (els somnífers)	dormigilo	soporifere										5
07741	Medications	antidiabetic drug	das Antidiabetikum	el antidiabético	l'antidiabétique	l'antidiabetico	o medicamento antidiabético	l'antidiabètic (els antidiabètics)	kontraŭdiabeta medikamento	antidiabetico										5
07742	Medications	antipyretic	das Antipyretikum	el antipirético	l'antipyrétique	l'antipiretico	o antipirético	l'antipirètic (els antipirètics)	kontraŭpiretiko, kontraŭfebriigilo	antipyretico										5
07743	Medications	antiparasitic	das Antiparasitikum	el antiparasitario	l'antiparasitaire	l'antiparassitario	o antiparasitário	l'antiparasitari (els antiparasitaris)	kontraŭparazita medikamento	antiparasitario										5
07744	Medications	antitussive	das Hustenmittel	el antitusígeno	l'antitussif	il farmaco per la tosse	o antitussígeno 	l'antitussigen (els antitussígens)	kontraŭtusilo	antitussivo										5
07745	Medications	beta-blockers (drug)	die Betablocker (pl.)	los betabloqueadores	les bêtabloquants	i betabloccanti	os betabloqueadores	els betablocadors	beta-blokiloj	beta-blocatores										5
07746	Medications	insulin	das Insulin	la insulina	l'insuline	l'insulina	a insulina	la insulina	insulino	insulina										5
07747	Medications	caplet, tablet	die Tablette	el comprimido	le comprimé	la compressa	o comprimido	el comprimit (els comprimits)	tablojdo	comprimito										5
07748	Medications	nebuliser	der Vernebler	el nebulizador	le nébuliseur	il nebulizzatore	o nebulizador	el nebulitzador (els nebulitzadors)	nebulizilo	nebulisator										5
07749	Medications	oral pathway / oral route	die orale Medikamenteneinnahme	la vía oral	la voie orale	la via orale	a via oral	la via oral	buŝa vojo	via oral										5
07750	Medications	intradermal	intradermal	intradérmica	intradermique	intradermico	intradérmico	intradèrmic(a)	intradermal	intradermic										5
07751	Medications	pharmacy, drugstore (US only)	die Apotheke	la farmacia, la droguería (AL)	la pharmacie	la farmacia	a farmácia	la farmàcia (les farmàcies)	farmacio, apoteko	le pharmacia, le drogeria (solo in SUA)										5
07752	Medications	gel capsule	die Gelkapsel	la cápsula gel	la capsule de gélatine	la capsula gel	a cápsula de gel	la càpsula de gel (les càpsules de gel)	ĝela kapsulo	le capsula gel										5
07753	Medications	drops	die Tropfen	las gotas	les gouttes	le gocce	as gotas	les gotes	gutoj	le guttas										5
07754	Medications	suppository	das Zäpfchen, das Suppositorium	el supositorio	le suppositoire	la supposta	o supositório	el supositori (els supositoris)	supozitorio	le suppositorio										5
07755	Medications	a puff	eine Inhalation	una inhalación	une bouffée	un'inspirazione	um sopro (inalação) 	la inhalació (les inhalacions)	enspiro, bloveto	un inhalation										5
07756	Medications	analgesic, painkiller	das Schmerzmittel	el analgésico	antalgique	l'analgesico, l'antidolorifico	o analgésico	l'analgèsic (els analgèsics)	analgezio, kontraŭdolorilo	le analgesico										5
07757	Medications	to follow the dosage	die Dosieranleitung beachten	seguir la posología	respecter la posologie	seguire il dosaggio / la posologia	respeitar a dosagem	seguir la posologia	sekvi la dozon	sequer le posologia										5
07758	Medications	effective	wirksam	eficaz	efficace	efficace	eficaz	eficaç	efika	efficace										5
07759	Medications	vaccine	die Impfung	la vacuna	le vaccin	il vaccino	a vacina	la vacuna (les vacunes)	vakcino	le vaccino										5
07760	Medical Procedures	to vaccinate	impfen	vacunar	vacciner	vaccinare	vacinar	vacunar	vakcini	vaccinar										5
07761	Medications	before/during meals	vor / während der Mahlzeit	antes de/durante las comidas	avant / pendant les repas	prima / durante i pasti	antes / durante as refeições	abans/durant els àpats	antaŭ/dum la manĝoj	ante/durante le repastos										5
07762	Medications	between meals	zwischen den Mahlzeiten	entre comidas	entre les repas	tra i pasti	entre as refeições	entre àpats	inter la manĝoj	inter le repastos										5
07763	Medications	take in the morning	morgens einzunehmen	tomar por la mañana	à prendre le matin	prendere al mattino	tomar pela manhã	prendre al matí	preni matene	prender in le matino										5
07764	Medications	take in the afternoon	nachmittags einzunehmen	tomar por la tarde	à prendre l'après-midi	prendere al pomeriggio	tomar na parte da tarde	prendre a la tarda	preni posttagmeze	prender in le postmeridie										5
07765	Medications	take in the evening	abends einzunehmen	tomar por la noche	à prendre le soir	prendere la sera	tomar à noite	prendre al vespre	preni vespere	prender in le vespere										5
07766	Medications	at bedtime	vor dem Schlafengehen einzunehmen	antes de dormir	au coucher	quando si va a letto	antes de dormir	a l'hora d'anar a dormir	antaŭ enlitiĝo	ante dormir										5
07767	Medications	every four hours	alle vier Stunden	cada cuatro horas	toutes les 4 heures	ogni 4 ore	a cada quatro horas	cada quatre hores	ĉiujn kvar horojn	cata quatro horas										5
07768	Medications	once a day	ein Mal am Tag	una vez al día	une fois par jour	una volta al giorno	uma vez por dia	un cop al dia	unufoje tage	un vice per die										5
07769	Medications	four times a day	vier Mal am Tag	cuatro veces al día	quatre fois par jour	4 volte al giorno	quarto vezes por dia	quatre cops al dia	kvarfoje tage	quatro vices per die										5
07770	Medications	sublingual	sublingual	sublingual	sublingual	sublinguale	sublingual	sublingual	sublingva	sublingual										5
07771	Medications	to dissolve	auflösen	disolver	faire dissoudre	far sciogliere	dissolver	dissoldre	solvi, dissolvi	dissolver										5
07772	Medications	to suck	lutschen	chupar	sucer	succhiare	sugar, chupar	xuclar	suĉi	suger										5
07773	Medical Procedures	MRI (Magnetic Resonance Imaging)	die Kernspintomographie (MRT)	RMN (resonancia magnética nuclear)	IRM (Imagerie par Résonance Magnétique)	IRM (Imaging a risonanza magnetica)	a ressonância magnética	la RMN (ressonància magnètica nuclear)	MRB (magneta resonanca bildigo)	IRM (imaginographia per resonantia magnetic)										5
07774	Medical Procedures	neural MRI	das MRT des Gehirns	la IRM cerebral	l'IRM cérébral 	la risonanza cerebrale (IRM)	a ressonância magnética do cérebro	la RMN cerebral	cerba MRB	IRM cerebral										5
07775	Medical Procedures	pelvic ultrasound 	Beckenultraschall	la ecografía pélvica	l'échographie pelvienne	l'ecografia pelvica	o ultrassom pélvico	l'ecografia pelviana	pelva ultrasono	echographia pelvic										5
07776	Medical Procedures	transthoracic echocardiogram	die transthorakale Echokardiographie	la ecocardiografía transtorácica	l'Echocardiographie transthoracique	l'ecocardiogramma transtoracico	o ecocardiograma transtorácico	l'ecocardiograma toràcic	transtoraka ekokardiogramo	echocardiographia transthoracic										5
07777	Medical Procedures	transesophageal echocardiogram	die transösophageale Echokardiographie	la ecocardiografía transesofagica	l'Echocardiographie transoesophagienne	l'ecocardiogramma transesofageo	o ecocardiograma transesofágico	l'ecocardiograma transesofàgic	transesofaga ekokardiogramo	echocardiographia transesophagee										5
07778	Medical Procedures	arteriography	die Arteriographie 	la arteriografía	l'artériographie	l'arteriografia	a arteriografia	l'arteriografia	arteriografio	arteriographia										5
07779	Medical Procedures	vascular Doppler 	der Gefäßdoppler	el Doppler vascular	le Doppler vasculaire	il Doppler vascolare	o doppler vascular	el Doppler vascular	vaskula Doplera ultrasono	Doppler vascular										5
07780	Medical Procedures	angiography	die Angiografie	la angiografía 	l'angiographie {f}	l'angiografia	a angiografia	l'angiografia	angiografio	angiographia										5
07781	Medical Procedures	scintigraphy	die Szintigraphie	la gammagrafía	scintigraphie	la scintigrafia	a cintilografia	la gammagrafia	scintigrafio	scintigraphia										5
07782	Medical Procedures	mammography 	die Mammographie	la mamografía	Mammographie	la mammografia	a mamografia	la mamografia	mamografio	mammographia										5
07783	Medical Procedures	upper gastrointestinal series	der obere Magen-Darm-Trakt	la serie gastrointestinal superior	le transit baryté	l'esofagografia	a série gastrintestinal superior	la sèrie gastrointestinal superior	supra gastro-intesta serio	serie gastrointestinal superior										5
07784	Medical Procedures	urography	die Urographie	la urografía	urographie 	l'urografia	a urografia	la urografia	urografio	urographia										5
07785	Medical Procedures	doppler ultrasound	der Doppler-Ultraschall	la ecografía Doppler	l'échographie doppler	l'ultrasonografia Doppler	a ultrassonografia com doppler	l'ecografia Doppler	Doplera ultrasonografio	echographia Doppler										5
07786	Medical Procedures	CT (Computed Tomography) scan, CT scanner	die Computertomographie	la tomografía computerizada (TC)	le CT scan, le scanner	la tomografia computerizzata (CT)	a tomografia computadorizada (TC)	la TC (tomografia computada), l'escàner	TK (komputila tomografio), skanilo	tomographia computate (TC), tomographo computate										5
07787	Medical Procedures	x-ray	das Röntgenbild	los rayos X	la radio	i raggi X	o raio-x	els raigs X	rentgenradioj	radios x										5
07788	Medical Procedures	nasal fibroscopy	die Rhinoskopie	la rinoscopia	la rhinofibroscopie	la rinofibroscopia	a rinoscopia	la rinofibroscòpia	naza fibroskopio	rhinoscopia										5
07789	Medical Procedures	bronchoscopy	die Bronchoskopie, die Atemwegsspiegelung	la broncoscopia	bronchoscopie	la broncoscopia	a broncoscopia	la broncoscòpia	bronkoskopio	bronchoscopia										5
07790	Medical Procedures	esophago-gastro-duodenoscopy	die Ösophagogastroduodenoskopie	la esofagogastroduodendoscopia	fibroscopie oeso-gastro-duodénale	la fibroscopia esofago-gastro-duodenale	a esofagogastroduodenoscopia	l'esofagogastroduodenoscòpia	ezofago-gastro-duodenoskopio	esophagogastroduodenoscopia										5
07791	Medical Procedures	rectoscopy	die Proktoskopie, die Enddarmspiegelung	la rectoscopia	rectoscopie	la rettoscopia	a retoscopia	la rectoscòpia	rektoskopio	rectoscopia										5
07792	Medical Procedures	colonoscopy 	die Koloskopie, die Darmspiegelung	la colonoscopia	la coloscopie	la colonscopia	a colonoscopia	la colonoscòpia	kolonoskopio	colonoscopia										5
07793	Medical Procedures	ureteroscopy 	die Ureteroskopie, die Harnleiterspiegelung	la ureterescopia	Urétéroscopie	l'ureteroscopia	a ureteroscopia	la ureteroscòpia	ureteroskopio	ureteroscopia										5
07794	Medical Procedures	blood sample	die Blutentnahme	la extracción de sangre	prise de sang	il prelievo di sangue	coletar sangue	l'extracció de sang, la mostra de sang	sangopreno, sangospecimeno	specimen de sanguine										5
07795	Medical Procedures	artery puncture 	die Arterienpunktion	la punción arterial	ponction artérielle	la puntura arteriosa	a punção arterial	la punció arterial	arteria punkcio	punctura arterial										5
07796	Medical Procedures	urine sample 	die Urinprobe	la muestra de orina	échantillon d'urine	il campione di urina	a amostra de urina	la mostra d'orina	urina specimeno	specimen de urina										5
07797	Medical Procedures	thoracentesis	die Thorakozentese	la toracocentesis	ponction pleurale	la puntura pleurica	a toracocentese	la toracocentesi	torakocentezo	thoracocentese										5
07798	Medical Procedures	lumbar puncture (LP)	die Lumbalpunktion	la punción lumbar	ponction lombaire	la puntura lombare	a punção lombar	la punció lumbar	lumba punkcio	punctura lumbar										5
07799	Medical Procedures	articular puncture 	Gelenkpunktion	la punción articular	ponction articulaire	l'infiltrazione intra-articolare	a punção articular	la punció articular	artika punkcio	punctura articular										5
07800	Medical Procedures	bronchial aspiration liquid	Flüssigkeit der Bronchialabsaugung	el líquido de aspiración bronquial	liquide d'aspiration bronchique	il liquido di aspirazione bronchiale	o líquido de aspiração brônquica	el líquid d'aspiració bronquial	bronka aspira likvaĵo	liquido de aspiration bronchial										5
07801	Medical Procedures	Broncho-alveolar lavage (BLA)	die Bronchoalveoläre Lavage (BAL)	el lavado bronquioloalveolar (LBA)	lavage bronchiolo-alvéolaire(LBA)	il lavaggio broncoalveolare	a lavagem broncoalveolar	el rentat broncoalveolar (RBA)	bronko-alveola lavado (BAL)	lavage bronchoalveolar (LBA)										5
07802	Medical Procedures	biopsy: example, bone biopsy	die Biopsie: Beispiel, die Knochenbiopsie	biopsia; ejemplo, biopsia ósea	ponction biopsie, exemple : ponction-biopsie osseuse	la biopsia: esempio, la biopsia ossea	a biópsia: exemplo, biópsia óssea	la biòpsia: exemple, biòpsia òssia	biopsio: ekzemple, osta biopsio	biopsia; exemplo, biopsia ossee										5
07803	Medical Procedures	to get a blood sample	eine Blutprobe entnehmen	obtener una muestra de sangre	faire une prise de sang	fare un prelievo di sangue	recolher uma amostra de sangue	fer una anàlisi de sang	fari sangoprenon	obtener un specimen de sanguine										5
07804	Medical Procedures	blood tests	die Blutanalyse	el análisis de sangre	le bilan sanguin	gli esami del sangue	o exames de sangue	l'anàlisi de sang (les anàlisis de sang)	sangotestoj	analyses de sanguine										5
07805	Medical Procedures	platelet count	die Thrombozytenanzahl	el conteo de plaquetas	le Taux de Plaquette (TP)	la conta delle piastrine	a contagem de plaquetas	el recompte de plaquetes	trombocita kalkulo	conto de plachettas										5
07806	Medical Procedures	urea 	der Harnstoff	la urea	urée	l'urea	a ureia	la urea	ureo	urea										5
07807	Medical Procedures	creatine	das Kreatin	la creatina	créatinine	la creatinina	a creatina	la creatina	kreatino	creatina										5
07808	Medical Procedures	glycemia 	die Glykämie	la glicemia	glycémie	la glicemia	a glicemia	la glicèmia	glicemio	glycemia										5
07809	Medical Procedures	kalemia	die Kaliämie	kalemia	kaliémie	la potassiemia	a caliemia	la potassèmia, la calèmia	kaliemio	kalemia										5
07810	Medical Procedures	hypercalcemia	die Hyperkalzämie	la hipercalcemia	l'hypercalcémie 	l'ipercalcemia	a hipercalcemia	la hipercalcèmia	hiperkalcemio	hypercalcemia										5
07811	Medical Procedures	phosphatemia	die Phosphatämie 	la fosforemia	phosphorémie	la fosforemia	a fosfatemia	la fosfatèmia	fosfatemio	phosphatemia										5
07812	Medical Procedures	bilirubinemia	die Bilirubinämie	la bilirrubinemia	bilirubinémie	la bilirubinemia	a bilirrubina	la bilirrubinèmia	bilirubinemio	bilirubinemia										5
07813	Medical Procedures	hepatic transaminase 	Aminotransferasen 	la transaminasa hepática	transaminases hépatiques	le transaminasi epatiche	a transaminase hepática	la transaminasa hepàtica	hepata transaminazo	transaminase hepatic										5
07814	Medical Procedures	alkaline phosphatase	alkalische Phosphatase	la fosfatasa alcalina	phosphatases alcaline	la fosfatasi alcalina	a fosfatase alcalina	la fosfatasa alcalina	alkala fosfatazo	phosphatase alcalin										5
07815	Medical Procedures	gamma-glutamyl transferase	die Gamma-Glutamyltransferase	la gamma glutamil transpeptidasa	gamma glutamyl transférase	la gamma glutamil transferasi	a gamaglutamiltransferase	la gamma-glutamil transferasa	gama-glutamila transferazo	gamma-glutamyl transferase										5
07816	Medical Procedures	Prothrombin time (PT)	die Thromboplastinzeit (PT)	el tiempo de protrombina (PT)	Temps de prothrombine (TP)	Tempo di protrombina (TP)	o tempo de protrombina (TP)	el temps de protrombina (TP)	protrombina tempo (PT)	tempore de prothrombina (PT)										5
07817	Medical Procedures	partial thromboplastin time (PTT)	die partielle Thromboplastinzeit (PTT)	el tiempo de tromboplastina parcial (TTP)	Temps de Céphaline Activée (TCA)	tempo di tromboplastina parziale (aPTT)	o tempo de tromboplastina parcial (TTPA)	el temps de tromboplastina parcial (TTP)	parta tromboplastina tempo (PTT)	tempore de thromboplastina partial (TTP)										5
07818	Medical Procedures	INR International Normalized Ratio	der INR-Wert, das International Normalized Ratio	INR, Indice Internacional Normalizado	INR, Rapport International Normalisé	INR, Rapporto Internazionale Normalizzato	INR, Razão Internacional Normalizada	l'INR, ràtio internacional normalitzada	INR, Internacia Normaligita Proporcio	INR, indice international normalisate										5
07819	Medical Procedures	TSH, thyroid-stimulating hormone 	TSH, das Thyreoidea stimulierende Hormon 	TSH, la tirotropina	TSH, Thyréostimuline (o hormone thyréotrope)	TSH, Tireotropina (o ormone tireostimolante)	o TSH, Hormônio tireoestimulante	la TSH, hormona estimulant de la tiroide	TSH, tiroid-stimulanta hormono	TSH, thyrotropina										5
07820	Medical Procedures	Hyperaldosteronism	der Hyperaldosteronismus	el hiperaldosteronismo	Hyperaldostéronisme	l'iperaldosteronismo	o hiperaldosteronismo	l'hiperaldosteronisme	hiperaldosteronismo	hyperaldosteronismo										5
07821	Medical Procedures	cortisolemia	die Cortisolämie	la cortisolemia	cortisolémie	la cortisolemia	a cortisolemia	la cortisolèmia	kortizolemio	cortisolemia										5
07822	Medical Procedures	proteinemia	die Proteinämie	la proteinemia	protidémie	la protidemia	proteinemia	la proteinèmia	proteinemio	proteinemia										5
07823	Medical Procedures	Serum protein electrophoresis	die Serumelektrophorese	la electroforesis de proteínas en suero	electrophorèse des protéines plasmatiques	l'elettroforesi delle proteine plasmatiche	a eletroforese de proteínas séricas	l'electroforesi de proteïnes sèriques	seruma proteina elektroforezo	electrophorese de proteinas in sero										5
07824	Medical Procedures	triglyceridemia	die Triglyceridämie	la trigliceridemia	triglycéridémie	la trigliceridemia	a hipertrigliceridemia	la trigliceridèmia	trigliceridemio	triglyceridemia										5
07825	Medical Procedures	test results	die Testergebnisse	los resultados de exámen	les bilans biologiques	i risultati degli esami	os resultados dos testes	els resultats de les anàlisis	testrezultoj	resultatos del examine										5
07826	Medical Procedures	complete blood count (CBC)	das Blutbild	el conteo sanguíneo completo (CSC), el hemograma	la numération formule sanguine (NFS)	l'esame emocromocitometrico completo	o hemograma	l'hemograma complet	kompleta sango-kalkulo (hemogramo)	hemogramma complete										5
07827	Medical Procedures	24 hour proteinuria test	der 24-Stunden-Urintest zur Proteinbestimmung	la medición de proteínas urinarias de 24 horas	protéinurie des 24	la proteinuria 24H	a proteinúria de 24 horas	la prova de proteïnúria de 24 hores	24-hora proteinuria testo	mesuration de proteinas urinari de 24 horas										5
07828	Medical Procedures	natremia	die Natriämie	natremia	la natrémie	la natriemia	natremia	la natrèmia	natremio	natremia										5
07829	Medical Procedures	blood culture	die Blutkultur	el hemocultivo	hémoculture	l'emocoltura	a hemocultura	l'hemocultiu (els hemocultius)	hemokulturo	hemocultura										5
07830	Medical Procedures	bacterial urine culture	die Urinkultur	el cultivo bacteriológico de orina	examen bactériologique d'urine	l'esame batteriologico delle urine	o exame bacteriológico de urina	el cultiu d'orina (els cultius d'orina)	urinkulturo	cultura bacteriologic de urina										5
07831	Medical Procedures	bacterial sputum test 	die Sputum-Untersuchung	el examen bacteriológico del esputo	examen bactériologique des crachats	l'esame batteriologico delle secrezioni polmonari	a bacteriologia do escarro	l'anàlisi bacteriològica de l'esput	bakteriologia sputa ekzameno	examine bacteriologic del sputo										5
07832	Medical Procedures	parasite stool exam 	der Parasiten Stuhltest	el examen coproparasitoscópico 	copro-parasitologie des selles	l'esame parassitologico delle feci	o exame parasitológico de fezes	l'examen coproparasitològic	parazitologia feka ekzameno	examine coproparasitologic										5
07833	Medical Procedures	serology 	die Serologie	la serología	sérologies	la sierologia	a sorologia	la serologia	serologio	serologia										5
07834	Medical Procedures	EEG, Electroencephalography	das EEG, Elektroenzephalographie	EEG, Electroencefalografía	EEG, Électroéncephalographie	EEG, Elettroencefalografia	o EEG , Eletroencefalografia	l'EEG, Electroencefalografia	EEG, Elektroencefalografio	EEG, electroencephalographia										5
07835	Medical Procedures	ECG, Electrocardiography	das EKG, Elektrokardiographie	ECG, Electrocardiografía	ECG, Électrocardiographie	ECG, Elettrocardiografia	o ECG, Eletrocardiografia	l'ECG, Electrocardiografia	EKG, Elektrokardiografio	ECG, electrocardiographia										5
07836	Medical Procedures	 (inf.) encephalogram	(ugs.) das Enzephalogramm	(inf.) el encefalograma	(fam.) l'encéphalogramme	('inf.) encefalogramma	(inf.) o encefalograma	(inf.) l'encefalograma (els encefalogrames)	(nef.)encefalogramo	encephalogramma										5
07837	Medical Procedures	stress test	der Belastungstest	la prueba de esfuerzo	epreuve d'effort	la prova sotto sforzo	o teste de esforço	la prova d'esforç	stresotesto	proba de effortio										5
07838	Medical Procedures	PAP test, cervical-vaginal smear	der Vaginalabstrich	la prueba del PAP, la citología vaginal	le frottis cervico-vaginal	lo striscio vaginale, il PAP test	o esfregaço, o papanicolau	la prova de Papanicolau, la citologia vaginal	Pap-testo, cerviko-vagina ŝmiraĵo	proba de PAP, cytologia cervicovaginal										5
07839	Medical Procedures	cytopathology study 	die Zytodiagnostik	la prueba de citopatología	etude cytopathologique	l'esame citopatologico	o exame citopatológico	l'estudi citopatològic	citopatologia studo	studio de cytopathologia										5
07840	Medical Procedures	anatomic pathology study	pathologisch-anatomische Untersuchung	la investigación de patología anatómica	etude anatomopathologique	l'esame anatomopatologico	o estudo anatomopatológico	l'estudi anatomopatològic	anatomipatologia studo	studio de pathologia anatomic										5
07841	Medical Procedures	blood glucose test	der Blutzuckertest	la prueba de la glucosa	la dextro, la glycémie capillaire	la glicemia	o teste de glicemia	la prova de glucèmia capil·lar	sangoglukozotesto	proba de glucosa sanguinee										5
07842	Medical Procedures	blood gases	die Blutgase	los gases en la sangre	les gaz du sang	l'emogas	os gases sanguíneos	els gasos sanguinis	sangogasoj	gases del sanguine										5
07843	Medical Procedures	do a dressing	einen Verband  anlegen	hacer un apósito	faire un pansement	bendare, fare una fasciatura	fazer um curativo	fer un apòsit	fari pansaĵon	facer un bandage										5
07844	Medical Procedures	intravenous drip	die (Tropf)Infusion	el goteo intravenoso	la perfusion	la perfusione endovenosa	a perfusão	el degoteig intravenós, la perfusió	intravejna gutado	perfusion intravenose										5
07845	Medical Procedures	to take a patient's pulse	den Puls messen	tomar el pulso de un paciente	prendre le pouls	prendere il polso	medir a pulsação do paciente	prendre el pols a un pacient	preni la pulson de paciento	prender le pulso de un patiente										5
07846	Medical Procedures	to take the blood pressure/ B.P.	den Blutdruck messen	medir la presión arterial	prendre la tension	misurare la pressione 	medir a pressão arterial	prendre la pressió arterial	mezuri la sangopremon	mesurar le pression arterial										5
07847	Medical Procedures	to measure oxygen saturation	die Sauerstoffsättigung messen	medir la saturación de oxígeno	mesurer la saturation en oxygène	misurare la saturazione dell'ossigeno	medir a saturação de oxigenio	mesurar la saturació d'oxigen	mezuri oksigenan saturiĝon	mesurar le saturation de oxygeno										5
07848	Medical Procedures	auscultate/listen to a chest	abhören	auscultar	ausculter	auscultare	auscultar	auscultar el pit	aŭskulti bruston	auscultar le thorace										5
07849	Medical Procedures	to suture, to stitch	nähen	suturar	suturer	suturare, mettere i punti	suturar	suturar	suturi	suturar										5
07850	Medical Procedures	insert an IV	eine Infusion anlegen	insertar un goteo intravenoso	poser une perfusion	somministrare una flebo	inserir um dispositivo intravenoso	inserir una via intravenosa	enmeti IV-on	inserer un perfusion intravenose										5
07851	Medical Procedures	insert a probe	eine Sonde einführen	colocar una sonda	poser une sonde	inserire un sondino	inserir uma sonda	inserir una sonda	enmeti sondilon	inserer un sonda										5
07852	Medical Procedures	to put (put, put) someone on an IV	jemanden an den Tropf hängen	ponerle suero intravenoso a alguien	mettre quelqu'un sous perfusion	mettere qualcuno sotto flebo	inserir um dispositivo intravenoso em alguém	posar una via intravenosa a algú	meti iun sur IV-on	poner un perfusion intravenose a alicuno										5
07853	Medical Procedures	to take a temperature	das Fieber messen	tomar la temperatura	prendre la température	misurare la temperatura	medir a temperatura	prendre la temperatura	mezuri la temperaturon	prender le temperatura										5
07854	Medical Procedures	therapeutic relationship	die therapeutische Beziehung	la relación terapéutica	la relation d'aide et de soutien	la relazione terapeutica	a relação terapêutica	la relació terapèutica	terapia rilato	relation therapeutic										5
07855	Medical Procedures	removal of stitches	die Nähte entfernen	el retiro de puntos	une ablation de fils	la rimozione dei punti	a remoção dos pontos	la retirada de punts	forigo de suturoj	remotion de suturas										5
07856	Medical Procedures	removal of a vaccuum	eine Drainage entfernen	el retiro de drenaje	une ablation d'un drain	la rimozione del drenaggio	a remoção do dreno	la retirada d'un drenatge	forigo de dreno	remotion de drainage										5
07857	Medical Procedures	social therapeutic activity	die sozialtherapeutische Aktivität	la actividad socioterapéutica	une activité sociothérapeutique	l'attività socioterapeutica	a atividade socioterapêutica	l'activitat socioterapèutica	socioterapia aktiveco	activitate sociotherapeutic										5
07858	Medical Procedures	tracheal tube	der Endotrachealtubus	el tubo traqueal	la sonde d'intubation	il tubo endotracheale	o tubo endotraqueal 	el tub traqueal	trakea tubo	tubo tracheal										5
07859	Medical Procedures	to insert a catheter	einen Katheter  einführen	insertar un catéter	poser un cathéter	inserire un catetere	inserir um catéter	inserir un catèter	enmeti kateteron	inserer un catheter										5
07860	Medical Procedures	to be on (was on / were on, been on) dialysis	eine Dialyse machen	hacer una diálisis	faire une dialyse	sottoporsi a dialisi	fazer uma diálise	fer diàlisi	esti sur dializo	esser sub dialyse										5
07861	Medical Procedures	stomach pumping	die Magenspülung	el lavado gástrico	le lavage d'estomac	la lavanda gastrica	a lavagem gástrica	el rentat gàstric	stomaka lavado	lavage gastric										5
07862	Medical Procedures	ear enema	die Reinigung der Ohren	el lavado de oídos	le lavement d'oreille	il lavaggio delle orecchie	a lavagem de ouvido	el rentat d'oïdes	orellavado	lavage auricular										5
07863	Medical Procedures	enteral feeding/tube feeding	die Sondenkost	la alimentación enteral/alimentación por sonda	la nutrition entérale	la nutrizione enterale / l'alimentazione artificiale	a nutrição enteral	l'alimentació enteral, l'alimentació per sonda	enterala nutrado, tuba nutrado	alimentation enteral / alimentation per sonda										5
07864	Medical Procedures	putting on a sterile bandage	einen sterilen Verband anlegen	aplicar una venda estéril	la pose d'un pansement stérile	mettere una benda sterile	colocando um curativo estéril	la col·locació d'un apòsit estèril	metado de sterila pansaĵo	applicar un banda sterile										5
07865	Medical Procedures	arterial blood gas / ABG	das Blutgas	la gasometría arterial	les gaz du sang	l'emogasanalisi arteriosa	a gasometria arterial	la gasometria arterial	arteria sangogaso	gasometria arterial										5
07866	Medical Procedures	eye care	die Augenpflege	el cuidado de la vista	les soins des yeux	le cure oculistiche	os cuidados da visão	la cura dels ulls	okula prizorgo	cura ocular										5
07867	Medical Procedures	blood transfusion 	die Bluttransfusion	la transfusión de sangre	la transfusion sanguine	la trasfusione di sangue	a transfusão sanguínea	la transfusió de sang	sangotransfuzo	transfusion de sanguine										5
07868	Medical Situations	What color is your sputum?	Welche Farbe hat Ihr Schleim (beim Husten)?	¿De qué color es su esputo?	De quelle couleur est votre crachat?	Di che colore è il suo catarro?	De que cor é seu escarro?	De quin color és el seu esput?	Kian koloron havas via sputo?	De que color es vostre sputo?										5
07869	Medical Situations	When did you quit smoking?	Wann haben Sie mit dem Rauchen aufgehört?	¿Cuándo dejaste de fumar?	Depuis quand avez-vous arrêté de fumer ?	Da quanto ha smesso di fumare?	Quando você parou de fumar?	Quan va deixar de fumar?	Kiam vi ĉesis fumi?	Quando cessava vos de fumar?										5
07870	Medical Situations	How many cigarettes do you smoke per day, on average?	Wie viele Zigaretten rauchen Sie durchschnittlich pro Tag?	¿De promedio, cuántos cigarrillos fuma al día?	Vous fumez combien de cigarettes par jour en moyenne ?	Quante sigarette fuma in media al giorno?	Quantos cigarros você fuma diariamente, em média?	Quants cigarrets fuma al dia de mitjana?	Kiom da cigaredoj vi fumas tage, averaĝe?	Quante cigarrettas fuma vos per die, in media?										5
07871	Medical Situations	Does walking up the stairs make you out of breath? After how many stories do you feel like you need to stop?	Bringt Sie das Treppensteigen außer Atem? Nach wievielen Etagen haben Sie das Gefühl, dass Sie anhalten müssen?	¿El subir las escaleras lo deja sin aliento? ¿Después de cuántos pisos siente que debe parar?	Êtes-vous essoufflé en montant les escaliers ? À combien d'étages cous sentez-vous obligé de vous arrêter ?	Ha il respiro affannoso quando sale scale? Dopo quanti piani si deve fermare?	Ao subir escadas você fica sem ar? Após quantos degraus você precisa parar?	Pujar escales el deixa sense alè? Després de quants pisos sent que ha de parar?	Ĉu supreniri ŝtuparon senspirigas vin? Post kiom da etaĝoj vi sentas, ke vi devas halti?	Le ascension del scalas face vos mancar de halito? Post quante etages senti vos que vos debe parar?										5
07872	Medical Situations	Do you feel out of breath on a flat surface or just an incline?	Fühlen Sie sich auf einer ebenen Fläche oder nur an einer Steigung atemlos?	¿Se queda sin aliento en las superficies planas o solo en las inclinaciones?	Êtes-vous essoufflé sur un terrain plat ou seulement en pente ?	Le manca il fiato quando sta in piano o solo in salita?	Você fica sem ar em superfícies planas ou apenas em declives?	Es queda sense alè en superfícies planes o només en pendents?	Ĉu vi senspiriĝas sur plata surfaco aŭ nur sur deklivo?	Senti vos que vos manca de halito sur un superficie plan o solmente sur un inclination?										5
07873	Medical Situations	rhinorrhea	Rhinorrhö	Rinorrea	Rhinorrhée	Rinorrea	Rinorreia	la rinorrea	Nazelfluo	rhinorrhea										5
07874	Medical Situations	electronic cigarette, e-cig	die elektronische Zigarette	el cigarrillo electrónico	la cigarette électronique	la sigaretta elettronica	o cigarro eletrônico	el cigarret electrònic	elektronika cigaredo	cigarretta electronic, e-cig										5
07875	Medical Situations	Do you want to quit smoking? We can help you do that	Wollen Sie mit dem Rauchen aufhören? Wir können Ihnen dabei helfen.	¿Quiere dejar de fumar? Nosotros le podemos ayudar	Voulez-vous arrêter de fumer ? On peut vous aider pour ça	Vuole smettere di fumare? Possiamo aiutarla	Você quer parar de fumar? Podemos ajudar você nisso	Vol deixar de fumar? El podem ajudar.	Ĉu vi volas ĉesi fumi? Ni povas helpi vin pri tio.	Vole vos cessar de fumar? Nos pote adjutar vos a facer lo										5
07876	Communication	Can I call abroad/overseas?	Kann ich ins Ausland telefonieren?	¿Puedo hacer una llamada al extranjero?	Est-ce que je peux téléphoner à l'étranger?	Posso chiamare all'estero?	Posso telefonar para o exterior?	Puc trucar a l'estranger?	Ĉu mi povas telefoni eksterlanden?	Pote io facer un appello al estraniero?										5
07877	Communication	There is a telephone in the lobby	In der Lobby gibt es ein Telefon.	Hay un teléfono en el recibidor	Vous avez un téléphone dans le hall principal	C'è un telefono all'ingresso	Há um telefone no lobby	Hi ha un telèfon al vestíbul.	Estas telefono en la vestiblo.	Il ha un telephono in le vestibulo										5
07878	Communication	The cafeteria sells calling cards	In der Mensa werden Telefonkarten verkauft.	La cafetería vende tarjetas telefónicas	La cafétéria vend des cartes téléphoniques	La caffetteria vende carte telefoniche	A lanchonete vende cartões telefônicos 	La cafeteria ven targetes telefòniques.	La kafejo vendas telefonkartojn.	Le cafeteria vende cartas telephonic										5
07879	Communication	to be mute 	stumm sein	ser mudo	être muet	essere muto	ser mudo	ser mut (muda)	esti muta	esser mute										5
07880	Emergencies	survival blanket	die Rettungsdecke	la cobija de emergencia	la couverture de survie	la coperta di sopravvivenza	o cobertor de emergência	la manta tèrmica	savkovrilo	copertura de emergentia										5
07881	Emergencies	recovery position	die stabile Seitenlage	la posición lateral de seguridad	la PLS (position latérale de sécurité)	la PLS (posizione laterale di sicurezza)	a posição de recuperação	la posició lateral de seguretat	stabila flanka pozicio	position lateral de securitate										5
07882	Medical Procedures	epidural	die Periduralanästhesie	la epidural	la péridurale	l'epidurale	a epidural	l'epidural	epiduralo	epidural										5
07883	Medical Procedures	amputation	die Amputation	la amputación	l'amputation	l'amputazione	a amputação	l'amputació	amputado	amputation										5
07884	Medical Procedures	splint	die Schiene	la tabilla	l'attelle	la stecca	a tala	la fèrula	splinto	ferula										5
07885	Medical Procedures	crutches	die Krücken	las muletas	les béquilles	le stampelle	as muletas	les crosses	lambastonoj	crucias										5
07886	Medical Procedures	pin	die Nadel	el clavo	la broche	la spilla	o pino	el clau	stifto	clavo										5
07887	Medical Procedures	walker, Zimmer frame (UK only)	die Gehhilfe	el caminador	le déambulateur	il deambulatore	o andador	el caminador	marŝkadro, paŝilo	andator										5
07888	Medical Procedures	cane	der Gehstock	el bastón	la canne	il bastone	a bengala	el bastó	bastono	baston										5
07889	Medical Procedures	prosthesis	die Prothese	la prótesis	la prothèse	la protesi	a prótese	la pròtesi	protezo	prosthese										5
07890	Medical Procedures	cast	der Gips	la escayola, el yeso	le plâtre	il gesso	o gesso	el guix	gipso	gypso										5
07891	Medical Procedures	sling	die Armschlinge	el cabestrillo	une écharpe (pour bras cassé)	la fascia a tracolla (per un braccio rotto)	a tipóia	el cabestrell	skarpo	bandage de suspension										5
07892	Medications	to be on (was on / were on, been on) the pill	die Pille nehmen	estar tomando la píldora	prendre la pilule	prendere la pillola	tomar pílula (anticoncepcional)	prendre la píndola	preni la pilolon	prender le pilula										5
07893	Medications	contraception	die Verhütung	la contracepción	la contraception	la contraccezione	a contracepção	l'anticoncepció	kontraŭkoncipo	contraception										5
07894	Medical Situations	prevention	die Vorbeugung	la prevención	la prévention	la prevenzione	a prevenção	la prevenció	prevento	prevention										5
07895	General Terms	title	der Titel	el título	le titre	il titolo	o título	el títol	titolo	titulo										5
07896	Medical Situations	What are the consequences of this decision?	Was sind die Konsequenzen dieser Entscheidung?	¿Cuáles son las consecuencias de esta decisión?	Quelles sont les conséquences de cette décision ?	Quali sono le conseguenze di questa decisione?	Quais são as consequências desta decisão?	Quines són les conseqüències d'aquesta decisió?	Kiuj estas la konsekvencoj de ĉi tiu decido?	Qual es le consequentias de iste decision?										5
07897	Medications	bis in die- twice daily	zwei Mal täglich	dos veces al día	deux fois par jour	due volte al giorno	duas vezes por dia	dues vegades al dia	dufoje tage	duo vices per die										5
07898	Medications	bolus- a large single dose	der Bolus - eine große Einzeldosis	el bolo	dose de bolus	bolo	dose de bolus	el bol, una dosi única gran	boluso, granda ununura dozo	bolo										5
07899	Medications	capsula- capsule	die Kapsel	la cápsula	la gélule	la capsula	a cápsula	la càpsula	kapsulo	capsula										5
07900	Medications	emulsion	die Emulsion	la emulsión	une émulsion	l'emulsione	emulsão	l'emulsió	emulsio	emulsion										5
07901	Medications	nebula- spray	das Spray	el espray	un spray	lo spray	spray	l'esprai	ŝprucaĵo	spray										5
07902	Medications	si opus sit- if needed	bei Bedarf	si es necesario	si besoin 	se necessario	se necessário	si cal	se necese	si necessari										5
07903	Medications	semis- half	eine halbe, ein halber, ein halbes + Nomen	una mitad	un demi 	mezzo	metade	la meitat	duono	medietate										5
07904	Medications	syrupus (latin), syrup	der Sirup	el jarabe	un syrop 	lo sciroppo	xarope	el xarop	siropo	sirop										5
07905	Medical Procedures	abdominal ultrasound 	der Unterleibs-Ultraschall	la ecografía abdominal	l'échographie abdominale	l'ecografia addominale	o ultrassom abdominal	l'ecografia abdominal	abdomena ultrasono	echographia abdominal										5
07906	Medical Situations	I will have to insert a catheter	Ich werde einen Katheter legen müssen	Tendré que introducir un catéter	Je vais devoir insérer un cathéter	Devo inserire un catetere	Deverei inserir um catéter	Hauré d'inserir un catèter	Mi devos enmeti kateteron	Io debera introducer un catheter										5
07907	Diseases	chronic kidney disease, chronic renal failure	die chronische Niereninsuffizienz	la insuficiencia renal crónica	l'insuffisance rénale chronique	l'insufficienza renale cronica	a insuficiência renal crônica	la insuficiència renal crònica	kronika rena malsufiĉo	morbo renal chronic; insufficientia renal chronic										5
07908	Travel	How is the weather in your country?	Wie ist das Wetter in Ihrem Land?	¿Cómo es el clima en su país?	Comment est le climat de votre pays ?	Com'è il tempo nel suo paese?	Como é o clima em seu país?	Quin temps fa al seu país?	Kia estas la vetero en via lando?	Como es le climate in vostre pais?										5
07909	Travel	Do you have  nice weather in Manchester?	Haben Sie schönes Wetter in Manchester?	¿Tienen un clima agradable en Manchester?	Avez-vous beau temps à Manchester ?	Fa bel tempo a Manchester?	Você tem bom tempo em Manchester?	Fa bon temps a Manchester?	Ĉu estas bela vetero en Manĉestro?	Vos ha tempore agradabile in Manchester?										5
07910	Travel	People often complain about the weather in my country, but I actually like it because it's never too hot	Die Leute beschweren sich oft über das Wetter in meinem Land, aber ich mag es eigentlich, weil es nie zu heiß ist	La gente a menudo se queja del clima en mi país, pero en realidad a mí me gusta porque nunca hace mucho calor.	Les gens se plaignent souvent du temps dans mon pays, mais moi je l'aime bien, car il n'y fait jamais trop chaud	La gente spesso si lamenta del tempo nel mio paese, ma in realtà a me piace perché non è mai troppo caldo	As pessoas queixam-se, frequentemente, sobre o tempo em meu país, mas eu realmente gosto dele, porque nunca faz muito calor	La gent sovint es queixa del temps al meu país, però a mi m'agrada perquè mai no fa massa calor.	Homoj ofte plendas pri la vetero en mia lando, sed mi fakte ŝatas ĝin ĉar neniam estas tro varme.	Le gente sovente se plange del tempore in mi pais, mais de facto illo me place perque il non face jammais troppo calor.										5
07911	Travel	Winter in London is colder than in Paris	Winter in London ist kälter als in Paris	El invierno en Londres es más frío que en París	L'hiver à Londres est plus froid qu'à Paris	L'inverno a Londra è più freddo che a Parigi	O inverno em Londres é mais frio que em Paris	L'hivern a Londres és més fred que a París.	La vintro en Londono estas pli malvarma ol en Parizo.	Le hiberno in London es plus frigide que in Paris.										5
07912	Travel	How was your flight?	Wie war Ihr Flug?	¿Cómo estuvo su vuelo?	Comment était votre vol ?	Come è stato il suo volo?	Como foi seu voo?	Com ha anat el vol?	Kiel estis via flugo?	Como esseva vostre volo?										5
07913	Travel	It was excellent, thanks. We arrived early!	Es war ausgezeichnet, danke! Wir sind früh angekommen!	Fue excelente, gracias. ¡Llegamos temprano!	Il était excellent, merci. Nous sommes arrivés tôt !	È stato eccellente, grazie. Siamo arrivati ​​presto!	Foi excelente, obrigado(a). Nós chegamos cedo!	Excel·lent, gràcies. Hem arribat d'hora!	Ĝi estis bonega, dankon. Ni alvenis frue!	Illo esseva excellente, gratias. Nos arrivava tosto!										5
07914	Travel	Did you have a nice trip?	Hatten Sie eine gute Reise?	¿Ha tenido un buen viaje?	Avez-vous fait bon voyage ?	Ha avuto un buon viaggio?	Você fez uma boa viagem?	Ha tingut un bon viatge?	Ĉu vi havis bonan vojaĝon?	Ha vos habite un bon viage?										5
07915	Travel	Actually my train was delayed and I was stuck in Brussels for two hours	Naja, mein Zug hatte Verspätung und ich steckte zwei Stunden in Brüssel fest	De hecho, mi tren se ha retrasado y me he quedado atrapado en Bruselas durante dos horas.	En fait, mon train a été retardé et j'ai été bloqué à Bruxelles pendant deux heures	In realtà il mio treno era in ritardo e sono rimasto bloccato a Bruxelles per due ore	Na verdade, meu trem atrasou, e eu fiquei preso em Bruxelas por duas horas	De fet, el meu tren s'ha retardat i he quedat bloquejat a Brussel·les durant dues hores.	Fakte mia trajno malfruiĝis kaj mi estis blokita en Bruselo dum du horoj.	De facto, mi traino esseva retardate e io remaneva blocate in Bruxelles durante duo horas.										5
07916	Travel	Do you travel a lot for your job?	Reisen Sie viel für Ihre Arbeit?	¿Usted viaja mucho por su trabajo?	Vous voyagez beaucoup pour votre travail?	Lei viaggia molto per il suo lavoro?	Você viaja muito por conta do seu trabalho?	Viatja molt per feina?	Ĉu vi multe vojaĝas pro via laboro?	Viagia vos multo pro vostre travalio?										5
07917	Travel	Not too much actually. I usually have 3-4 business trips per month.	Eigentlich nicht so sehr. Ich habe gewöhnlich 3 bis 4 Geschäftsreisen pro Monat.	No mucho en realidad. Por lo general, tengo  3-4 viajes de negocios por mes.	Pas trop en fait. Je fais généralement 3 à 4 voyages d'affaires par mois.	Non molto in realtà. Di solito ho 3-4 viaggi di lavoro al mese.	Não muito, na verdade. Eu costumo fazer 3-4 viagens de negócios por mês.	No gaire, la veritat. Normalment faig 3-4 viatges de negocis al mes.	Ne tro multe, fakte. Mi kutime faras 3-4 komercajn vojaĝojn monate.	Non troppo, de facto. Io ha generalmente 3-4 viages de affaires per mense.										5
07918	Travel	Is this your first time in London?	Ist dies Ihr erstes Mal in London?	¿Es su primera vez en Londres?	Est-ce votre première visite à Londres ?	È la sua prima volta a Londra?	Esta é a sua primeira vez em Londres?	És el seu primer cop a Londres?	Ĉu estas via unua fojo en Londono?	Es isto vostre prime vice in London?										5
07919	Travel	No, I've already been here a couple of times	Nein, ich war hier schon mehrere Male	No, ya he estado aquí un par de veces	Non, je suis déjà venu deux fois	No, sono già stato qui un paio di volte	Não, eu já estive aqui algumas vezes	No, ja he vingut un parell de vegades.	Ne, mi jam estis ĉi tie kelkajn fojojn.	No, io jam ha essite hic un par de vices.										5
07920	Travel	How long are you staying?	Wie lange bleiben Sie?	¿Cuánto tiempo se queda?	Combien de temps restez-vous ?	Per quanto tempo resta?	Por quanto tempo você vai ficar?	Quant de temps es queda?	Kiom longe vi restos?	Quanto tempore resta vos?										5
07921	Travel	Only today. I'm flying back this evening	Nur heute. Ich fliege heute Abend zurück 	Sólo hoy. Volaré de regreso esta noche	Seulement aujourd'hui. Je reprends l'avion ce soir	Solo oggi. Riprendo l'aereo questa sera	Só hoje. Eu estou voando de volta esta noite	Només avui. Torno amb avió aquest vespre.	Nur hodiaŭ. Mi reflugas ĉi-vespere.	Solmente hodie. Io revolara iste vespere.										5
07922	Conversation Starters	I'm from Italy but I've lived in the UK for the last 3 years	Ich bin aus Italien, aber ich lebe seit 3 Jahren in Großbritannien	Soy de Italia, pero he vivido en el Reino Unido durante los últimos 3 años.	Je viens d'Italie, mais je vis au Royaume-Uni depuis 3 ans 	Vengo dall'Italia, ma ho vissuto nel Regno Unito negli ultimi 3 anni	Eu sou da Itália, mas vivo no Reino Unido há 3 anos	Sóc d'Itàlia, però visc al Regne Unit des de fa 3 anys.	Mi estas el Italio sed mi loĝas en Britio de la lastaj 3 jaroj.	Io es de Italia, sed io ha vivite in le Regno Unite durante le ultime 3 annos.										5
07923	Conversation Starters	Where exactly are you from?	Woher stammen Sie genau?	¿De dónde exactamente es usted?	D'où exactement venez-vous ?	Esattamente di dove è?	De onde você é exatamente?	D'on és exactament?	De kie precize vi estas?	De ubi exactemente es vos?										5
07924	Conversation Starters	What do you think of London?	Was denken Sie von London?	¿Qué piensa de Londres?	Que pensez-vous de Londres ?	Cosa ne pensa di Londra?	O que você acha de Londres?	Què en pensa, de Londres?	Kion vi pensas pri Londono?	Que pensa vos de London?										5
07925	Conversation Starters	London is an amazing city to visit but I do not know if I could live here. I prefer smaller cities.	London ist eine unglaubliche Stadt zum besuchen, aber ich weiß nicht, ob ich hier leben könnte. Ich bevorzuge kleinere Städte.	Londres es una ciudad increíble para visitar, pero no sé si yo podría vivir aquí. Prefiero las ciudades más pequeñas.	Londres est une ville incroyable à visiter, mais je ne sais pas si je pourrais vivre ici. Je préfère les villes plus petites.	Londra è una città meravigliosa da visitare, ma non so se potrei vivere qui. Io preferisco le città più piccole.	Londres é uma cidade incrível para visitar, mas eu não sei se poderia viver aqui. Eu prefiro cidades menores.	Londres és una ciutat increïble per visitar, però no sé si hi podria viure. M'estimo més les ciutats petites.	Londono estas mirinda urbo por viziti, sed mi ne scias, ĉu mi povus vivi ĉi tie. Mi preferas pli malgrandajn urbojn.	London es un citate extraordinari a visitar, sed io non sape si io poterea viver hic. Io prefere citates plus parve.										5
07926	Conversation Starters	Have you heard about...?	Haben Sie von ... gehört?	¿Ha oído hablar de...?	Avez-vous entendu parler de ...?	Ha sentito parlare di...?	Você ouviu falar de...?	Ha sentit a parlar de...?	Ĉu vi aŭdis pri...?	Ha vos audite parlar de...?										5
07927	Conversation Starters	Did you read about... ?	Haben Sie von ... gelesen?	¿Ha leído acerca de... ?	Avez-vous lu ce qui concerne...?	Ha letto di... ?	Você leu sobre... ?	Ha llegit sobre...?	Ĉu vi legis pri...?	Ha vos legite circa...?										5
07928	Conversation Starters	What do you do in your spare time?	Was machen Sie in Ihrer Freizeit?	¿Qué hace en su tiempo libre?	Qu'est-ce que vous faites dans vos moments libres ?	Cosa fa nel suo tempo libero?	O que você faz em seu tempo livre?	Què fa en el seu temps lliure?	Kion vi faras en via libera tempo?	Que face vos in vostre tempore libere?										5
07929	Conversation Starters	I am very busy but I try to play sports at least once a week	Ich bin sehr beschäftigt, aber ich versuche mindestens einmal pro Woche Sport zu machen	Estoy muy ocupado, pero trato de hacer deporte al menos una vez a la semana	Je suis très occupé, mais j'essaye de faire du sport au moins une fois par semaine	Sono molto occupato, ma cerco di praticare sport almeno una volta alla settimana	Eu estou muito ocupado(a), mas eu tento praticar esportes, pelo menos, uma vez por semana	Estic molt ocupat, però intento fer esport almenys un cop per setmana.	Mi estas tre okupita, sed mi provas sporti almenaŭ unufoje semajne.	Io es multo occupate, sed io essaya practicar sport al minus un vice per septimana.										5
07930	Conversation Starters	What sports do you like?	Welche Sportart mögen Sie?	¿Qué deportes le gustan? (a usted)	Quels sports aimez-vous ?	Quali sport le piacciono?	De quais esportes você gosta?	Quins esports li agraden?	Kiujn sportojn vi ŝatas?	Qual sportes place a vos?										5
07931	Conversation Starters	I am very keen on football and tennis	Ich mag Fußball und Tennis	Estoy muy interesado en el fútbol y el tenis	J'aime beaucoup le football et le tennis	Sono molto appassionato di calcio e tennis	Eu gosto muito de futebol e tênis	Sóc molt aficionat al futbol i al tennis.	Mi tre ŝatas futbalon kaj tenison.	Io es multo interessate in le football e le tennis.										5
07932	Conversation Starters	What kind of music do you like?	Welche Art von Musik mögen Sie?	¿Qué tipo de música le gusta?	Quel genre de musique aimez-vous ?	Che tipo di musica le piace?	Que tipo de música você gosta?	Quin tipus de música li agrada?	Kian muzikon vi ŝatas?	Qual typo de musica place a vos?										5
07933	Conversation Starters	I like listening to jazz and classical music	Ich höre gern Jazz und klassische Musik	Me gusta escuchar jazz y música clásica	J'aime écouter du jazz et de la musique classique	Mi piace ascoltare jazz e musica classica	Eu gosto de escutar jazz e música clássica	M'agrada escoltar jazz i música clàssica.	Mi ŝatas aŭskulti ĵazon kaj klasikan muzikon.	Io ama ascoltar jazz e musica classic.										5
07934	Conversation Starters	Do you have any particular hobbies or interests?	Haben Sie irgendwelche besonderen Hobbys oder Interessen?	¿Tiene algunos hobbies o intereses en concreto?	Avez-vous des loisirs ou des intérêts particuliers ?	Ha qualche hobby o interesse particolare?	Você tem algum interesse ou hobby em particular?	Té alguna afició o interès en particular?	Ĉu vi havas iujn apartajn ŝatokupojn aŭ interesojn?	Ha vos alcun hobbies o interesses particular?										5
07935	Conversation Starters	I spend as much time as I can with my children	Ich verbringe soviel wie möglich Zeit mit meinen Kindern	Paso tanto tiempo como puedo con mis hijos	Je passe autant de temps que je peux avec mes enfants	Trascorro tutto il tempo che posso con i miei figli	Eu passo tanto tempo quanto possível com meus filhos	Passo tant de temps com puc amb els meus fills.	Mi pasigas tiom da tempo kiom mi povas kun miaj gefiloj.	Io passa tanto tempore como io pote con mi filios.										5
07936	Conversation Starters	I really enjoy going to the movies	Ich gehe wirklich gern ins Kino	Me gusta mucho ir al cine	J'aime beaucoup aller au cinéma	Mi piace molto andare al cinema	Eu realmente gosto de ir ao cinema	M'agrada molt anar al cinema.	Mi tre ĝuas iri al la kinejo.	Me place multo ir al cinema.										5
08526	Medications	at bedtime (nocte)	vor dem Schlafengehen	al acostarse, antes de dormir	au coucher	prima di coricarsi	ao deitar	abans de dormir	antaŭdorme	al hora de dormir	Nehmen Sie diese Tablette immer vor dem Schlafengehen ein.	Tome esta tableta siempre al acostarse.	Prenez ce comprimé toujours au coucher.	Prenda questa compressa sempre prima di coricarsi.	Tome este comprimido sempre ao deitar.	Always take this tablet at bedtime.	Prengui aquesta pastilla sempre abans de dormir.	Ĉiam prenu ĉi tiun pilolon antaŭdorme.	Prende sempre iste tabletta al hora de dormir.	4
08828	Diseases	gastroesophageal reflux disease (GERD)	die gastroösophageale Refluxkrankheit (GERD)	la enfermedad por reflujo gastroesofágico (ERGE)	le reflux gastro-œsophagien (RGO)	la malattia da reflusso gastroesofageo (MRGE)	a doença do refluxo gastroesofágico (DRGE)	la malaltia per reflux gastroesofàgic (ERGE)	gastroesofaga refluo (GERD)	morbo de refluxo gastroesophageal (GERD)	Sodbrennen ist das Hauptsymptom des gastroösophagealen Refluxes.	La acidez es el principal síntoma del reflujo gastroesofágico.	L'acidité est le principal symptôme du reflux gastro-œsophagien.	L'acidità è il principale sintomo del reflusso gastroesofageo.	A azia é o principal sintoma do refluxo gastroesofágico.	Heartburn is the main symptom of gastroesophageal reflux disease.	L'acidesa és el principal símptoma del reflux gastroesofàgic.	Acidrefluo estas la ĉefa simptomo de gastroesofaga refluo.	Pyrosis es le symptoma principal del morbo de refluxo gastroesophageal.	4
08829	Phrases	Can I help you carry your bags?	Kann ich Ihnen helfen, Ihre Taschen zu tragen?	¿Le puedo ayudar a cargar sus bolsas?	Puis-je vous aider à porter vos sacs ?	Posso aiutarla a portare le sue borse?	Posso ajudar a carregar as suas bolsas?	El puc ajudar a carregar les seves bosses?	Ĉu mi povas helpi vin porti viajn sakojn?	Pote io adjutar vos a portar vostre saccos?										4
08830	Verbs	to take (someone somewhere)	bringen / mitnehmen (jemanden an einen Ort)	llevar (a alguien a un lugar)	emmener (quelqu'un à un endroit)	portare / accompagnare (qualcuno in un luogo)	levar (alguém a um lugar)	portar / dur (algú a un lloc)	konduki / veturigi (iun al loko)	portar										4
08831	Phrases	Can you take me in your car?	Können Sie mich in Ihrem Auto mitnehmen?	¿Me puede llevar en su carro?	Pouvez-vous m'emmener dans votre voiture ?	Può portarmi nella sua auto?	Pode me levar no seu carro?	Em pot portar al seu cotxe?	Ĉu mi povas veturigi min en via aŭto?	Pote vos portar me in vostre auto?										4
08835	Essential Vocabulary	to grumble	brummen	gruñir	grogner	brontolare	resmungar	murmurar	grumbli	grunnir										5
08837	Essential Vocabulary	cruel	grausam	cruel	cruel	crudele	cruel	cruel	kruela	cruel										4
08838	Essential Vocabulary	locomotive	die Lokomotive	la locomotora	la locomotive	la locomotiva	a locomotiva	la locomotora	lokomotivo	locomotiva										5
08840	Essential Vocabulary	skeleton	das Skelett	el esqueleto	le squelette	lo scheletro	o esqueleto	l'esquelet	skeleto	skeleto										5
08866	Medicine & Anatomy	EKG, Electrocardiogram	EKG, Elektrokardiogramm	Electrocardiograma	ECG, Électrocardiogramme	Elettrocardiogramma	Eletrocardiograma	ECG, Electrocardiograma	EKG, Elektrokardiogramo	ECG, electrocardiogramma										5
08867	Medicine & Anatomy	EMG, Electromyogram	EMG, Elektromyogramm	Electromiografía	EMG, Électromyogramme	Elettromiografia	Eletromiografia	EMG, Electromiograma	EMG, Elektromiogramo	EMG, electromyogramma										5
08868	Health & Wellness	ER, Emergency Room	Notaufnahme	Sala de Emergencias	Urgences	Pronto Soccorso	Pronto-Socorro / Emergência	Urgències	Sukurejo	sala de emergentias										5
08869	Medicine & Anatomy	G-tube, Gastric Tube	Magensonde / PEG-Sonde	Sonda gástrica	Sonde de gastrostomie	Sonda per gastrostomia	Sonda gástrica	Sonda gàstrica	G-tubo, gastra tubo	sonda gastric										5
08870	Medicine & Anatomy	GI, Gastrointestinal	Gastrointestinal / Magen-Darm	Gastrointestinal	Gastro-intestinal	Gastrointestinale	Gastrointestinal	GI, Gastrointestinal	Gastrointesta	gastrointestinal										4
08871	Medicine & Anatomy	EGD, Esophagogastroduodenoscopy	ÖGD, Ösophago-Gastro-Duodenoskopie	Esofagogastroduodenoscopia	FOGD, Fibroscopie Œso-Gastro-Duodénale	Esofagogastroduodenoscopia	Endoscopia digestiva alta	EGD, Esofagogastroduodenoscòpia	EGD, Ezofagogastroduodenoskopio	esophagogastroduodenoscopia										4
08872	Medicine & Anatomy	NICU, Neonatal Intensive Care Unit	Neonatologische Intensivstation	UCIN, Unidad de Cuidados Intensivos Neonatales	USIN, Unité de Soins Intensifs Néonatals	TIN, Terapia Intensiva Neonatale	UTIN, Unidade de Terapia Intensiva Neonatal	UCIN, Unitat de Cures Intensives Neonatals	NICU, Novnaskita intenskuracejo	UCIN, unitate de curas intensive neonatal										4
08873	Medicine & Anatomy	NPO, Nothing by Mouth	Nüchtern / Nichts über den Mund einnehmen	NPO, Nada por Vía Oral	À jeun / Rien par la bouche	NPO, Nulla per bocca	NPO, Nada por Via Oral	Res per via oral / Dejuni absolut	NPO, nenio perbuŝe	NPO, nihil per os										4
08874	Health & Wellness	PCP, Primary Care Physician	Hausarzt / Hausärztin	Médico de Atención Primaria	Médecin traitant	Medico di medicina generale (MMG) / Medico di famiglia	Médico de Família / Clínico Geral	Metge d'atenció primària	Baza familia kuracisto	medico de cura primari										4
08875	Medicine & Anatomy	PMS, Premenstrual Syndrome	PMS, Prämenstruelles Syndrom	SPM, Síndrome Premenstrual	SPM, Syndrome Prémenstruel	Sindrome premestruale	TPM, Tensão Pré-Menstrual	SPM, Síndrome Premenstrual	PMS, Antaŭmenstrua sindromo	SPM, syndrome premenstrual										4
08876	Medicine & Anatomy	Post-op, Postoperative	Postoperativ	Postoperatorio	Post-opératoire	Postoperatorio	Pós-operatório	Postoperatori	Postoperacia	postoperatori										4
08877	Medicine & Anatomy	Pre-op, Preoperative	Präoperativ	Preoperatorio	Pré-opératoire	Preoperatorio	Pré-operatório	Preoperatori	Antaŭoperacia	preoperatori										4
08878	Medicine & Anatomy	SIDS, Sudden Infant Death Syndrome	Plötzlicher Kindstod	Síndrome de Muerte Súbita del Lactante	MSN, Mort Subite du Nourrisson	SIDS, Sindrome della morte improvvisa del lattante	Síndrome da Morte Súbita do Lactente	SIDS, Síndrome de Mort Sobtada del Lactant	SIDS, Sindromo de subita bebomorto	syndrome de morte subite del lactante										4
08884	Medicine & Anatomy	Glimepiride is an oral medication used to treat type 2 diabetes. It is taken along with diet and exercise	Glimepirid ist ein orales Medikament zur Behandlung von Typ-2-Diabetes. Es wird zusammen mit Diät und Bewegung eingenommen.	La glimepirida es un medicamento oral que se usa para tratar la diabetes tipo 2. Se toma junto con dieta y ejercicio.	Le glimépiride est un médicament oral utilisé pour traiter le diabète de type 2. Il se prend avec un régime alimentaire et de l'exercice physique.	La glimepiride è un farmaco orale usato per trattare il diabete di tipo 2. Viene assunto insieme a dieta ed esercizio fisico.	A glimepirida é um medicamento oral usado para tratar o diabetes tipo 2. É tomada junto com dieta e exercícios.	La glimepirida és un medicament oral que s'utilitza per tractar la diabetis tipus 2. Es pren juntament amb dieta i exercici.	Glimepirido estas perbuŝa medikamento uzata por kuraci diabeton de tipo 2. Ĝi estas prenata kune kun dieto kaj ekzercado	Glimepiride es un medicamento oral usate pro tractar le diabete de typo 2. Illo es prendite insimul con dieta e exercitio.										4
08886	Health & Wellness	Urogynecologist	Urogynäkologe / Urogynäkologin	Uroginecólogo	Uro-gynécologue	Uroginecologo	Uroginecologista	Uroginecòleg / Uroginecòloga	Uroginekologo	uroginecologo										5
08887	Medicine & Anatomy	HbA1C, hemoglobin A1C test	HbA1c, Glykohämoglobin-Test	Prueba de Hemoglobina Glicosilada (A1C)	HbA1C, test d'hémoglobine glyquée	Test dell'emoglobina glicata (A1C)	Exame de Hemoglobina Glicada (A1C)	HbA1c, Prova d'hemoglobina glicosilada	HbA1C, testo de glikozilita hemoglobin-A1C	test de hemoglobina A1C										4
08888	Medicine & Anatomy	Attending physician	Behandelnder Arzt / behandelnde Ärztin / Oberarzt / Oberärztin	Médico Tratante, Médico Titular	Médecin hospitalier / Médecin référent	Medico di ruolo / Medico strutturato	Médico Responsável / Médico Assistente	Metge adjunt / Metgessa adjunta	Ĉefa kuracisto	medico tractante										4
08890	Health & Wellness	The patient is having a hard time spelling	Der Patientin fällt das Buchstabieren schwer.	La paciente está teniendo dificultades para deletrear	La patiente a du mal à épeler	La paziente ha difficoltà a fare lo spelling.	A paciente está tendo dificuldade para soletrar	A la pacient li costa lletrejar.	La paciento havas malfacilaĵojn por literumi	Le patiente ha difficultate in orthographiar.										4
08892	Medicine & Anatomy	Stent	Stent	Stent, endoprótesis vascular	Stent / Endoprothèse vasculaire	Stent, endoprotesi vascolare	Stent, endoprótese vascular	Stent / Endopròtesi vascular	Stento	stent										4
08893	Health & Wellness	Supervising Doctor	Aufsichtführender Arzt	Médico supervisor	Médecin superviseur	Medico supervisore	Médico supervisor	Metge supervisor / Metgessa supervisora	Superrega kuracisto	medico supervisor										4
08894	Health & Wellness	PA, Physician Assistant	Physician Assistant / Arztassistent	Asistente Médico / Médico Asociado (profesión sanitaria independiente)	Assistant clinicien / Adjoint au médecin	Assistente medico	Assistente Médico (profissão de saúde independente)	Assistent mèdic / Assistenta mèdica	Kuracista asistanto	assistente medical										4
08895	Health & Wellness	Assistant physician / Assistant doctor	Assistenzarzt / Assistenzärztin	Médico asistente (médico en formación o residente)	Médecin assistant / Interne	Medico assistente (specializzando)	Médico residente / Médico em formação	Metge ajudant / Metgessa ajudant	Asistanta kuracisto	medico assistente										4
08897	Health & Wellness	The anesthesia will wear off shortly after you are taken to the recovery room	Die Narkose lässt kurz nach Ihrer Verlegung in den Aufwachraum nach.	La anestesia desaparecerá poco después de que le trasladen a la sala de recuperación	L'anesthésie se dissipera peu après votre transfert en salle de réveil.	L'anestesia svanirà poco dopo il trasferimento in sala di risveglio	A anestesia vai passar logo depois que você for levado para a sala de recuperação	L'anestèsia passarà poc després que us portin a la sala de recuperació	La anestezo forpasos baldaŭ post kiam vi estos prenita al la vekiĝejo	Le effecto del anesthesia disparera poco post que on te transferera al sala de recuperation.										4
08901	Medicine & Anatomy	Joint cavity.	Gelenkhöhle.	Cavidad articular.	Cavité articulaire.	Cavità articolare.	Cavidade articular.	Cavitat articular.	Artika kavaĵo.	cavitate articular										5
08903	Medicine & Anatomy	Slimy discharge	Schleimiger Ausfluss	Secreción viscosa	Sécrétion visqueuse	Secrezione viscida	Secreção viscosa	Flux viscós / Secreció viscosa	Mukeca elfluo	secretion viscose	Ein schleimiger Ausfluss kann ein Zeichen für eine Infektion sein.	Una secreción viscosa puede ser un signo de infección.	Une sécrétion visqueuse peut être un signe d'infection.	Una secrezione viscida può essere segno di infezione.	Uma secreção viscosa pode ser um sinal de infecção.	A slimy discharge may be a sign of infection	Un flux viscós pot ser un signe d'infecció.	Mukeca elfluo povas esti signo de infekto	Un secretion viscose pote esser un signo de infection.	4
08909	Idioms & Expressions	She decorated the room willy-nilly, placing items wherever they fit.	Sie dekorierte das Zimmer völlig planlos und stellte die Dinge dorthin, wo sie gerade passten.	Decoró la habitación sin ton ni son, colocando objetos donde cabían.	Elle a décoré la pièce n'importe comment, mettant les objets là où ils pouvaient tenir.	Ha arredato la stanza senza criterio, mettendo gli oggetti dove capitava.	Ela decorou o quarto de qualquer jeito, botando as coisas onde cabiam.	Va decorar l'habitació a la babalà, col·locant les coses on cabien.	Ŝi dekoris la ĉambron senorde, metante aĵojn kie ajn ili havis lokon.	Illa decorava le camera sin ordine, placiante objectos ubicunque illos habeva loco.										4
08910	Medicine & Anatomy	HFMD, Hand, Foot, and Mouth Disease	Hand-Fuß-Mund-Krankheit	Enfermedad de Mano, Pie y Boca	Maladie pieds-mains-bouche	Malattia mani-piedi-bocca	Doença mão-pé-boca	MPB, Malaltia de mà, peu i boca	Malsano de manoj, piedoj kaj buŝo	HFMD, morbo de mano, pede e bucca										5
08911	Idioms & Expressions	If this goes south, they'll all be dead	Wenn das schiefgeht, sind sie alle tot	Si esto sale mal, todos morirán	Si ça tourne mal, ils seront tous morts	Se le cose vanno male, moriranno tutti	Se isso der ruim, tá todo mundo morto	Si això surt malament, tots moriran	Se tio fiaskos, ili ĉiuj estos mortintaj	Si isto va mal, illes omnes morira.										4
08913	Health & Wellness	In the last year, have you fainted or had a head injury that resulted in lost consciousness?	Haben Sie im letzten Jahr eine Ohnmacht oder eine Kopfverletzung erlitten, die zu Bewusstlosigkeit führte?	En el último año, ¿se ha desmayado o ha tenido una lesión en la cabeza que resultó en la pérdida del conocimiento?	Au cours de la dernière année, vous êtes-vous évanoui ou avez-vous eu un traumatisme crânien entraînant une perte de connaissance ?	Nell'ultimo anno, è svenuto o ha avuto un trauma cranico con perdita di conoscenza?	No último ano, você desmaiou ou teve alguma lesão na cabeça que resultou em perda de consciência?	En l'últim any, s'ha desmaiat o ha tingut una lesió al cap que hagi provocat pèrdua de coneixement?	Dum la lasta jaro, ĉu vi svenis aŭ havis kapvundon, kiu kaŭzis perdon de konscio?	Durante le ultime anno, ha vos perdite le conscientia o habite un lesion al capite que resultava in perdita de conscientia?										4
08914	Health & Wellness	Have you ever been a victim of physical or sexual abuse?	Waren Sie jemals Opfer von körperlichem oder sexuellem Missbrauch?	¿Alguna vez ha sido usted víctima de abuso físico o sexual?	Avez-vous déjà été victime de violences physiques ou sexuelles ?	È mai stata vittima di abuso fisico o sessuale?	Você já foi vítima de abuso físico ou sexual?	Alguna vegada ha estat víctima d'abús físic o sexual?	Ĉu vi iam estis viktimo de fizika aŭ seksa misuzo?	Ha vos jammais essite victima de abuso physic o sexual?										5
08915	Health & Wellness	Do you have any dental problems?	Haben Sie Probleme mit den Zähnen?	¿Tiene usted algún problema dental?	Avez-vous des problèmes dentaires ?	Ha problemi ai denti?	Você tem algum problema dentário?	Té algun problema dental?	Ĉu vi havas iajn dentajn problemojn?	Ha vos alcun problema dental?										4
08916	Health & Wellness	I'm going to ask you to sign 3 forms.	Ich werde Sie bitten, drei Formulare zu unterschreiben.	Voy a pedirle que me firme 3 formularios	Je vais vous demander de signer 3 formulaires.	Le chiedo di firmare tre moduli	Vou pedir para você assinar 3 formulários	Li demanaré que signi 3 formularis.	Mi petos vin subskribi 3 formularojn.	Io va peter a vos de signar 3 formularios.										4
08917	Health & Wellness	The next signature gives us permission to treat you	Die nächste Unterschrift gibt uns die Erlaubnis, Sie zu behandeln.	La siguiente firma es para darnos permiso para darle atención médica	La signature suivante nous autorise à vous prodiguer des soins.	La prossima firma serve per autorizzarci a prestarle assistenza medica	A próxima assinatura é para nos dar permissão para tratar você	La següent signatura ens dona permís per tractar-lo	La sekva subskribo donas al ni permeson kuraci vin	Le sequente signatura es pro dar nos permission de prestar vos attention medical										5
08918	Psychology & Mental Health	He feels constant worthlessness	Er fühlt sich ständig wertlos	Él siente una constante inutilidad	Il ressent un sentiment constant d'inutilité	Sente un costante senso di inutilità	Ele tem um sentimento constante de inutilidade	Sent una inutilitat constant / Se sent inútil constantment	Li sentas konstantan senvalorecon	Ille senti un constante sentimento de inutilitate										4
08919	Psychology & Mental Health	The child was fidgeting nonstop	Das Kind zappelte ununterbrochen	El niño se movía sin parar	L'enfant s'agitait sans arrêt	Il bambino si muoveva in continuazione / era irrequieto	A criança não parava quieta / O garoto estava inquieto	El nen no parava de moure's inquiet	La infano senĉese moviĝadis senpacienciĝe	Le infante se moveva sin cessar										4
08922	Emotions & Feelings	I want to skip the hassle	Ich will mir den Ärger ersparen	Quiero evitar la molestia	Je veux éviter les tracas	Voglio evitare la seccatura	Quero evitar o transtorno / Quero pular a burocracia	Vull estalviar-me les molèsties	Mi volas eviti la penon / Mi volas eviti la ĝenon	Io vole evitar le molestia.										4
08923	Phrasal Verbs	To go by	Sich nennen lassen / Bekannt sein als	Llamarse / ser conocido como (nombre o apodo que alguien usa).	Se faire appeler / Être connu sous le nom de	Farsi chiamare / Essere conosciuto come	Ser chamado de / Atender por	Fer-se dir	Esti nomata / Uzi la nomon	esser cognoscite como; usar le nomine de	Warum zum Teufel nennen Sie sich dann Christy?	¿Entonces por qué diantres usted se hace llamar Christy?	Alors pourquoi diable vous vous faites appeler Christy ?	Allora perché diavolo si fa chiamare Christy?	Então por que diabos você atende por Christy?	Then why the hell do you go by Christy?	Llavors per què nassos es fa dir Christy?	Kial do diable vi uzas la nomon Christy?	Alora, proque diabolo usa vos le nomine Christy?	4
08925	Finance & Economics	Allowance	Zuschuss / Unterstützung	Subsidio	Allocation	Sussidio	Auxílio / Subsídio	Subsidi / Ajut	Subtenmono / Poŝmono	Subsidio	Der Zuschuss wird fällig, wenn das Kind wieder in die Schule geht.	El subsidio se entrega para hacer frente a la vuelta a clase	L'allocation est versée pour la rentrée scolaire.	Il sussidio viene erogato per affrontare il rientro a scuola	O auxílio é entregue para ajudar na volta às aulas	The allowance is due when the child goes back to school	El subsidi es dona quan el nen torna a l'escola.	La subtenmono estas pagenda kiam la infano revenas al la lernejo	Le subsidio es pagabile quando le infante retorna al schola.	5
08932	Verbs & Actions	To mumble	Murmeln / Unverständlich sprechen	Murmurar, balbucear, hablar entre dientes (Hablar en voz baja, poco claro, sin articular bien)	Marmonner / Parler entre ses dents	Bofonchiare / Borbottare / Parlare tra i denti	Resmungar / Balbuciar / Falar para dentro	Marmolar / Rondinar / Parlar entre dents	Murmuri	murmurar	Der Patient murmelte unzusammenhängende Worte.	El paciente estaba murmurando palabras de forma incoherente	Le patient marmonnait des mots de façon incohérente.	Il paziente stava bofonchiando parole in modo incoerente	O paciente estava resmungando palavras de forma incoerente	The patient was mumbling words incoherently	El pacient marmolava paraules de manera incoherent.	La paciento murmuris vortojn malkohere	Le patiente murmurava parolas incoherentemente.	5
08935	Health & Wellness	She's to come fasting tomorrow	Sie soll morgen nüchtern kommen	Ella debe venir en ayunas mañana	Elle doit venir à jeun demain	Deve venire a digiuno domani	Ela deve vir em jejum amanhã	Ha de venir en dejú demà	Ŝi devas veni fastante morgaŭ	Illa debe venir a jejun deman										4
08937	Medicine & Anatomy	THC, Tetrahydrocannabinol	THC, Tetrahydrocannabinol	THC, Tetrahydrocannabinol	THC, Tétrahydrocannabinol	THC, Tetraidrocannabinolo	THC, Tetraidrocanabinol	THC, Tetrahidrocannabinol	THC, Tetrahidrokanabinolo	THC, tetrahydrocannabinol										4
08939	Medicine & Anatomy	Cetirizine for allergy	Cetirizin gegen Allergie	Cetirizina para la alergia	Cétirizine pour l'allergie	Cetirizina per l'allergia	Cetirizina para alergia	Cetirizina per a l'al·lèrgia	Cetirizino por alergio	Cetirizine contra le allergia										4
08941	Health & Wellness	So it seems I may have been a little off in my diagnosis	Es scheint, als ob ich mit meiner Diagnose etwas danebengelegen habe.	Puede que me haya equivocado un poco en el diagnóstico	Il semble que je me sois un peu trompé dans mon diagnostic.	Potrei essermi sbagliato un po' nella diagnosi	Pode ser que eu tenha me enganado um pouco no diagnóstico	Així que sembla que potser m'he equivocat una mica en el meu diagnòstic.	Ŝajnas do, ke mi eble iomete eraris en mia diagnozo	Il pare que io pote haber errate un pauco in mi diagnose										5
08942	Prepositions & Connectors	and yet	und doch / und trotzdem	y con todo, y aun así	et pourtant	Eppure / Ciononostante	E ainda assim / Contudo	i malgrat tot / i tanmateix	kaj tamen	e tamen	Er wird es nicht gestehen, und doch wissen wir, dass er es getan hat.	No confesará, y aun así sabemos que lo hizo	Il n'avouera pas, et pourtant nous savons qu'il l'a fait.	Non confesserà, eppure sappiamo che è stato lui	Ele não vai confessar, e ainda assim sabemos que foi ele	He won't confess and yet we know he did it	No confessarà i tanmateix sabem que ho va fer	Li ne konfesos, kaj tamen ni scias ke li faris ĝin	Ille non confessara, e tamen nos sape que ille lo faceva.	5
08943	Health & Wellness	EMS, Emergency Medical Services	Rettungsdienst	Servicios Médicos de Emergencia	SMUR, Service Mobile d'Urgence et de Réanimation	Servizi medici di emergenza (118)	Serviços de Atendimento Móvel de Urgência (SAMU)	SEM, Sistema d'Emergències Mèdiques	EMS, Krizaj Medicinaj Servoj	servicios medical de emergentia										5
08944	Idioms & Expressions	Sorry I got all my cords tangled	Tut mir leid, ich habe alle meine Kabel durcheinandergebracht	Disculpa, se me enredaron todos los cables	Désolé, je me suis emmêlé dans tous mes câbles	Scusa, mi si sono intrecciati tutti i cavi	Desculpa, me enrolei todo com os fios	Ho sento, se m'han enredat tots els cables	Pardonu, miaj kabloj tute implikiĝis	Pardono, tote mi cablos se intricava										5
08945	Idioms & Expressions	Everything went wrong for me	Bei mir ist alles schiefgelaufen	Todo me resultó mal	Tout s'est mal passé pour moi	Mi è andato tutto male	Tudo deu errado para mim	Tot em va sortir malament	Ĉio misiris por mi	Toto me resultava mal										4
08953	Basic Conversation	When can I stop by?	Wann kann ich vorbeikommen?	¿Cuándo puedo pasar por ahí?	Quand puis-je passer ?	Quando posso passare di lì?	Quando posso dar um pulo aí?	Quan hi puc passar?	Kiam mi povas trapasi?	Quando pote io passar per ibi?										5
08954	Verbs & Actions	To scold someone	Jemanden ausschimpfen / tadeln	Regañar a alguien	Gronder quelqu'un / Réprimander quelqu'un	Sgridare qualcuno	Dar uma bronca em alguém / Escrachar alguém (RJ)	Renyar algú / Esbroncar algú	Riproĉi iun	Reprimendar alicuno										4
08958	Health & Wellness	Up to what age is it good to breastfeed children?	Bis zu welchem Alter ist es gut, Kinder zu stillen?	¿Hasta que edad es bueno amamantar a los niños?	Jusqu'à quel âge est-il bon d'allaiter les enfants ?	Fino a che età è consigliabile allattare i bambini?	Até que idade é bom amamentar as crianças?	Fins a quina edat és bo donar el pit als nens?	Ĝis kia aĝo estas bone mamnutri infanojn?	Usque a qual etate es bon allactar le infantes?										4
08959	Emotions & Feelings	It wasn't until I lost him that I knew how much he was worth.	Erst als ich ihn verlor, wusste ich, wie viel er wert war.	No supe cuánto valía hasta que lo perdí	Ce n'est qu'en le perdant que j'ai su combien il valait.	Non ho capito quanto valesse finché non l'ho perso.	Só quando eu o perdi que eu soube quanto ele valia.	No va ser fins que el vaig perdre que vaig saber quant valia.	Nur kiam mi perdis lin, mi sciis kiom li valoris.	Io non sapeva quanto ille valeva usque al momento que io le perdeva.										4
08960	Verbs & Actions	I go for a walk every afternoon	Ich gehe jeden Nachmittag spazieren	Todas las tardes salgo a caminar	Je vais me promener tous les après-midi	Tutti i pomeriggi esco a fare una passeggiata	Todas as tardes eu saio para caminhar	Vaig a fer un tomb cada tarda	Mi iras promeni ĉiu-posttagmeze	Io face un promenada cata postmeridie.										4
08963	Business & Professional	Storage rental clerk	Mitarbeiter der Lagerraumvermietung	Empleado de alquiler de almacenes o Encargado de alquiler de bodegas.	Préposé à la location de garde-meubles	Impiegato addetto al noleggio magazzini	Funcionário de aluguel de depósitos / estoques.	Empleat de lloguer de trasters	Komizo pri stokluado	empleato de location de depositos										4
08964	Business & Professional	Payroll	Gehaltsabrechnung / Lohnliste	Nómina	Paie / Masse salariale	Libro paga / busta paga	Folha de pagamento	Nòmina	Salajro-listo	nomina										4
08965	Transportation & Directions	Impound lot / Towing yard	Abschlepphof / Verwahrstelle	Depósito de vehículos / Corralón (LA)	Fourrière	Deposito giudiziario / Deposito rimozione veicoli	Pátio de veículos / Depósito do DETRAN	Dipòsit municipal de vehicles	Aŭto-deponejo	deposito de vehiculos remulcate	Sie müssen eine Gebühr bezahlen, um Ihr Auto vom Abschlepphof abzuholen.	Tendrás que pagar una multa para sacar tu auto del depósito de vehículos	Vous devrez payer une redevance pour récupérer votre voiture à la fourrière.	Dovrà pagare una multa per ritirare l'auto dal deposito	Você vai ter que pagar uma multa para tirar seu carro do depósito	You'll have to pay a fee to get your car out of the impound lot	Haurà de pagar una taxa per treure el seu cotxe del dipòsit municipal.	Vi devos pagi monpunon por ricevi vian aŭton el la aŭto-deponejo	Tu debera pagar un taxa pro retirar tu auto del deposito de vehiculos remulcate.	5
08969	Adverbs & Frequency	Those complications are seldom seen.	Diese Komplikationen werden selten beobachtet.	Esas complicaciones son muy raras	Ces complications sont rarement observées.	Quelle complicazioni si vedono raramente.	Essas complicações são muito raras / raramente vistas.	Aquestes complicacions es veuen rarament.	Tiuj komplikaĵoj estas malofte vidataj.	Iste complicationes se vide rarmente.										5
08975	Health & Wellness	This **wears me out** / This **makes me tired**	Das **schlaucht mich** / Das **macht mich müde**	Esto cansa. *(Esto me agota físicamente el cuerpo)*	Ça **m'épuise** / Ça **me fatigue**	Questo stanca. *(Mi logora fisicamente)*	Isso cansa. *(Isso me esgota fisicamente)*	Això **m'esgota** / Això **em cansa**	Tio **elĉerpas min** / Tio **lacigas min**	Isto me fatiga / Isto me exhauri										5
08976	Medicine & Anatomy	Intercourse	Geschlechtsverkehr	Coito / Relaciones sexuales	Rapports sexuels	Rapporto sessuale / Rapporti sessuali	Relação sexual / Transa (inf.)	Relacions sexuals / Coit	Koito	Coito / relationes sexual	Wir verordnen Ihnen Beckenruhe, das heißt kein Geschlechtsverkehr, bis die Blutung aufgehört hat und die Schmerzen abgeklungen sind.	Queremos que mantenga reposo pélvico, lo que significa no tener relaciones sexuales hasta que el sangrado haya cesado y el dolor haya disminuido	Nous vous prescrivons le repos pelvien, c'est-à-dire pas de rapports sexuels jusqu'à ce que le saignement cesse et que la douleur disparaisse.	Non deve avere rapporti sessuali finché il sanguinamento non è cessato e il dolore diminuito	Queremos que você mantenha repouso pélvico, o que significa não ter relações sexuais até que o sangramento pare e a dor diminua	We want you on pelvic rest, which means no intercourse until the bleeding is gone and the pain has subsided	Volem que faci repòs pèlvic, la qual cosa significa no tenir relacions sexuals fins que el sagnat hagi desaparegut i el dolor hagi remès.	Ni volas ke vi restu en pelva ripozo, kio signifas neniun koiton ĝis la sangado ĉesos kaj la doloro forpasos	Nos vole que vos mantene reposo pelvic, lo que significa nulle coito usque le hemorrhagia ha cessate e le dolor ha diminuite.	5
08977	Verbs & Actions	To shiver from the cold	Vor Kälte zittern	Temblar de frío	Trembler de froid	Tremare di freddo	Tremer de frio	Tremolar de fred	Tremeti pro malvarmo	Fremer de frigido	Können Sie mich mit einer Decke zudecken? Ich zittere vor Kälte.	¿Me puede cubrir con una manta? Estoy temblando del frío.	Pouvez-vous me couvrir d'une couverture ? Je tremble de froid.	Mi può coprire con una coperta? Sto tremando dal freddo.	Pode me cobrir com um cobertor? Estou tremendo de frio.	Can you cover me with a blanket? I'm shivering from the cold.	Em pots tapar amb una manta? Estic tremolant de fred.	Ĉu vi povas kovri min per kovrilo? Mi tremetas pro malvarmo.	Pote vos coperir me con un copertura? Io treme de frigido.	4
08978	Basic Conversation	Is it going to take much longer?	Wird es noch viel länger dauern?	¿Falta mucho para que termine?	Est-ce que ça va prendre encore beaucoup de temps ?	Manca molto alla fine?	Vai demorar muito para terminar?	Tardarà gaire més?	Ĉu daŭros multe pli longe?	Manca ancora multo ante que illo termina?										4
08979	Emotions & Feelings	I don't want to be a nagging mom, you know?	Ich will keine nörgelnde Mutter sein, wissen Sie?	No quiero ser una mamá fastidiosa, ¿sabe?	Je ne veux pas être une mère râleuse, vous voyez ?	Non voglio essere una mamma assillante, sa?	Não quero ser uma mãe chata, sabe?	No vull ser una mare pesada, sap.	Mi ne volas esti plorema patrino, vi scias?	Io non vole esser un matre fastidiose, comprende?										5
08980	Health & Wellness	I **felt like I was getting** a fever but **in the end** I didn't.	Ich **dachte, ich bekomme** Fieber, aber **am Ende** war es nicht so.	Me **quiso como dar** fiebre pero **al final** no me dio.	J'**ai cru que j'allais avoir** de la fièvre mais **finalement** non.	Mi **sembrava che mi stesse venendo** la febbre, ma **alla fine** non mi è venuta.	Eu **achei que ia ter** febre, mas **no fim das contas** não tive.	**Tenia la sensació que m'agafaria** febre, però **al final** no.	Mi **sentis kvazaŭ mi ricevas** febron sed **fine** mi ne havis ĝin.	Io sentiva como si io habeva febre, ma al fin io non la habeva.										5
08981	Medicine & Anatomy	Sterilization	Sterilisation	Esterilización	Stérilisation	Sterilizzazione	Esterilização / Laqueadura ou Vasectomia	Esterilització	Sterilizo	Sterilisation	Ich habe mich **sterilisieren** lassen, um keine Kinder zu bekommen.	Me **esterilicé** para no tener hijos.	Je me suis fait **stériliser** pour ne pas avoir d'enfants.	Mi sono **sterilizzata** per non avere figli.	Eu me **esterilizei** para não ter filhos.	I got **sterilized** so I wouldn't have children.	Em vaig **esterilitzar** per no tenir fills.	Mi estas **steriligita** por ke mi ne havu infanojn.	Io me faceva sterilisar pro non haber infantes.	5
08982	Medicine & Anatomy	We're starting a **taper** and a **stat CT**	Wir beginnen mit einer **Dosisreduktion** und einem **Notfall-CT**	Vamos a empezar una **reducción gradual** (de dosis de medicamentos) y una **tomografía urgente**.	On commence une **décroissance** et un **scanner en urgence**	Inizieremo una **riduzione graduale** e una **TAC urgente**.	Vamos começar um **desmame** (da medicação) e uma **tomografia de urgência (stat)**.	Començarem una **reducció gradual de la dosi** i un **TC urgent**	Ni komencas **dozo-redukton** kaj **urĝan komputilan tomografion**	Nos va initiar un reduction gradual e un tomographia computate urgente										4
08983	Medicine & Anatomy	Breech position	Beckenendlage / Steißlage	Posición podálica / de nalgas / sentado	Position du siège	Posizione podalica	Posição pélvica / sentado	Posició de natges	Puga prezentiĝo / Puga pozicio	Position podalic	Das Baby befindet sich in Beckenendlage.	El bebé está en posición de nalgas (podálica)	Le bébé est en position du siège.	Il bambino è in posizione podalica	O bebê está na posição sentada (pélvica)	The baby is in a breech position	El nadó ve de natges	La bebo estas en puga prezentiĝo	Le infante es in position podalic.	4
08984	Emotions & Feelings	It's very upsetting	Es ist sehr aufwühlend / belastend	Es bastante angustiante	C'est très bouleversant	È piuttosto angosciante	É bem angustiante / É muito chato	És molt disgustador / És molt frustrant	Ĝi estas tre maltrankviliga	Es multo angustiante										5
08985	Medicine & Anatomy	Fainting spells	Ohnmachtsanfälle	Episodios de desmayo	Syncopes / Évanouissements	Episodi di svenimento	Episódios de desmaio	Desmais / Esvaïments	Sven-atakoj	Episodios de syncope	Ohnmachtsanfälle können durch niedrigen Blutdruck oder Dehydration verursacht werden.	Los episodios de desmayo pueden ser causados por presión arterial baja o deshidratación	Les syncopes peuvent être causées par une hypotension ou une déshydratation.	Gli episodi di svenimento possono essere causati da pressione bassa o disidratazione	Episódios de desmaio podem ser causados por pressão baixa ou desidratação	Fainting spells can be caused by low blood pressure or dehydration	Els desmais poden ser causats per pressió arterial baixa o deshidratació	Sven-atakoj povas esti kaŭzitaj de malalta sangopremo aŭ dehidratiĝo	Episodios de syncope pote esser causate per basse pression arterial o dishydratation.	4
08987	Medicine & Anatomy	to rule out	um auszuschließen	Descartar	pour écarter / pour exclure	Escludere	Descartar / Eliminar	descartar	ekskludi	excluder	Der Arzt ordnete eine Röntgenaufnahme des Brustkorbs an, um eine Lungenentzündung auszuschließen.	El doctor ordenó una radiografía de pecho para descartar neumonía	Le médecin a prescrit une radio des poumons pour écarter une pneumonie.	Il dottore ha ordinato una radiografia del torace per escludere una polmonite	O doutor pediu um raio-X de tórax para descartar pneumonia	The doctor ordered a chest x-ray to rule out pneumonia	El metge va demanar una radiografia de tòrax per descartar una pneumònia.	La kuracisto mendis torakan rentgenon por ekskludi pulmonion	Le medico ordinava un radiographia del thorace pro excluder pneumonia.	4
08988	Nouns & Objects	Steering wheel	Lenkrad	Volante del carro	Volant	Volante dell'auto	Volante do carro	Volant	Stirilo	volante	Er hat die Kontrolle über das Lenkrad verloren.	Perdió el control del volante del carro	Il a perdu le contrôle du véhicule.	Ha perso il controllo del volante	Ele perdeu o controle do volante do carro	He lost control of the steering wheel	Va perdre el control del volant	Li perdis kontrolon de la stirilo	Ille perdeva le controlo del volante.	4
08989	Health & Wellness	Is the pain sharp, dull, stabbing, consistent or intermittent?	Ist der Schmerz stechend, dumpf, bohrend, konstant oder intermittierend?	¿El dolor es agudo, sordo, punzante, constante o intermitente?	La douleur est-elle vive, sourde, lancinante, constante ou intermittente ?	Il dolore è acuto, sordo, pungente, costante o intermittente?	A dor é aguda, latejante, pontada, constante ou intermitente?	El dolor és agut, sord, punxant, constant o intermitent?	Ĉu la doloro estas akra, milda, pikema, konstanta aŭ intermita?	Es le dolor acute, surde, pungente, constante o intermittente?										4
08991	Health & Wellness	**Try to not jut your chin forward** when you're doing the exercise.	**Versuchen Sie, Ihr Kinn nicht nach vorne zu strecken**, wenn Sie die Übung machen.	**Intente no empujar la barbilla** hacia adelante cuando esté haciendo el ejercicio.	**Essayez de ne pas projeter votre menton vers l'avant** quand vous faites l'exercice.	**Cerchi di non spingere il mento** in avanti mentre esegue l'esercizio.	**Tente não jogar o queixo** para frente quando estiver fazendo o exercício.	**Intenti no avançar la barbeta** quan faci l'exercici.	**Provu ne puŝi vian mentonon antaŭen** kiam vi faras la ekzercon.	Essaya de non projectar le mento in avante quando vos face le exercitio.										4
08992	Health & Wellness	When did you last eat?	Wann haben Sie das letzte Mal gegessen?	¿Cuándo fue la última vez que comió algo?	Quand avez-vous mangé pour la dernière fois ?	Quando è stata l'ultima volta che ha mangiato qualcosa?	Quando foi a última vez que você comeu alguma coisa?	Quan va ser l'última vegada que va menjar?	Kiam vi laste manĝis?	Quando esseva le ultime vice que vos mangiava qualcosa?										4
08993	Shopping & Services	You can go to the front and **check out**	Sie können nach vorne gehen und **bezahlen**	Usted puede pasar por la recepción y **registrar su salida** (o procesar su salida)	Vous pouvez aller à l'avant et **payer**	Può passare alla reception per **fare il check-out**	Você pode passar na recepção e **fazer o checkout**	Pot anar a recepció i **fer el pagament / registrar la sortida**	Vi povas iri al la fronto kaj **pagi la fakturon**	Vos pote passar al reception e registrar vostre partita.										5
08994	Health & Wellness	**I just want to get rid of** this pain	**Ich möchte diesen Schmerz einfach loswerden**	**Solo quiero que se me quite** este dolor	**Je veux juste me débarrasser de** cette douleur	**Voglio solo che mi passi** questo dolore	**Só quero que essa dor passe**	**Només vull desfer-me d'** aquest dolor	**Mi nur volas liberiĝi de** ĉi tiu doloro	Io vole solmente liberar me de iste dolor										5
08998	Adverbs & Frequency	I **kind of can** / I **sort of can**.	Ich **kann es halbwegs** / **einigermaßen**.	**Más o menos puedo** (hacerlo).	Je **peux plus ou moins** / **un peu**	**Riesco più o meno** (a farlo).	**Mais ou menos consigo** (fazer).	**Més o menys puc** (fer-ho).	Mi **iagrade povas**.	Io pote plus o minus facer lo.										5
08999	Idioms & Expressions	More often than not	Meistens / In den meisten Fällen	La mayoría de las veces	Le plus souvent / La plupart du temps	Il più delle volte	Na maioria das vezes	La majoria de les vegades	Plejofte	le plus sovente	Die Schmerzen oder diese Knubbel kommen meistens von Ihren Hormonen.	El dolor o esa sensación de bultitos, la mayoría de las veces, se debe a tus hormonas	La douleur ou ces grosseurs, la plupart du temps, viennent de vos hormones.	Il dolore, il più delle volte, è dovuto agli ormoni	A dor ou essa sensação de carocinhos, na maioria das vezes, é por causa dos seus hormônios	The pain or that lumpiness, more often than not, is from your hormones	El dolor o aquesta sensació de bonys, la majoria de les vegades, prové de les hormones	La doloro aŭ tiu tuberteco, plejofte, estas pro viaj hormonoj	Le dolor o ille nodositate, le plus sovente, es debite a tu hormones.	5
09000	Food & Gastronomy	Which **sides** would you like for this tray?	Welche **Beilagen** möchten Sie für dieses Tablett?	¿Qué **acompañamientos** (o guarniciones) le gustaría para esta bandeja?	Quels **accompagnements** voulez-vous pour ce plateau ?	Quali **contorni** vorrebbe per questo vassoio?	Quais **acompanhamentos** você gostaria para essa bandeja?	Quines **guarnicions** voldria per a aquesta safata?	Kiujn **krompladojn** vi deziras por ĉi tiu plado?	Qual accompaniamentos vole vos pro iste tabuliero?										5
09002	Business & Professional	Enrollment broker	Vermittler für Krankenversicherungstarife	Agente de inscripción	Courtier d'inscription / Conseil en affiliation	Agente di iscrizione	Corretor de seguros / Agente de inscrição	Agent d'inscripció	Aliĝ-makleristo	Agente de inscription										5
09003	Health & Wellness	Did you pass out at all?	Sind Sie überhaupt ohnmächtig geworden?	¿Llegó a desmayarse (usted)?	Avez-vous perdu connaissance ?	È svenuto(a) (lei)? / Ha perso conoscenza?	Você chegou a desmaiar?	S'ha arribat a desmaiar?	Ĉu vi entute svenis?	Ha vos perdite le conscientia del toto?										5
09007	Health & Wellness	— Are you taking a new medication? — **Not a new one**.	— Nehmen Sie ein neues Medikament? — **Kein neues**.	— ¿Está tomando algún medicamento nuevo? — **Nuevo no**.	— Prenez-vous un nouveau médicament ? — **Pas de nouveau**.	— Sta prendendo qualche farmaco nuovo? — **Nuovo no**.	— Está tomando algum remédio novo? — **Novo não**.	— Està prenent algun medicament nou? — **Nou no**.	— Ĉu vi prenas novan medikamenton? — **Ne novan**.	— Esque vos prende un nove medicamento? — Un nove, no.										4
09008	Medicine & Anatomy	Do I **have** many **chemotherapy sessions left**?	Habe ich noch viele **Chemotherapiesitzungen vor mir**?	¿Me **faltan** muchas **quimioterapias**?	Est-ce qu'il me **reste** beaucoup de **séances de chimiothérapie** ?	Mi **mancano** molte **chemio**?	Ainda **faltam** muitas **quimioterapias** para mim?	Em **falten** moltes **sessions de quimioteràpia**?	Ĉu al mi **restas** multaj **kemiaj terapioj**?	Manca me multe sessiones de chimiotherapia?										4
09009	Medicine & Anatomy	I can't **bring** my legs **together** like this, I feel like the right one doesn't **hold** and just **falls back to the side**.	Ich kann meine Beine so nicht **zusammenführen**, ich habe das Gefühl, das rechte **hält nicht** und **fällt einfach zur Seite zurück**.	No puedo **juntar** mis piernas así, siento que la derecha no se **sostiene** sino que **se regresa al lado**.	Je n'arrive pas à **rapprocher** mes jambes comme ça, j'ai l'impression que la droite ne **tient pas** et **retombe sur le côté**.	Non riesco a **unire** le gambe così, sento che la destra non **regge** ma **torna di lato**.	Não consigo **juntar** as minhas pernas assim, sinto que a direita não **segura** e **volta para o lado**.	No puc **juntar** les cames així, sento com si la dreta no **s'aguantés** i **tornés a caure cap al costat**.	Mi ne povas **kunigi** miajn krurojn tiel, mi sentas ke la dekstra ne **tenas sin** kaj nur **falas reen flanken**.	Io non pote junger mi gambas assi; io senti que le dextere non se sustene, sed simplemente recade al latere.										5
09010	Prepositions & Connectors	**As long as** you give me the appointment, **it doesn't matter** where.	**Solange** Sie mir den Termin geben, **ist es egal** wo.	**Siempre y cuando** me den la cita, **no importa** dónde.	**Du moment que** vous me donnez le rendez-vous, **peu importe** où.	**Purché** mi diano l'appuntamento, **non importa** dove.	**Contanto que** me deem a consulta, **não importa** onde.	**Sempre que** em donin la cita, **no importa** on.	**Kondiĉe ke** vi donos al mi la viziton, **ne gravas** kie.	Tanto que vos me da le appunctamento, non importa ubi.										4
09011	Medicine & Anatomy	I didn't feel a **pop** but a **crack**.	Ich habe kein **Knacken** gespürt, sondern ein **Knirschen**.	No sentí un **chasquido**, sino un **crujido**.	Je n'ai pas senti un **claquement** mais un **craquement**.	Non ho sentito uno **schiocco**, ma un **crepitio**.	Não senti um **estalo**, mas sim um **estalido/crepitação**.	No vaig sentir un **esclafit**, sinó un **cruixit**.	Mi ne sentis **subitan krakon** sed **rompiĝon**.	Io non sentiva un clac, sed un crepitation.										4
09012	Medicine & Anatomy	The baby was breech, and they had to do an emergency C-section.	Das Baby war in Beckenendlage und sie mussten einen Notkaiserschnitt durchführen.	La bebé venía sentada (en posición podálica) y tuvieron que hacerme una cesárea de emergencia.	Le bébé était en siège, et ils ont dû faire une césarienne d'urgence.	La bambina era in posizione podalica e hanno dovuto farmi un cesareo d'urgenza.	A bebê estava sentada (pélvica) e tiveram que fazer uma cesárea de emergência.	El nadó venia de natges i em van haver de fer una cesària d'urgència.	La bebo estis en puga prezentiĝo, kaj ili devis fari urĝan cezaran sekcion.	Le infante veniva in presentation podalic, e illes debeva facer un section cesaree de urgentia.										5
09014	Medical Situations	ribs	die Rippen	las costillas	les côtes	le costole	as costelas	les costelles	ripoj	costas	Meine Rippen tun weh, weil ich gegen die Arbeitsplatte gestoßen bin.	Me duelen las costillas porque me golpeé contra la encimera.	J'ai mal aux côtes parce que je me suis cogné contre le plan de travail.	Mi fanno male le costole perché ho sbattuto contro il piano di lavoro.	Minhas costelas doem porque bati na bancada.	My ribs hurt because I hit the countertop.	Em fan mal les costelles perquè m'he donat un cop contra el taulell.	Miaj ripoj doloras ĉar mi frapis la kuirejan tablon.	Mi **costas** dole, perque io me colpava contra le tabula de cocina.	4
09015	Meat & Seafood	ribs	die Rippchen	el costillar, las costillas (de cerdo)	les travers de porc, les côtes	le costine	as costelas (de porco), o entrecosto	el costellam, les costelles (de porc)	ripoj (kulinare)	costas	Ich bevorzuge Rippchen, weil es der reine Brustkorb mit anhaftendem Interkostalfleisch ist.	Prefiero el costillar porque es la caja torácica pura con la carne intercostal pegada.	Je préfère les travers de porc car c'est la cage thoracique pure avec la viande intercostale attachée.	Preferisco le costine perché sono la gabbia toracica pura con la carne intercostale attaccata.	Prefiro as costelas porque é a caixa torácica pura com a carne intercostal colada.	I prefer ribs because it's the pure rib cage with intercostal meat attached.	Prefereixo el costellam perquè és la caixa toràcica pura amb la carn intercostal enganxada.	Mi preferas ripojn ĉar ĝi estas la pura torako kun interripa viando alkroĉita.	Io prefere le **costas**, perque illos es le cassa thoracic pur con le carne intercostal attachate.	4
09017	Verbs	to kneel [knelt, knelt]	knien	arrodillarse	s'agenouiller	inginocchiarsi	ajoelhar-se	agenollar-se	genui	genicular se	Der Ritter **kniete** vor der Königin.	El caballero se **arrodilló** ante la reina.	Le chevalier s'est **agenouillé** devant la reine.	Il cavaliere si **inginocchiò** davanti alla regina.	O cavaleiro **ajoelhou-se** perante a rainha.	The knight **knelt** before the queen.	El cavaller es va **agenollar** davant de la reina.	La kavaliro genuis antaŭ la reĝino.	Le cavallero **se geniculava** ante le regina.	4
09022	Medicine & Anatomy	freckle	die Sommersprosse	la peca	la tache de rousseur	la lentiggine	a sarda	la piga	lentugo	lentigine	Er hat eine süße **Sommersprosse** auf der Nase.	Él tiene una linda **peca** en la nariz.	Il a une mignonne **tache de rousseur** sur le nez.	Ha una carina **lentiggine** sul naso.	Ele tem uma **sarda** fofa no nariz.	He has a cute **freckle** on his nose.	Ell té una **piga** molt maca al nas.	Li havas belan **lentugon** sur sia nazo.	Ille ha un belle lentigine super le naso.	4
09023	Medicine & Anatomy	armpit	die Achselhöhle, die Achsel	la axila	l'aisselle	l'ascella	a axila, o sovaco	l'aixella	akselo	axilla	Es ist wichtig, sich die **Achseln** zu waschen.	Es importante lavarse las **axilas**.	Il es important de se laver les **aisselles**.	È importante lavarsi le **ascelle**.	É importante lavar as **axilas**.	It is important to wash your **armpits**.	És important rentar-se les **aixelles**.	Estas grave lavi viajn **akselojn**.	Il es importante lavar le axillas.	4
09024	Medicine & Anatomy	knuckle	der Fingerknöchel	el nudillo	la jointure, la phalange	la nocca	a junta dos dedos, o nó dos dedos	l'artell, el nus del dit	fingroartiko	articulo del digito	Ich habe mir den **Fingerknöchel** an der Ziegelwand aufgeschürft.	Me raspé el **nudillo** en la pared de ladrillos.	Je me suis écorché la **jointure** sur le mur de briques.	Mi sono sbucciato la **nocca** sul muro di mattoni.	Ralei a minha **junta** na parede de tijolos.	I scraped my **knuckle** on the brick wall.	Em vaig raspar l'**artell** a la paret de maons.	Mi skrapis mian **fingroartikon** sur la brika muro.	Io me ha raspate le articulo del digito contra le muro de lateres.	4
