ID	Category	EN	DE	ES	FR	IT	PT	CA	EO	IA	txt_de	txt_es	txt_fr	txt_it	txt_pt	txt_en	txt_ca	txt_eo	txt_ia	Level
05831	Relationships & Dating	loser	der Versager , der Loser 	el perdedor	le perdant, le raté	il perdente	o(a) perdedor(a)	el perdedor (els perdedors), la perdedora (les perdedores)	malgajninto	perdente	Dieser Kerl ist ein Versager. Er hat keine Arbeit und trinkt den ganzen Tag lang	Ese chico es un perdedor. No trabaja y bebe todo el día	Ce mec est un raté. Il n'a pas de boulot et boit toute la journée	Quel ragazzo è un perdente. Non ha un lavoro e beve tutto il giorno	Esse rapaz é um perdedor. Ele não tem emprego e bebe o dia todo	That guy is a loser. He has no job and drinks all day	Aquell paio és un perdedor. No té feina i beu tot el dia.	Tiu ulo estas malgajninto. Li ne havas laboron kaj trinkas la tutan tagon.	Iste homine es un perdente. Ille non ha empleo e bibe tote le die.	16
05832	Relationships & Dating	to give someone goose bumps	jemandem eine Gänsehaut verpassen	poner la piel de gallina	donner à quelqu'un la chair de poule	far venire la pelle d'oca	fazer alguém ficar arrepiado(a)	posar la pell de gallina a algú	doni al iu anserhaŭton	dar pelle de gallina a alcuno	Ihre Stimme war außergewöhnlich! Sie hat mir eine Gänsehaut verpasst! 	¡Su voz era increíble! ¡Se me puso la piel de gallina! 	Sa voix était incroyable ! Elle m'a donné la chair de poule ! 	La sua voce è incredibile! Mi fa venire la pelle d'oca! 	A voz dela era incrível! Ela me fez ficar arrepiado 	Her voice was amazing! She gave me goose bumps! 	La seva veu era increïble! Em va posar la pell de gallina!	Ŝia voĉo estis mirinda! Ŝi donis al mi anserhaŭton!	Su voce esseva stupende! Illa me dava pelle de gallina!	16
05833	Relationships & Dating	Jaime is hung up on her ex. She can't move on	Jaime ist von ihrem Ex besessen. Sie kann ihn nicht vergessen	Jaime está obsesionada con su ex. Ella no puede pasar la página	Jaime est obsédée par son ex. Elle refuse de passer à autre chose	Jaime è ossessionata dal suo ex. Lei non riesce a voltare pagina	Jaime está obcecada pelo ex. Ela não consegue virar a página.	La Jaime està obsessionada amb el seu ex. No pot passar pàgina.	Jaime estas obsedita de sia eks-koramiko. Ŝi ne povas pluiri.	Jaime es obsedite per su ex. Illa non pote passar avante										16
05834	Relationships & Dating	My husband has put me through a lot. I was patient when he lost his job	Mein Mann hat mich in viele schwierige Situationen gebracht. Als er seinen Job verlor, war ich geduldig.	Mi marido me ha hecho pasar momentos terribles. Tuve mucha paciencia cuando perdió el trabajo	Mon mari m'a fait passer par des moments difficiles. J'ai été patiente quand il a perdu son emploi	Mio marito mi ha fatto passare dei momenti terribili. Sono stata paziente quando ha perso il lavoro	Meu marido me fez passar por poucas e boas. Eu tive muita paciência quando ele perdeu seu emprego.	El meu marit m'ha fet passar per moments molt durs. Vaig ser pacient quan va perdre la feina.	Mia edzo multe suferigis min. Mi estis pacienca kiam li perdis sian laboron.	Mi marito me ha facite passar per momentos terribile. Io habeva multe patientia quando ille perdeva le empleo										16
05835	Common Colloquialisms	cheesy	schnulzig, billig	cutre, de mal gusto	cul-cul, mielleux, à l'eau de rose	dozzinale, di cattivo gusto	piegas, brega	cursi, de mal gust	fromaĝeca	de mal gusto	Wie konntest du nur diese Sendung gucken? Die ist so schnulzig! 	¿Cómo puedes ver esta serie? ¡Es muy cutre!	Comment peux-tu regarder cette série ? C'est tellement cul-cul !	Come puoi guardare questa serie TV? È così dozzinale!	Como você pode assistir a esta série? Ela é tão piegas!	How could you watch this TV show? It's so cheesy!	Com pots mirar aquesta sèrie? És tan cursi!	Kiel vi povus spekti tiun televidan programon? Ĝi estas tiel fromaĝeca!	Como pote tu reguardar iste programma de television? Illo es tanto de mal gusto!	16
05836	Common Colloquialisms	to be the DD (designated driver)	den Chauffeur spielen (eine Person, die ausgewählt wird, um ihre angetrunkenen Freunde nach Hause bringen soll)	ser la persona que conduce y no bebe	être le Sam, être «celui qui conduit, c'est celui qui ne boit pas»	essere la persona che guida e non beve	ser o que conduz e não bebe	ser el conductor designat	esti la nomumita ŝoforo	esser le conductor designate	Wer spielt heute Abend den Chauffeur?	¿Quién conducirá y no beberá esta noche?	Qui va être Sam ce soir ?	Chi è che guida e non beve stasera?	Quem vai ser o condutor esta noite?	Who is going to be DD tonight?	Qui serà el conductor designat aquesta nit?	Kiu estos la nomumita ŝoforo ĉi-nokte?	Qui essera le conductor designate iste nocte?	16
05837	Slang & Idioms	I have a red-eye flight at 6 AM	Ich habe einen sehr frühen Flug, um 6 Uhr morgens	Tengo un vuelo de madrugada a las 6 de la mañana	J'ai un vol très tôt à 6h du matin	Ho un volo prestissimo alle 6 del mattino	(Eu) tenho um voo cedo, às 6h da manhã	Tinc un vol de matinada a les 6 del matí.	Mi havas ruĝ-okulan flugon je la 6-a matene.	Io ha un volo de nocte al 6 del matino										16
05838	Nouns	African	der Afrikaner 	el(la) africano(a)	l'Africain, l'Africaine	l'africano	o(a) africano(a)	l'africà (els africans), l'africana (les africanes)	afrikano	africano										16
05839	Nouns	beneficiary	der Begünstigte 	el(la) beneficiario(a)	le bénéficiaire	il beneficiario	o(a) beneficiário(a)	el beneficiari (els beneficiaris), la beneficiària (les beneficiàries)	profitanto	beneficiario										16
05840	Nouns	Canadian	der Kanadier 	el(la) canadiense	le Canadien	il canadese	o(a) canadense	el canadenc (els canadencs), la canadenca (les canadenques)	kanadano	canadian										16
05841	Nouns	cliché	das Klischee 	el cliché	le cliché	il cliché, il luogo comune	o clichê	el clixé (els clixés)	kliŝo	cliché										16
05842	Nouns	counting	die Zählung 	el cálculo (ES), el conteo (AL)	le décompte	il conteggio	a contagem	el recompte (els recomptes), el càlcul (els càlculs)	kalkulado	computo										16
05843	Nouns	builder	der Konstrukteur 	el(la) constructor(a)	le constructeur	il costruttore	o(a) construtor(a)	el constructor (els constructors), la constructora (les constructores)	konstruisto	constructor										16
05844	Nouns	Cuban	der Kubaner 	el(la) cubano(a)	le Cubain	il cubano	o(a) cubano(a)	el cubà (els cubans), la cubana (les cubanes)	kubano	cubano										16
05845	Nouns	outset	der Anfang 	el inicio	le début, le commencement	l'inizio	o início	l'inici (els inicis), el començament (els començaments)	komenco	initio										16
05846	Nouns	clergyman, ecclesiastic	der Kleriker 	el clérigo	l'ecclésiastique 	l'ecclesiastico	o clérigo	el clergue (els clergues)	kleriko	clerico										16
05847	Nouns	feminist	der Feminist 	el(la) feminista	le (la) féministe	la femminista	o(a) feminista	el feminista (els feministes), la feminista (les feministes)	feministo	feminista										16
05848	Nouns	filibuster	die Verschleppungstaktik 	la obstrucción (parlamentaria)	l'obstruction (parlementaire)	l'ostruzionismo (parlamentare)	a obstrução (parlamentar)	l'obstruccionisme (parlamentari)	obstrukco (parlamenta)	obstruction parlamentari										16
05849	Nouns	inability	die Unfähigkeit 	la inhabilidad	l'incapacité 	l'incapacità	a inabilidade	la incapacitat (les incapacitats), la inhabilitat (les inhabilitats)	nekapablo	inhabilitate										16
05850	Nouns	academy	die Akademie 	la academia	l'académie 	l'accademia	a academia	l'acadèmia (les acadèmies)	akademio	academia										16
05851	Nouns	accuser	der Ankläger 	el(la) acusador(a)	l'accusateur, l'accusatrice 	l'accusatore, l'accusatrice	o(a) acusador(a)	l'acusador (els acusadors), l'acusadora (les acusadores)	akuzanto	accusator										16
05852	Nouns	deed	die Tat , das Dokument 	el hecho, el acto	l'action  l'acte 	l'azione , l'atto	a ação, o ato	el fet (els fets), l'acte (els actes)	ago	acto										16
05853	Nouns	newscast	die Nachrichtensendung , die Nachricht 	el noticiero	l'actualité 	il notiziario	o noticiário	l'informatiu (els informatius), el noticiari (els noticiaris)	novaĵelsendo	emission de novas										16
05854	Nouns	farewell	der Abschied 	la despedida	l'adieu 	l'addio	a despedida	el comiat (els comiats), l'adéu (els adéus)	adiaŭo	adieu										16
05855	Nouns	contestant	der Gegner , der Konkurrent 	el concursante	l'adversaire , le concurrent	il rivale, il concorrente	o(a) adversário(a), o(a) concorrente	el concursant (els concursants), la concursant (les concursants)	konkursanto	concurrente										16
05856	Nouns	adversary	der Gegner 	el(la) adversario(a)	l'adversaire 	l'avversario	o(a) adversário(a)	l'adversari (els adversaris), l'adversària (les adversàries)	kontraŭulo	adversario										16
05857	Nouns	unrest	die Unruhe 	la agitación	l'agitation 	le agitazioni	a agitação	l'agitació, els disturbis	maltrankvilo	agitation										16
05858	Nouns	animation	die Animation 	la animación	l'animation 	l'animazione 	a animação	l'animació	animacio	animation										16
05859	Nouns	appetite	der Appetit 	el apetito	l'appétit 	l'appetito	o apetite	la gana, l'apetit	apetito	appetito										16
05860	Nouns	input	der Beitrag 	el aporte, la contribución	l'apport 	l'apporto, l'input	o aporte, a contribuição	l'aportació (les aportacions), la contribució (les contribucions)	enigo	apporto										16
05861	Nouns	appropriation	die Inbesitznahme, die Aneignung	la apropiación	l'appropriation 	l'appropriazione, lo stanziamento	a apropriação	l'apropiació	apropriado	appropriation										16
05862	Nouns	archive	das Archiv 	el archivo, el registro	l'archive 	l'archivio	o arquivo	l'arxiu (els arxius)	arkivo	archivo										16
05863	Nouns	armour	die Rüstung 	la armadura	l'armure 	l'armatura	a armadura	l'armadura (les armadures)	kiraso	armatura										16
05864	Nouns	artery	die Arterie 	la arteria	l'artère 	l'arteria	a artéria	l'artèria (les artèries)	arterio	arteria										16
05865	Nouns	aspiration	die Aspiration , das Bestreben 	la aspiración	l'aspiration 	l'aspirazione 	a aspiração	l'aspiració (les aspiracions)	aspiro	aspiration										16
05866	Nouns	congregation	die Kongregation 	la congregación	l'assemblée , la congrégation	la congregazione	a congregação religiosa	la congregació (les congregacions)	kongregacio	congregation										16
05867	Nouns	autism	der Autismus 	el autismo	l'autisme 	l'autismo	o autismo	l'autisme	aŭtismo	autismo										16
05868	Nouns	sticker	der Aufkleber , der Sticker 	el adhesivo	l'autocollant 	l'adesivo	o adesivo	l'adhesiu (els adhesius), el gomet (els gomets)	glumarko	etiquetta adhesive										16
05869	Nouns	autobiography	die Autobiografie 	la autobiografía	l'autobiographie 	l'autobiografia	a autobiografia	l'autobiografia (les autobiografies)	aŭtobiografio	autobiographia										16
05870	Nouns	loophole	die Lücke , das Schlupfloch 	el tecnicismo, la laguna (jurídica)	la faille (juridique)	la scappatoia (legale)	a brecha (legal)	l'escletxa legal (les escletxes), el buit legal (els buits)	leĝa kaŝpasejo	lacuna juridic										16
05871	Nouns	glamor, glamour	der Glamour	el glamour	le glamour	il glamour	o glamour	el glamur	glamoro	glamour										16
05872	Nouns	educator	der Erzieher 	el(la) educador(a)	l'éducateur, l'éducatrice	l'educatore, l'educatrice	o(a) educador(a)	l'educador (els educadors), l'educadora (les educadores)	edukisto	educator										16
05873	Nouns	bloodshed	das Blutvergießen 	el derramamiento de sangre	l'effusion  de sang	lo spargimento di sangue	o derramamento de sangue	el vessament de sang	sangoverŝado	effusion de sanguine										16
05874	Nouns	toddler	das Kleinkind 	el niño de temprana edad	l'enfant en bas âge	il bambino piccolo	a criança (até dois anos)	el nen (els nens) petit (1-3 anys), la nena (les nenes) petita (les petites)	infaneto	infante de etate tender										16
05875	Nouns	abduction	die Entführung 	la abducción, el secuestro	l'enlèvement 	il rapimento	a abdução	l'abducció (les abduccions), el segrest (els segrestos)	forkapto	abduction										16
05876	Nouns	registration	die Anmeldung , die Einschreibung 	el registro, la inscripción	l'enregistrement , l'inscription 	la registrazione, l'iscrizione 	o registro, a inscrição	el registre (els registres), la inscripció (les inscripcions)	registrado	registration										16
05877	Nouns	accord	das Abkommen , die Vereinbarung 	el acuerdo	l'entente 	l'accordo	o acordo, o pacto	l'acord (els acords)	interkonsento	accordo										16
05878	Nouns	envoy	der Gesandte 	el(la) enviado(a)	l'envoyé , le représentant	l'inviato, l'emissario	o(a) enviado(a)	l'enviat (els enviats), l'enviada (les enviades), l'emissari (els emissaris), l'emissària (les emissàries)	sendito	inviato										16
05879	Nouns	sword	das Schwert 	la espada	l'épée 	la spada	a espada	l'espasa (les espases)	glavo	spada										16
05880	Nouns	showdown	die (finale) Auseinandersetzung 	la confrontación	la confrontation, l'épreuve  de force	il regolamento di conti	o confronto	la confrontació final (les confrontacions finals)	konfrontiĝo	confrontation										16
05881	Nouns	maple	der Ahorn 	el arce azucarero, el maple	l'érable 	l'acero	o bordo	l'auró (els aurons)	acero	acere de sucro										16
05882	Nouns	crook	der Gauner 	el(la) bandido(a)	l'escroc 	il truffatore	o(a) vigarista	el bergant (els bergants), l'estafador (els estafadors)	fripono	bandito										16
05883	Nouns	espionage	die Spionage 	el espionaje	l'espionnage 	lo spionaggio	a espionagem	l'espionatge	spionado	spionage										16
05884	Nouns	array	die Anordnung , die Aufstellung 	el despliegue	l'étalage 	lo schieramento	a exibição	el desplegament (els desplegaments), la matriu (les matrius)	aro	disposition										16
05885	Nouns	pond	der Teich 	el estanque	l'étang 	lo stagno, il laghetto	a lagoa	l'estany (els estanys), la bassa (les basses)	lageto	stagno										16
05886	Nouns	spark	der Funke 	la chispa	l'étincelle 	la scintilla	a centelha	l'espurna (les espurnes), la guspira (les guspires)	fajrero	scintilla										16
05887	Nouns	ex-husband	der Exmann 	el ex-marido	l'ex-mari 	l'ex marito	o ex-marido	l'exmarit (els exmarits)	eksedzo	ex-marito										16
05888	Nouns	excellence	die Vorzüglichkeit 	la excelencia	l'excellence 	l'eccellenza 	a excelência	l'excel·lència	ekscelenco	excellentia										16
05889	Nouns	expedition	die Forschungsreise , die Expedition 	la expedición	l'expédition 	la spedizione 	a expedição	l'expedició (les expedicions)	ekspedicio	expedition	Das Forschungsteam ist gestern zu seiner Expedition durch den Amazonas aufgebrochen.	Ayer el equipo de exploradores comenzaron su expedición por el Amazonas.	L'équipe d'explorateurs a commencé son expédition à travers l'Amazone hier.	La squadra di esploratori ha iniziato la spedizione attraverso l'Amazonia ieri.	A equipe de exploradores começaram sua expedição pela Amazônia ontem.	The team of explorers began their expedition through the Amazon yesterday.	L'equip d'exploradors va començar la seva expedició per l'Amazones ahir.	La teamo de esploristoj komencis sian ekspedicion tra la Amazono hieraŭ.	Le equipa de exploratores comenciava su expedition per le Amazonas heri.	16
05890	Nouns	shipment	die Verschiffung , die Ladung 	un envío	l'expédition , l'envoi 	la spedizione, il carico	o envio, o despacho	l'enviament (els enviaments), la càrrega (les càrregues)	sendo	invio	Wir haben die Ladung erhalten, auch wenn sie drei Tage verspätet war. 	Recibimos el envío, a pesar de que tenía tres días de retraso.	Nous avons reçu l'envoi, bien qu'il était en retard de trois jours.	abbiamo ricevuto la spedizione, anche se era in ritardo di tre giorni.	Nós recebemos o envio, embora que com três dias de atraso.	We received the shipment, although it was three days late.	Vam rebre l'enviament, tot i que tenia tres dies de retard.	Ni ricevis la sendon, kvankam ĝi estis tri tagojn malfrua.	Nos recipeva le invio, ben que illo arrivava con tres dies de retardo.	16
05891	Nouns	mining	der Bergbau 	la minería	l'extraction  minière	l'estrazione mineraria	a extração de minério	la mineria	minado	mina	Der Bergbau ist eine gefährliche, aber notwendige Tätigkeit. 	La minería es una actividad peligrosa pero necesaria	L'extraction minière est une activité dangereuse mais nécessaire 	L'estrazione mineraria è un'attività pericolosa ma necessaria	A extração de minério é uma atividade perigosa, mas necessária	Mining is a dangerous yet necessary activity 	La mineria és una activitat perillosa però necessària.	Minado estas danĝera tamen necesa agado.	Le mina es un activitate periculose ma necessari.	16
05892	Nouns	harmony	die Harmonie 	la armonía	l'harmonie 	l'armonia	a harmonia	l'harmonia	harmonio	harmonia										16
05893	Nouns	hypocrisy	die Heuchelei 	la hipocresía	l'hypocrisie 	l'ipocrisia	a hipocrisia	la hipocresia	hipokriteco	hypocrisia										16
05894	Nouns	ideal	das Ideal 	el ideal	l'idéal 	l'ideale 	o ideal	l'ideal (els ideals)	idealo	ideal										16
05895	Nouns	illusion	die Illusion 	la ilusión	l'illusion 	l'illusione 	a ilusão	l'il·lusió (les il·lusions)	iluzio	illusion										16
05896	Nouns	standoff	die Sackgasse 	el punto muerto	l'impasse  (dans un conflit)	lo stallo	o impasse	el punt mort (els punts morts), l'atzucac (els atzucacs) (en un conflicte)	blokiĝo	impasse										16
05897	Nouns	pulse, impulse	der (Im)Puls  	el impulso	l'impulsion 	l'impulso, l'energia vitale 	o impulso	el pols (els polsos), l'impuls (els impulsos)	pulso	impulso										16
05898	Nouns	downside	die Kehrseite 	la desventaja, el lado negativo	l'inconvénient , le côté négatif	l'inconveniente 	o lado negativo	el desavantatge (els desavantatges), l'inconvenient (els inconvenients)	malavantaĝo	disavantage										16
05899	Nouns	clout	das Gewicht , der Einfluss 	la palanca, la influencia	l'influence , le poids	l'influenza (importanza), il peso	a influência, o peso	la influència (les influències), el pes (els pesos)	influo	influentia										16
05900	Nouns	informant	der Informant 	el informador	l'informateur 	l'informatore	o informante	l'informador (els informadors), la informadora (les informadores), el confident (els confidents)	informanto	informator										16
05901	Nouns	breach	der Verstoß , das Vergehen 	la infracción	l'infraction 	la violazione, l'infrazione	a infração, a violação	l'infracció (les infraccions), la violació (les violacions)	rompo	infraction										16
05902	Nouns	injustice	die Ungerechtigkeit 	la injusticia	l'injustice 	l'ingiustizia	a injustiça	la injustícia (les injustícies)	maljusteco	injustitia										16
05903	Nouns	instability	die Instabilität , die Unsicherheit 	la inestabilidad	l'instabilité 	l'instabilità	a instabilidade	la inestabilitat	malstabileco	instabilitate										16
05904	Nouns	installation	die Installation 	la instalación	l'installation 	l'installazione 	a instalação	la instal·lació (les instal·lacions)	instalaĵo	installation										16
05905	Nouns	integration	die Integration 	la integración	l'intégration 	l'integrazione 	a integração	la integració	integriĝo	integration										16
05906	Nouns	intern	der Praktikant 	el(la) practicante	l'interne, le stagiaire	lo stagista, il tirocinante	o(a) estagiário(a)	el becari (els becaris), la becària (les becàries), el passant (els passants), la passant (les passants)	staĝanto	practicante										16
05907	Nouns	intersection	die Kreuzung 	la intersección	l'intersection 	l'incrocio, l'intersezione 	a interseção	la cruïlla (les cruïlles), la intersecció (les interseccions)	intersekciĝo	intersection										16
05908	Nouns	intimidation	die Einschüchterung 	la intimidación	l'intimidation 	l'intimidazione 	a intimidação	la intimidació	timigo	intimidation										16
05909	Nouns	inventory	das Inventar 	el inventario	l'inventaire 	l'inventario	o inventário	l'inventari (els inventaris)	inventaro	inventario										16
05910	Nouns	invention	die Erfindung 	el invento, la invención	l'invention 	l'invenzione 	a invenção	la invenció (les invencions), l'invent (els invents)	invento	invention										16
05911	Nouns	obesity	die Fettleibigkeit 	la obesidad	l'obésité 	l'obesità	a obesidade	l'obesitat	obezeco	obesitate										16
05912	Nouns	watcher	der Beobachter 	el observador	l'observateur 	l'osservatore, lo spettatore	o observador	l'observador (els observadors), l'observadora (les observadores)	observanto	observator										16
05913	Nouns	hurdle, obstacle	das Hindernis , die Hürde 	el obstáculo	l'obstacle 	l'ostacolo	o obstáculo	l'obstacle (els obstacles), la trava (les traves)	obstaklo	obstaculo										16
05914	Nouns	warhead	der Sprengkopf 	la ojiva 	l'ogive 	la testata (arma)	a ogiva	l'ogiva (les ogives), el cap nuclear (els caps nuclears)	eksplodkapo	ogiva										16
05915	Nouns	goose	die Gans 	el(la) ganso(a)	l'oie 	l'oca	o(a) ganso(a)	l'oca (les oques)	ansero	ansere										16
05916	Nouns	orbit	der Orbit 	la órbita	l'orbite 	l'orbita	a órbita	l'òrbita (les òrbites)	orbito	orbita										16
05917	Nouns	organism	der Organismus 	el organismo	l'organisme	l'organismo	o organismo	l'organisme (els organismes)	organismo	organismo										16
05918	Nouns	orientation	die Orientierung 	la orientación	l'orientation 	l'orientamento	a orientação	l'orientació	orientiĝo	orientation										16
05919	Nouns	bay	die Bucht 	la bahía	la baie	la baia	a baía	la badia (les badies)	golfo	baia										16
05920	Nouns	countryside	die Landschaft , das Land 	el campo (zona rural)	la campagne (zone rurale)	la campagna (zona rurale)	o campo, a zona rural	el camp (zona rural) (els camps)	kamparo	campo										16
05921	Nouns	capture	die Festnahme , die Gefangennahme 	la captura	la capture	la cattura	a captura	la captura (les captures)	kapto	captura										16
05922	Nouns	stunt (movie)	der Stunt  (Film)	la escena peligrosa (cine)	la cascade (film)	l'acrobazia (film)	a cena perigosa (filme)	l'escena de risc (cinema) (les escenes de risc)	riskagaĵo (filmo)	scena periculose										16
05923	Nouns	censure, censorship	die Zensur 	la censura	la censure	la censura	a censura	la censura	cenzuro	censura										16
05924	Nouns	flesh	der Leib  (Körper)	la carne (cuerpo)	la chair	la carne (corpo)	a carne (corpo)	la carn (cos)	karno (korpo)	carne										16
05925	Nouns	chemotherapy	die Chemotherapie 	la quimioterapia	la chimiothérapie	la chemioterapia	a quimioterapia	la quimioteràpia	kemioterapio	chimiotherapia										16
05926	Nouns	fundraising	die Kapitalbeschaffung 	el recaudo de fondos	la collecte de fonds	la raccolta fondi	a angariação de fundos	la recaptació de fons (les recaptacions)	monkolektado	collecta de fundos										16
05927	Nouns	spine	die Wirbelsäule 	la columna vertebral	la colonne vertébrale	la colonna vertebrale 	a coluna vertebral	la columna vertebral (les columnes vertebrals)	spino	columna vertebral										16
05928	Nouns	complexity	die Komplexität 	la complejidad	la complexité	la complessità	a complexidade	la complexitat	komplekseco	complexitate										16
05929	Nouns	composition	die Komposition , die Zusammensetzung 	la composición	la composition	la composizione	a composição	la composició (les composicions)	komponado	composition										16
05930	Nouns	conservation	die Erhaltung , das Erhalten 	la conservación	la conservation	la conservazione, la tutela	a conservação	la conservació	konservado	conservation										16
05931	Nouns	consultation	der Termin (beim Arzt) , die Konsultation 	la consulta	la consultation	la consultazione, il consulto	a consulta	la consulta (les consultes)	konsulto	consulta	Ich habe um 13.00 Uhr einen Termin beim Arzt, um meine Behandlungsmöglichkeiten zu besprechen.	Tengo una consulta a las 13.00 con el doctor, en la que analizaremos los diferentes tratamientos	J'ai une consultation à 13h avec le docteur, pendant laquelle nous discuterons de mes options thérapeutiques.	Ho un consulto alle 13:00 con il dottore, in cui discuteremo le mie opzioni per le cure.	Eu tenho uma consulta às 13 horas com o médico, na qual vamos discutir minhas opções de tratamento.	I have a consultation at 13:00 with the doctor, in which we will discuss my treatment options.	Tinc una consulta a les 13:00 amb el metge, on parlarem de les meves opcions de tractament.	Mi havas konsulton je la 13:00 kun la kuracisto, en kiu ni diskutos miajn kuracajn eblojn.	Io ha un consulta al 13:00 con le doctor, in le qual nos discutera mi optiones de tractamento.	16
05932	Nouns	coordination	die Koordination 	la coordinación	la coordination	la coordinazione, il coordinamento	a coordenação	la coordinació	kunordigo	coordination	Ich habe den Eindruck, dass in diesem Unternehmen keine Koordination zwischen den verschiedenen Abteilungen besteht!	¡Tengo la impresión que en esta empresa no hay coordinación entre los diferentes departamentos!	J'ai l'impression que dans cette société, il n'y a pas de coordination entre les différents départements !	Ho l'impressione che in questa società non ci sia coordinamento tra i vari dipartimenti!	Eu tenho a impressão de que nesta empresa não existe uma coordenação entre os diferentes departamentos!	I have the impressions that in this company there is no coordination between the different departments!	Tinc la impressió que en aquesta empresa no hi ha coordinació entre els diferents departaments!	Mi havas la impreson, ke en ĉi tiu kompanio ne estas kunordigo inter la diversaj departementoj!	Io ha le impression que in iste compania il non ha coordination inter le differente departimentos!	16
05933	Nouns	chord	der Akkord  (Musik)	el acorde	l'accord (musique)	l'accordo (musica)	o acorde (música)	l'acord (música) (els acords)	akordo (muziko)	accordo										16
05934	Nouns	rib	die Rippe 	la costilla	la côte (viande)	la costola	a costela	la costella (les costelles)	ripo	costa										16
05935	Nouns	diaper	die Windel 	el pañal	la couche culotte	il pannolino	a fralda	el bolquer (els bolquers)	vindaĵo	pannello										16
05936	Nouns	crown	die Krone 	la corona	la couronne	la corona	a coroa	la corona (les corones)	krono	corona										16
05937	Nouns	crusade	der Kreuzzug 	la cruzada	la croisade	la crociata	a cruzada	la croada (les croades)	krucmilito	cruciata										16
05938	Nouns	deduction	die Ableitung , der Abzug 	la deducción	la déduction	la deduzione, la detrazione	a dedução	la deducció (les deduccions)	depreno	deduction										16
05939	Nouns	advocacy	die juristische Verteidigung 	la defensa, el apoyo	le plaidoyer	il patrocinio, il sostegno a	a advocacia, a defesa	la defensa (les defenses), el suport (legal) (els suports)	lobio	defensa										16
05940	Nouns	distress	die Not 	la angustia	la détresse	l'angoscia	a angústia	l'angoixa, l'aflicció	aflikto	angustia										16
05941	Nouns	discretion	die Diskretion , die Verschwiegenheit 	la discreción	la discrétion	la discrezione	a discrição	la discreció	diskreteco	discretion										16
05942	Nouns	contention	der Streit 	la discordia, la contienda	la dispute, la contestation	la contesa, la disputa	a discórdia	la discòrdia (les discòrdies), la contesa (les conteses)	disputo	contention										16
05943	Nouns	ease	die Leichtigkeit , die Ungezwungenheit 	la facilidad	la facilité, l'aise 	la facilità, l'agio	a facilidade, a comodidade	la facilitat, la comoditat	facileco	facilitate										16
05944	Nouns	faculty	die Fakultät 	la facultad	la faculté	la facoltà	a faculdade	la facultat (les facultats)	fakultato	facultate										16
05945	Nouns	fatality	das Verhängnis , das Unglück	la fatalidad	la fatalité	la fatalità	a fatalidade	la fatalitat	mortiĝo	fatalitate										16
05946	Nouns	fairy	die Fee 	el hada	la fée	la fata	a fada	la fada (les fades)	feo	fee										16
05947	Nouns	slot	das Zeitfenster 	la ranura	le créneau (horaire)	la fessura, lo spazio	a fenda	la ranura (les ranures), la franja horària (les franges horàries)	fendo	fissura										16
05948	Nouns	madness, insanity	die Verrücktheit , der Wahnsinn 	la locura	la folie, l'absurdité 	la follia, la pazzia	a loucura	la bogeria, la follia	frenezo	follia										16
05949	Nouns	foundation	das Fundament 	la fundación	la fondation	la fondazione	a fundação	la fundació (les fundacions)	fondaĵo	fundation	Das Fundament der modernen Wissenschaften wird oft auf die Werke Isaac Newtons zurückgeführt. 	La fundación de las ciencias modernas se suele atribuir al trabajo de Isaac Newton	La fondation des sciences modernes est souvent attribuée au travail d'Isaac Newton	La fondazione delle scienze moderne è spesso attribuita al lavoro di Isaac Newton	A fundação das ciências modernas é, muitas vezes, atribuída ao trabalho de Isaac Newton	The foundation of modern science is often credited with the works of Isaac Newton	La fundació de les ciències modernes s'atribueix sovint a l'obra d'Isaac Newton.	La fondaĵo de moderna scienco estas ofte atribuita al la verkoj de Isaac Newton.	Le fundation del scientia moderne es sovente attribuite al obras de Isaac Newton.	16
05950	Nouns	fur	das Fell , der Pelz 	el pelaje, la piel	la fourrure	la pelliccia	a pele (de animal)	la pell (les pells), el pelatge (els pelatges)	pelo	pellicia										16
05951	Nouns	franchise	die Franchise 	la franquicia	la franchise	la concessione	a franquia	la franquícia (les franquícies)	franĉizo	franchitia										16
05952	Nouns	frenzy	die Raserei , der Wahn 	el frenesí	la frénésie	la frenesia	o frenesi	el frenesí	frenezeco	phrenesia										16
05953	Nouns	frequency	die Häufigkeit 	la frecuencia	la fréquence	la frequenza	a frequência	la freqüència (les freqüències)	frekvenco	frequentia										16
05954	Nouns	attendance	die Anwesenheit 	la asistencia	la fréquentation, la présence, le nombre de personnes présentes	la frequenza, la presenza	a presença	l'assistència, la presència	ĉeesto	assistentia	Als seine Anwesenheit bei der Arbeit nachließ, wusste ich, dass es er schon in kurzer Zeit gar nicht mehr kommen würde.	Una vez que disminuyó su asistencia al trabajo, yo sabía que no faltaría mucho tiempo hasta que parara de venir del todo.	Dès que sa présence au travail a diminué, je savais qu'il fallait peu de temps avant qu'il ne vienne plus du tout.	Quando la sua presenza a lavoro diminuì, io sapevo che ci sarebbe voluto poco perché non venisse più per niente.	Quando sua presença no trabalho diminuiu, eu sabia que bastaria um pouco mais de tempo antes de ele não vir mais ao trabalho de vez.	Once his attendance at work decreased, I knew it would only be a short amount of time until he didn't come at all.	Quan la seva assistència a la feina va disminuir, vaig saber que no trigaria a deixar de venir del tot.	Kiam lia ĉeesto ĉe la laboro malpliiĝis, mi sciis, ke pasos nur mallonga tempo antaŭ ol li tute ne venos.	Un vice que su assistentia al labor diminueva, io sapeva que il esserea solmente un breve tempore ante que ille non venirea del toto.	16
05955	Nouns	genetics	die Genetik 	la genética	la génétique	la genetica	a genética	la genètica	genetiko	genetica										16
05956	Nouns	gravity	die Schwerkraft , die Gravitation 	la gravedad	la gravité	la gravità	a gravidade	la gravetat	gravito	gravitate										16
05957	Nouns	grenade	die Granate 	la granada	la grenade	la granata	a granada	la granada (les granades)	grenado	granata										16
05958	Nouns	justification	die Rechtfertigung 	la justificación	la justification	la giustificazione	a justificação	la justificació (les justificacions)	pravigo	justification										16
05959	Nouns	lecture	die Vorlesung , die Konferenz 	la clase, la conferencia	le cours, la conférence	la lezione, la conferenza	a aula, a conferência	la classe magistral (les classes magistrals), la conferència (les conferències)	prelego	conferentia										16
05960	Nouns	legitimacy	die Rechtmäßigkeit 	la legitimidad	la légitimité	la legittimità	a legitimidade	la legitimitat	legitimeco	legitimitate										16
05961	Nouns	raising	die Erhebung , die Erhöhung 	el aumento (finanzas)	l'augmentation 	l'aumento 	o levantamento	l'augment (finances) (els augments)	altigo (financo)	augmentation										16
05962	Nouns	liberation	die Befreiung 	la liberación	la libération	la liberazione	a liberação	l'alliberament (els alliberaments)	liberigo	liberation										16
05963	Nouns	rental	die Miete 	el alquiler	la location	l'abbonamento, il noleggio, l'affitto	o aluguel, a locação	el lloguer (els lloguers)	luado	location										16
05964	Nouns	rationale	der Gedankengang 	el fundamento lógico	la logique, le raisonnement	il fondamento logico	o fundamento lógico	el fonament lògic (els fonaments), el raonament (els raonaments)	raciaĵo	fundamento logic										16
05965	Nouns	daylight	das Tageslicht 	la luz del día	la lumière du jour	la luce del giorno	a luz do dia	la llum del dia	taglumo	lumine del die										16
05966	Nouns	honeymoon	die Flitterwochen	la luna de miel	la lune de miel	la luna di miele	a lua-de-mel	la lluna de mel (les llunes de mel)	mielmonato	luna de melle										16
05967	Nouns	implementation	der Vollzug , die Durchführung 	la implementación	la mise en oeuvre	l'attuazione 	a implementação	la implementació, l'execució	efektivigo	implementation										16
05968	Nouns	mortality	die Sterblichkeit 	la mortalidad	la mortalité	la mortalità	a mortalidade	la mortalitat	morteco	mortalitate										16
05969	Nouns	nutrition	die Ernährung 	la nutrición	la nutrition	la nutrizione	a nutrição	la nutrició	nutrado	nutrition										16
05970	Nouns	pause	die Pause 	la pausa	la pause	la pausa	a pausa	la pausa (les pauses)	paŭzo	pausa										16
05971	Nouns	sentence (legal punishment)	die Strafe 	la pena, la sentencia	la peine, la sentence	la sentenza	a pena, a sentença	la pena (les penes), la sentència (legal) (les sentències)	puno (jura)	sententia										16
05972	Nouns	slope	der Hang 	la pendiente	la pente	il pendio, l'inclinazione 	a inclinação	el pendent (els pendents), la vessant (les vessants)	deklivo	pendente										16
05973	Nouns	outlook	die Perspektive , die Aussicht 	la perspectiva	la perspective	la veduta, la prospettiva	a perspectiva	la perspectiva (les perspectives), el panorama (els panorames)	perspektivo	perspectiva	Seine Perspektive auf das Leben warsehr düster, da er glaubte, nur 40 Jahre alt zu werden.	Su perspectiva sobre la vida era bastante oscura, en pensar que solamente viviría hasta los 40.	Sa perspective sur la vie était assez sombre, en pensant qu'il ne vivrait que jusqu'à 40 ans	La sua prospettiva sulla vita era piuttosto fosca, nel pensare che avrebbe vissuto solo fino ai 40.	Sua perspectiva da vida era bastante sombria, pensava que ele só viveria até os 40 anos.	His outlook on life was quite dismal, in thinking that he'd only live to be 40.	La seva perspectiva sobre la vida era bastant ombrívola, pensant que només viuria fins als 40 anys.	Lia perspektivo pri la vivo estis sufiĉe malgaja, pensante ke li vivos nur ĝis 40-jara.	Su perspectiva super le vita esseva bastante lugubre, per pensar que ille viverea solmente usque al etate de 40 annos.	16
05974	Nouns	photography	die Fotografie , die Fotografie 	la fotografía	la photographie	la fotografia	a fotografia	la fotografia (les fotografies)	fotografio	photographia										16
05975	Nouns	chase	die Verfolgungsjagd 	la persecución	la poursuite	l'inseguimento	a perseguição	la persecució (les persecucions)	ĉasado	persecution										16
05976	Nouns	premiere	die Premiere , die Uraufführung 	el estreno	la première	la prima (di uno spettacolo)	a estreia	l'estrena (les estrenes)	premiero	première										16
05977	Nouns	realization	die Realisierung 	la realización, la comprensión	la prise de conscience	la presa di coscienza	a constatação	la comprensió, adonar-se de	konsciiĝo	realisation										16
05978	Nouns	hardship	die harten Umstände	la adversidad	l'adversité	l'avversità 	a dificuldade	la dificultat (les dificultats), l'adversitat (les adversitats)	malfacilaĵo	adversitate										16
05979	Nouns	proliferation	die Vermehrung , die Zunahme 	la proliferación	la prolifération	la proliferazione	a proliferação	la proliferació	proliferado	proliferation										16
05980	Nouns	prostate	die Prostata 	la próstata	la prostate	la prostata	a próstata	la pròstata (les pròstates)	prostato	prostata										16
05981	Nouns	rebellion	die Rebellion 	la rebelión	la rébellion	la ribellione	a rebelião	la rebel·lió (les rebel·lions)	ribelo	rebellion										16
05982	Nouns	rebuilding	der Wiederaufbau 	la reconstrucción	la reconstruction	la ricostruzione	a reconstrução	la reconstrucció (les reconstruccions)	rekonstruado	reconstruction										16
05983	Nouns	rehabilitation	die Rehabilitation , die Resozialisierung 	la recuperación	la réhabilitation	la riabilitazione, il recupero	a reabilitação	la rehabilitació (les rehabilitacions)	rehabilitado	rehabilitation										16
05984	Nouns	waiver	die Verzichtserklärung 	la exención	l'exception {f}, la dérogation	la rinuncia	a renúncia	la renúncia (les renúncies), l'exempció (les exempcions)	rezigno	exemption										16
05985	Nouns	resolve	die Entschlossenheit 	la determinación, la resolución	la résolution	la risolutezza	a resolução	la determinació (les determinacions), la resolució (les resolucions)	decidemo	determination										16
05986	Nouns	retreat	der Rückzug 	la retirada	la retraite (battre en retraite)	la ritirata	a retirada (bater em retirada)	la retirada (les retirades)	retiriĝo	retirada										16
05987	Nouns	retrospect	der Rückblick 	la retrospección	la rétrospection	lo sguardo al passato	o retrospecto	la retrospectiva (les retrospectives)	retrospektivo	retrospection										16
05988	Nouns	turnaround	die Kehrtwende , das Turnaround 	el cambio de rumbo	le revirement, la volte-face	il dietrofront, il voltafaccia	a virada, a reviravolta	el canvi de rumb (els canvis), el tomb (els tombs)	turniĝo	cambio de rumbo										16
05989	Nouns	ruin	die Ruine 	la ruina	la ruine	la rovina	a ruína	la ruïna (les ruïnes)	ruino	ruina										16
05990	Nouns	breakup	die Trennung 	la separación 	la rupture	la rottura (di una relazione)	a ruptura, a quebra	la ruptura (les ruptures), la separació (les separacions)	disiĝo	separation										16
05991	Nouns	foreclosure, seizure	die Zwangsvollstreckung , die Ergreifung 	la incautación, el embargo	la saisie	il pignoramento, il sequestro, la confisca	o encerramento, o despejo, o confisco	l'embargament (els embargaments), la confiscació (les confiscacions)	ekzekucio	sequestration										16
05992	Nouns	backup	das Backup , die Sicherung 	la copia de seguridad	la sauvegarde	di riserva, il sostegno, il backup	a salvaguarda	la còpia de seguretat (les còpies de seguretat)	rezerva kopio	copia de securitate										16
05993	Nouns	sitting, session	die Sitzung 	la sesión	la séance	la seduta	a sessão, a reunião	la sessió (les sessions), la reunió (les reunions)	kunsido	session										16
05994	Nouns	segregation	die Segregation , die Trennung 	la segregación	la ségrégation	la segregazione	a segregação	la segregació	apartigo	segregation										16
05995	Nouns	sensitivity	die Empfindsamkeit 	la sensibilidad	la sensibilité	la sensibilità	a sensibilidade	la sensibilitat	sentemo	sensibilitate										16
05996	Nouns	greenhouse	das Treibhaus , das Gewächshaus 	el invernadero	la serre	la serra	a estufa	l'hivernacle (els hivernacles)	forcejo	serra										16
05997	Nouns	probe	die Sonde , die Untersuchung 	la sonda	la sonde	la sonda, l'indagine 	a sonda	la sonda (les sondes), la investigació (les investigacions)	sondilo	sonda										16
05998	Nouns	supervision	die Beaufsichtigung , die Überwachung 	la supervisión	la supervision	la supervisione	a supervisão	la supervisió	superrigardo	supervision										16
05999	Nouns	suspension	die Suspendierung	la suspensión	la suspension	la sospensione	a suspensão	la suspensió (les suspensions)	suspendo	suspension										16
06000	Nouns	stain	der Fleck 	la mancha	la tache	la macchia	a mancha	la taca (les taques)	makulo	macula										16
06001	Nouns	waist	die Taille 	la cintura	la taille, le tour de taille	la vita (anatomica)	a cintura	la cintura (les cintures)	talio	cinctura										16
06002	Nouns	temptation	die Versuchung 	la tentación	la tentation	la tentazione	a tentação	la temptació (les temptacions)	tento	tentation										16
06003	Nouns	slice	die Scheibe 	una rebanada, una tajada	la tranche	la fetta	a fatia	la llesca (les llesques), la tallada (les tallades)	tranĉaĵo	trencho										16
06004	Nouns	trench	der Graben 	la trinchera	la tranchée	il fosso, la trincea	a trincheira	la rasa (les rases), la trinxera (les trinxeres)	tranĉeo	trenchea										16
06005	Nouns	variation	die Abweichung , die Variation 	la variación	la variation	la variazione	a variação	la variació (les variacions)	vario	variation										16
06006	Nouns	vulnerability	die Verletzlichkeit , die Verletzbarkeit  	la vulnerabilidad	la vulnérabilité	la vulnerabilità	a vulnerabilidade	la vulnerabilitat	vundebleco	vulnerabilitate										16
06007	Nouns	prom	der Abschlussball 	el baile de fin de curso	le bal de fin d'année	il ballo di fine anno	o baile de colação de grau	el ball de fi de curs (els balls)	promociobalo	ballo de fin de curso										16
06008	Nouns	sweeping	das Kehren , das Fegen 	el barrido	le balayage	la spazzata	a varredura	l'escombrada (les escombrades)	balaado	scopatura										16
06009	Nouns	commuter	der Pendler 	el suburbano	le banlieusard, la banlieusarde	il pendolare	o(a) suburbano(a)	el pendular (els pendulars), la persona que viatja diàriament a la feina	pendolanto	viagiator pendular										16
06010	Nouns	dam, barrage	der Damm 	el dique	le barrage	la diga, lo sbarramento	a barragem	la presa (les preses), el dic (els dics)	digo	dica										16
06011	Nouns	hype	die Publicity 	el despliegue publicitario	le battage publicitaire / médiatique	il battage pubblicitario	a propaganda enganosa	el bombo publicitari	reklama ekscito	promotion exaggerate										16
06012	Nouns	concrete	der Beton 	el concreto	le béton	il calcestruzzo	o concreto	el formigó	betono	concreto										16
06013	Nouns	bruise	der Bluterguss , der blaue Fleck 	el moratón	le bleu, la contusion	il livido, l'ammaccatura	o hematoma, a contusão	el blau (els blaus), el morat (els morats)	kontuzo	contusion										16
06014	Nouns	timber	das Bauholz , das Nutzholz , das Holz 	troncos de madera	le bois de construction	il legname	a madeira de construção	la fusta de construcció	konstruligno	truncos de ligno										16
06015	Nouns	roadside	der Straßenrand 	la cuneta	le bord de la route	il ciglio della strada	o acostamento	el voral (els vorals)	vojrando	bordo del cammino										16
06016	Nouns	bureaucrat	der Bürokrat 	el(la) burócrata	le bureaucrate	il burocrate	o(a) burocrata	el buròcrata (els buròcrates)	burokrato	bureaucrate										16
06017	Nouns	burglary	der Einbruch 	el asalto, el robo	le cambriolage	il furto con scasso	o furto	el robatori amb força (els robatoris)	rompŝtelo	furto										16
06018	Nouns	cameraman	der Kameramann 	el camarógrafo	le caméraman	il cameraman	o cinegrafista	el càmera (els càmeres)	kameraisto	operator de camera										16
06019	Nouns	cartel	das Kartell 	el cartel 	le cartel	il cartello	o cartel	el càrtel (els càrtels)	kartelo	cartel										16
06020	Nouns	locker	das Schließfach 	la taquilla	le casier	l'armadietto	o armário (com fechadura)	la taquilla (les taquilles), l'armariet (els armariets)	ŝranketo	armario										16
06021	Nouns	wrestling	das Freistilringen , der Ringkampf 	la lucha libre	le catch	la lotta libera	a luta livre	la lluita lliure	luktado	lucta										16
06022	Nouns	coffin	der Sarg 	el ataúd	le cercueil	la bara	o caixão	el taüt (els taüts)	ĉerko	feretro										16
06023	Nouns	deer	der Hirsch 	el venado, el(la) ciervo(a)	le cerf	il cervo	o(a) cervo(a)	el cérvol (els cérvols)	cervo	cervo										16
06024	Nouns	challenger	der Herausforderer 	el retador	le challenger	lo sfidante	o(a) desafiante	el reptador (els reptadors), l'aspirant (els aspirants)	defanto	provocator										16
06025	Nouns	charm	der Charme 	el encanto	le charme	il fascino	o charme	l'encant (els encants), el carisma (els carismes)	ĉarmo	charme										16
06026	Nouns	colon (anatomy)	der Dickdarm 	el colon	le côlon	il colon	o cólon	el còlon (anatomia)	kolono (anatomio)	colon										16
06027	Nouns	colonel	der Oberst 	el coronel	le colonel	il colonnello	o(a) coronel	el coronel (els coronels)	kolonelo	colonello										16
06028	Nouns	coma	das Koma 	el coma	le coma	il coma	o coma	el coma (els comes)	komo	coma										16
06029	Nouns	gossip	der Klatsch , der Tratsch 	el chisme	le commérage	il pettegolezzo	a fofoca	la xafarderia (les xafarderies), el safareig (els safareigs)	klaĉo	commatrage										16
06030	Nouns	communism	der Kommunismus 	el comunismo	le communisme	il comunismo	o comunismo	el comunisme	komunismo	communismo										16
06031	Nouns	compliment	das Kompliment 	el cumplido	le compliment	il complimento	o cumprimento	el compliment (els compliments), l'afalac (els afalacs)	komplimento	complimento										16
06032	Nouns	accountant	der Buchhalter 	el(la) contador(a)	le comptable	il ragioniere	o(a) contador(a)	el comptable (els comptables)	kontisto	contabile										16
06033	Nouns	contender	der Rivale 	el contendiente	le candidat, le participant	il concorrente	o(a) concorrente	el contendent (els contendents), el rival (els rivals)	konkursanto	contendente										16
06034	Nouns	curator	der Kurator 	el curador	le conservateur (de musée)	il curatore (di museo)	o curador 	el comissari (els comissaris), la comissària (de museu) (les comissàries)	kuratoro (muzea)	curator										16
06035	Nouns	monitoring	die Überwachung 	el monitoreo	le contrôle	il monitoraggio	o monitoramento	el monitoratge, el seguiment	monitorado	surveliantia										16
06036	Nouns	coordinator	der Koordinator 	el(la) coordinador(a)	le coordinateur	il coordinatore	o(a) coordenador(a)	el coordinador (els coordinadors), la coordinadora (les coordinadores)	kunordiganto	coordinator										16
06037	Nouns	curfew	die Ausgangssperre 	el toque de queda	le couvre-feu	il coprifuoco	o toque de recolher	el toc de queda (els tocs de queda)	elirmalpermeso	coperifoco										16
06038	Nouns	scream	der Schrei 	el grito, el alarido	le cri, le hurlement	l'urlo, il grido	o grito	el crit (els crits)	krio	crito										16
06039	Nouns	perpetrator, felon	der Täter , der Schwerverbrecher 	el criminal	le criminel	il perpetratore, l'esecutore (di un crimine), il criminale	o(a) agressor(a), o(a) criminoso(a)	l'autor (els autors), el criminal (els criminals)	krimulo	criminal										16
06040	Nouns	leather	das Leder 	el cuero	le cuir	la pelle, il cuoio	o couro	el cuir (els cuirs)	ledo	corio										16
06041	Nouns	ass	der Arsch 	el culo	le cul	il culo	o ânus	el cul (els culs)	pugo	culo										16
06042	Nouns	misdemeanour	das leichte Vergehen , das Bagatelldelikt 	el delito	le délit	il misfatto, la trasgressione	o delito	el delicte menor (els delictes menors)	delikteto	delicto minor										16
06043	Nouns	demon	der Dämon 	el demonio	le démon	il demone	o demônio	el dimoni (els dimonis)	demono	demonio										16
06044	Nouns	removal	die Beseitigung , die Abschaffung 	la extracción	l'enlèvement, la suppression	la rimozione	a remoção	l'extracció (les extraccions), l'eliminació (les eliminacions)	forigo	extraction										16
06045	Nouns	despair, desperation	die Verzweiflung 	la desesperación	le désespoir	la disperazione	o desespero	la desesperació	despero	desperation										16
06046	Nouns	polygraph	der Lügendetektor 	el polígrafo	le détecteur de mensonge	la macchina della verità	o polígrafo	el polígraf (els polígrafs), el detector de mentides (els detectors)	poligrafo	polygrapho										16
06047	Nouns	holder	der Halter , der Besitzer 	el titular	le détenteur	il possessore, il proprietario 	o titular	el titular (els titulars), el posseïdor (els posseïdors)	posedanto	titular										16
06048	Nouns	developer	der Entwickler 	el desarrollador	le développeur 	lo sviluppatore	o desenvolvedor	el desenvolupador (els desenvolupadors), la desenvolupadora (les desenvolupadores)	disvolvisto	disveloppator										16
06049	Nouns	dissent	die Meinungsverschiedenheit , die Uneinigkeit 	el disentimiento	le désaccord	il dissenso	o desacordo	el dissens (els dissensos), el desacord (els desacords)	malkonsento	dissension										16
06050	Nouns	dock	das Dock 	el muelle	le dock	il molo	o pier, a doca	el moll (els molls), la dàrsena (les dàrsenes)	doko	mole										16
06051	Nouns	dean	der Dekan 	el(la) decano(a)	le doyen	il preside	o(a) decano(a)	el degà (els degans), la degana (les deganes)	dekano	decano										16
06052	Nouns	fireworks	das Feuerwerk 	los fuegos artificiales, la pirotecnia	le feu d'artifice	i fuochi d'artificio	os fogos de artifício	els focs artificials	artfajraĵo	focos de artificio										16
06053	Nouns	wildfire	das Lauffeuer 	el incendio forestal	le feu de forêt	l'incendio boschivo	o incêndio na floresta	l'incendi forestal (els incendis forestals)	arbara incendio	incendio forestal										16
06054	Nouns	crossfire	das Kreuzfeuer 	el fuego cruzado	le feu-croisé	il fuoco incrociato	o fogo cruzado	el foc creuat	krucpafado	foco cruciate										16
06055	Nouns	blockbuster	der Kassenschlager , der Blockbuster 	el éxito de taquilla, el éxito de ventas	le film à gros succès	un successo al botteghino	o sucesso de bilheteria	l'èxit de taquilla (els èxits de taquilla)	furoraĵo	grande successo commercial										16
06056	Nouns	fetus	der Fötus 	el feto	le fœtus	il feto	o feto	el fetus (els fetus)	feto	feto										16
06057	Nouns	supplier	der Lieferant 	el proveedor	le fournisseur	il fornitore	o(a) fornecedor(a)	el proveïdor (els proveïdors), la proveïdora (les proveïdores)	provizanto	fornitor										16
06058	Nouns	bodyguard	der Bodyguard 	el(la) guardaespaldas	le garde du corps	la guardia del corpo	o(a) guarda-costas	el guardaespatlles (els guardaespatlles)	korpogardisto	guarda de corpore										16
06059	Nouns	gulf	der Golf 	el golfo	le golfe	il golfo	o golfo	el golf (geografia) (els golfs)	golfo	golfo										16
06060	Nouns	grill	der Grill 	la parrilla, el grill	le grill	la griglia	a grelha	la graella (les graelles), el grill (els grills)	kradrostejo	grillia										16
06061	Nouns	hazard	das Risiko , der Zufall 	el riesgo	le risque	il rischio, il pericolo	o perigo, o risco	el risc (els riscos), el perill (els perills)	risko	risco										16
06062	Nouns	kindergarten	der Kindergarten 	la guardería	le jardin d'enfants, la maternelle	l'asilo	o jardim de infância	la llar d'infants (les llars d'infants), el jardí d'infància (els jardins d'infància)	infanĝardeno	jardin de infantes										16
06063	Nouns	golfer	der Golfspieler 	el(la) golfista	le joueur de golf	il golfista	o(a) golfista	el golfista (els golfistes)	golfludanto	jocator de golf										16
06064	Nouns	layoff	die Entlassung 	el despido	le licenciement	il licenziamento	a demissão	l'acomiadament (els acomiadaments)	 maldungo	licentiamento										16
06065	Nouns	manual	das Handbuch 	el manual	le manuel	il manuale	o manual	el manual (els manuals)	manlibro	manual										16
06066	Nouns	marathon	der Marathon 	la maratón	le marathon	la maratona	a maratona	la marató (les maratons)	maratono	marathon										16
06067	Nouns	marker	der Textmarker 	el marcador	le marqueur	il paletto, il pennarello	o marcador	el retolador (els retoladors)	markilo	marcator										16
06068	Nouns	slaughter	das Massaker 	la matanza	le massacre	il massacro	o massacre	la matança (les matances), la massacre (les massacres)	masakro	massacro										16
06069	Nouns	playoff	das Playoff 	la eliminatoria	le match de qualification, le match décisif	lo spareggio, l'incontro a eliminazione diretta	o mata-mata	l'eliminatòria (les eliminatòries), el desempat (els desempats)	decida matĉo	elimination										16
06070	Nouns	chin	das Kinn 	el mentón	le menton	il mento	o queixo	la barbeta (les barbettes), el mentó (els mentons)	mentono	mento										16
06071	Nouns	messenger	der Bote 	el mensajero	le messager	il messaggero	o(a) mensageiro(a)	el missatger (els missatgers), la missatgera (les missatgeres)	mesaĝisto	messagero										16
06072	Nouns	billionaire	der Milliardär 	el(la) millonario(a), el(la) multimillonario(a)	le milliardaire	il miliardario	o(a) bilionário(a)	el milmilionari (els milmilionaris), la milmilionària (les milmilionàries)	miliardulo	milliardario										16
06073	Nouns	mortar	der Mörtel 	el mortero	le mortier	il mortaio	o morteiro	el morter (els morters)	mortero	mortero										16
06074	Nouns	mould	die Form	el molde	le moule, le terreau	la muffa, lo stampo	o molde, a forma	el motlle (els motlles)	muldilo	forma										16
06075	Nouns	clean-up	das Putzen , das Reinigen 	la limpieza	le nettoyage	la pulita, la ripulita	a limpeza	la neteja (les neteges)	purigado	nettation										16
06076	Nouns	palm tree	die Palme 	la palmera	le palmier	la palma, il palmo	a palmeira	la palmera (les palmeres)	palmo	palma										16
06077	Nouns	passing	das Hinscheiden 	la defunción	la disparition (mort)	la scomparsa (morte)	o falecimento	la defunció (les defuncions), el traspàs (els traspassos)	forpaso	decesso										16
06078	Nouns	treat	die Leckerei 	la sorpresita	le petit plaisir	il piacere, la sorpresina	o prazer, o regalo	el caprici (els capricis), el gustet (els gustets)	regalo	delicia										16
06079	Nouns	pianist	der Pianist 	el(la) pianista	le (la) pianiste	il pianista	o(a) pianista	el pianista (els pianistes), la pianista (les pianistes)	pianisto	pianista										16
06080	Nouns	pirate	der Pirat 	el(la) pirata	le pirate	il pirata	o(a) pirata	el pirata (els pirates)	pirato	pirata										16
06081	Nouns	hijacker	der Hijacker , der Entführer 	el secuestrador (de aviones/vehículos)	le pirate de l'air	il dirottatore	o sequestrador	el segrestador (d'avions) (els segrestadors)	aviadilkaperisto	raptor										16
06082	Nouns	planner	der Planer 	el organizador, el proyectista	le planificateur	il pianificatore, il progettista	o planejador	el planificador (els planificadors), la planificadora (les planificadores)	planisto	planificator										16
06083	Nouns	diver	der Taucher 	El buzo	le plongeur	il tuffatore, il palombaro	o mergulhador	el bus (els busos), el bussejador (els bussejadors)	plonĝisto	scafandrero										16
06084	Nouns	highlight	die Hervorhebung	el destaque	le point culminant	il clou	o destaque, o ponto alto	el punt culminant (els punts culminants), el més destacat	kulminaĵo	puncto culminante										16
06085	Nouns	checkpoint	der Checkpoint , der Kontrollpunkt 	el puesto de control	le point de contrôle	il posto di blocco	o posto de controle	el punt de control (els punts de control)	kontrolpunkto	posto de controlo										16
06086	Nouns	viewpoint	der Standpunkt 	el punto de vista	le point de vue	il punto di vista	o ponto de vista	el punt de vista (els punts de vista)	vidpunkto	puncto de vista										16
06087	Nouns	fireman	der Feuerwehrmann 	el(la) bombero(a)	le pompier	il pompiere	o(a) bombeiro(a)	el bomber (els bombers), la bombera (les bomberes)	fajrobrigadisto	pumpero										16
06088	Nouns	porch	die Veranda 	el porche	le porche	la veranda	a varanda	el porxo (els porxos)	verando	portico										16
06089	Nouns	predecessor	der Vorläufer , der Vorgänger 	el predecesor	le prédécesseur	il predecessore	o(a) predecessor(a)	el predecessor (els predecessors), la predecessora (les predecessores)	antaŭulo	predecessor										16
06090	Nouns	lender	der Verleiher 	el(la) prestamista	le prêteur, la prêteuse	il prestatore, la prestatrice	o(a) credor(a)	el prestador (els prestadors), la prestadora (les prestadores)	pruntedonanto	prestator										16
06091	Nouns	protocol	das Protokoll 	el protocolo	le protocole	il protocollo	o protocolo	el protocol (els protocols)	protokolo	protocollo										16
06092	Nouns	advertiser	der Inserent 	el anunciante	l'annonceur 	l'inserzionista 	o(a) anunciante	l'anunciant (els anunciants)	reklamanto	annunciator										16
06093	Nouns	takeover	die Übernahme 	la adquisición, la toma de poder	le rachat, la prise de contrôle	l'acquisizione, la presa di potere	o controle, a posse	l'adquisició (les adquisicions), la presa de control (les preses de control)	transpreno	acquisition										16
06094	Nouns	reactor	der Reaktor 	el reactor	le réacteur	il reattore	o reator	el reactor (els reactors)	reaktoro	reactor										16
06095	Nouns	census	die Volkszählung 	el censo	le recensement	il censimento	o censo	el cens (els censos)	censo	censo										16
06096	Nouns	rejection	die Ablehnung 	el rechazo	le rejet	il rifiuto	a rejeição	el rebuig (els rebutjos)	malakcepto	rejection										16
06097	Nouns	reverend	der Pfarrer , der Pastor 	el reverendo	le révérend	il reverendo	o(a) reverendo(a)	el reverend (els reverends), la reverenda (les reverendes)	respektinda pastro	reverendo										16
06098	Nouns	tap	der Wasserhahn 	el grifo (ES), la canilla, la llave (AL)	le robinet	il rubinetto	a torneira	l'aixeta (les aixetes)	krano	valvula										16
06099	Nouns	novelist	der Romanautor 	el(la) novelista	le romancier, la romancière	il romanziere	o(a) romancista	el novel·lista (els novel·listes), la novel·lista (les novel·listes)	romanverkisto	novellista										16
06100	Nouns	realm, kingdom	das (König)Reich 	el reino	le royaume, le domaine	il regno	o reino, o domínio	el reialme (els reialmes)	regno	regno										16
06101	Nouns	ribbon	das Band 	la cinta	le ruban	il nastro	a fita	la cinta (les cintes)	rubando	fascia										16
06102	Nouns	sanctuary	das Heiligtum , der Altarraum 	el santuario	le sanctuaire	il santuario	o santuário	el santuari (els santuaris)	sanktejo	sanctuario										16
06103	Nouns	rescuer	der Retter 	el salvador	le sauveteur	il soccorritore	o salvador	el rescatador (els rescatadors), el salvador (els salvadors)	savanto	salvator										16
06104	Nouns	scepticism	die Skepsis 	el escepticismo	le scepticisme	lo scetticismo	o ceticismo	l'escepticisme	skeptikismo	scepticismo										16
06105	Nouns	seminar	das Seminar 	el seminario	le séminaire	il seminario	o seminário	el seminari (els seminaris)	seminario	seminario										16
06106	Nouns	threshold	die Schwelle 	el umbral	le seuil	la soglia	o limiar	el llindar (els llindars)	sojlo	limine										16
06107	Nouns	whistle	die Pfeife 	el silbato	le sifflet	il fischio, il fischietto	o apito	el xiulet (els xiulets)	fajfilo	sibilo										16
06108	Nouns	socialism	der Sozialismus 	el socialismo	le socialisme	il socialismo	o socialismo	el socialisme	socialismo	socialismo										16
06109	Nouns	uprising	der Aufstand 	el levantamiento	le soulèvement	l'insurrezione	a insurreição	l'aixecament (els aixecaments), la revolta (les revoltes)	ribelo	insurrection										16
06110	Nouns	bra	der BH 	el sujetador (ES), el sostén (AL) 	le soutien gorge	il reggiseno	o sutiã	els sostenidors	mamzono	fasce pectoral										16
06111	Nouns	pageant	der Festzug , der Wettbewerb 	el concurso, el desfile	le spectacle, le concours	il concorso, la recita in costume 	o concurso	el concurs (els concursos), la desfilada (les desfilades)	spektaklo	concurso										16
06112	Nouns	surrogate	der Ersatz 	el sustituto / subrogado	le substitut	il surrogato	o(a) substituto(a)	el substitut (els substituts), el suplent (els suplents)	surogato	surrogato										16
06113	Nouns	successor	der Nachfolger 	el(la) sucesor(a)	le successeur	il successore	o(a) sucessor(a)	el successor (els successors), la successora (les successores)	posteulo	successor										16
06114	Nouns	tracking	das Verfolgen , das Nachstellen 	el rastreo, el seguimiento	le suivi, le dépistage	l'inseguimento, il rilevamento	o rastreamento	el seguiment (els seguiments), el rastreig (els rastreigs)	spurado	surveliantia, tracia										16
06115	Nouns	superpower	die Supermacht 	la superpotencia	le super pouvoir	il superpotere	a superpotência	la superpotència (les superpotències)	superpotenco	superpotentia										16
06116	Nouns	supplement	die Ergänzung 	el suplemento	le supplément	il supplemento	o suplemento	el suplement (els suplements)	suplemento	supplemento										16
06117	Nouns	playground	der Spielplatz 	el parque infantil	le terrain de jeu	il parco giochi	o playground, o parque	el parc infantil (els parcs infantils)	ludejo	campo de joco										16
06118	Nouns	turning	die Abbiegung , die Kurve , der Wendepunkt 	el giro, la curva	le tournant, le virage	il punto di svolta, la curva	o ponto de viragem, a curva	el punt d'inflexió (els punts d'inflexió), el gir (els girs)	turnopunkto	giro										16
06119	Nouns	triangle	das Dreieck 	el triángulo	le triangle	il triangolo	o triângulo	el triangle (els triangles)	triangulo	triangulo										16
06120	Nouns	flock	die Herde 	un rebaño, una bandada	le troupeau	il gregge, lo stormo	o rebanho	el ramat (els ramats), la bandada (les bandades)	gregaro	grege										16
06121	Nouns	spray	das/der Spray 	el espray, el aerosol	le spray	lo spruzzo, lo spray	o vaporizador, o spray	l'esprai (els esprais), l'aerosol (els aerosols)	ŝprucigilo	aerosol										16
06122	Nouns	verse	der Vers 	el verso	le vers (poésie)	il verso	o verso (poesia)	el vers (poesia) (els versos)	verso (poezio)	verso										16
06123	Nouns	villain	der Schurke , der Ganove 	el(la) villano(a)	le méchant, le vilain, la racaille	il mascalzone, il cattivo	o vilão, a vilã	el malvat (els malvats), el dolent (els dolents)	fiulo	villano										16
06124	Nouns	roommate	der Zimmergenosse 	el(la) compañero(a) de habitación	le voisin de chambre, le colocataire	il compagno di stanza	o(a) colega de quarto	el company (els companys), la companya d'habitació (les companyes)	ĉambrokunulo	companion de camera										16
06125	Nouns	chess (game)	das Schach 	el ajedrez (juego)	les échecs (le jeu)	gli scacchi (il gioco)	xadrez (jogo)	els escacs (joc)	ŝako (ludo)	chacos										16
06126	Nouns	tuition	die Schulgebühr 	la matrícula	les frais de scolarité	la retta, le tasse scolastiche	a mensalidade	la matrícula (les matrícules), les taxes escolars	instrukotizo	matricula										16
06127	Nouns	crackdown	das scharfe Vorgehen , die Razzia	la medida severa	les mesures de répression	la repressione	a repressão	la mesura dràstica (les mesures), la repressió	subpremo	mesura sever										16
06128	Nouns	radiowaves	die Radiowellen	las ondas de radio	les ondes radio	le onde radio	as ondas sonoras	les ones de ràdio	radioondoj	undas de radio										16
06129	Nouns	x-ray	die Röntgenstrahlen	los rayos X	les rayons x	i raggi X	os raios x	els raigs X	rentgenradioj	radios X										16
06130	Nouns	wilderness	die Wildnis 	la tierra salvaje	les régions sauvages	la landa selvaggia	a selva, a região selvagem	la terra salvatge, la natura verge	sovaĝejo	terra salvage										16
06131	Nouns	remorse	die Reue , das Schuldgefühl 	el remordimiento	les remords	il rimorso	o remorso	el remordiment (els remordiments)	pento	remorso										16
06132	Nouns	retaliation	die Vergeltung 	la represalia	les représailles	la rappresaglia	a retaliação, a represália	la represàlia (les represàlies)	reprezalio	represalia										16
06133	Nouns	dealings	die Geschäfte, die Transaktionen	los negocios, las transacciones	les transactions	i rapporti, le transazioni	as transações	els negocis, els tractes	negocoj	transactiones										16
06134	Nouns	narcotic	die Droge , das Rauschgift 	el narcótico	le narcotique	il narcotico	o narcótico	el narcòtic (els narcòtics)	narkotaĵo	narcotico										16
06135	Nouns	parallel	die Parallele 	el(la) paralelo(a)	la parallèle	la parallela, il parallelo	o(a) paralelo(a)	el paral·lel (els paral·lels), la paral·lela (les paral·leles)	paralelo	parallelo										16
06136	Nouns	permit	der Erlaubnisschein	el permiso	le permis	il permesso	a permissão, a licença	el permís (els permisos)	permeso	permisso										16
06137	Nouns	radical	der Radikale 	el radical	le radical	il radicale	o(a) radical	el radical (els radicals)	radikalulo	radical										16
06138	Nouns	setback	der Rückschlag , die Verzögerung 	el contratiempo	le revers, le contretemps	il contrattempo, l'intoppo	o contratempo	el contratemps (els contratemps), el revés (els revessos)	malsukceso	contratempore										16
06139	Nouns	Shiite	der Schiite 	el(la) chiita	le Shiite	lo sciita	o(a) xiita	el xiïta (els xiïtes)	ŝijaisto	shiita										16
06140	Nouns	Swiss	der Schweizer, die Schweizerin	el(la) suizo(a)	le Suisse, la Suissesse	lo svizzero	o(a) suíço(a)	el suís (els suïssos), la suïssa (les suïsses)	sviso	suisse										16
06141	Nouns	follow-up	die Weiterverfolgung 	el seguimiento	le suivi	il seguito	o acompanhamento	el seguiment (els seguiments)	sekvado	continuation										16
06142	Nouns	treasury	die Schatzkammer 	la tesorería	la trésorerie	la tesoreria	a tesouraria	la tresoreria (les tresoreries)	trezorejo	thesaureria										16
06143	Nouns	Turkish	der Türke 	el(la) turco(a)	le Turc, la Turque	il turco	o(a) turco(a)	el turc (els turcs), la turca (les turques)	turko	turco										16
06144	Nouns	Yugoslav	der Jugoslawe 	el(la) yugoslavo(a)	le(la) Yougoslave	lo iugoslavo 	o(a) iugoslavo(a)	el iugoslau (els iugoslaus), la iugoslava (les iugoslaves)	jugoslavo	yugoslavo										16
06145	Nouns	tab (computer)	die Tabulatortaste, der Tab (Computer)	el tabulador (ordenador)	l'onglet , la touche de tabulation	la linguetta (finestra di dialogo), la tabulazione	a aba, o tabulador (computador)	la pestanya (ordinador) (les pestanyes)	langeto (komputilo)	tabulator										16
06146	Nouns	momentum	der Schwung, das Momentum	el ímpetu, la dinámica	l'élan , la dynamique	lo slancio 	a dinâmica	l'impuls, l'embranzida	impeto	impeto	Die Verkäufe bekommen im ersten Trimester wieder Schwung. 	Las ventas recuperan el ímpetuen el primer trimestre 	Les ventes reprennent leur élan au premier trimestre 	Le vendite riprendono slancio nel primo trimestre 	As vendas recuperam sua dinâmica no primeiro trimestre	Sales regain their momentum in the first quarter 	Les vendes recuperen l'impuls en el primer trimestre.	Vendoj reakiras impeton en la unua kvarono.	Le venditas recupera lor impeto in le prime trimestre.	16
06147	Nouns	period, deadline	der Zeitraum, die Frist	el plazo (de tiempo)	le délai, l'échéance	il termine (di tempo)	o prazo 	el termini (els terminis)	limdato	termino										16
06148	Adjectives	heartbreaking	herzzerreißend	desgarrador	qui fend le coeur, déchirant(e)	penoso(a), straziante	penoso(a)	desgarrador(a)	korŝira	lacerante										16
06149	Adjectives	addictive	süchtig machend	adictivo(a)	addictif(ve)	che dà assuefazione	viciante	addictiu(iva)	dependiga	addictive										16
06150	Adjectives	adoptive	Adoptiv-	adoptivo(a)	adoptif, adoptive	adottivo(a)	adotivo(a)	adoptiu(iva)	adoptita	adoptive										16
06151	Adjectives	startling	verblüffend	deslumbrante	surprenant(e)	sorprendente, sbalorditivo(a)	espantoso(a)	sorprenent, enlluernador	miriga	stupefaciente										16
06152	Adjectives	alarming	alarmierend	alarmante	alarmant(e)	allarmante	alarmante	alarmant	alarma	alarmante										16
06153	Adjectives	animated	belebt	animado(a)	animé(e)	animato(a)	animado(a)	animat(ada)	vigla	animate										16
06154	Adjectives	authentic	authentisch	auténtico(a)	authentique	autentico(a)	autêntico(a)	autèntic(a)	aŭtenta	authentic										16
06155	Adjectives	battered	geschlagen	maltratado(a)	battu(e)	maltrattato(a), ammaccato(a)	espancado(a), maltratado(a)	maltractat(ada), colpejat(ada)	batita	maltractate										16
06156	Adjectives	armoured	gepanzert	blindado(a)	blindé(e)	blindato(a)	blindado(a)	blindat(ada), cuirassat(ada)	kirasa	blindate										16
06157	Adjectives	charitable	wohltätig	caritativo(a)	caritatif, caritative	filantropico(a), caritatevole	beneficente	caritatiu(iva)	karitata	caritative										16
06158	Adjectives	Caribbean	karibisch	caribeño(a)	Caribéen(ne)	caraibico(a)	caribenho(a)	del Carib, caribeny(a)	kariba	caribe										16
06159	Adjectives	surgical	chirurgisch	quirúrgico(a)	chirurgical(e)	chirurgico(a)	cirúrgico(a)	quirúrgic(a)	kirurgia	chirurgic										16
06160	Adjectives	civic	staatsbürgerlich	cívico(a)	civique	civico(a)	cívico(a)	cívic(a)	civitana	civic										16
06161	Adjectives	colorful (US), colourful (UK)	farbenfroh	colorido(a)	coloré(e)	colorato(a)	colorido(a)	colorit(ida), vistós(osa)	kolora	colorate										16
06162	Adjectives	convenient	bequem, gelegen	conveniente	commode	comodo(a), adatto(a)	conveniente	convenient, còmode	konvena	conveniente										16
06163	Adjectives	understandable	verständlich	comprensible	compréhensible	comprensibile	compreensivo(a)	comprensible	komprenebla	comprensibile										16
06164	Adjectives	cosmetic	kosmetisch	cosmético(a)	cosmétique	cosmetico(a)	cosmético(a)	cosmètic(a)	kosmetika	cosmetic										16
06165	Adjectives	coastal	Küsten-	costero(a)	côtier, côtière	costiero(a)	costeiro(a)	costaner(a)	marborda	costal										16
06166	Adjectives	covert	geheim	encubierto(a)	secret, secrète	nascosto(a)	encoberto(a)	secret(a), encobert(a)	sekreta	clandestin										16
06167	Adjectives	lengthy	langwierig	extenso(a), muy largo(a)	interminable, très long(ue)	interminabile, molto lungo(a)	muito longo(a)	llarg(a), extens(a)	longa	extense										16
06168	Adjectives	all-time	unübertroffen, Rekord-	de todos los tiempos	de tous les temps	di tutti i tempi, senza precedenti	de todos os tempos	de tots els temps, rècord	ĉiama	de tote le tempores										16
06169	Adjectives	definite	definiert	definido(a)	défini(e)	definito(a)	definido(a)	definit(ida)	difinita	definite										16
06170	Adjectives	definitive	definitiv	definitivo(a)	définitif, définitive	definitivo(a)	definitivo(a)	definitiu(iva)	definitiva	definitive										16
06171	Adjectives	disgusting	ekelhaft	repugnante, asqueroso(a)	dégoûtant(e)	disgustoso(a)	repugnante	fastigós(osa), repugnant	naŭza	repugnante										16
06172	Adjectives	latter	letzterer	último(a)	dernier, dernière	ultimo, finale	último(a)	darrer(a), últim(a)	lasta	ultime										16
06173	Adjectives	wanted	erwünscht	deseado(a)	désiré(e)	voluto(a)	desejado(a)	desitjat(ada)	deziderata	desirate										16
06174	Adjectives	messy	unordentlich	desordenado(a) 	désordonné(e)	disordinato(a), confuso(a)	bagunçado(a)	desordenat(ada)	malorda	disordinate										16
06175	Adjectives	distinct	eindeutig, eigen	distinto(a)	distinct(e)	distinto(a)	distinto(a), único(a)	distint(a), diferent	aparta	distincte										16
06176	Adjectives	entertaining	unterhaltsam	entretenido(a)	divertissant(e)	piacevole, divertente, interessante	divertido(a)	entretingut(uda), divertit(ida)	amuza	amusante										16
06177	Adjectives	divided	(auf)geteilt	dividido(a)	divisé(e)	diviso(a)	dividido(a)	dividit(ida)	dividita	dividite										16
06178	Adjectives	divorced	geschieden	divorciado(a)	divorcé(e)	divorziato(a)	divorciado(a)	divorciat(ada)	divorcita	divorciate										16
06179	Adjectives	sustained	anhaltend	sostenido(a)	durable	prolungato(a)	durável	sostingut(uda)	daŭra	sustenite	Diese Pille hat eine anhaltende Wirkung, was bedeutet, dass du dich nach einer Stunde besser fühlen wirst, aber es wird den ganzen Tag andauern.	Esta pastilla tiene un efecto sostenido, es decir que te sentirás mejor dentro de una hora pero durará todo el día.	Cette pilule a un effet durable, c'est-à-dire que tu te sentiras mieux après une heure, mais cela durera toute la journée.	Questa pillola ha un effetto prolungato, cioè ti sentirai meglio dopo un'ora ma durerà per tutto il giorno.	Esta pílula tem um efeito durável, ou seja, você vai se sentir melhor daqui uma hora, mas esse feito vai durar o dia todo.	This pill has a sustained effect, meaning you will feel better after an hour, but it will last all day long.	Aquesta píndola té un efecte sostingut, la qual cosa significa que et sentiràs millor al cap d'una hora, però durarà tot el dia.	Ĉi tiu pilolo havas daŭran efikon, kio signifas, ke vi sentos vin pli bone post unu horo, sed ĝi daŭros la tutan tagon.	Iste pilula ha un effecto sustenite, isto es, tu te sentira melior post un hora, sed illo durara tote le die.	16
06180	Adjectives	blunt (not sharp)	stumpf	desafilado	émoussé(e)	spuntato(a), smussato(a)	sem corte	desafilat(ada), sense punta	malakra (ne akra)	non affilate										16
06181	Adjectives	bored	gelangweilt	aburrido(a)	ennuyé(e)	annoiato(a)	entediado(a)	avorrit(ida)	enuigita	enoiate										16
06182	Adjectives	evangelical	evangelisch	evangélico(a)	évangélique	evangelico(a)	evangélico(a)	evangèlic(a)	evangelia	evangelic										16
06183	Adjectives	explicit	explizit	explícito(a)	explicite, direct(e)	esplicito(a)	explícito(a)	explícit(a)	eksplicita	explicite										16
06184	Adjectives	intriguing, fascinating	faszinierend	fascinante	fascinant(e)	intrigante, affascinante	fascinante, intrigante	fascinant, intrigant	fascina	fascinante										16
06185	Adjectives	forced	gezwungen	forzado(a)	forcé(e)	forzato(a), obbligato(a)	forçado(a)	forçat(ada)	deviga	fortiate										16
06186	Adjectives	glamorous	glamourös	glamuroso(a)	glamour	favoloso(a)	glamoroso(a)	glamurós(osa)	glamora	fascinante										16
06187	Adjectives	gracious	freundlich	cortés	gracieux, gracieuse	cortese	gentil, amável	cortès(esa), amable	afabla	cortese										16
06188	Adjectives	heroic	heldenhaft	heroico(a)	héroïque	eroico(a)	heroico(a)	heroic(a)	heroa	heroic										16
06189	Adjectives	honourable	ehrenhaft	honorable	honorable	onorevole	honorável	honorable	honora	honorabile										16
06190	Adjectives	horrifying	grauenhaft	horroroso(a)	horrifiant(e)	orripilante	arrepiante, aterrador	horrorós(osa), espantós(osa)	terura	horribile										16
06191	Adjectives	hysterical	hysterisch	histérico(a)	hystérique	isterico(a)	histérico(a)	histèric(a)	histeria	hysteric										16
06192	Adjectives	immoral	unmoralisch	inmoral	immoral(e)	immorale	imoral	immoral	malmorala	immoral										16
06193	Adjectives	unpredictable	unvorhersehbar	impredecible	imprévisible	imprevedibile	imprevisível	imprevisible	neantaŭvidebla	imprevisibile										16
06194	Adjectives	helpless	hilflos, machtlos	indefenso(a)	impuissant(e), sans défense	impotente, indifeso(a)	impotente	indefens(a), desemparat(ada)	senhelpa	indefense										16
06195	Adjectives	inadequate	inadäquat, unangemessen	inadecuado(a)	inadéquat(e)	inadeguato(a)	inadequado(a)	inadequat(ada)	neadekvata	inadequate										16
06196	Adjectives	infectious	infektiös, ansteckend	infeccioso(a)	infectieux, infectieuse	infettivo(a)	infeccioso(a)	infecciós(osa)	infekta	infectiose										16
06197	Adjectives	innovative	innovativ	innovador(a)	innovant(e)	innovativo(a)	inovador(a)	innovador(a)	noviga	innovative										16
06198	Adjectives	unaware of ...	unwissend von...	ignorar que	inconscient de ...	inconsapevole di...	inconsciente de...	ignorant de..., desconeixedor de...	nekonscia pri...	non consciente de										16
06199	Adjectives	unstable	instabil	inestable	instable	instabile	instável	inestable	malstabila	instabile										16
06200	Adjectives	interactive	interaktiv	interactivo(a)	interactif, interactive	interattivo(a)	interativo(a)	interactiu(iva)	interaga	interactive										16
06201	Adjectives	reckless	leichtsinnig, unbesonnen	imprudente	irréfléchi(e)	spericolato(a), avventato(a)	imprudente, descuidado(a)	imprudent, temerari(ària)	malprudenta	imprudente										16
06202	Adjectives	incoming	ankommend, hereinkommend	entrante	entrant, arrivée	in arrivo, entrante	recebido(a)	entrant	envenanta	entrante										16
06203	Adjectives	closing	abschließend	de cierre	de fermeture	di chiusura, conclusivo	de fechamento	de tancament	ferma	de clausura										16
06204	Adjectives	divisive	spaltend	divisivo(a)	clivant, qui divise	che causa discordia	divisionista, quem causa discórdia	divisiu(iva), que crea divisió	disiga	divisive										16
06205	Adjectives	literary	literarisch	literario(a)	littéraire	letterario(a)	literário(a)	literari(ària)	literatura	litterari										16
06206	Adjectives	magical	magisch	mágico(a)	magique	magico(a)	mágico(a)	màgic(a)	magia	magic										16
06207	Adjectives	skinny	mager	flaco(a), delgado(a)	maigre	magro(a), gracile	magro(a), magricelo(a)	prim(a)	malgrasa	magre										16
06208	Adjectives	memorable	denkwürdig, einprägsam	memorable	mémorable	memorabile	memorável	memorable	memorinda	memorabile										16
06209	Adjectives	petty	kleinlich, unbedeutend	mezquino(a), insignificante	mesquin(e), insignifiant(e)	meschino(a), insignificante	mesquinho(a), insignificante	mesquí(ina), insignificant	bagatela	meschin										16
06210	Adjectives	metropolitan	weltstädtisch	metropolitano(a)	métropolitain(e)	metropolitano(a)	metropolitano(a)	metropolità(ana)	metropola	metropolitan										16
06211	Adjectives	minimal	minimal	mínimo(a)	minimal(e)	minimo(a)	mínimo(a)	mínim(a)	minimuma	minimal										16
06212	Adjectives	mature	reif	maduro(a)	mûr(e)	maturo(a), stagionato(a)	maduro(a)	madur(a)	matura	matur										16
06213	Adjectives	uninsured	nicht versichert	sin asegurar, no asegurado	non assuré(e)	non assicurato(a)	sem seguro, desprotegido(a)	sense assegurança, no assegurat(ada)	neasekurita	non assecurate										16
06214	Adjectives	harmful	schädlich	nocivo(a)	nuisible	nocivo(a)	nocivo(a)	nociu(iva), perjudicial	damaĝa	nocive										16
06215	Adjectives	lousy	schlecht, lausig	horrible, repugnante	nul(le), mauvais(e)	schifoso(a), orrendo(a)	malfeito(a), ruim	pèssim(a), de mala qualitat	aĉa	horribile										16
06216	Adjectives	occupied	besetzt	ocupado(a) (tierra, territorio)	occupé(e)	occupato(a)	ocupado(a), preenchido(a)	ocupat(ada) (terra, territori)	okupita (tero, teritorio)	occupate										16
06217	Adjectives	shared	geteilt	compartido(a)	partagé(e)	condiviso(a), diviso(a)	compartilhado(a)	compartit(ida)	komuna	compartite										16
06218	Adjectives	patriotic	patriotisch	patriótico(a)	patriotique	patriottico(a)	patriótico(a)	patriòtic(a)	patriota	patriotic										16
06219	Adjectives	persistent	beständig, hartnäckig	persistente	persistant(e)	insistente, persistente	persistente	persistent	persista	persistente										16
06220	Adjectives	unwilling	widerwillig	poco dispuesto(a)	réticent	riluttante	pouco disposto(a)	poc disposat(ada), reticent	neema	poco disposite										16
06221	Adjectives	philosophical	philosophisch	filosófico(a)	philosophique	filosofico(a)	filosófico(a)	filosòfic(a)	filozofia	philosophic										16
06222	Adjectives	predictable	vorhersehbar	predecible	prévisible	prevedibile	previsível	previsible	antaŭvidebla	predicibile	Glücklicherweise sind Erdbeben besser vorhersehbar als noch vor 50 Jahren. 	Por suerte, hoy en día los terremotos son más predecibles de lo que eran hace 50 años.	Heureusement, les tremblements de terre sont plus prévisibles qu'ils ne l'étaient il y a 50 ans.	Per fortuna i terremoti sono più prevedibili oggi di quanto fossero 50 anni fa.	Felizmente, terremotos são mais previsíveis hoje do que eram há 50 anos.	Luckily, earthquakes are more predictable today than they were 50 years ago.	Afortunadament, els terratrèmols són més previsibles avui dia que fa 50 anys.	Feliĉe, tertremoj estas pli antaŭvideblaj hodiaŭ ol antaŭ 50 jaroj.	Fortunatemente, le tremores de terra es plus predicibile hodie que illos esseva 50 annos retro.	16
06223	Adjectives	privileged	privilegiert	privilegiado(a)	privilégié(e)	privilegiato(a)	privilegiado(a)	privilegiat(ada)	privilegia	privilegiate										16
06224	Adjectives	forthcoming	bevorstehend	próximo(a)	prochain(e), prêt(e) à paraître	imminente, di prossima uscita	prestes a aparecer	pròxim(a), imminent	venonta	proxime										16
06225	Adjectives	prosperous	florierend	próspero(a)	prospère	prospero(a)	próspero(a)	pròsper(a)	prospera	prospere										16
06226	Adjectives	protected	geschützt	protegido(a)	protégé(e)	protetto(a)	protegido(a)	protegit(ida)	protektita	protegite										16
06227	Adjectives	punitive	Straf-	punitivo(a)	punitif, punitive	punitivo(a)	punitivo(a)	punitiu(iva)	puna	punitive										16
06228	Adjectives	drastic	drastisch	drástico(a)	radical(e), draconien(e)	drastico(a)	radical, drástico(a)	dràstic(a)	drasta	drastic										16
06229	Adjectives	radioactive	radioaktiv	radioactivo(a)	radioactif (radioactive)	radioattivo(a)	radioativo(a)	radioactiu(iva)	radioaktiva	radioactive										16
06230	Adjectives	steep	steil	empinado(a)	raide, escarpé(e)	ripido(a), scosceso(a)	íngreme	empinat(ada), costerut(uda)	kruta	abrupte										16
06231	Adjectives	thoughtful	nachdenklich, aufmerksam	pensativo(a), atento (a)	réfléchi(e) (attentionnée)	pensieroso(a), premuroso(a)	pensativo(a), atencioso(a) 	reflexiu(iva), atent(a)	pensema	pensative										16
06232	Adjectives	reproductive	Fortpflanzungs-	reproductivo(a)	reproductif, reproductive	riproduttivo(a)	reprodutivo(a)	reproductiu(iva)	reprodukta	reproductive										16
06233	Adjectives	respected	respektiert	respetado(a)	respecté(e)	rispettato(a)	respeitado(a)	respectat(ada)	respektata	respectate										16
06234	Adjectives	wireless	drahtlos	inalámbrico	sans fil	senza fili	sem fios	sense fils, sense fil	sendrata	sin filo										16
06235	Adjectives	secondary	sekundär	secundario(a)	secondaire	secondario(a)	secundário(a)	secundari(ària)	sekundara	secundari										16
06236	Adjectives	dire, desperate	entsetzlich	desesperado(a)	désespéré	disperato 	desastroso(a)	terrible, desesperat	terura, malespera	desperate										16
06237	Adjectives	sober	nüchtern, trocken	sóbrio(a)	sobre	sobrio(a)	sóbrio(a)	sobri(a)	sobra	sobrie										16
06238	Adjectives	socialist	sozialistisch	socialista	socialiste	socialista	socialista	socialista	socialisma	socialista										16
06239	Adjectives	structural	strukturell	estructural	structurel(le)	strutturale	estrutural	estructural	struktura	structural	Das Gebäude steht dank seiner strukturellen Stärke seit über 300 Jahren. 	El edificio se ha mantenido durante 300 años gracias a su resistencia estructural. 	Le bâtiment est resté sur pied pendant 300 ans grâce à sa robustesse structurelle.	Il palazzo è stato in piedi per oltre 300 anni grazie alla sua forza strutturale.	O edifício ficou em pé por mais de 300 anos, devido à sua resistência estrutural.	The building has stood for over 300 years due to its structural strength.	L'edifici s'ha mantingut dempeus durant més de 300 anys gràcies a la seva solidesa estructural.	La konstruaĵo staris pli ol 300 jarojn pro sia struktura forto.	Le edificio ha restate erecte durante plus de 300 annos gratias a su fortia structural.	16
06240	Adjectives	suicidal	selbstmörderisch	suicida	suicidaire	suicida	suicida	suïcida	suicida	suicida										16
06241	Adjectives	awful	schrecklich	terrible	terrible	terribile	terrível	terrible, espantós	terura	terribile										16
06242	Adjectives	terrifying	Angst erregend, entsetzlich	aterrorizante	terrifiant(e)	terrificante	terrível, aterrador	aterridor(a), espantós(osa)	terura	terrorisante										16
06243	Adjectives	truthful	wahrheitsgetreu	verídico(a)	véridique	veritiero(a)	verídico(a)	verídic(a), veraç	verema	veridic										16
06244	Adjectives	vivid	lebhaft	vívido(a)	vif, vive, vivace	vivido(a)	vívido(a)	vívid(a), intens(a)	viva	vivide										16
06245	Adverbs	accidentally	zufällig, versehentlich	por accidente, accidentalmente	accidentellement	per caso, inavvertitamente	sem querer, acidentalmente	accidentalment, per accident	akcidente	accidentalmente										16
06246	Adverbs	brutally	brutal	brutalmente	brutalement	brutalmente	brutalmente	brutalment	brutale	brutalmente										16
06247	Adverbs	considerably	beträchtlich	considerablemente	considérablement	considerevolmente	consideravelmente	considerablement	konsiderinde	considerabilemente										16
06248	Adverbs	continually	dauernd	continuamente	continuellement	di continuo	continuamente	contínuament	daŭre	continuemente										16
06249	Adverbs	appropriately	passend	apropiadamente	convenablement	in modo adatto	apropriadamente	apropiadament	konvene	appropriatemente										16
06250	Adverbs	properly, rightly	richtig, korrekt	correctamente, con razón	correctement	correttamente, a ragione	corretamente, devidamente	correctament	ĝuste	correctemente										16
06251	Adverbs	critically	kritisch	de manera crítica	de façon critique	criticamente	criticamente	críticament	kritike	criticamente										16
06252	Adverbs	permanently	dauerhaft	permanentemente	de façon permanente	definitivamente, in modo permanente	permanentemente	permanentment	konstante	permanentemente	Er hat das Feuer überlebt, aber sein Gesicht war dauerhaft entstellt. 	Él sobrevivió al incendio, pero su rostro quedó permanentemente desfigurado. 	Il a survécu à l'incendie, mais son visage est défiguré de façon permanente.	È sopravvissuto all'incendio, ma gli ha lasciato il volto sfigurato in modo permanente. 	Ele sobreviveu ao incêndio, mas isso deixou seu rosto desfigurado permanentemente.	He survived the fire, but it permanently left his face disfigured.	Va sobreviure a l'incendi, però la seva cara va quedar permanentment desfigurada.	Li travivis la fajron, sed lia vizaĝo restis konstante misformita.	Ille superviveva al incendio, sed illo lassava su facie permanentemente disfigurate.	16
06253	Adverbs	firsthand	aus erster Hand	de primera mano	de première main	di prima mano	em primeira mão	de primera mà	unue-mane	de prime mano										16
06254	Adverbs	deliberately	absichtlich	deliberadamente	délibérément	intenzionalmente, volutamente	deliberadamente	deliberadament, a propòsit	intence	deliberatemente										16
06255	Adverbs	unfairly	zu Unrecht, unrechter Weise	injustamente	injustement	ingiustamente	injustamente	injustament	maljuste	injustemente										16
06256	Adverbs	extensively, widely, amply, greatly	weitgehend	extensivamente	largement	estensivamente, ampiamente, approfonditamente	extensivamente	extensament, àmpliament	vaste	extensivemente	Ich habe das Zimmer weitgehend durchsucht, konnte meine Ohrringe aber nicht finden.	Inspeccione la habitación extensivamente, pero no encontré mis aretes.	J'ai largement fouillé la chambre, et je n'ai pourtant pas trouvé mes boucles d'oreille.	Ho scandagliato approfonditamente la stanza eppure non sono riuscita a trovare i miei orecchini.	Eu procurei extensivamente no cômodo, mas eu não consegui encontrar meus brincos.	I extensively searched the room, yet I was unable to find my earrings.	Vaig buscar extensament per l'habitació, però no vaig poder trobar les meves arracades.	Mi vaste traserĉis la ĉambron, sed mi ne povis trovi miajn orelringojn.	Io cercava extensivemente le camera, totevia io non poteva trovar mi pendentes.	16
06257	Adverbs	peacefully	friedlich	pacíficamente	paisiblement	in pace, senza violenza	pacificamente	pacíficament	pace	pacificamente										16
06258	Adverbs	subsequently	danach, daraufhin	posteriormente	par la suite	in seguito, poi	subsequentemente	posteriorment	poste	subsequentemente	Er trat auf einen morschen Ast und fiel daraufhin auf den Boden	Él pisó la rama débil del árbol y posteriormente se cayó al suelo.	Il marcha sur une branche fragile de l'arbre et par la suite, tomba à terre.	Lui salì su un ramo debole e poi cadde al suolo.	Ele pisou no galho fraco da árvore e, subsequentemente, caiu no chão.	He stepped on the weak tree branch and subsequently fell to the ground.	Va trepitjar la branca feble de l'arbre i posteriorment va caure a terra.	Li paŝis sur la malfortan arbranĉon kaj poste falis sur la teron.	Il poneva le pede super le debile ramo de arbore e subsequentemente cadeva al solo.	16
06259	Adverbs	psychologically	psychologisch	psicológicamente	psychologiquement	psicologicamente	psicologicamente	psicològicament	psikologie	psychologicamente										16
06260	Adverbs	purely	rein	puramente, meramente, estrictamente	purement	puramente	puramente	purament	pure	purmente	Unsere Beziehung ist rein beruflich.	Nuestra relación es estrictamente profesional	Notre relation est purement professionnelle	La nostra relazione è puramente professionale	Nosso relacionamento é puramente profissional	Our relationship is purely professional	La nostra relació és purament professional.	Nia rilato estas pure profesia.	Nostre relation es purmente professional.	16
06261	Adverbs	daily	täglich	a diario	quotidiennement	tutti i giorni, quotidianamente	diariamente, cotidianamente	diàriament, cada dia	ĉiutage	quotidianmente	Ich gehe täglich zu Fuß zur Schule 	Yo camino a clase a diario	Je vais à l'école à pied quotidiennement	Vado a scuola a piedi tutti i giorni	Eu vou à escola a pé diariamente	I walk to class daily 	Camino a classe diàriament.	Mi piediras al la klaso ĉiutage.	Io va a pede al classe quotidianmente.	16
06262	Adverbs	undoubtedly	zweifellos	sin duda, indudablemente	sans doute	senza dubbio, indubbiamente	indubitavelmente	sens dubte, indubtablement	sendube	indubitabilemente										16
06263	Adverbs	separately	getrennt	separadamente	séparément	separatamente	separadamente	separadament	aparte	separatemente	Wir werden getrennt arbeiten, aber wir werden uns immer am Ende des Tages treffen.	Vamos a trabajar por separado pero aún nos vamos a reunir al final del día.	Nous travaillerons séparément mais nous nous retrouveront toujours en fin de journée.	Noi lavoreremo separatamente ma comunque ci incontreremo a fine giornata.	Nós trabalharemos separadamente, mas ainda assim nos encontraremos no final do dia.	We will work separately but still meet up at the end of the day.	Treballarem separadament, però ens trobarem al final del dia.	Ni laboros aparte, sed tamen renkontiĝos fine de la tago.	Nos laborara separatemente, ma nos ancora nos reunira al fin del die.	16
06264	Adverbs	solely	nur, einzig und allein	solamente, únicamente	seulement	solamente	somente, unicamente	únicament, solament	nur	solmente										16
06265	Adverbs	socially	gesellschaftlich	socialmente	socialement	socialmente	socialmente	socialment	socie	socialmente										16
06266	Adverbs	sadly	traurigerweise	tristemente	tristement	tristemente	tristemente	tristament	bedaurinde	tristemente										16
06267	Verbs	to plot	sich verschwören	conspirar	conspirer	cospirare	conspirar	conspirar	konspiri	conspirar										16
06268	Verbs	to desert	desertieren, verlassen	abandonar	abandonner, déserter	abbandonare, disertare	desertar	desertar, abandonar	dezerti	desertar										16
06269	Verbs	to abolish	abschaffen	abolir	abolir	abolire	abolir	abolir	abolicii	abolir										16
06270	Verbs	to fulfil	erfüllen	realizar, cumplir	accomplir	compiere, eseguire	realizar, fazer	complir, realitzar	plenumi	complir										16
06271	Verbs	to adore	vergöttern	adorar	adorer (soutenu)	adorare	adorar	adorar	adori	adorar										16
06272	Verbs	to alienate	entfremden	alienar	aliéner	alienare	alienar	alienar, distanciar	fremdigi	alienar										16
06273	Verbs	to convene	sich versammeln, einberufen	convocar	convoquer	convocare, riunire	convocar	convocar, reunir-se	kunvoki	convocar										16
06274	Verbs	to audition	vorsprechen	hacer una audición	auditionner	fare un provino	fazer audição	fer una audició, fer un càsting	aŭdicii	passar un audition										16
06275	Verbs	to dip	eintauchen (etwas in eine Flüssigkeit eintauchen)	mojar (algo en un líquido)	immerger (dans un liquide), tremper	immergere (in un liquido), bagnare	mergulhar (em um líquido), banhar	sucar, mullar (alguna cosa en un líquid)	trempi (ion en likvaĵon)	immerger										16
06276	Verbs	to batter	schlagen	maltratar, golpear	battre, frapper	maltrattare	maltratar	maltractar, apallissar	bati	maltractar, batter										16
06277	Verbs	to jam	blockieren, stören	atascar, sobrecargar	se bloquer	incepparsi	obstruir, bloquear	encallar-se, bloquejar-se	blokiĝi	blocar, supercargar										16
06278	Verbs	to shell, to bomb	bombardieren	bombardear	bombarder	bombardare	bombardear	bombardejar	bombi	bombardar										16
06279	Verbs	to spring, to leap	springen	brincar	sauter, bondir	saltare, sgorgare	saltar, pular	saltar, botar	salti	saltar										16
06280	Verbs	to stall	stehen bleiben, abwürgen	detener	caler	andare in stallo, spegnere	parar, interromper	calar-se, aturar-se (motor)	halti (motoro)	detener										16
06281	Verbs	to make over (made over, made over)	erneuern, renovieren, ersetzen	renovar	changer l'aspect	rifare, ristrutturare	mudar o visual	renovar, canviar l'aspecte	renovigi	renovar										16
06282	Verbs	to subpoena	vorladen	citar a declarar	citer à comparaître	citare in giudizio	intimar	citar a declarar	asigni	citar a comparer										16
06283	Verbs	to classify	einstufen	clasificar (por categorías)	classer (par catégorie)	classificare (per categoria)	categorizar, classificar (por categoria)  	classificar (per categories)	klasifiki (laŭ kategorio)	classificar	Der Test wird dich entsprechend deiner Englischkenntnisseeinstufen.	La prueba te clasificará en términos de tus habilidades con inglés.	Le test te classera en fonction de tes capacités en anglais.    	Il test ti classificherà in relazione alle tue capacità in inglese.	O teste vai classificar você em função de suas competências em inglês.	The test will classify you in regards to your abilities with English.	La prova et classificarà segons els teus coneixements d'anglès.	La testo klasifikos vin laŭ viaj kapabloj pri la angla lingvo.	Le test classificara te con respecto a tu habilitates in anglese.	16
06284	Verbs	to compose	komponieren	componer	composer	comporre	compor	compondre	komponi	componer										16
06285	Verbs	to confine	beschränken	confinar	confiner	confinare	confinar	confinar, recloure	limigi	confinar										16
06286	Verbs	to deem	schätzen, annehmen	estimar, considerar	considérer, juger	giudicare, ritenere	considerar, julgar	considerar, jutjar	konsideri	estimar, considerar										16
06287	Verbs	to consist	bestehen aus	consistir en	consister en ...	consistere di...	consistir	consistir en	konsisti el	consister	Das Spiel besteht aus drei Teilen, jeder länger als der vorherige. 	El espectáculo consiste en tres partes, cada una es más larga de la precedente	La pièce consiste en trois parties, chacune plus longue que la précédente.	Lo spettacolo consiste di tre parti, ognuna più lunga della precedente.	O espetáculo consiste em três partes, cada uma mais longa que a precedente.	The play consists of three parts, each one longer than the last.	L'obra consisteix en tres parts, cadascuna més llarga que l'anterior.	La teatraĵo konsistas el tri partoj, ĉiu pli longa ol la lasta.	Le spectaculo consiste in tres partes, cata un plus longe que le precedente.	16
06288	Verbs	to contaminate	verseuchen, kontaminieren	contaminar	contaminer	contaminare	contaminar	contaminar	polui	contaminar										16
06289	Verbs	to contradict	widersprechen, einwenden	contradecir	contredire	contraddire	contradizer	contradir	kontraŭdiri	contradicer	Versuche nicht, mir zu widersprechen; du weisst, dass es stimmt. 	No intentes contradecir lo que estoy diciendo: sabes que es verdad. 	N'essaie pas de contredire ce que je suis en train de dire: tu sais que c'est vrai.	Non cercare di contraddire quel che sto dicendo: tu sai che è vero.	Não tente contradizer o que eu estou dizendo; você sabe que é verdade.	Do not attempt to contradict what I'm saying; you know that it's true.	No intentis contradir el que dic; saps que és veritat.	Ne provu kontraŭdiri tion, kion mi diras; vi scias, ke tio estas vera.	Non tenta contradicer lo que io dice; tu sape que illo es ver.	16
06290	Verbs	to bow	sich beugen, sich verbeugen	inclinarse	courber, s'incliner	inchinarsi, curvare	curvar(-se)	inclinar-se, fer una reverència	riverenci	inclinar se										16
06291	Verbs	to spit	spucken	escupir	cracher	sputare	cuspir	escopir	kraĉi	sputar										16
06292	Verbs	to disconnect, to unplug	abschalten, ausstecken	desconectar	débrancher	staccare, sospendere l'erogazione	desconectar	desconnectar, desendollar	malkonekti	disconnecter										16
06293	Verbs	to undo	rückgängig machen, aufmachen (Knoten)	deshacer	défaire	disfare, aprire	desfazer	desfer	malfari	disfacer										16
06294	Verbs	to surge	(plötzlich) ansteigen	dispararse, aumentar	déferler, augmenter	riversarsi, sollevarsi	aumentar rapidamente	disparar-se, augmentar de cop	ekmultiĝi	augmentar subitemente										16
06295	Verbs	to distort	deformieren, verzerren	distorsionar	déformer	distorcere, deformare	distorcer, deformar	distorsionar, deformar	distordi	distorquer										16
06296	Verbs	to unravel 	entwirren	desenredar	démêler	districare, risolvere	desvendar	desembolicar, resoldre	malimpliki	disnodar										16
06297	Verbs	to depict	darstellen, schildern	representar, pintar	dépeindre	dipingere, rappresentare	retratar	representar, descriure	prezenti	depinger										16
06298	Verbs	to go down (went down, gone down), to get off (got off, gotten off) (a bus)	heruntergehen; aussteigen (Bus, Zug, Auto etc.)	descender	descendre	scendere	descender, cair	baixar, baixar (d'un autobús)	malsupreniri	descender										16
06299	Verbs	to detail	detaillieren	detallar	détailler	elencare dettagliatamente	detalhar	detallar	detali	detaliar										16
06300	Verbs	to deteriorate	verschlechtern, verschlimmern	deteriorar	détériorer	deteriorarsi	deteriorar	deteriorar-se, empitjorar	malboniĝi	deteriorar										16
06301	Verbs	to dispute	streiten	disputar	disputer, contester	mettere in discussione, discutere	disputar, contestar	disputar, qüestionar	disputi	disputar										16
06302	Verbs	to grind [ground, ground]	mahlen	triturar, moler	moudre	macinare, stridere	moer, triturar	moldre, triturar	mueli	moler										16
06303	Verbs	to elaborate	ausarbeiten	elaborar	élaborer	elaborare	elaborar	elaborar	ellabori	elaborar										16
06304	Verbs	to elevate	erhöhen	elevar	élever	elevarsi	elevar	elevar	levi	elevar										16
06305	Verbs	to breed	züchten, sich fortpflanzen	reproducirse	élever, reproduire	riprodursi, allevare	criar, multiplicar(-se)	criar, reproduir-se	bredi	reproducer se										16
06306	Verbs	to energize	Energie verleihen	energizar	énergiser	dare l'energia, dare la motivazione	energizar	energitzar, donar energia	energiigi	dynamisar										16
06307	Verbs	to abduct	entführen	abducir, secuestrar	enlever	rapire	raptar	segrestar, abduir	forkapti	abducer										16
06308	Verbs	to storm in / out	hereinstürmen, herausstürmen	entrar / salir enfurecido(a)	entrer / sortir en trombe	entrare / uscire come una furia	entrar / sair com fúria	entrar/sortir de cop i fúria	eniri/eliri furioze	entrar / sortir furiosemente										16
06309	Verbs	to scatter	verstreuen, zerstreuen	dispersar, esparcir	éparpiller, répandre	spargere, disperdere	espalhar, dispersar	escampar, dispersar	disĵeti	dispersar										16
06310	Verbs	to pin	anpinnen 	fijar, sujetar	épingler	spillare, attaccare con una puntina	alfinetar, fixar com pino	fixar amb una xinxeta, clavar	alfiksi	fixar										16
06311	Verbs	to escort	eskortieren, begleiten	escoltar	escorter	accompagnare, scortare	escoltar	escortar, acompanyar	eskorti	escortar										16
06312	Verbs	to support (argument)	abstützen, unterstützen	apuntalarse, apoyar	étayer	puntellare	sustentar, apoiar	recolzar (un argument)	subteni (argumenton)	supportar										16
06313	Verbs	to flash	aufleuchten, blenden	destellar	étinceler, projeter	far lampeggiare, trasmettere	piscar, brilhar	llambrejar, fer pampallugues	fulmi	fulgurar										16
06314	Verbs	to strangle	erwürgen	estrangular	étrangler	strangolare	estrangular	escanyar, estrangular	strangoli	strangular										16
06315	Verbs	to price	einen Preis  festlegen	fijar un precio	évaluer, valoriser	fissare un prezzo	fixar preço	fixar un preu	prezigi	fixar un precio	Ich würde den Preis für dieses Buch nicht höher als 5,00$ festlegen.	Yo no le fijaría un precio mayor a $5.00 a ese libro.	Je n'évaluerais pas ce livre à plus de $5.	Non fisserei il prezzo di quel libro sopra i $5.00.	Eu não fixaria o preço desse livro acima de $ 5.	I wouldn't price that book over $5.00.	No fixaria un preu superior a 5,00 $ per a aquest llibre.	Mi ne prezigus tiun libron pli ol $5.00.	Io non fixarea le precio de ille libro a plus de $5.00.	16
06316	Verbs	to mail	abschicken	enviar por correo	expédier par la poste	spedire per posta	enviar por correio	enviar per correu	poŝti	inviar per posta	Ich werde dir das Paket am Mittwoch per Post schicken, dann solltest du es am Freitag erhalten.	El miércoles te enviaré por correo el paquete, así que lo deberías recibir el viernes.	Mercredi, je t'expédierai par la poste le colis, ainsi tu devrais le recevoirvendredi	Ti spedirò il pacco per posta mercoledì, così dovresti riceverlo venerdì.	Eu vou lhe enviar por correio o pacote na quarta, então você deve recebê-lo na sexta.	I will mail you the package Wednesday, so you should receive it Friday.	T'enviaré el paquet per correu dimecres, així que l'hauries de rebre divendres.	Mi poŝtos al vi la pakaĵon merkrede, do vi devus ricevi ĝin vendrede.	Io te inviara le pacchetto per posta mercuridi, assi que tu deberea reciper lo venerdi.	16
06317	Verbs	to expire	ablaufen	expirar, caducar	expirer	scadere	expirar	caducar, expirar	ekspiri	expirar										16
06318	Verbs	to expel	ausschließen, verweisen	expulsar	expulser	espellere	expelir	expulsar	elpeli	expeller										16
06319	Verbs	to extract	entfernen	extraer	extraire	estrarre	extrair	extreure	eltiri	extraher										16
06320	Verbs	to facilitate	erleichtern	facilitar	faciliter	facilitare	facilitar	facilitar	faciligi	facilitar										16
06321	Verbs	to bill	berechnen, in Rechnung stellen	facturar	facturer	fatturare	faturar	facturar	fakturi	facturar										16
06322	Verbs	to circulate	in Umlauf bringen, verteilen	circular	faire circuler	circolare, mandare in giro	circular	fer circular, distribuir	cirkuligi	circular	Sie haben tausende von Flugblättern für ihre neue Firma verteilt.	Han hecho circular miles de folletos sobre su nueva empresa.	Ils ont fait circuler des milliers de brochures pour leur nouvelle entreprise.	Hanno mandato in giro migliaia di volantini per la loro nuova società.	Eles circularam milhares de panfletos sobre a nova empresa deles.	They circulated thousands of pamphlets for their new company.	Van fer circular milers de fullets per a la seva nova empresa.	Ili cirkuligis milojn da flugfolioj por sia nova kompanio.	Illes ha facite circular milles de prospectos super lor nove interprisa.	16
06323	Verbs	to smuggle	schmuggeln	contrabandear	faire de la contrebande	contrabbandare	contrabandear	fer contraban	kontrabandi	contrabandar										16
06324	Verbs	to profile	beschreiben, bezeichnen	trazar un perfil	faire le profil	fare un profilo	retratar, descrever	perfilar, descriure	profili	traciar un profilo	Sie haben mich als unhöflich und widerlich beschrieben, was nicht stimmt.	Me han trazado un perfil de persona maleducada y detestable, pero no es verdad.	Ils m'ont décrit comme une personne grossière et détestable, ce qui n'est pas vrai.	Mi hanno fatto un profilo di persona scortese e detestabile, ma non è vero.	Eles me retrataram como rude e detestável, o que não é verdade.	They profiled me as rude and obnoxious, which is not true.	Em van perfilar com a groller i detestable, cosa que no és veritat.	Ili profilis min kiel malĝentilan kaj abomenan, kio ne estas vera.	Illes ha traciate un profilo de me como persona ineducate e detestabile, lo que non es ver.	16
06325	Verbs	to exhibit	ausstellen, zeigen	exhibir	s'exhiber, montrer	esibirsi, mostrare	exibir	exhibir, mostrar	ekspozicii	exhiber										16
06326	Verbs	to rage	toben	enfurecerse	rager	infuriarsi	enfurecer	enfurismar-se	furiozi	infuriar se										16
06327	Verbs	to surface	auftauchen	surgir, emerger	faire surface	risalire in superficie	vir à tona	sorgir, sortir a la superfície	surfaceniri	emerger										16
06328	Verbs	to condone	dulden	aprobar, consentir	excuser, tolérer	scusare, tollerare	desculpar, tolerar	condonar, tolerar	tolereti	condonar	Meine Mutter duldet diese derbe Sprache nicht	Mi madre no consiente este lenguaje tan horrible	Ma mère ne tolère pas ce langage grossier.	Mia madre non tollera quel linguaggio disgustoso	Minha mãe não tolera essa linguagem grosseira	My mother does not condone that foul language	La meva mare no tolera aquest llenguatge groller.	Mia patrino ne toleretas tiun fivortan lingvaĵon.	Mi matre non condona ille linguage obscen.	16
06329	Verbs	to forge	schmieden	forjar	forger	forgiare	forjar	forjar	forĝi	forgiar										16
06330	Verbs	to humiliate	demütigen	humillar	humilier	umiliare	humilhar	humiliar	humiligi	humiliar										16
06331	Verbs	to nod	nicken	asentir	incliner la tête	annuire	acenar com a cabeça	assentir amb el cap	kapjesi	nutar con le capite										16
06332	Verbs	to inflict	aufdrängen, zufügen	infligir	infliger	infliggere	infligir	infligir	trudi	infliger										16
06333	Verbs	to insert	einfügen	insertar	insérer	inserire	inserir	inserir	enmeti	inserer										16
06334	Verbs	to intensify	intensivieren	intensificar	intensifier	intensificare	intensificar	intensificar	intensigi	intensificar										16
06335	Verbs	to intercept	abfangen	interceptar	intercepter	intercettare	interceptar	interceptar	interkapti	interceptar										16
06336	Verbs	to halt	anhalten	detener, parar	arrêter, interrompre	arrestare, fermare	interromper, parar	aturar, detenir	haltigi	arrestar										16
06337	Verbs	to invoke	anrufen, appellieren	invocar	invoquer	invocare	invocar	invocar	alvoki	invocar										16
06338	Verbs	to chuck	wegschmeißen	arrojar	lancer, jeter	gettare, buttare	arremessar, lançar	llençar, gitar	ĵeti	jectar										16
06339	Verbs	to legalize	legalisieren	legalizar	légaliser	legalizzare	legalizar	legalitzar	leĝigi	legalisar										16
06340	Verbs	to wrestle	ringen	luchar	lutter corps à corps	lottare 	lutar corpo a corpo	lluitar cos a cos	lukti	luctar										16
06341	Verbs	to misunderstand	missverstehen	malinterpretar	mal comprendre	fraintendere, capire male	entender mal	malinterpretar	miskompreni	misinterpretar										16
06342	Verbs	to endanger, to jeopardize	in Gefahr bringen, gefährden	arriesgar, poner en peligro	mettre en danger, compromettre	mettere in pericolo	colocar em perigo	posar en perill	endanĝerigi	poner in periculo										16
06343	Verbs	to outlaw	für ungesetzlich erklären	ilegalizar	mettre hors-la-loi, rendre illégal	bandire	ilegalizar	il·legalitzar	malpermesi	interdicer										16
06344	Verbs	to model	modellieren	modelar	modeler	modellare	modelar	modelar	modeli	modellar										16
06345	Verbs	to nurture	nähren, fördern	criar	nourrir, encourager (abstrait)	nutrire, allevare con amore	alimentar, nutrir	criar, nodrir (abstracte)	nutri (abstrakta)	elevar										16
06346	Verbs	to bid [bid, bid]	bieten	ofrecer	offrir, faire une proposition	offrire, fare un'offerta in una gara	oferecer, fazer uma oferta	licitar, fer una oferta	oferti	offerer										16
06347	Verbs	to opt	sich entscheiden für	optar	opter	optare per	optar	optar, escollir	elekti	optar										16
06348	Verbs	to depart	losgehen, losfahren	partir	partir	partire	partir	partir, marxar	foriri	partir										16
06349	Verbs	to override	ignorieren, sich hinwegsetzen über	ignorar	passer outre	calpestare, scavalcare	ultrapassar	ignorar, passar per alt	ignori	ignorar										16
06350	Verbs	to patrol	patrouillieren	patrullar	patrouiller	pattugliare	patrulhar	patrullar	patroli	patruliar										16
06351	Verbs	to penetrate	penetrieren, eindringen	penetrar	pénétrer	penetrare	penetrar	penetrar	penetri	penetrar										16
06352	Verbs	to station	positionieren	colocar	placer	stanziare, piazzare	colocar	destinar, col·locar	postenigi	stationar										16
06353	Verbs	to staff	beschäftigen	proveer personal	pourvoir en personnel	fornire di personale	empregar, fornecer pessoal	dotar de personal	personarigi	provider de personal	Unsere Organisation beschäftigt über 10000 Menschen aus 20 verschiedenen Ländern. 	Nuestra organización provee personal para más de 10.000 personas de 20 países diferentes	Notre organisation pourvoie en personnel plus de 10 000 personnes de 20 pays différents.	La nostra organizzazione fornisce personale per oltre 10.000 persone da 20 stati diversi	A nossa organização emprega mais de 10.000 pessoas de 20 países diferentes	Our organization staffs over 10,000 people from 20 different countries	La nostra organització dota de personal a més de 10.000 persones de 20 països diferents.	Nia organizo personarigas pli ol 10,000 homojn el 20 malsamaj landoj.	Nostre organisation provide personal pro plus de 10 000 personas de 20 paises differente.	16
06354	Verbs	to poke	anstupsen	pinchar, tocar, darle con algo a alguien	donner un petit coup (de doigt), tapoter	dare un colpetto	cutucar	donar un copet, picar	frapeti	punger										16
06355	Verbs	to preside, to chair	vorsitzen, den Vorsitz führen	presidir	présider	presiedere	presidir	presidir	prezidi	presider										16
06356	Verbs	to proclaim	proklamieren, verkünden	proclamar	proclamer	proclamare	proclamar	proclamar	proklami	proclamar										16
06357	Verbs	to backfire	nach hinten losgehen	salir el tiro por la culata	produire l'effet inverse	avere l'effetto contrario	sair o tiro pela culatra	sortir el tret per la culata	misfunkcii	haber un effecto contrari										16
06358	Verbs	to profit	profitieren	beneficiar	profiter	beneficiare	beneficiar	aprofitar, beneficiar-se de	profiti	profitar										16
06359	Verbs	to reiterate	wiederholen	reiterar	réaffirmer	ripetere	reiterar	reiterar, repetir	ripeti	reiterar										16
06360	Verbs	to reconsider	noch einmal überdenken	reconsiderar	reconsidérer	riconsiderare	reconsiderar	reconsiderar	rekonsideri	reconsiderar										16
06361	Verbs	to rethink	überdenken	repensar	repenser	ripensare	repensar	repensar	repensi	reconsiderar										16
06362	Verbs	to rehearse, to repeat	proben	ensayar, practicar	répéter (pour un spectacle)	provare, ripetere	repetir, ensaiar	assajar, repetir	provludi	repeter; essayar										16
06363	Verbs	to resonate	schallen, erklingen	resonar	résonner	risuonare	ressoar	ressonar	resoni	resonar										16
06364	Verbs	to restrain	bändigen, zurückhalten	refrenar, contener	restreindre, retenir	contenere, frenare	restringir	reprimir, contenir	bridi	refrenar										16
06365	Verbs	to revisit	nochmal überdenken, nochmal besuchen	revisitar	revisiter	rivisitare	revisitar	revisitar, tornar a examinar	reviziti	revisitar										16
06366	Verbs	to couple	verbinden, koppeln	acoplar	accoupler	associare, agganciare	unir(-se), ligar(-se)	acoblar, unir	kupli	accopular										16
06367	Verbs	to reinforce	verstärken	reforzar	renforcer	rinforzare	reforçar	reforçar	plifortigi	reinfortiar										16
06368	Verbs	to crowd	sich drängen	amontonar	s'entasser	affollare, gremire	aglomerar(-se)	amuntegar-se, apinyar-se	kunpremiĝi	accumular										16
06369	Verbs	to enrol, to subscribe	(sich) einschreiben	inscribirse	s'inscrire	iscriversi	inscrever-se	inscriure's	aliĝi	inscriber se										16
06370	Verbs	to hail	begrüßen	saludar	saluer	salutare	saudar	aclamar, saludar	saluti	salutar										16
06371	Verbs	to sanction	sanktionieren, bestrafen	sancionar	sanctionner	sanzionare	sancionar	sancionar	sankcii	sanctionar										16
06372	Verbs	to zero in, to focus	sich konzentrieren	centrarse, enfocarse	se concentrer	concentrarsi	concentrar(-se)	centrar-se, enfocar-se	koncentriĝi	concentrar se										16
06373	Verbs	to allude	auf etwas anspielen	aludir a, referirse a	faire allusion à quelque chose	alludere	aludir	al·ludir, fer referència a	aludi	alluder a										16
06374	Verbs	to straighten up	sichaufrichten	enderezar	redresser	raddrizzare, risolvere	endireitar	redreçar-se	rekte stari	rectificar										16
06375	Verbs	to fake	vortäuschen, simulieren	fingir	simuler	fingere	simular	fingir, simular	ŝajnigi	finger										16
06376	Verbs	to underscore	hervorheben	subrayar	souligner	sottolineare	sublinhar	subratllar, destacar	substreki	sublinear	Das Programm hat die Wichtigkeit einer Ausbildung an einem Gymnasium wirklich hervorgehoben.	El programa realmente subrayó la importancia de la educación secundaria.	Le programme a vraiment souligné l'importance de l'éducation secondaire.	Il programma sottolineava davvero l'importanza dell'istruzione liceale.	O programa realmente sublinhou a importância do ensino médio.	The program really underscored the importance of a high school education.	El programa realment va subratllar la importància de l'educació secundària.	La programo vere substrekis la gravecon de mezlerneja edukado.	Le programma realmente sublineava le importantia de un education de schola secundari.	16
06377	Verbs	to subsidize	subventionieren	subsidiar	subventionner	sovvenzionare	subsidiar	subvencionar	subvencii	subsidiar										16
06378	Verbs	to amaze	erstaunen	asombrar, sorprender	stupéfier	stupire	maravilhar	sorprendre, meravellar	miri	stupefacer										16
06379	Verbs	to carve	schnitzen	tallar	tailler	intagliare, scolpire	talhar	tallar, esculpir	skulpti	sculper										16
06380	Verbs	to pat	tätscheln, leicht klopfen	dar una palmada	tapoter	dare un colpetto affettuoso	bater de leve	donar un copet	frapeti	colpar suavemente										16
06381	Verbs	to tease	aufziehen, hänseln, ärgern	burlarse, incitar	taquiner	stuzzicare, prendere in giro	provocar, incitar	fer la guitza, prendre el pèl	inciteti	irritar										16
06382	Verbs	to terrorize	terrorisieren	aterrorizar	terroriser	terrorizzare	aterrorizar	aterrir, terroritzar	terurizi	terrorisar										16
06383	Verbs	to drift	treiben, sich treiben lassen	ir a la deriva	dériver	vagare, andare alla deriva	vagar, estar à deriva	anar a la deriva	drivi	derivar										16
06384	Verbs	to circle	umkreisen	rodear, circundar	tourner autour	circondare, girare attorno	circundar, girar em torno de	voltar, fer cercles	rondiri	cinger										16
06385	Verbs	to haul	schleppen, ziehen	arrastrar, cargar	tirer, traîner	tirare, trascinare	transportar, carregar	arrossegar, remolcar	treni	halar										16
06386	Verbs	to trail	hinter sich herziehen	arrastrar	traîner	trascinare, trainare	arrastar	arrossegar	posttiri	trainar	Das Kind zog seine Decke hinter sich her	El niño arrastró la manta tras de sí.	L'enfant a traîné sa couverture derrière lui.	Il bambino si è trascinato dietro la coperta.	A criança arrastou seu cobertor atrás de si.	The child trailed his blanket behind him.	El nen arrossegava la seva manta darrere seu.	La infano posttiris sian litkovrilon.	Le puero trainava su manta post se.	16
06387	Verbs	to slash, to slice	durchschneiden	cortar, rajar	trancher	squarciare	fatiar	tallar a rodanxes, llescar	tranĉi	taliar										16
06388	Verbs	to stalk	nachstellen, jagen	acechar	traquer	braccare, perseguitare	perseguir, espreitar	assetjar, aguaitar	kaŝsekvi	insidiar										16
06389	Verbs	to triple	verdreifachen	triplicar	tripler	triplicare	triplicar	triplicar	triobligi	triplicar										16
06390	Verbs	to unify	(sich) vereinigen	unificar	unifier	unificare, unire	unificar	unificar	unuigi	unificar										16
06391	Idiomatic Expressions	you can't judge a book by its cover	Beurteile etwas nicht nach seinem Äußerem	no todo lo que brilla es oro (ES), no puedes juzgar un libro por su cubierta (AL)	l'habit ne fait pas le moine	l'abito non fa il monaco	não julgue o livro pela capa	no es pot jutjar un llibre per la seva coberta	oni ne povas juĝi libron laŭ ĝia kovrilo	on non pote judicar un libro per su copertura										16
06392	Idiomatic Expressions	to bend over backward(s)	sich ein Bein ausreißen	partirse la espalda	se plier en quatre	farsi in quattro	fazer o possível e o impossível	fer mans i mànigues	kliniĝi malantaŭen	facer le impossibile										16
06393	Relationships & Dating	She told me her parents were not home; I got to her place in no time	Sie hat mir gesagt, dass ihre Eltern nicht zu Hause waren. Ich war in null Komma nichts bei ihr.	Ella me dijo que sus padres no estaban en casa y llegué a su casa  en un momento	Elle m'a dit que ses parents n'étaient pas à la maison, je suis arrivé chez elle en un rien de temps 	Lei mi disse che i suoi genitori non erano a casa, e sono arrivato da lei in un niente	(Ela) me disse que seus pais não estavam em casa, e eu cheguei à casa dela voando	Ella em va dir que els seus pares no eren a casa; vaig arribar a casa seva en un tres i no res.	Ŝi diris al mi, ke ŝiaj gepatroj ne estas hejme; mi alvenis al ŝia domo en neniom da tempo.	Illa me diceva que su parentes non esseva a casa; io arrivava a su casa in un momento										17
06394	Relationships & Dating	Body odour is a major turn-off for me	Körpergeruch ist für mich ein echter Abturner.	El mal olor corporal me echa para atrás de verdad	Une mauvaise odeur corporelle est un grand tue-l'amour pour moi	Il cattivo odore corporeo è un grande spegni-voglia per me	Mau cheiro corporal é brochante demais para mim	La mala olor corporal és un gran repel·lent per a mi.	Korpa odoro estas grava malŝaltilo por mi.	Le mal odor corporal es un grande factor de repulsion pro me										17
06395	Relationships & Dating	to play someone	mit jemandem spielen	engañar a alguien	se jouer de quelqu'un, manipuler 	ingannare qualcuno	brincar com alguém	jugar amb algú	ludi iun	deciper alcuno	Ich glaube, er spielt mit mir, er meint es nicht ernst 	Creo que el me está engañando, no es una persona seria	Je pense qu'il se joue de moi, il n'est pas sérieux	Penso che lui mi stia ingannando, non è serio	Eu acho que ele está brincando comigo; ele não é sério	I think he is playing me, he's not serious	Crec que està jugant amb mi, no va de debò.	Mi pensas, ke li ludas min, li ne estas serioza.	Io pensa que ille me decipe; ille non es serio.	17
06396	Relationships & Dating	better half	meine bessere Hälfte	mi media naranja	ma moitié	la mia dolce metà	minha cara metade	la mitja taronja	pli bona duono	mi melior medietate	Ich liebe es, mit meiner besseren Hälfte ins Kino zu gehen 	Me gusta ir al cine con mi media naranja	J'adore aller au ciné avec ma moitié	Mi piace andare al cinema con la mia dolce metà	Eu adoro ir ao cinema com minha cara metade	I love going to the movies with my better half	M'encanta anar al cinema amb la meva mitja taronja.	Mi amas iri al la kinejo kun mia pli bona duono.	Io ama vader al cinema con mi melior medietate.	17
06397	Relationships & Dating	sweet-talker	der Schmeichler 	el adulador	le baratineur	l'adulatore	o(a) bajulador(a)	l'adulador (els aduladors), l'encantador de serps (els encantadors)	dolĉ-parolanto	adulator	Das ist ein echter Schmeichler. Er sagt dir all das, was du hören möchtest	Es un adulador: te dice lo que quieres oir	C'est un baratineur: il dit exactement ce que tu veux entendre	È un adulatore: ti dice quel che vuoi sentire	Ele é um bajulador: ele diz o que você quer ouvir	He's a sweet-talker: he says what you want to hear	És un adulador: et diu el que vols sentir.	Li estas dolĉ-parolanto: li diras tion, kion vi volas aŭdi.	Ille es un adulator: ille dice lo que tu vole audir.	17
06398	Common Colloquialisms	come rain or shine	ob es regnet oder die Sonne scheint	tanto si llueve como si hace sol	qu'il pleuve ou qu'il vente 	con la pioggia o con il sole, qualunque cosa accada	faça chuva ou faça sol	plogui o faci sol	pluvu aŭ brilu	sia que il pluve o que il face sol	Ob es regnet oder die Sonne scheint, die Party wird weitergehen!	¡Tanto si llueve como si hace sol, la fiesta se hará!	Qu'il vente ou qu'il pleuve, on fera la fête !	Con la pioggia o con il sole, la festa si farà!	Faça chuva ou faça sol, nós vamos fazer a festa!	Rain or shine, the party will go on!	Plogui o faci sol, la festa continuarà!	Pluvu aŭ brilu, la festo daŭros!	Sia que il pluve o que il face sol, le festa continuara!	17
06399	Common Colloquialisms	bum	der Odachlose 	el mendigo	le clodo, le mendiant	il barbone, il mendicante	o(a) mendigo(a)	el rodamón (els rodamons), el vagabund (els vagabunds)	vagabondo	mendico	Dieser Obdachlosehört nicht auf, mich nach Geld für Alkohol zu fragen.	Este mendigo sigue pidiéndome dinero para comprar alcohol	Ce clodo continue de me demander de l'argent pour acheter de l'alcool	Questo barbone continua a chiedermi soldi per comprare dell'alcool	Esse mendigo continua me pedindo dinheiro para comprar álcool	This bum keeps asking me for money to buy alcohol	Aquest rodamón no para de demanar-me diners per a alcohol.	Ĉi tiu vagabondo daŭre petas de mi monon por aĉeti alkoholon.	Iste mendico continua a peter me pecunia pro comprar alcohol.	17
06400	Common Colloquialisms	drama queen	die Dramaqueen 	la teatrera, la histérica	l'hystérique 	l'isterica 	a rainha do drama	la reina del drama (les reines), l'histèrica (les histèriques)	dramreĝino	hysterica	Sie kann ihre Gefühle nicht zurückhalten. Das ist so eine Dramaqueen! 	No sabe controlar sus sentimientos, ¡es una histérica!	Elle ne peut pas contrôler ses émotions, c'est une vraie hystérique !	Non sa controllare i suoi sentimenti, è proprio una donna emotiva!	Ela não sabe controlar suas emoções. Ela é uma verdadeira rainha do drama!	She can't hold in her feelings, she's such a drama queen!	No sap controlar les seves emocions, és una histèrica!	Ŝi ne povas kontroli siajn emociojn, ŝi estas tia dramreĝino!	Illa non sape controlar su sentimentos; illa es un tal hysterica!	17
06401	Common Colloquialisms	quitter	der Versager , der Schlappschwanz 	derrotista	le dégonflé, le lâcheur	il rinunciatario	o(a) desistente	el derrotista (els derrotistes), l'abandonador (els abandonadors)	rezignemulo	defaitista	Gib nicht schon wieder auf! Sei kein Schlappschwanz! 	No te des por vencido otra vez, ¡deja de ser un derrotista!	N'abandonne pas encore une fois, arrête d'être un lâcheur !	Non mollare di nuovo, smettila di essere un rinunciatario!	Não se dê por vencido novamente, pare de ser um desistente!	Don't give up again, stop being a quitter!	No et rendeixis una altra vegada, deixa de ser un derrotista!	Ne rezignu denove, ĉesu esti rezignemulo!	Non te da per vincite de novo; cessa de esser un defaitista!	17
06402	Common Colloquialisms	The plans are up in the air. We have to find another solution!	Die Pläne stehen noch nicht fest. Wir müssen eine andere Lösung finden.	Los planes están en el aire. ¡Tenemos que encontrar otra solución!	Les plans sont en suspens. Il faut trouver une autre solution !	I piani sono in sospeso. Dobbiamo trovare un'altra soluzione!	Os planos estão em suspenso. Nós precisamos encontrar outra solução. 	Els plans estan en l'aire. Hem de trobar una altra solució!	La planoj estas en la aero. Ni devas trovi alian solvon!	Le planos es ancora incerte. Nos debe trovar un altere solution!										17
06403	Common Colloquialisms	dime a dozen	wie Sand am Meer	nada del otro mundo	être légion, ne pas valoir un clou, être commun	niente di che, non valere niente	nada de outro mundo	res de l'altre món	banala, komuna	nihil de extraordinari	Diese Hosen gibt es wie Sand am Meer. Die sind nichts Besonderes	Estos pantalones no son nada del otro mundo, no tienen nada especial	Ce pantalon est commun, il n'a rien de spécial	Questi pantaloni non sono niente di che, non hanno nulla di speciale	Essa calça não é nada de outro mundo; ela não tem nada de especial	Those pants are a dime a dozen; they're nothing special	Aquests pantalons no són res de l'altre món; no tenen res d'especial.	Tiuj pantalonoj estas banalaj; ili estas nenio speciala.	Iste pantalones es nihil de extraordinari; illos non ha alco de special.	17
06404	Common Colloquialisms	in the sticks	in der Pampa	en el quinto pino	dans un endroit rural	in campagna	no fim do mundo	a la quinta forca	en la kamparo, for de ĉio	in un loco remote	Ich gehe nicht in ein Restaurant, das in der Pampa liegt! Das ist zu weit weg! 	¡No iré a un restaurante que esté en el quinto pino! ¡Está muy lejos! 	Je n'irai pas dans un restaurant rural, c'est trop loin ! 	Non andrò in un ristorante in campagna! È troppo lontano!	Eu não vou a um restaurante no fim do mundo! É muito longe!	I'm not going to a restaurant in the sticks! It's too far! 	No aniré a un restaurant que estigui a la quinta forca! Està massa lluny!	Mi ne iros al restoracio en la kamparo! Ĝi estas tro for!	Io non va a un restaurante in un loco remote! Illo es troppo lontan!	17
06405	Common Colloquialisms	knock-off	die (billige) Fälschung , die Raubkopie , der Fake 	imitación, falso	faux, contrefait	taroccato, falso	pirata	la imitació (les imitacions), la falsificació (les falsificacions)	falsaĵo	imitation	Ist das eine echte Gucci Tasche oder ein Fake?	¿Es un bolso de Gucci o es una imitación?	C'est un vrai sac Gucci ou c'est une contrefaçon ?	È una vera borsa di Gucci o è taroccata?	É uma bolsa da Gucci verdadeira ou pirata?	Is that a real Gucci bag or a knock-off?	És una bossa de Gucci autèntica o una imitació?	Ĉu tio estas vera Gucci-sako aŭ falsaĵo?	Esque illo es un bursa authentic de Gucci o un imitation?	17
06406	Common Colloquialisms	to pump iron	Gewichte stemmen	hacer pesas	soulever de la fonte, faire de la musculation	sollevare i pesi	levantar peso	fer peses	levi ferojn	levar pesos	Jeff bleibt in Form. An Wochenenden geht er gern Gewichte stemmen. 	Jeff se mantiene en forma, le gusta hacer pesas en el fin de semana	Jeff reste en forme, il aime soulever de la fonte le week-end	Jeff si tiene in forma, gli piace sollevare i pesi nei weekend	Jeff mantém a forma; ele adora levantar peso nos fins de semana	Jeff stays in shape; he likes to pump iron on the weekends	En Jeff es manté en forma; li agrada fer peses els caps de setmana.	Jeff restas en formo; li ŝatas levi ferojn dum la semajnfinoj.	Jeff se mantene in forma; ille ama levar pesos durante le fines de septimana.	17
06407	Common Colloquialisms	to be shady	nicht ganz geheuer sein, merkwürdig	ser sospechoso	être louche	essere losco	ser suspeito(a)	ser sospitós	esti suspektinda	esser suspecte	Der Kerl ist mir nicht ganz geheuer. Ich traue ihm nicht	Ese chico es sospechoso, no me fío de el	Ce mec est louche, je ne lui fais pas confiance	Quel ragazzo è losco, non mi fido di lui	Esse cara é suspeito, eu não confio nele	That guy is shady, I don't trust him	Aquell noi és sospitós, no me'n fio.	Tiu ulo estas suspektinda, mi ne fidas lin.	Ille typo es suspecte; io non ha fiducia in ille.	17
06408	Common Colloquialisms	pub crawl	die Kneipentour , die Sauftour 	de bar en bar, de bares	un barathlon, une tournée des bars	un giro dei bar	tour pelos bares	anar de bars, anar de copes	drinkeja rondiro	de bar in bar	Wir machen eine Kneipentour durch die ganze Stadt 	Estamos yendo de bar en bar por toda la ciudad	On va faire un barathlon dans toute la ville	Stiamo facendo un giro dei bar di tutta la città	Nós estamos fazendo um tour pelos bares da cidade inteira	We're doing a pub crawl throughout the entire city	Anem de bars per tota la ciutat.	Ni faras drinkejan rondon tra la tuta urbo.	Nos va de bar in bar per tote le citate.	17
06409	Slang & Idioms	to space out	vor sich hin träumen	estar en Babia (ES), estar en la luna	rêvasser	dormire in piedi	estar sonhando acordado(a)	estar a la lluna, estar als núvols	esti en la nuboj	esser distracte	Tut mir leid, ich träumte vor mich hin...	Perdona, estaba en babia	Désolé, je rêvassais...	Scusa, stavo dormendo in piedi...	Desculpe, eu estava sonhando acordado(a)...	Sorry, I was spacing out...	Perdona, estava a la lluna...	Pardonu, mi estis en la nuboj...	Pardono, io esseva distracte.	17
06410	Slang & Idioms	to be behind bars	hinter Gittern sein	estar entre rejas	être derrière les barreaux, être en prison	stare dietro le sbarre	estar atrás das grades	estar entre reixes	esti malantaŭ kradoj	esser in prision	Dieser Verbrecherwird sein ganzes Leben hinter Gittern verbringen	Ese criminal pasará toda su vida entre rejas	Ce criminel va passer toute sa vie derrière les barreaux	Quel criminale passerà tutta la vita dietro le sbarre	Esse criminoso vai passar a vida inteira atrás das grades	That criminal will spend his whole life behind bars	Aquell criminal passarà tota la seva vida entre reixes.	Tiu krimulo pasigos sian tutan vivon malantaŭ kradoj.	Iste criminal passara su integre vita in prision	17
06411	Slang & Idioms	fair and square	offen und ehrlich	jugar de forma justa	juste, à la régulière	in modo leale	jogando limpo	de manera justa i neta	juste kaj honeste	juste e loyal	Ich habe das Spiel offen und ehrlich gewonnen! Geben Sie mir diesen Preis! 	¡He ganado este juego de forma justa! ¡Dame aquel premio!	J'ai gagné ce jeu à la régulière ! Donnez-moi ce prix !	Ho vinto questo gioco in modo leale! Dammi quel premio!	Eu ganhei a partida jogando limpo! Me de o prêmio!	I won that game fair and square! Give me that prize!	He guanyat aquest joc de manera justa i neta! Dona'm aquell premi!	Mi gajnis tiun ludon juste kaj honeste! Donu al mi tiun premion!	Io ha vincite iste joco juste e loyal! Da me le premio!	17
06412	Slang & Idioms	to have guts	Mut haben, Mumm haben	tener agallas	avoir des tripes, du courage	avere fegato	ter coragem	tenir pebrots, tenir collons	havi kuraĝon	haber corage	Sie haben Mut, Soldat!	¡Tienes agallas, soldado!	Vous avez des tripes, soldat !	Hai fegato, soldato!	Você tem coragem, soldado!	You have some guts, soldier!	Tens pebrots, soldat!	Vi havas kuraĝon, soldato!	Tu ha corage, soldato!	17
06413	Slang & Idioms	to blow out (blew out, blown out) something of proportion	etwas übertreiben	hacer un teatro	faire une montagne de quelque chose	farne una tragedia	fazer um teatro	fer-ne un gra massa, exagerar	troigi ion	exaggerar	Er übertreibt. Das war nur ein Unfall	Ha hecho un teatro, sólo ha sido un accidente	Il en a fait une montagne, c'était juste un accident	Ne ha fatto una tragedia, è stato solo un incidente	Ele fez um teatro, foi somente um acidente	He blew this out of proportion, it was just an accident	N'ha fet un gra massa, només ha estat un accident.	Li troigis tion, estis nur akcidento.	Ille ha exaggerate le cosa, illo esseva solmente un accidente	17
06414	Slang & Idioms	to cram	pauken, büffeln	hincar los codos (E), matarse estudiando (AL)	bachoter	sgobbare	se matar de estudar 	matar-se estudiant, clavar els colzes	studegi	studiar intensivemente	Ich muss für meine Prüfung heute Abend büffeln 	Tengo que hincar los codos esta noche para mis exámenes 	Je dois bachoter pour mes examens ce soir	Devo sgobbare per i miei esami stasera	Eu tenho que me matar de estudar para meus testes hoje à noite	I have to cram for my tests tonight	He de matar-me estudiant aquesta nit per als meus exàmens.	Mi devas studegi por miaj ekzamenoj ĉi-vespere.	Io debe studiar intensivemente pro mi examine hodie nocte	17
06415	Slang & Idioms	That student is sharp. She can write great analyses	Die Schülerin ist scharfsinnig. Sie schreibt ausgezeichnete Analysen.	Esta estudiante es aguda. Escribe muy buenos análisis. Esta estudiante es pila.  Ella puede escribir muy buenos análisis (AL)	Cette étudiante est vive d'esprit. Elle peut écrire d'excellentes analyses	Questa studentessa è acuta. Sa scrivere analisi eccellenti	Essa aluna é afiada. Ela pode escrever ótimas análises 	Aquesta estudiant és espavilada. Pot escriure anàlisis excel·lents.	Tiu studentino estas akra. Ŝi povas verki bonegajn analizojn.	acute									Iste studente es acute. Illa pote scriber excellente analyses.	17
06416	Slang & Idioms	Lauren is very smart and always outdoes her peers on tests	Lauren ist sehr begabt und übertrifft ihre Mitschüler in den Prüfungen	Lauren es muy inteligente y siempre supera a sus compañeros en los exámenes	Lauren est très douée et surpasse toujours ses pairs dans les examens	Lauren è molto intelligente e supera sempre i compagni agli esami	Lauren é muito inteligente e sempre supera seus companheiros nos exames	La Lauren és molt intel·ligent i sempre supera els seus companys als exàmens.	Lauren estas tre inteligenta kaj ĉiam superas siajn samklasanojn en testoj.	superar su pares									Lauren es multo intelligente e sempre supera su pares in le examines.	17
06417	Slang & Idioms	Now that he's a doctor, he is raking in the dough!	Jetzt, da er Arzt ist, verdient er einen Haufen Kohle	¡Ahora que es doctor, se está forrando de dinero!	Maintenant qu'il est médecin, il amasse beaucoup d'argent !	Adesso che è un dottore, sta accumulando un bel po' di grana!	Agora que ele é médico, está nadando em dinheiro!	Ara que és metge, s'està folrant!	Nun, kiam li estas kuracisto, li enspezas multe da mono!	ganiar multe moneta									Ora que ille es medico, ille gania multe moneta!	17
06418	Slang & Idioms	I thought I won the lottery, but it was just wishful thinking	Ich dachte, ich hätte in der Lotterie gewonnen, aber das war nur Wunschdenken	Pensaba que había ganado la lotería, pero era solo una falsa esperanza	Je croyais avoir gagné à la loterie, mais j'ai pris mes désirs pour des réalités	Pensavo di aver vinto la lotteria, ma era solo una vana speranza	(Eu) pensei que tinha ganhado na loteria, mas foi apenas uma falsa esperança	Pensava que havia guanyat la loteria, però només era una il·lusió.	Mi pensis, ke mi gajnis la loterion, sed tio estis nur deziro-pensaĵo.	false sperantia									Io pensava que io habeva ganiate le lotteria, sed illo era solmente un false sperantia.	17
06419	Slang & Idioms	So David's idea didn't work out well? Back to the drawing board, then	Die Idee, die David vorgeschlagen hat, hat nicht funktioniert? Also zurück zum Anfang	¿La idea que ha propuesto John no ha funcionado? Entonces volvamos a empezar de cero	L'idée proposée par David n'a pas bien marché? Alors retour à la case départ.	L'idea proposta da David non ha funzionato? Allora siamo punto e a capo	Então a ideia de David não funcionou muito bem? De volta à estaca zero, então	La idea que ha proposat en David no ha funcionat? Doncs, tornem a començar de zero.	Do la ideo de David ne funkciis bone? Reen al la desegnotabulo, do.	recomenciar ab initio									Dunque le idea de David non ha functionate ben? Alora, nos debe recomenciar ab initio.	17
06420	Slang & Idioms	After the economic crisis, my supporters jumped ship	Nach der Wirtschaftskrise haben meine Partner  die Flinte ins Korn geworfen	Después de la crisis económica, mis inversores han abandonado el barco	Après la crise économique, mes partenaires ont quitté le navire	Dopo la crisi economica, i miei investitori hanno abbandonato la nave	Após a crise econômica, meus parceiros abandonaram o navio	Després de la crisi econòmica, els meus socis van abandonar el vaixell.	Post la ekonomia krizo, miaj subtenantoj forlasis la ŝipon.	abandonar le nave									Post le crise economic, mi partisanos ha abandonate le nave.	17
06421	Slang & Idioms	Everyone should get behind a greater cause, like cancer research	Jeder sollte eine größere Sache unterstützen, z.B. die Krebsforschung	Todos deberían apoyar una gran causa, como la investigación del cáncer	Tout le monde devrait soutenir une cause très importante, comme la recherche pour le cancer	Tutti dovrebbero sostenere una causa più grande, come la ricerca sul cancro	Todos deveriam apoiar uma grande causa, como a pesquisa sobre o câncer	Tothom hauria de donar suport a una causa més gran, com la investigació del càncer.	Ĉiuj devus subteni pli grandan aferon, kiel kanceresploradon.	Totes deberea supportar un causa major, como le recerca del cancere.										17
06422	Slang & Idioms	'rents	die Alten, die Eltern	los viejos, los padres	les vieux, les parents	i vecchi, i genitori	os velhos, os pais	els meus pares	gepatroj (slango)	parentes	Meine Alten sind nicht zu Hause, also schmeiße ich eine Party	Mis viejos no están en casa, por esto hago una fiesta	Mes vieux ne sont pas à la maison, donc j'organise une fête	I vecchi non sono a casa, quindi do una festa 	Meus velhos não estão em casa, então vou organizar uma festa	My 'rents aren't home, so I'm having a party 	Els meus pares no són a casa, així que faig una festa.	Miaj gepatroj ne estas hejme, do mi festas.	Mi parentes non es a casa, dunque io da un festa.	17
06423	Slang & Idioms	to pig out	sich vollstopfen	llenarse	se goinfrer	abbuffarsi	empanturrar-se	atipar-se, afartar-se	tro-manĝi	se ingurgitar	Wir haben uns mit Eis und Pizza vollgestopft	Nos hemos llenado de helado y pizza	On s'est goinfré de glace et de pizza	Ci siamo abbuffati di gelato e pizza	Nós nos empanturramos de sorvete e pizza	We pigged out on ice cream and pizza	Ens hem atipat de gelat i pizza.	Ni tro-manĝis glaciaĵon kaj picon.	Nos nos ingurgitava de gelato e pizza.	17
06424	Slang & Idioms	average Joe	ein Durchschnittstyp 	un hombre cualquiera 	un mec lambda 	un  tipo normale 	um sujeito qualquer 	un paio qualsevol, un home corrent	averaĝa homo	un homine qualcunque	Ich bin niemand besonderes, nur ein Durchschnittstyp	Yo no soy una persona especial, soy solo un hombre cualquiera	Je ne suis personne de spécial, juste un mec lambda	Io non sono una persona speciale, solo un tipo medio	Eu não sou uma pessoa especial, sou apenas um sujeito qualquer	I'm nobody special, just the average Joe	No sóc ningú especial, només un paio qualsevol.	Mi estas neniu speciala, nur averaĝa homo.	Io non es alcuno special, solmente un homine qualcunque.	17
06425	Slang & Idioms	to be swamped	(mit Arbeit) überfordert sein	estar metido	être surchargé (de travail)	essere sommerso (di lavoro)	estar cheio(a) (de trabalho)	estar desbordat (de feina)	esti superŝutita (de laboro)	esser submergite	Ich bin mit den ganzen Telefonaten, die ich machen muss, überfordert 	Estoy metido en las llamadas que tengo que hacer	Je suis surchargé par tous les coups de fil que je dois passer	Sono sommerso dalle telefonate da fare	 Eu estou cheio de telefonemas para fazer	I'm swamped with phone calls to make	Estic desbordat amb totes les trucades que he de fer.	Mi estas superŝutita de la telefonvokoj, kiujn mi devas fari.	Io es submergite de appellos telephonic que io debe facer.	17
06426	Slang & Idioms	to take flak	heftige Kritik einstecken	recibir críticas	se faire allumer, être critiqué	prendere ramanzine	receber críticas	rebre crítiques dures	ricevi akrajn kritikojn	reciper criticas	Ich muss immer heftige Kritik von meinem Boss einstecken. Er ist ein Arsch	Siempre recibo críticas de mi jefe, es un estúpido	Je me fais tout le temps allumer par mon boss, c'est un salaud	Mi prendo sempre delle ramanzine dal mio capo, è uno stronzo	Eu sempre recebo críticas do meu chefe, ele é um idiota	I always take flak from my boss, he's a jerk	Sempre rebo crítiques dures del meu cap, és un imbècil.	Mi ĉiam ricevas akrajn kritikojn de mia estro, li estas stultulo.	Io sempre recipe criticas de mi chef; ille es un idiota.	17
06427	Environment & Ecology	sewage	das Abwasser 	el agua residual	les eaux usées	i liquami, le acque di scolo	o esgoto	les aigües residuals	kloakaĵo	aqua residual										17
06428	Environment & Ecology	environmental standard	die Umweltnorm 	las normas ecológicas	la norme écologique	lo standard ambientale	a norma ambiental	la norma mediambiental (les normes)	media normo	norma ecologic										17
06429	Environment & Ecology	recyclable	wiederverwendbar	reciclable	recyclable	riciclabile	reciclável	reciclable	reciklebla	recyclabile										17
06430	Environment & Ecology	biodegradable	biologisch abbaubar	biodegradable	biodégradable	biodegradabile	biodegradável	biodegradable	biodegradebla	biodegradabile										17
06431	Environment & Ecology	global warming	die globale Erwärmung 	el calentamiento global	le réchauffement climatique	il riscaldamento globale	o aquecimento global	l'escalfament global	tutmonda varmiĝo	calefaction global										17
06432	Environment & Ecology	organic farming	der biologische Anbau	la agricultura biológica	l'agriculture biologique	l'agricoltura biologica	a agricultura biológica	l'agricultura ecològica	ekologia agrikulturo	agricultura biologic										17
06433	Environment & Ecology	black tide, oil spill	die Ölpest 	la marea negra, el derrame de petróleo	la marée noire	la marea nera, la fuoriuscita di petrolio	a maré negra, o derramamento de óleo	la marea negra (les marees), el vessament de petroli (els vessaments)	naftoverŝo	marea nigre, effusion de petroleo										17
06434	Environment & Ecology	green energy	die grüne Energie 	la energía verde	l'énergie verte 	l'energia verde	a energia verde	l'energia verda	verda energio	energia verde										17
06435	Environment & Ecology	contamination	die Verseuchung 	la contaminación	la contamination	la contaminazione, l'inquinamento	a contaminação	la contaminació	poluado	contamination										17
06436	Environment & Ecology	preservative	das Konservierungsmittel , der Konservierungsstoff 	el conservante	le produit conservateur	il conservante	o conservante	el conservant (els conservants)	konservanto	conservante										17
06437	Environment & Ecology	wildlife	die Tier- und Pflanzenwelt (Fauna und Flora)	la fauna y la flora	la faune et la flore	la fauna e la flora	a fauna e a flora	la fauna i flora silvestres	sovaĝa vivo	fauna e flora										17
06438	Environment & Ecology	extinct species	die ausgestorbene Spezies	las especies extinguidas	les espèces disparues	le specie estinte	as espécies extintas	les espècies extingides	formortintaj specioj	species extincte										17
06439	Politics & Government	ethical	ethisch	ético	éthique	etico	ético(a)	ètic(a)	etika	ethic										17
06440	Politics & Government	democrat	der Demokrat 	el demócrata	le démocrate	il democratico	o(a) democrata	el demòcrata (els demòcrates)	demokrato	democrate										17
06441	Politics & Government	green party	die Grünen	el partido ecologista, el partido verde	le parti écologiste	il partito dei verdi / ecologista	o partido verde	el partit verd (els partits), el partit ecologista (els partits)	verda partio	partito ecologista, partito verde										17
06442	Politics & Government	leftist	linksgerichtet	de izquierdas, izquierdista	de gauche	di sinistra	de esquerda, esquerdista	d'esquerres, esquerrà	maldekstrisma	de sinistra										17
06443	Politics & Government	rightist	rechtsgerichtet	de derechas, derechista	de droite	di destra	de direita, direitista	de dretes, dretà	dekstrisma	de dextra										17
06444	Politics & Government	to stand for an election	bei einer Wahl kandidieren	presentarse a las elecciones	se présenter à une élection	candidarsi	candidatar-se a uma eleição	presentar-se a unes eleccions	kandidatiĝi por elekto	presentar se al electiones										17
06445	Politics & Government	activist, campaigner	der Aktivist	el militante, el activista	le militant	l'attivista , il militante	o(a) militante, o(a) ativista	l'activista (els activistes), el militant (els militants)	aktivulo	activista, militante										17
06446	Politics & Government	far right	die rechtsextreme Partei	la extrema derecha	l'extrême droite 	l'estrema destra	a extrema direita	l'extrema dreta	ekstrema dekstro	extreme dextra										17
06447	Politics & Government	to adopt a law	ein Gesetz  verabschieden	adoptar una ley	adopter une loi	approvare una legge	adotar uma lei	adoptar una llei	adopti leĝon	adoptar un lege										17
06448	Social Issues	eviction	die Zwangsräumung 	el desalojo, el desahucio	l'expulsion  (d'un logement)	lo sfratto	o despejo	el desnonament (els desnonaments), el desallotjament (els desallotjaments)	eldomigo	eviction										17
06449	Social Issues	labour force, staff, workforce	die Arbeiterschaft ; das Personal 	el personal	le personnel	il personale	o pessoal, a equipe	el personal, la plantilla	personaro	personal										17
06450	Social Issues	working conditions	die Arbeitsbedingungen 	las condiciones laborales	les conditions de travail	le condizioni lavorative	as condições de trabalho	les condicions laborals	laborkondiĉoj	conditiones de travalio										17
06451	Social Issues	partial unemployment	die Kurzarbeit 	desempleo parcial	le chômage partiel	la cassa integrazione	o desemprego parcial	l'atur parcial	parta senlaboreco	disoccupation partial										17
06452	Social Issues	the world of labour	die Arbeitswelt 	el mundo laboral	le monde du travail	il mondo del lavoro	o mundo do trabalho	el món laboral	labormondo	mundo del travalio										17
06453	Social Issues	to strike (struck, struck), to go on (went on, gone on) strike	streiken, demonstrieren	hacer huelga	se mettre en grève	scioperare, andare in sciopero	fazer greve	fer vaga	striki	facer cessation de travalio										17
06454	Social Issues	plight	die Notlage 	la situación crítica	la situation critique	la situazione critica, il dramma	a situação crítica	la situació crítica (les situacions), el drama (els drames)	malfacila situacio	situation critic										17
06455	Social Issues	shanty town	die Elendssiedlung 	las chabolas, barrio pobre	le bidonville	la baraccopoli	a favela	el barri de barraques (els barris), l'assentament irregular (els assentaments)	ladurbo	bidonville										17
06456	Social Issues	slum	der Slum 	el cuchitril, el tugurio	le taudis	la topaia, il tugurio	o barraco	la barraca (les barraques), el tuguri (els tuguris)	slumo	barraca										17
06457	Social Issues	to train new employees	neue Angestellte ausbilden	formación de nuevos empleados	former de nouveaux employés	formare i nuovi impiegati	treinar novos empregados	formar nous empleats	trejni novajn dungitojn	formar nove empleatos										17
06458	Social Issues	industrial estate	das Industriegebiet 	la zona industrial	la zone industrielle	la zona industriale	a zona industrial	el polígon industrial (els polígons)	industria zono	zona industrial										17
06459	Social Issues	weapon culture	die Waffenkultur 	la cultura de las armas	la culture des armes	la cultura delle armi	a cultura das armas	la cultura de les armes	armila kulturo	cultura de armas										17
06460	Social Issues	to blackmail	erpressen	chantajear	faire du chantage	ricattare	chantagear	fer xantatge	ĉantaĝi	extorquer										17
06461	Social Issues	to break the law	gegen das Gesetz verstoßen	violar la ley	transgresser, violer la loi	violare la legge, trasgredire	violar a lei	infringir la llei	malobei la leĝon	violar le lege										17
06462	Social Issues	crime rate	die Kriminalitätsrate 	la tasa de criminalidad	le taux de criminalité	il tasso di criminalità	a taxa de criminalidade	la taxa de criminalitat (les taxes)	krim-indico	taxa de criminalitate										17
06463	Social Issues	smuggling	der Schmuggel 	el contrabando	la contrebande	il contrabbando	o contrabando	el contraban	kontrabando	contrabando										17
06464	Social Issues	robbery	der Raub 	el robo con violencia	le vol qualifié	il furto, la rapina	o assalto	el robatori amb violència (els robatoris)	rabado	furto con violentia										17
06465	Social Issues	attempted murder	der Mordversuch 	la tentativa de muerte	la tentative de meurtre	il tentato omicidio	a tentativa de homicídio	l'intent d'homicidi (els intents)	atenco de murdo	tentativa de homicidio										17
06466	News & Media	aerial	die Rundfunkantenne 	la antena de radio	l'antenne radio 	l'antenna	a antena (de rádio etc.)	l'antena (les antenes)	anteno	antenna										17
06467	Nouns	dynamics	die Dynamik 	la dinámica	la dynamique	la dinamica	o(a) dinâmico(a)	la dinàmica	dinamiko	dynamica										17
06468	Nouns	fugitive	der Flüchtende 	el(la) fugitivo(a)	le fugitif	il fuggitivo 	o(a) fugitivo(a)	el fugitiu (els fugitius), la fugitiva (les fugitives)	fuĝanto	fugitivo										17
06469	Nouns	acceptance	die Akzeptanz , die Zustimmung 	la aceptación	l'acceptation 	l'accettazione 	a aceitação	l'acceptació	akcepto	acceptation										17
06470	Nouns	accomplishment	die Leistung , die Vollbringung 	el logro, el resultado	l'accomplissement 	la realizzazione, il risultato	a realização	l'assoliment (els assoliments), l'èxit (els èxits)	atingo	realisation	Die Mutter war unglaublich stolz auf die schulischen Leistungen ihres Sohnes.	La madre estaba increíblemente orgullosa del resultado escolar de su hijo	La mère était incroyablement fière des accomplissements scolaires de son fils.	La madre era incredibilmente orgogliosa del risultato scolastico di suo figlio.	A mãe estava incrivelmente orgulhosa das realizações acadêmicas de seu filho.	The mother was incredibly proud of her son's accomplishments at school.	La mare estava increïblement orgullosa dels assoliments escolars del seu fill.	La patrino estis nekredeble fiera pri la atingoj de sia filo en la lernejo.	Le matre esseva incredibilemente orgoliose del realisationes scholastic de su filio.	17
06471	Nouns	verge, shoulder (of a road)	der Rand 	el margen	l'accotement 	il bordo, l'orlo	a beira da estrada	el voral (els vorals), el marge (d'una carretera) (els marges)	vojrando	margine										17
06472	Nouns	acid	die Säure 	el ácido	l'acide 	l'acido	o ácido	l'àcid (els àcids)	acido	acido										17
06473	Nouns	membership	die Mitgliedschaft 	la afiliación	l'adhésion 	l'adesione, l'iscrizione	a adesão	l'afiliació (les afiliacions), la pertinença	membreco	affiliation										17
06474	Nouns	analogy	die Analogie 	la analogía	l'analogie 	l'analogia	a analogia	l'analogia (les analogies)	analogio	analogia										17
06475	Nouns	apartheid	die Apartheid 	el apartheid	l'apartheid 	l'apartheid 	o apartheid	l'apartheid	apartheid	apartheid										17
06476	Nouns	appreciation	die Anerkennung 	el aprecio	l'appréciation 	l'apprezzamento	a apreciação	l'estima, l'apreciació	aprezo	appreciation										17
06477	Nouns	arsenal	das Arsenal 	el arsenal	l'arsenal 	l'arsenale 	o arsenal	l'arsenal (els arsenals)	arsenalo	arsenal										17
06478	Nouns	assembly	die Versammlung 	la asamblea	l'assemblée 	l'assemblea	a assembleia	l'assemblea (les assemblees)	asembleo	assemblea										17
06479	Nouns	atrocity	die Grausamkeit 	la atrocidad	l'atrocité 	l'atrocità 	a atrocidade	l'atrocitat (les atrocitats)	abomenindaĵo	atrocitate										17
06480	Nouns	aviation	die Luftfahrt 	la aviación	l'aviation 	l'aviazione 	a aviação	l'aviació	aviado	aviation										17
06481	Nouns	equality	die Gleichberechtigung 	la igualdad	l'égalité 	l'uguaglianza	a igualdade	l'igualtat	egaleco	equalitate										17
06482	Nouns	recorder	das Registriergerät , das Aufnahmegerät 	el(la) grabador(a)	l'enregistreur	il registratore	o gravador	la gravadora (les gravadores)	registrilo	registrator										17
06483	Nouns	environmentalist	der Umweltschützer 	el(la) ecologista	l'environnementaliste 	l'ambientalista 	o(a) ambientalista	l'ecologista (els ecologistes), l'ambientalista (els ambientalistes)	ekologiisto	ecologista										17
06484	Nouns	equation	die Gleichung 	la ecuación	l'équation 	l'equazione 	a equação	l'equació (les equacions)	ekvacio	equation										17
06485	Nouns	evaluation, assessment	die (Ein)Schätzung 	la evaluación	l'évaluation 	la valutazione	a avaliação	l'avaluació (les avaluacions)	taksado	evalutation										17
06486	Nouns	horizon	der Horizont 	el horizonte	l'horizon 	l'orizzonte 	o horizonte	l'horitzó (els horitzons)	horizonto	horizonte										17
06487	Nouns	intensity	die Intensität 	la intensidad	l'intensité 	l'intensità	a intensidade	l'intensitat	intenseco	intensitate										17
06488	Nouns	questioning	die Vernehmung , das Verhör 	el interrogatorio	l'interrogatoire	l'interrogatorio	o questionamento	l'interrogatori (els interrogatoris)	 pridemandado	interrogation										17
06489	Nouns	insulation	die Isolierung  	el aislamiento 	l'isolation (thermique) 	l'isolamento (termico, acustico)	o isolamento 	l'aïllament (tèrmic, acústic)	izolado	isolation										17
06490	Nouns	orphanage	das Waisenhaus 	el orfanato	l'orphelinat 	l'orfanotrofio	o orfanato	l'orfenat (els orfenats)	orfejo	orphanato										17
06491	Nouns	banner	das Banner , das Spruchband 	el banner	la bannière	lo striscione, lo stendardo	a bandeira, o banner	la pancarta (les pancartes), la banderola (les banderoles)	standardo	banderola	Die Gesellschaft hatte ein riesiges Banner über ihren Türen, das besagte: «80% Rabatt auf alles».	La empresa tenía un enorme banner sobre sus puertas que leía: «80% de descuento en cualquier compra».	La société avait une bannière énorme sur les portes qui disait: «80% de réduction pour tout achat»	La società aveva un enorme striscione sopra le sue porte che diceva: «80% di sconto su ogni acquisto».	A empresa tinha um enorme banner em sua porta que dizia: «80% de desconto em qualquer compra».	The company had a huge banner over their doors which read, «80% off any purchase».	L'empresa tenia una pancarta enorme sobre les seves portes que deia: «80% de descompte en tot».	La kompanio havis grandegan standardon super siaj pordoj, kiu tekstis: «80% da rabato sur ĉio».	Le compania habeva un enorme banderola super su portas que diceva: «80% de disconto super qualcunque compra».	17
06492	Nouns	beard	der Bart 	la barba	la barbe	la barba	a barba	la barba (les barbes)	barbo	barba										17
06493	Nouns	coincidence	der Zufall 	la coincidencia	la coïncidence	la coincidenza	a coincidência	la coincidència (les coincidències), la casualitat (les casualitats)	koincido	coincidentia										17
06494	Nouns	collision	die Kollision , der Zusammenstoß 	la colisión	la collision	la collisione, lo scontro	a colisão	la col·lisió (les col·lisions), el xoc (els xocs)	kolizio	collision										17
06495	Nouns	complication	die Komplikation 	la complicación	la complication	la complicazione	a complicação	la complicació (les complicacions)	komplikaĵo	complication										17
06496	Nouns	courtesy	die Höflichkeit 	la cortesía	la courtoisie	la cortesia	a cortesia	la cortesia	ĝentileco	cortesia										17
06497	Nouns	devastation	die Zerstörung , die Verwüstung 	la devastación	la dévastation	la devastazione	a devastação	la devastació	detruado	devastation										17
06498	Nouns	dictatorship	die Diktatur 	la dictadura	la dictature	la dittatura	a ditadura	la dictadura (les dictadures)	diktaturo	dictatura										17
06499	Nouns	doctrine	die Doktrin , die Lehre 	la doctrina	la doctrine	la dottrina	a doutrina	la doctrina (les doctrines)	doktrino	doctrina										17
06500	Nouns	pit	die Grube 	la fosa	la fosse	la buca	a fossa	la fossa (les fosses), el clot (els clots)	fosaĵo	fossa										17
06501	Nouns	fraction	der Bruchteil 	la fracción	la fraction	la frazione	a fração	la fracció (les fraccions)	frakcio	fraction										17
06502	Nouns	lens	die Linse , das Objektiv 	la lente	la lentille, l'objectif photo 	il cristallino (occhio), la lente, l'obiettivo (foto)	a lente	la lent (les lents)	lenso	lente										17
06503	Nouns	tide	die Gezeiten	la marea	la marée	la marea	a maré	la marea (les marees)	tajdo	marea										17
06504	Nouns	mentality	die Mentalität 	la mentalidad	la mentalité	la mentalità	a mentalidade	la mentalitat (les mentalitats)	mentaleco	mentalitate										17
06505	Nouns	morality	die Moral 	la moralidad	la moralité	la moralità	a moralidade	la moralitat (les moralitats)	moraleco	moralitate										17
06506	Nouns	particle	der Partikel 	la partícula	la particule	la particella	a partícula	la partícula (les partícules)	partiklo	particula										17
06507	Nouns	patch	der Flicken , das Pflaster 	el parche	la pièce, le patch	la toppa, la benda	o remendo	el pegat (els pegats), el pedaç (els pedaços)	flikaĵo	pecia										17
06508	Nouns	reach	die Reichweite 	el alcance	la portée	la portata	o alcance	l'abast (els abastos)	atingo	portata										17
06509	Nouns	scope	der Spielraum , der Rahmen 	el ámbito	le cadre, le périmètre	l'ambito, la portata	o alcance, o perímetro	l'àmbit (els àmbits), l'abast (els abastos)	amplekso	ambito										17
06510	Nouns	projection	die Projektion , die Vorführung 	la proyección	la projection	la proiezione, la previsione	a projeção	la projecció (les projeccions)	projekcio	projection										17
06511	Nouns	disclosure, revelation	die Bekanntgabe , die Enthüllung 	la divulgación, la revelación	la révélation	la rivelazione	a revelação	la revelació (les revelacions), la divulgació (les divulgacions)	malkaŝo	divulgation, revelation										17
06512	Nouns	widow	die Witwe 	la viuda	la veuve	la vedova	a viúva	la vídua (les vídues)	vidvino	vidua										17
06513	Nouns	blockade	die Blockade 	el bloqueo	le blocus	il blocco	o bloqueio	el bloqueig (els bloquejos)	blokado	blocada										17
06514	Nouns	cover-up	die Vertuschung , das Vertuschen 	el encubrimiento	la dissimulation, la tentative pour étouffer une affaire 	l'insabbiamento, l'occultamento di informazioni	a dissimulação, o encobrimento	l'encobriment (els encobriments)	kovrado	celamento										17
06515	Nouns	cholesterol	das Cholesterin 	el colesterol	le cholestérol	il colesterolo	o colesterol	el colesterol	kolesterolo	cholesterol										17
06516	Nouns	choir	der Chor 	el coro	le chœur	il coro	o coro	el cor (els cors)	ĥoro	choro										17
06517	Nouns	guidance	die Beratung 	la guía, la orientación	le conseil	la guida, i consigli	o conselho, a orientação	la guia (les guies), l'orientació (les orientacions)	gvidado	guida										17
06518	Nouns	controller	der Kontrolleur 	el(la) controlador(a)	le contrôleur	il controllore	o(a) controlador(a)	el controlador (els controladors), la controladora (les controladores)	kontrolisto	controlator										17
06519	Nouns	sketch	die Skizze 	el boceto	le croquis	lo schizzo, l'abbozzo	o croqui	l'esbós (els esbossos), el croquis (els croquis)	skizo	schizzo										17
06520	Nouns	laser	der Laser 	el láser	le laser	il laser	o laser	el làser (els làsers)	lasero	laser										17
06521	Nouns	thesis	die Abhandlung, die wissenschaftliche Arbeit 	la tesis	le mémoire	la tesi	o trabalho de conclusão (acadêmica)	la tesi (les tesis)	tezo	these										17
06522	Nouns	miner	der Minenarbeiter 	el(la) minero(a)	le mineur (dans une mine)	il minatore	o(a) mineiro(a)	el miner (els miners), la minera (les mineres)	ministo	minator										17
06523	Nouns	palace	der Palast 	el palacio	le palace	il palazzo, la reggia	o palácio	el palau (els palaus)	palaco	palatio										17
06524	Nouns	seal (animal)	der Seehund , die Robbe 	la foca	le phoque	la foca	a foca	la foca (les foques)	foko	phoca										17
06525	Nouns	pioneer	der Pionier 	el(la) pionero(a)	le pionnier	il pioniere	o(a) pioneiro(a)	el pioner (els pioners), la pionera (les pioneres)	pioniro	pionero										17
06526	Nouns	landmark	der Referenzpunkt 	el punto de referencia	le point de repère	il punto di riferimento	o marco	el punt de referència (els punts de referència)	orientilo	puncto de referentia										17
06527	Nouns	pickup	das Abholen 	la recogida	le ramassage	la raccolta	o recolhimento	la recollida (les recollides)	kolektado	recolligimento										17
06528	Nouns	reformer	der Reformer 	el(la) reformador(a)	le réformateur	il riformatore (riformatrice)	o(a) reformador(a)	el reformador (els reformadors), la reformadora (les reformadores)	reformisto	reformator	Theodore Roosevelt, Progressive Partei, war einer der größten Reformer der amerikanischen Regierung in der Geschichte der USA. 	Theodore Roosevelt, del Partido Progresista, fue uno de los más grandes reformadores de gobierno en la historia de los EE.UU.	Theodore Roosevelt, du Parti Progressiste, était l'un des plus grands réformateurs du gouvernement de l'histoire des États-Unis.	Theodore Roosevelt, del Partito Progressista, fu uno dei maggiori riformatori del governo nella storia degli Stati Uniti.	Theodore Roosevelt, do Partido Progressista, foi um dos maiores reformadores do governo na história dos EUA.	Theodore Roosevelt, of the Progressive Party, was one of the largest reformers of government in U.S. history.	Theodore Roosevelt, del Partit Progressista, va ser un dels més grans reformadors del govern en la història dels EUA.	Theodore Roosevelt, de la Progresisma Partio, estis unu el la plej grandaj registaraj reformistoj en la usona historio.	Theodore Roosevelt, del Partito Progressista, esseva un del plus grande reformatores del governamento in le historia del Statos Unite.	17
06529	Nouns	self-esteem	das Selbstwertgefühl 	la autoestima	le respect de soi	l'autostima	a autoestima	l'autoestima	memestimo	auto-estima										17
06530	Nouns	resentment	die Verbitterung , der Groll 	el resentimiento	le ressentiment	il risentimento	o ressentimento	el ressentiment (els ressentiments)	risentimento	resentimento										17
06531	Nouns	parenting	die Elternschaft	la paternidad	le rôle parental	il ruolo di genitore	a parentalidade	la criança, la paternitat/maternitat	gepatrado	paternitate										17
06532	Nouns	sergeant	der Sergeant , der Unteroffizier 	el(la) sargento(a)	le sergent	il sergente	o(a) sargento	el sergent (els sergents), la sergenta (les sergentes)	serĝento	sergente										17
06533	Nouns	slogan	der Slogan 	el slogan	le slogan	lo slogan	o slogan	l'eslògan (els eslògans)	slogano	slogan										17
06534	Nouns	sperm	das Sperma 	el esperma	le sperme	lo sperma	o esperma	l'esperma	spermo	sperma										17
06535	Nouns	storage	die Lagerung , die Aufbewahrung 	el almacenamiento	le stockage	l'immagazzinamento	o armazém, o depósito	l'emmagatzematge	stokejo	magazinage	Ich muss meine Möbel in eine Aufbewahrung geben bevor ich in das neue Haus umziehe. 	Tengo que poner mis muebles en un almacenamiento antes de pasarme a mi nueva casa. 	Il faut que je mette mes meubles en stockage avant de déménager dans la nouvelle maison. 	Ho bisogno di mettere i miei mobili in magazzino prima di traslocare nella mia nuova casa.	Eu preciso colocar meus móveis em um depósito antes de me mudar para minha nova casa.	I need to put my furniture in storage before I move into my new house.	He de posar els meus mobles en un magatzem abans de mudar-me a la nova casa.	Mi devas meti miajn meblojn en stokejon antaŭ ol mi translokiĝos al mia nova domo.	Io debe poner mi mobiliario in magazinage ante que io me transferera a mi nove casa.	17
06536	Nouns	handling	die Handhabung , die Behandlung , die Verwaltung 	la manipulación	la manipulation, le traitement, la gestion	il maneggiamento, il trattamento, la gestione	o manejo, o tratamento, a gestão	la manipulació, el maneig	manipulado	manipulation										17
06537	Nouns	quake	das (Erd)Beben 	el temblor, el sismo	le tremblement de terre	il sisma	o terremoto	el terratrèmol (els terratrèmols), el sisme (els sismes)	tertremo	tremor										17
06538	Nouns	triumph	der Triumph 	el triunfo	le triomphe	il trionfo	o triunfo	el triomf (els triomfs)	triumfo	triumpho										17
06539	Nouns	trunk (tree)	der Stamm 	el tronco	le tronc	il tronco (albero)	o tronco	el tronc (arbre) (els troncs)	trunko (arbo)	trunco										17
06540	Nouns	bully	der Schläger 	el(la) matón(a)	le tyran, la brute	il prepotente, il bullo	o(a) tirano(a), o(a) bruto(a)	l'assetjador (els assetjadors), el pinxo (els pinxos)	ĉikananto	fanfaron										17
06541	Nouns	rubble	die Trümmer, der Bauschutt 	los escombros	les décombres, les gravats	i detriti, le macerie	os escombros	la runa, els enderrocs	rubo	ruinas										17
06542	Nouns	graduation	der (Studien)Abschluss 	la graduación, el grado	l'obtention  de diplôme	la consegna del diploma o della laurea	a colação de grau	la graduació (les graduacions)	diplomiĝo	graduation										17
06543	Nouns	precinct	der Bereich , die Umgebung 	el distrito	l'arrondissement, la circonscription	la zona, il distretto	a zona, o distrito	el districte (els districtes)	distrikto	districto										17
06544	Nouns	Roman	der Römer 	el(la) romano(a)	le Romain	il romano	o(a) romano(a)	el romà (els romans), la romana (les romanes)	romiano	romano										17
06545	Nouns	straw (dry grass)	der Strohhalm  	la paja (de la planta)	la paille (herbe sèche)	la paglia (dalla pianta)	a palha (da planta)	la palla (planta seca)	pajlo	palea										17
06546	Nouns	isolation	die Isolation  (in Bezug auf andere Menschen)	el aislamiento 	l'isolement (séparation) 	l'isolamento (da altre persone)	o isolamento 	l'aïllament (de persones)	izoliteco	isolation										17
06547	Adjectives	collective	gemeinsam	colectivo(a)	collectif, collective	collettivo(a), comune	coletivo(a)	col·lectiu(iva)	kolektiva	collective	Die Erfindung war das Ergebnis einer gemeinsamen Anstrengung	El invento fue resultado de un esfuerzo colectivo	L'invention a été le résultat d'un effort collectif.	L'invenzione è stata il risultato di uno sforzo collettivo	A invenção foi o resultado de um esforço coletivo.	The invention was the result of a collective effort	L'invent va ser el resultat d'un esforç col·lectiu.	La invento estis la rezulto de kolektiva peno.	Le invention esseva le resultato de un effortio collective.	17
06548	Adjectives	communist	kommunistisch	comunista	communiste	comunista	comunista	comunista	komunista	communista										17
06549	Adjectives	compassionate	mitfühlend	compasivo(a)	compatissant(e)	compassionevole	compassivo(a)	compassiu(iva)	kompatema	misericorde										17
06550	Adjectives	constructive	konstruktiv	constructivo(a)	constructif, constructive	costruttivo(a)	construtivo(a)	constructiu(iva)	konstruiva	constructive										17
06551	Adjectives	candid	aufrichtig, ehrlich	sincero(a), franco(a)	franc(he)	franco(a), schietto(a)	sincero(a), direto(a)	sincer(a), franc(a)	sincera	franc										17
06552	Adjectives	graphic	grafisch, anschaulich	gráfico(a), explícito	graphique, explicite	grafico(a), esplicito	gráfico(a)	gràfic(a), explícit(a)	grafika, eksplicita	graphic	Der Film war ein bisschen zu anschaulich für den Geschmack meiner Großmutter.	La película era demasiado explícita para el gusto de mi abuela	Le film était un peu trop explicite au goût de ma grand-mère.	Il film era un po' troppo esplicito per il gusto di nonna.	O filme era um pouco gráfico demais para o gosto da avó.	The movie was a little too graphic for my grandmother's taste.	La pel·lícula era una mica massa explícita per al gust de la meva àvia.	La filmo estis iom tro grafika por la gusto de mia avino.	Le film esseva un poco troppo explicite pro le gusto de mi granmatre.	17
06553	Adjectives	unpopular	unbeliebt	impopular	impopulaire	impopolare	impopular	impopular	nepopulara	impopular										17
06554	Adjectives	damaging	schädlich	dañino, nocivo	dommageable, préjudiciable	dannoso(a), nocivo(a)	prejudicial, nocivo(a)	perjudicial, nociu	damaĝa	nocive										17
06555	Adjectives	lesbian	lesbisch	lésbica	lesbienne	lesbica	lésbica	lesbiana	lesbanino	lesbic										17
06556	Adjectives	thorough	gründlich, sorgfältig	meticuloso(a)	minutieux , minutieuse , rigoureux , rigoureuse 	meticoloso(a)	minucioso(a)	minuciós(osa), exhaustiu(iva)	detala	meticulose	Mache bitte die Fenster sorgfältig sauber und vergesse keines davon.	Por favor haz un trabajo meticuloso cuando limpies las ventanas y no te olvides ninguna.	Sois minutieux en lavant les fenêtres s'il te plaît, et n'en oublie aucune.	Per favore fai un lavoro minuzioso nel pulire le finestre, e non dimenticarne nessuna.	Por favor, faça um trabalho minucioso de limpeza das janelas e não se esqueça de nenhuma delas.	Please do a thorough job of cleaning the windows, and don't forget any of them.	Si us plau, fes una neteja minuciosa de les finestres i no te'n descuidis cap.	Bonvolu fari detalan purigadon de la fenestroj, kaj ne forgesu iun ajn el ili.	Per favor, face un labor meticulose de nettar le fenestras, e non oblida alcun de illas.	17
06557	Adjectives	monetary	monetär	monetario(a)	monétaire	monetario(a)	monetário(a)	monetari(ària)	mona	monetari										17
06558	Adjectives	pharmaceutical	pharmazeutisch	farmacéutico(a)	pharmaceutique	farmaceutico(a)	farmacêutico(a)	farmacèutic(a)	farmacia	pharmaceutic										17
06559	Adjectives	psychiatric	psychiatrisch	psiquiátrico(a)	psychiatrique	psichiatrico(a)	psiquiátrico(a)	psiquiàtric(a)	psikiatria	psychiatric										17
06560	Adjectives	rational	rational	racional	rationnel(le)	razionale	racional	racional	racia	rational	Gib ihm Zeit; er muss eine intelligente und rationale Entscheidung treffen.	Dale tiempo; tiene que tomar una decisión inteligente y racional. 	Accorde-lui du temps: il doit prendre une décision intelligente et rationnelle.	Dagli tempo; deve prendere una decisione intelligente e razionale.	Dê a ele tempo; ele precisa tomar uma decisão inteligente e racional.	Give him time; he needs to make a smart, rational decision.	Dona-li temps; ha de prendre una decisió intel·ligent i racional.	Donu al li tempon; li devas fari inteligentan, racian decidon.	Da le tempore; ille necessita prender un decision intelligente e rational.	17
06561	Adjectives	underground	unterirdisch	subterráneo(a)	sous-terrain(e)	sotterraneo(a)	subterrâneo(a)	subterrani(ània)	subtera	subterranee										17
06562	Adjectives	subtle	subtil, fein(sinnig)	sutil	subtil(e)	sottile	sutil	subtil	subtila	subtil										17
06563	Adjectives	symbolic	symbolisch	simbólico(a)	symbolique	simbolico(a)	simbólico(a)	simbòlic(a)	simbola	symbolic										17
06564	Adjectives	tactical	taktisch	táctico(a)	tactique	tattico(a)	tático(a)	tàctic(a)	taktika	tactic										17
06565	Adjectives	viable	lebensfähig	viable	viable	fattibile	viável	viable	farebla	viabile										17
06566	Adjectives	virtual	virtuell	virtual	virtuel(le)	virtuale	virtual	virtual	virtuala	virtual										17
06567	Adverbs	interestingly	interessant	de manera interesante	de façon intéressante	in modo interessante	interessantemente	interessantment	interese	interessantemente										17
06568	Adverbs	incidentally	übrigens	por cierto, a propósito	au fait, à propos	tra l'altro, a proposito	a propósito	per cert, a propòsit	cetere	a proposito										17
06569	Adverbs	inevitably	zwangsläufig, unweigerlich	inevitablemente	inévitablement	inevitabilmente	inevitavelmente	inevitablement	neeviteble	inevitabilemente										17
06570	Adverbs	monthly	monatlich	mensualmente	mensuellement	mensilmente	mensalmente	mensualment	monate	mensualmente										17
06571	Verbs	to repeal	aufheben, annullieren	revocar, abrogar	abroger	abrogare, annullare	revogar, anular	revocar, derogar	nuligi	abrogar										17
06572	Verbs	to alert	alarmieren	alertar	alerter	allertare, avvisare	alertar	alertar	atentigi	allertar										17
06573	Verbs	to attribute	zuschreiben, zuerkennen	atribuir	attribuer	attribuire	atribuir	atribuir	atribui	attribuer										17
06574	Verbs	to impact	beeinflussen, aufschlagen	impactar, tener un impacto	avoir un impact	avere un impatto	impactar	impactar, tenir un impacte	efiki	haber un impacto, influentiar										17
06575	Verbs	to censor	zensieren	censurar	censurer	censurare	censurar	censurar	cenzuri	censurar										17
06576	Verbs	to certify	bescheinigen	certificar	certifier	certificare	certificar	certificar	certigi	certificar										17
06577	Verbs	to nail	nageln	clavar	clouer	inchiodare	pregar	clavar	najli	clavar										17
06578	Verbs	to retain	beibehalten	conservar	conserver, retenir	conservare, mantenere	conservar, reter	conservar, retenir	teni	retener, conservar										17
06579	Verbs	to compel	erzwingen	obligar	contraindre	forzare, esigere	obrigar	obligar, forçar	devigi	compeller, obligar										17
06580	Verbs	to dictate	befehlen, diktieren	dictar	dicter	dare ordini, dettare	ditar	dictar, ordenar	dikti	dictar										17
06581	Verbs	to steer	steuern, lenken	dirigir, conducir	conduire, diriger	guidare, condurre	conduzir, dirigir	dirigir, conduir	stiri	diriger, conducer										17
06582	Verbs	to deter	jmd. abbringen von etwas, jemandem etw. ausreden	disuadir	dissuader	dissuadere	dissuadir	dissuadir	malemigi	dissuader										17
06583	Verbs	to distract, to entertain	ablenken, unterhalten	distraer, entretener	distraire	distrarre, intrattenere, divertire	distrair, divertir	distreure, entretenir	distri	distraher, intertener										17
06584	Verbs	to poison	vergiften	envenenar	empoisonner	avvelenare	envenenar	enverinar	veneni	invenenar										17
06585	Verbs	to wander	schlendern, bummeln	callejear, pasear 	errer	vagare	vaguear	deambular, passejar	vagadi	vagar, promenar										17
06586	Verbs	to escalate	eskalieren, stark zunehmen	escalar	intensifier, aggraver	inasprirsi, aumentare	subir, elevar	escalar, intensificar-se	eskaladi	escalar										17
06587	Verbs	to draft	einen Entwurf  machen	redactar un borrador	faire un brouillon	abbozzare, tracciare	esboçar	fer un esborrany	malneti	rediger un minuta	Ich werde einen Entwurf meines Essays machen bevor ich ihn beende.	Redactaré un borrador de mi redacción antes de acabarla	Je ferai un brouillon de ma rédaction avant de la finir.	Abbozzerò il mio saggio prima di finirlo.	Eu vou esboçar meu texto antes de terminá-lo. 	I will draft my essay before finishing it.	Faré un esborrany de la meva redacció abans d'acabar-la.	Mi malnetos mian eseon antaŭ ol fini ĝin.	Io redigera un minuta de mi essayo ante de finir lo.	17
06588	Verbs	to scratch	(zer)kratzen	rasguñar	griffer	graffiare	riscar	rascar, esgarrapar	grati	grattar										17
06589	Verbs	to integrate	integrieren	integrar	intégrer	integrare	integrar	integrar	integri	integrar										17
06590	Verbs	to soar	sehr schnell ansteigen (Zahl)	elevarse, planear	monter en flèche	levarsi in volo, elevarsi rapidamente	subir, elevar-se	disparar-se, elevar-se ràpidament	eksplode kreski	elevar se; planar										17
06591	Verbs	to position	positionieren, platzieren	posicionar	positionner	posizionare	posicionar	posicionar	poziciigi	positionar										17
06592	Verbs	to prescribe	verschreiben	prescribir, recetar	prescrire	prescrivere	prescrever	prescriure, receptar	preskribi	prescriber										17
06593	Verbs	to thrive	florieren	prosperar	prospérer	prosperare, crescere bene	prosperar	prosperar	prosperi	prosperar										17
06594	Verbs	to tighten	festmachen, festziehen	apretar	serrer, tendre	stringere, intensificare	enrijecer, apertar	estrènyer, collar	streĉi	stringer	Das Problem kommt von dieser Schraube, die du nicht richtig festgezogen hast	El problema viene de ese tornillo que tienes mal apretado	Le problème vient de cette vis que tu as mal serrée	Il problema deriva da questa vite che hai stretto male	O problema vem desse parafuso que você apertou mal	The problem comes from this screw that you tightened incorrectly	El problema ve d'aquest cargol que has collat malament.	La problemo venas de ĉi tiu ŝraŭbo, kiun vi malĝuste streĉis.	Le problema veni de iste vite que tu ha stringite incorrectemente.	17
06595	Verbs	to reassure	beruhigen	calmar, apaciguar	rassurer	rassicurare	acalmar, tranquilizar	tranquil·litzar, calmar	trankviligi	reassecurar										17
06596	Verbs	to fuel	betanken	alimentar	ravitailler, mettre de l'essence	alimentare, rifornire di carburante	abastecer	alimentar, proveir	provizi per brulaĵo	alimentar										17
06597	Verbs	to reunite	wieder zusammenbringen, vereinen	reunir	réunir	riunire	reunir	reunir	reunuiĝi	reunir se	Nach sie drei Jahre getrennt waren, wurde die Mutter mit ihrem Kind wieder zusammengebracht. 	Después de haber estado separados durante tres años, la madre finalmente se reunió con sus hijos.	Après avoir été séparée pendant trois ans, la mère a finalement été réunie avec son enfant.	Dopo essere stati separati per tre anni, la madre finalmente si riunì con suo figlio. 	Após estarem separados por três anos, a mãe finalmente se reuniu com seu filho.	After being apart for three years, the mother finally reunited with her child.	Després d'estar separats durant tres anys, la mare finalment es va reunir amb el seu fill.	Post esti disigitaj dum tri jaroj, la patrino fine reunuiĝis kun sia infano.	Post haber essite separate durante tres annos, le matre finalmente se reuniva con su infante.	17
06598	Verbs	to echo	widerhallen	hacer eco, resonar	résonner	echeggiare, risuonare	ecoar	fer eco, ressonar	eĥi	resonar	Unsere Stimmen hallten hinten in der Höhle wider	Nuestras voces resuenan en el fondo de la cueva	Nos voix résonnaient jusqu'au fond de la grotte.	Le nostre voci risuonano fino al fondo della grotta	Nossas vozes ecoaram no fundo da gruta	Our voices echoed at the back of the cave	Les nostres veus ressonaven al fons de la cova.	Niaj voĉoj eĥis en la malantaŭo de la kaverno.	Nostre voces resonava al fundo del caverna.	17
06599	Verbs	to specialize	sich spezialisieren	especializarse	se spécialiser	specializzarsi	especializar-se	especialitzar-se	specialiĝi	specialisar se	Wir spezialisieren uns nur auf Maschinen, aber wir sind der beste Laden im ganzen Land.	Nos especializamos sólo en coches, pero somos el mejor comercio de todo el país.	Nous ne nous spécialisons dans rien d'autre que les machines, mais nous sommes le meilleur magasin de tout le pays.	Siamo specializzati solo in macchine, ma siamo il negozio migliore dell'intero paese.	Nós nos especializamos somente em máquinas, mas somos o melhor comércio de todo o país.	We specialize in nothing but machines, but we are the best shop in the entire country.	Només ens especialitzem en màquines, però som la millor botiga de tot el país.	Ni specialiĝas nur pri maŝinoj, sed ni estas la plej bona butiko en la tuta lando.	Nos specialisa in nihil salvo machinas, sed nos es le melior boteca in le integre pais.	17
06600	Verbs	to underestimate	unterschätzen	subestimar	sous-estimer	sottovalutare	subestimar	subestimar, menystenir	subtaksi	subestimar										17
06601	Verbs	to stimulate	stimulieren	estimular	stimuler	stimolare	estimular	estimular	stimuli	stimular	Kaffee stimuliert Dein Nervensystem und macht dich aufgeregt. 	El café estimula el sistema nervioso, por lo que te sientes emocionado. 	Le café stimule ton système nerveux, te faisant ressentir de l'excitation.	Il caffè stimola il tuo sistema nervoso, facendoti sentire euforico.	Café estimula seu sistema nervoso, fazendo você se sentir animado.	Coffee stimulates your nervous system, making you feel excited.	El cafè estimula el sistema nerviós, fent que et sentis excitat.	Kafo stimulas vian nervan sistemon, igante vin senti ekscitita.	Le caffe stimula tu systema nervose, de maniera que tu te senti excitate.	17
06602	Verbs	to screw	festschrauben	atornillar	visser	avvitare	parafusar	cargolar	ŝraŭbi	vitar										17
06603	Verbs	to shatter	zerbrechen, zerspringen	destrozar	voler en éclat	frantumare	despedaçar	fer-se miques, trencar-se en mil trossos	frakasiĝi	franger in pecias										17
06604	Verbs	to consecrate	weihen, konsekrieren	consagrar	consacrer	consacrare	consagrar	consagrar	konsekri	consecrar										17
06605	Idiomatic Expressions	word of mouth	die Mundpropaganda	boca a boca	le bouche à oreille	il passaparola	boca a boca	el boca a boca	buŝ-al-buŝa reklamo	de bucca a bucca										17
06606	Idiomatic Expressions	there's something in the wind	da ist etwas im Busch	hay algo en el viento	il y a quelque chose dans l'air	c'è qualcosa nell'aria	há alguma coisa no ar	alguna cosa es cou	io prepariĝas	il ha alco in le vento										17
06607	Idiomatic Expressions	to have blood on one's hands	Blut an den Händen (kleben) haben	tener sangre en las manos	avoir du sang sur les mains	avere del sangue sulle mani	ter sangue nas mãos	tenir les mans tacades de sang	havi sangon sur la manoj	haber sanguine sur le manos										17
06608	Idiomatic Expressions	to have highs and lows	Höhen und Tiefen haben	tener altos y bajos	avoir des hauts et des bas	avere alti e bassi	ter altos e baixos	tenir alts i baixos	havi altojn kaj malaltojn	haber altos e bassos										17
06609	Idiomatic Expressions	to have friends in high places	Vitamin B haben, Beziehungen haben	tener amigos en altas esferas (ES), tener amigos con palanca (AL)	avoir le bras long	avere santi in paradiso	ter amigos vips	tenir padrins, tenir bons contactes	havi amikojn en altaj postenoj	haber amicos in alte spheras										17
06610	Idiomatic Expressions	to have one's back against the wall	mit dem Rücken zur Wand stehen	estar contra la pared	être dos au mur	essere con le spalle al muro	estar contra a parede	estar entre l'espasa i la paret	esti kun la dorso al la muro	esser con le dorso contra le muro										17
06611	Idiomatic Expressions	You should put this problem in the back of your mind and concentrate on other more important things	Du solltest dieses Problem bei Seite legen und dich auf wichtigere Dinge konzentrieren	Deberías quitarte este problema de tu mente y concentrarte en hacer otras cosas	Tu devrais mettre ce problème de côté et te concentrer sur d'autres problèmes plus importants	Dovresti mettere questo problema da parte e concentrarti su altre cose più importanti	(Você) deveria colocar esse problema de lado e se concentrar em outras coisas mais importantes	Hauries de deixar aquest problema de banda i concentrar-te en altres coses més importants.	Vi devus flankenmeti ĉi tiun problemon kaj koncentriĝi pri aliaj pli gravaj aferoj.	Tu deberea remover iste problema de tu mente e concentrar te in altere cosas plus importante.										17
06612	Idiomatic Expressions	to strike while the Iron is hot	das Eisen schmieden solange es heiß ist	actuar de inmediato	battre le fer tant qu'il est chaud	battere il ferro finché è caldo	aproveitar uma oportunidade	batre el ferro mentre és calent	bati la feron dum ĝi estas varma	batter le ferro durante que illo es calide										17
06613	Idiomatic Expressions	to have a gun to one's head	das Wasser steht einem bis zum Halse	tener el agua al cuello (ES), tener un arma a la cabeza (AL)	avoir le couteau sous la gorge	avere l'acqua alla gola, avere una pistola alla tempia	ter uma arma apontada para cabeça	tenir l'aigua al coll	havi pafilon ĉe la kapo	haber un pistola al capite										17
06614	Idiomatic Expressions	a change of heart	ins andere Lager wechseln / seine Meinung ändern	un cambio de opinión	changer son fusil d'épaule	avere un ripensamento	uma mudança de opinião	un canvi d'opinió	opinioŝanĝo	un cambio de opinion										17
06615	Idiomatic Expressions	to nitpick	das Haar in der Suppe suchen	buscarle tres pies al gato	chercher la petite bête	cercare il pelo nell'uovo	procurar pelo em ovo 	buscar tres peus al gat	ser pedanta, trovi kulpojn	cavillar										17
06616	Idiomatic Expressions	to give carte blanche	jemandem die freie Hand lassen / jemandem einen Blankoscheck ausstellen	dar rienda suelta	donner carte blanche	dare carta bianca	dar carta branca	donar carta blanca	doni plenan liberecon	dar carta blanc										17
06617	Idiomatic Expressions	to put down (put down, put down) in black and white	etwas schwarz auf weiß schreiben	tener algo por escrito	écrire noir sur blanc	mettere nero su bianco	colocar no papel	posar per escrit, negre sobre blanc	skribi nigre sur blanko	poner per scripto										17
06618	Idiomatic Expressions	to be up (was up / were up, been up) to par	die Anforderungen erfüllen	estar adecuado y normal	être à la hauteur	essere all'altezza	estar à altura de	estar a l'altura	esti laŭnorma	esser adequate e normal										17
06619	Idiomatic Expressions	to be on (was on / were on, been on) the fence	neutral bleiben, unentschlossen sein	estar indeciso	être indécis	essere in bilico/in forse	estar em cima do muro	estar indecís	esti nedecidita	esser indecise										17
06620	Idiomatic Expressions	nothing ventured nothing gained	wer nicht wagt, der nicht gewinnt	el que no arriesga, no gana	qui ne tente rien n'a rien	chi non risica non rosica	quem não chora, não mama	qui no arrisca, no pisca	nenio riskita, nenio gajnita	qui non risca, non gania										17
06621	Idiomatic Expressions	to be in (was in / were in, been in) the driver's seat	die Fäden in der Hand haben / das Sagen haben	estar al mando	être aux commandes	essere al volante	estar no comando	portar la batuta, tenir el control	esti en la stirseĝo	esser al commando										17
06622	Idiomatic Expressions	to have a ringside seat	etwas aus nächster Nähe miterleben	estar en primera fila	être aux premières loges	essere in prima fila	estar na primeira fila	estar a primera fila	havi lokon en la unua vico	haber un placia in prime fila										17
06623	Idiomatic Expressions	to be in (was in / were in, been in) a pickle	in der Patsche sitzen	estar en apuros	être dans de beaux draps	essere nei pasticci	estar em apuros	estar en un embolic	esti en problemoj	esser in difficultate										17
06624	Idiomatic Expressions	to be in (was in / were in, been in) the firing line	in der Schusslinie stehen	estar en la línea de fuego	être dans le collimateur, se faire critiquer	essere sulla linea di fuoco	estar na linha de fogo	estar en el punt de mira	esti en la pafcelo	esser in le linea de foco										17
06625	Idiomatic Expressions	a race against the clock	ein Wettlauf gegen die Zeit	una carrera contra el reloj	une course contre la montre	una corsa contro il tempo	uma corrida contra o relógio	una cursa contrarellotge	vetkuro kontraŭ la horloĝo	un cursa contra le horologio										17
06626	Idiomatic Expressions	They are one and the same	Jacke wie Hose sein / (alles) ist gleich	Es más o menos lo mismo	C'est du pareil au même	È praticamente lo stesso	dá no mesmo	Tant se val, és el mateix	estas la samo	esser un e le mesme	In meiner neuen Arbeit reise ich weniger, aber arbeite mehr. Es ist also alles gleich.	En mi nuevo trabajo, viajo menos pero trabajo más. Así que, ¡es más o menos lo mismo! 	Avec mon nouveau travail, je voyage moins mais je travaille plus. Donc, c'est du pareil au même. 	Con il mio nuovo lavoro, sto viaggiando meno ma lavorando di più. Quindi è praticamente lo stesso!	Em meu novo emprego, euviajo menos, mas trabalho mais. Então, dá no mesmo. 	With my new job, I'm travelling less but I'm working more. So, they are one and the same.	A la meva nova feina, viatjo menys però treballo més. Així que, tant se val!	Kun mia nova laboro, mi vojaĝas malpli sed laboras pli. Do, estas la samo.	Con mi nove empleo, io viagia minus, ma io labora plus. Assi, il es plus o minus le mesme!	17
06627	Idiomatic Expressions	to be a third wheel	das fünfte Rad am Wagen sein	ser el sujetavelas, hacer de carabina	être la cinquième roue du carrosse	essere il terzo incomodo	segurar vela	fer nosa, fer d'espelma	esti la tria rado	esser le tertie rota										17
06628	Idiomatic Expressions	to shoot yourself in the foot	sich selbst ins Bein schießen	salir el tiro por la culata	se tirer une balle dans le pied	darsi la zappa sui piedi	atirar no próprio pé	tirar-se pedres a la pròpia teulada	pafi al si mem en la piedon	tirar se ipse in le pede										17
06629	Idiomatic Expressions	to be caught in the crossfire	zwischen zwei Fronten stehen	estar entre dos fuegos	être pris entre deux feux	essere tra due fuochi	estar no meio do fogo cruzado	estar entre dos focs	esti kaptita inter du fajroj	esser prendite inter duo focos										17
06630	Idiomatic Expressions	to be on (was on / were on, been on) the same wavelength	auf der selben Wellenlänge sein	estar en la misma onda	être sur la même longueur d'onde	essere sulla stessa lunghezza d'onda	estar na mesma onda	estar en la mateixa ona, tenir sintonia	esti sur la sama ondolongo	esser sur le mesme longitude de unda										17
06631	Idiomatic Expressions	a slip of the tongue	ein Versprecher 	un lapsus	un lapsus	un lapsus	um lapso	un lapsus linguae	lingva erareto	un lapsus de lingua										17
06632	Idiomatic Expressions	the police are hot on his heels	die Polizei ist ihm dicht auf den Fersen	la policia lo está persiguiendo	la police est à ses trousses	lui ha la polizia alle calcagna	a polícia está no seu pé	la policia li va al darrere	la polico estas sur liaj kalkanoj	le policia le perseque de presso										17
06633	Idiomatic Expressions	to be on (was on / were on, been on) equal footing	gleichberechtigt sein	estar en igualdad de condiciones	être sur un pied d'égalité	essere sullo stesso piano	estar em pé de igualdade	estar en igualtat de condicions	esti sur egala bazo	esser in conditiones equal										17
06634	Idiomatic Expressions	to be on (was on / were on, been on) edge	auf 180 sein	estar con los nervios en punta	être à cran	avere i nervi a fior di pelle	estar no limite 	estar dels nervis, estar al límit	esti tre nervoza	esser con le nervos tendite										17
06635	Idiomatic Expressions	to beat a dead horse	auf etwas herumreiten	darse cabezazos contra la pared	se battre pour une cause perdue	combattere una battaglia persa	chutar cachorro morto	insistir en va, picar en ferro fred	bati mortintan ĉevalon	batter le capite contra le muro										17
06636	Idiomatic Expressions	to be a penny-pincher	knauserig sein	ser tacaño	faire des économies de bout de chandelles	lesinare, essere spilorci	economizar até no cafezinho	ser un garrepa	esti avarulo	esser avaro										17
06637	Idiomatic Expressions	he is full of hot air	er redet nur heiße Luft	él habla mucho pero no dice nada (ES), él habla mucha paja (AL)	il parle beaucoup mais ne fait rien	lui è solo aria fritta	ele é papo-furado	ser un fanfarró, parlar per parlar	esti plena de varma aero	ille parla multo ma dice nihil										17
06638	Idiomatic Expressions	to send shivers down the spine	den Rücken eiskalt herunterlaufen	dar escalofrío	faire froid dans le dos	avere i brividi lungo la schiena	dar frio na espinha	posar la pell de gallina	kaŭzi frostotremojn laŭ la spino	facer currer tremores per le spina dorsal										17
06639	Idiomatic Expressions	to come like a bolt from the blue	wie ein Blitz aus heiterem Himmel	coger (ES), agarrar (AL) a todos por sorpresa 	faire l'effet d'un coup de tonnerre	essere un fulmine a ciel sereno	aparecer do nada	aparèixer del no-res, caure del cel	veni kiel fulmo el klara ĉielo	venir como un fulmine in celo seren										17
06640	Idiomatic Expressions	to keep one's head down	den Kopf einziehen / sich bedeckt halten	mantener un bajo perfil	faire profil bas	abbassare la testa, tenere un basso profilo	ficar na sua, calar-se	mantenir un perfil baix, passar desapercebut	teni malaltan profilon	mantener un basse profilo										17
06641	Idiomatic Expressions	to tip the scales	das Zünglein an der Waage sein / für etwas ausschlaggebend sein	inclinar la balanza	faire pencher la balance	far pendere la bilancia (a favore di qualcosa)	pesar na balança	inclinar la balança	influi la pesilon	inclinar le balancia										17
06642	Idiomatic Expressions	to learn the ropes	sich einarbeiten	aprender lo básico	apprendre les ficelles, faire ses classes	imparare le basi	aprender as minúcias	aprendre l'ofici, familiaritzar-se	lerni la metion	apprender le rudimentos										17
06643	Idiomatic Expressions	to get to the bottom of it	der Sache auf den Grund gehen	llegar al fondo de algo	faire toute la lumière	andare in fondo a una questione	chegar ao fundo de algo	arribar al fons de la qüestió	atingi la fundon de la afero	arrivar al fundo de un cosa										17
06644	Idiomatic Expressions	to twist someone's arm	jemanden zum Handeln zwingen, jemandem keine Wahl lassen	torcerle el brazo a alguien	forcer la main à quelqu'un	forzare la mano a qualcuno	persuadir alguém 	forçar la mà a algú	tordi ies brakon	torquer le bracio a alicuno										17
06645	Idiomatic Expressions	to add fuel to the fire	Öl ins Feuer gießen	echar leña al fuego	jeter de l'huile sur le feu	gettare benzina sul fuoco	colocar lenha na fogueira	tirar llenya al foc	aldoni brulaĵon al la fajro	adder combustibile al foco										17
06646	Idiomatic Expressions	to count one's chickens before they've hatched	den Tag vor dem Abend loben	cantar victoria antes de tiempo	vendre la peau de l'ours avant de l'avoir tué	vendere la pelle dell'orso prima di averlo ucciso	cantar vitória antes do tempo	vendre la pell de l'os abans de caçar-lo	kalkuli siajn kokidojn antaŭ ol ili eloviĝas	cantar victoria ante le tempore										17
06647	Idiomatic Expressions	to play double or nothing	alles auf eine Karte setzen	jugar doble o nada	jouer quitte ou double	lasciare o raddoppiare	jogar o dobro ou nada	jugar a doble o res	ludi duoble aŭ nenio	jocar duple o nihil										17
06648	Idiomatic Expressions	the ball is in his court	er ist am Zug	la pelota está en su cancha	la balle est dans son camp	la palla sta a lui	a bola está em suas mãos	la pilota és a la seva teulada	la pilko estas en lia korto	le balla es in su campo										17
06649	Idiomatic Expressions	the die is cast	die Würfel sind gefallen	los dados están echados	les dés sont jetés	il dado è tratto	a sorte está lançada	la sort està tirada	la ĵetkubo estas ĵetita	le datos es jectate										17
06650	Idiomatic Expressions	they're all tarred with the same brush	die sind doch alle vom selben Schlag / die sind doch alle gleich	están cortados con el mismo patrón (ES), están cortados con el mismo molde (AL)	ils sont tous identiques	sono fatti della stessa pasta	cara de um, focinho do outro	tots estan tallats pel mateix patró	ili ĉiuj estas el la sama ŝtofo	illes es omnes taliate secundo le mesme patrono										17
06651	Idiomatic Expressions	to put the finishing touches on something	etwas den letzten Schliff geben	ponerle los toques finales a algo	mettre la touche finale	mettere la ciliegina sulla torta	dar os toques finais	donar els últims retocs a alguna cosa	meti la finajn tuŝojn sur ion	dar le ultime retoccos a alique										17
06652	Idiomatic Expressions	to put your finger on something	den Kern einer Sache treffen	darle en el clavo	mettre le doigt sur quelque chose	centrare il punto	meter o dedo em algo	posar el dit a la nafra, encertar-la de ple	trafi la kernon de la afero	poner le digito sur alique										17
06653	Idiomatic Expressions	to set the record straight	die Dinge ins rechte Licht rücken	dejar las cosas claras	(re)mettre les pendules à l'heure	mettere le cose in chiaro	colocar tudo em pratos limpos	deixar les coses clares	klarigi la aferojn	poner le cosas in claro										17
06654	Idiomatic Expressions	to have a green thumb	einen grünen Daumen  haben	tener manos para la jardinería	avoir la main verte	avere il pollice verde	ter mãos boas para jardinagem	tenir bona mà amb les plantes	havi verdan dikfingron	haber un pollice verde										17
06655	Idiomatic Expressions	to fall on (fell on, fallen on) one's feet	auf den Füßen landen	caer de pie, aterrizar de pie	retomber sur ses pieds	cadere in piedi	cair de pé (expressão idiomática) 	caure dret	fali sur siajn piedojn	cader sur su pedes										17
06656	Idiomatic Expressions	to act on impulse	etwas aus einer Laune heraus tun / handeln ohne nachzudenken	actuar impulsivamente	agir sur un coup de tête	fare un colpo di testa	agir sem pensar	actuar per impuls	agi laŭ impulso	ager per impulso										17
06657	Idiomatic Expressions	to go hand in hand	Hand in Hand gehen / mit etwas einhergehen	ir de la mano (ES), ir codo con codo (AL)	aller de pair	andare di pari passo	andar lado a lado	anar de bracet	iri man-en-mane	ir de par										17
06658	Idiomatic Expressions	to hear through (heard through, heard through) the grapevine	etwas von einem Vögelchen gezwitschert bekommen	escuchar algo por ahí, enterarse por un chisme	apprendre par le bouche à oreille	sentir dire	ouvir dizer, ouvir à boca pequena	sentir un rumor, assabentar-se d'una xafarderia	aŭdi per onidiroj	audir per rumores										17
06659	Idiomatic Expressions	to arrive safe and sound	gesund und munter ankommen / wohlbehalten ankommen	llegar sano y salvo	arriver à bon port	arrivare sano e salvo	chegar são e salvo / chegar sã e salva 	arribar sa i estalvi	alveni sekure kaj sane	arrivar san e salve										17
06660	Idiomatic Expressions	to put at your fingertips	etwas sofort greifbar haben	poner a tu alcance	mettre à portée de la main	mettere a portata di mano	colocar na palma da mão	posar a l'abast de la mà	meti ĉe viaj fingropintoj	poner al disposition de uno										17
06661	Idiomatic Expressions	to break out (broke out, broken out) into a sweat	in Schweiß ausbrechen / Blut und Wasser schwitzen	comenzar a sudar	avoir des sueurs froides	sudare freddo	suar frio	començar a suar, suar la cansalada	eki ŝviti	comenciar a sudar										17
06662	Idiomatic Expressions	to have one's head screwed on right	vernünftig sein	tener la cabeza bien amueblada (ES), tener la cabeza bien puesta (AL)	avoir la tête sur les épaules	avere la testa sulle spalle	ter a cabeça no lugar	tenir el cap ben posat, ser assenyat	havi la kapon sur la ŝultroj	haber le capite ben ponite										17
06663	Idiomatic Expressions	to have the last word	das letzte Wort haben	tener la última palabra	avoir le dernier mot	avere l'ultima parola	ter a última palavra	tenir l'última paraula	havi la lastan vorton	haber le ultime parola										17
06664	Idiomatic Expressions	to have the upper hand	die Oberhand haben	tener la delantera	avoir le dessus	essere in vantaggio	estar com a faca e o queijo na mão	tenir la paella pel mànec, tenir avantatge	havi la superecon	haber le avantage										17
06665	Idiomatic Expressions	to have a bone to pick with someone	mit jemandem ein Hühnchen zu rupfen haben	tener que arreglar cuentas con alguien	avoir un compte à régler avec quelqu'un	avere un conto in sospeso	acertar as contas com alguém	tenir un assumpte pendent amb algú	havi konton por solvi kun iu	haber un conto a adjustar con alicuno										17
06666	Idiomatic Expressions	a weight off one's mind	eine Sorge weniger	una carga menos	un poids en moins	un peso in meno	um peso a menos	un pes de sobre	pezon for de la menso	un peso de minus										17
06667	Idiomatic Expressions	to pay lip service	ein Lippenbekenntnis ablegen / so tun als ob	hablar de boquilla	faire semblant de s'intéresser	essere d'accordo con qualcuno solo a parole	fazer de conta que se interessa	dir que sí per dir, fer veure que t'interessa	paroli sen konvinko	render homage solmente verbal										17
06668	Idiomatic Expressions	a drop in the ocean	ein Tropfen auf den heißen Stein	una gota en el océano	une goutte d'eau dans l'océan	una goccia nel mare	uma gota no oceano	una gota a l'oceà	guto en la oceano	un gutta in le oceano										17
06669	Idiomatic Expressions	to know the score	die Leier schon kennen	conocer la jugada	connaître la chanson	capire l'andazzo, sapere come stanno le cose	estar por dentro de algo	saber de quin peu calça, conèixer el percal	koni la situacion	cognoscer le situation										17
06670	Idiomatic Expressions	to cut ties	den Kontakt abbrechen / die Beziehungen abbrechen	cortar lazos	couper les liens	tagliare i ponti	cortar os laços	tallar llaços	rompi ligojn	rumper ligamines										17
06671	Idiomatic Expressions	point-blank	ohne Umschweife	sin andarse con rodeos	sans détour	senza mezzi termini	categoricamente	ras i curt, sense embuts	rekte kaj senpere	categoricamente	Sie haben meinen Vorschlag ohne Umschweife abgelehnt	Rechazaron mi propuesta sin andarse con rodeos	Ils ont refusé ma proposition sans détour	Hanno rifiutatola mia proposta senza mezzi termini	Eles rejeitaram minha proposta categoricamente	They rejected my proposal point-blank	Van rebutjar la meva proposta ras i curt.	Ili malakceptis mian proponon rekte kaj senpere.	Illes rejectava mi proposition categoricamente.	17
06672	Idiomatic Expressions	to give up (gave up, given up) (when one tries to guess)	das Raten aufgeben	me rindo	donner sa langue au chat	non avere la più pallida idea	desistir (quando alguém tenta adivinhar algo)	rendir-se (en intentar endevinar)	cedi (divenante)	me rende										17
06673	Idiomatic Expressions	to kick-start	in Schwung bringen	dar un puntapié de salida	donner un coup de fouet	mettere in moto	dar o pontapé inicial	donar el tret de sortida, engegar	startigi	dar un impulso initial a										17
06674	Idiomatic Expressions	to have the guts to do something	den Mut haben, etwas zu tun	tener agallas para hacer algo	avoir le culot de faire quelque chose	avere il fegato di fare qualcosa	ter coragem de fazer algo	tenir pebrots per fer alguna cosa	havi kuraĝon fari ion	haber le corage de facer alco										17
06675	Idiomatic Expressions	to wait on someone hand and foot	jemanden von vorne bis hinten bedienen	servir a alguien a cuerpo de rey	être aux petits soins pour quelqu'un	servire e riverire qualcuno	fazer de tudo por alguém	servir algú a cor què vols, satisfer tots els seus capricis	servi iun mane kaj piede	servir alcuno como un rege										17
06676	Idiomatic Expressions	to be on (was on / were on, been on) its last legs	völlig am Ende sein / außer Atem sein	estar en las últimas	être à bout de souffle	essere allo stremo	estar nas últimas	estar a les últimes	esti ĉe siaj lastaj fortoj	esser al ultime										17
06677	Idiomatic Expressions	to be on (was on / were on, been on) cloud nine	auf Wolke sieben schweben	en el séptimo cielo	être sur un petit nuage	essere in paradiso	estar nas nuvens	estar al setè cel	esti en la naŭa nubo	esser in le septime celo										17
06678	Idiomatic Expressions	to have two left feet	zwei linke Hände haben	ser un torpe	avoir deux mains gauches	avere le mani di pastafrolla	ter dois pés esquerdos	ser un negat (per ballar), tenir dos peus esquerres	havi du maldekstrajn piedojn	esser inhabile										17
06679	Idiomatic Expressions	an uphill struggle	ein harter Kampf	cuesta arriba	un dur combat	una strada tutta in salita	uma luta dura	una lluita costa amunt	peniga batalo	un lucta ardue										17
06680	Idiomatic Expressions	to be hand in glove with someone	mit jemandem unter einer Decke stecken	como uña y carne (ES), como uña y mugre (AL)	être de mèche avec quelqu'un	essere pappa e ciccia con qualcuno, essere in grande intimità	ser como unha e carne	ser carn i ungla, anar de bracet	esti tre proksimaj amikoj	esser multo intime con alicuno										17
06681	Idiomatic Expressions	to be dressed to the nines	sich in Schale geschmissen haben	poniéndose espectacular	être sur son trente et un	essere tutta in tiro, essere agghindata	estar vestido(a) nos trinques	anar de vint-i-un botó, anar molt mudat	esti vestita ĝis la naŭoj	esser vestite multo elegantemente										17
06682	Idiomatic Expressions	to stick together	zusammenhalten	mantenerse unidos	se serrer les coudes	serrare le fila	manter-se junto	mantenir-se units, fer pinya	kunteni sin	remaner unite										17
06683	Idiomatic Expressions	to turn a deaf ear	sich taub stellen	hacerse el sordo	faire la sourde oreille	fare orecchie da mercante	fazer-se de surdo(a)	fer-se el sord	fari la surdan orelon	facer se surde										17
06684	Idiomatic Expressions	to do something with one hand tied behind one's back	etwas mit links machen	hacer algo con los ojos cerrados (ES), hacer algo con una mano detrás de la espalda (AL)  	faire quelque chose avec les mains liées	fare una cosa anche con un braccio legato dietro la schiena	fazer algo com as mãos atadas	fer alguna cosa amb una mà a l'esquena, fer-ho amb els ulls tancats	fari ion kun unu mano ligita malantaŭ la dorso	facer alco con le oculos claudite										17
06685	Idiomatic Expressions	I could not care less	das schert mich nicht im Geringsten / das lässt mich völlig kalt	Me importa un comino	ça ne me fait ni chaud ni froid	non me ne può fregare di meno, non mi fa né caldo né freddo	(Eu) estou me lixando	tant me'n fot, m'importa un rave	tute ne zorgi	non me importa del toto										17
06686	Idiomatic Expressions	to steal the show	jemandem die Show stehlen	causar furor (ES), robarse el show (AL)	ravir la vedette	rubare la scena	roubar o show	robar el protagonisme	ŝteli la spektaklon	esser le attraction principal										17
06687	Idiomatic Expressions	to bring the house down	einen Bombenerfolg haben / stürmischen Beifall ernten	causar furor (ES), ser un exitazo (AL)	faire un tabac	fare furore, fare un macello	levar a casa abaixo	tenir un èxit rotund, triomfar	fari sensacion	facer un successo strepitose										17
06688	Idiomatic Expressions	to be going downhill	vom Regen in die Traufe kommen	ir de mal en peor	être sur la mauvaise pente	essere su una brutta china	ir de mal a pior	anar de mal en pitjor	iri de malbono al pli malbono	ir de mal in pejor										17
06689	Idiomatic Expressions	to win (won, won) hands down	mit Links gewinnen	ganar en comodidad	gagner haut la main	vincere a man bassa	vencer com comodidade	guanyar de carrer, guanyar amb facilitat	gajni facile	ganiar facilemente										17
06690	Idiomatic Expressions	to throw the baby out with the bath water	das Kind mit dem Bade ausschütten	confundir la hierba con la maleza (ES),  tirar el niño con el agua de bañarlo (AL)	jeter le bébé avec l'eau du bain	buttare via il bambino con l'acqua sporca	não jogue o bebê fora junto com a água do banho	llençar el nen amb l'aigua bruta	ĵeti la bebon kun la banakvo	jectar le infante con le aqua del banio										17
06691	Idiomatic Expressions	to elbow one's way	sich durchboxen	abrir el paso a codazos	jouer des coudes	sgomitare	abrir passagem	obrir-se pas a cops de colze	trarompi sian vojon per kubutoj	aperir se le via a colpos de cubito										17
06692	Idiomatic Expressions	to be like two peas in a pod	sich gleichen wie ein Ei dem anderem	como dos gotas de agua	se ressembler comme deux gouttes d'eau	assomigliarsi come due gocce d'acqua	ser a cara de alguém	ser com dues gotes d'aigua	esti kiel du pizoj en guŝo	esser como duo guttas de aqua										17
06693	Idiomatic Expressions	to blow the lid off a secret	den Vorhang lüften	revelar un secreto	lever le voile	scoprire gli altarini	revelar um segredo	aixecar la llebre, revelar un secret	malkaŝi sekreton	revelar un secreto										17
06694	Idiomatic Expressions	I'll scratch your back if you scratch mine	eine Hand wäscht die andere	hoy por ti y mañana por mi	Je te renverrai l'ascenseur	Do ut des, Io faccio una cosa a te se tu fai una cosa a me	(Nós) podemos fazer uma troca	una mà renta l'altra	mi gratas vian dorson, se vi gratas la mian	hodie pro te e deman pro me										17
06695	Idiomatic Expressions	to lead someone by the nose	jemanden nach seiner Pfeife tanzen lassen	llevar a alguien de las narices	mener par le bout du nez	prendere per il naso	conduzir alguém à força	portar algú pel nas	gvidi iun per la nazo	ducer alicuno per le naso										17
06696	Idiomatic Expressions	to close down a business	den Laden dichtmachen	cerrar el chiringuito (ES), cerrar el chuzo (AL)	mettre la clé sous la porte	chiudere baracca	fechar as portas (negócio)	tancar la barraca, plegar	fermi la butikon	clauder un negotio										17
06697	Idiomatic Expressions	to be nothing but skin and bones	nichts als Haut und Knochen sein	estar en los huesos	avoir seulement la peau sur les os	essere pelle e ossa	ser pele e osso	estar als ossos	esti nur haŭto kaj ostoj	esser pelle e ossos										17
06698	Idiomatic Expressions	to have no say in the matter	nichts zu sagen haben	no tener ni voz ni voto	ne pas avoir son mot à dire	non mettere bocca nella questione	não ter nada a dizer	no tenir ni veu ni vot	havi nenian diron en la afero	non haber ni voce ni voto in le question										17
06699	Idiomatic Expressions	to be at a loss for words	auf dem Schlauch stehen / keine Worte finden	no encontrar las palabras	ne pas trouver ses mots	essere a corto di parole	estar/ficar sem palavras	quedar-se sense paraules	esti senparola	non trovar le parolas										17
06700	Idiomatic Expressions	to call the shots	den Ton angeben / das Sagen haben	tener la sartén por el mango	faire la pluie et le beau temps	fare il bello e il cattivo tempo	dar as cartas	portar la batuta, tallar el bacallà	estri la estro	esser qui commanda										17
06701	Idiomatic Expressions	an eye opener	etwas, das die Augen öffnet	una revelación	un livre qui ouvre les yeux	una rivelazione	uma revelação	una revelació, una cosa que t'obre els ulls	okulmalfermilo	un revelation										17
06702	Idiomatic Expressions	it speaks volumes	Bände sprechen	esto dice mucho	ça en dit long	questo la dice lunga	isso explica muita coisa	això en diu molt	tio multe diras	isto dice multo										17
06703	Idiomatic Expressions	to lose one's train of thought	den Faden verlieren	perder el hilo	perdre le fil de ses pensées	perdere il filo	perder o fio da meada	perdre el fil	perdi la fadenon de la penso	perder le filo del pensamento										17
06704	Idiomatic Expressions	to rub someone the wrong way	jemanden falsch anpacken	caerle mal a alguien	prendre à rebrousse poil	far rodere qualcuno	chatear/irritar alguém sem intenção	tocar la fibra sensible (negativament), irritar	inciti iun malbone	esser antipathic a alicuno										17
06705	Idiomatic Expressions	back to square one	wieder am Nullpunkt angelangt sein	volver a empezar desde cero	retour à la case départ	punto e a capo, ripartire dal via	de volta à estaca zero	tornar a la casella de sortida	reen al la komenco	recomenciar ab zero										17
06706	Idiomatic Expressions	to risk one's neck	Kopf und Kragen riskieren	jugarse el cuello (ES), arriesgarse el cuello (AL)	risquer sa peau	rischiare l'osso del collo	arriscar sua pele	jugar-se el coll	riski sian kolon	riscar le collo										17
06707	Idiomatic Expressions	to be squeezed dry	völlig ausgelaugt sein	exprimido hasta la última gota	se faire saigner à blanc	farsi spremere come un limone	espremer até a última gota	estar espremut fins a l'última gota	esti elpremita seke	esser exprimite usque al ultime gutta										17
06708	Idiomatic Expressions	to spread like wildfire	sich wie ein Lauffeuer verbreiten	extenderse como un reguero de pólvora	se répandre comme une trainée de poudre	diffondersi a macchia d'olio, alla velocità della luce	espalhar(-se) como fogo	escampar-se com la pólvora	disvastiĝi kiel arbara fajro	propagar se como un incendio de foresta										17
06709	Idiomatic Expressions	to pat oneself on the back	sich auf die eigene Schulter klopfen	darse una palmadita en la espalda	s'envoyer des fleurs	congratularsi con se stessi	dar uma palmadinha nas costas	donar-se copets a l'esquena, felicitar-se	gratuli sin mem	congratular se ipse										17
06710	Idiomatic Expressions	to keep one's purse strings tight	sich den Gürtel enger schnallen	controlar los gastos	se serrer la ceinture	stringere i cordoni della borsa	apertar o cinto	estrènyer-se el cinturó	streĉi la monujajn ŝnurojn	controlar le expensas										17
06711	Idiomatic Expressions	to take a gamble	ein Risiko  eingehen	jugársela	tenter un coup de poker	fare un azzardo	tentar a sorte	arriscar-se, provar sort	riski	prender un risco										17
06712	Idiomatic Expressions	to live from hand to mouth	von der Hand in den Mund leben	vivir al día	vivre au jour le jour	vivere alla giornata	viver apertado(a)	viure al dia	vivi de mano al buŝo	viver de die in die										17
06713	Idiomatic Expressions	far-fetched	an den Haaren herbeigezogen	poco probable (ES), ser jalado por los perros (AL)	tiré par les cheveux	stiracchiato, improbabile	difícil de acreditar	inversemblant, agafat pels pèls	malfacile kredebla	poco probabile										17
06714	Idiomatic Expressions	to fire on all cylinders	auf vollen Touren laufen	emplearse a fondo	tourner à plein régime	andare a tutto gas	dar tudo de si	anar a tot gas, funcionar a ple rendiment	funkcii per ĉiuj cilindroj	functionar a plen rendimento										17
06715	Idiomatic Expressions	to live on love alone	von Luft und Liebe leben	vivir sólo del amor	vivre d'amour et d'eau fraiche	vivere di solo amore	viver somente de amor	viure només d'amor	vivi nur per amo	viver solmente de amor										17
06716	Idiomatic Expressions	to see the light of day	das Licht der Welt erblicken	ver la luz del día	voir le jour	vedere la luce (di un progetto)	ver a luz do dia	veure la llum (un projecte)	vidi la lumon de la tago	vider le luce del die										17
06717	Idiomatic Expressions	to see life through rose-tinted glasses	das Leben durch eine rosarote Brille sehen	ver la vida de color de rosa (ES), ver la vida por lentes de color rosa (AL)	voir la vie en rose	vedere tutto rose e fiori	ver a vida colorida	veure la vida de color de rosa	vidi la vivon tra rozkoloraj okulvitroj	vider le vita a transverso de lentes color de rosa										17
06718	Idiomatic Expressions	Actions speak louder than words	Taten sagen mehr als Worte	Las acciones dicen más que las palabras	Les actes valent mieux que les paroles	Le azioni contano più delle parole	As ações falam mais alto que as palavras	Les accions diuen més que les paraules	Agoj parolas pli laŭte ol vortoj	le actiones parla plus alto que le parolas										17
06719	Idiomatic Expressions	a picture is worth a thousand words	ein Bild sagt mehr als tausend Worte	una imagen vale más que mil palabras	une image vaut mille mots	un'immagine vale più di mille parole	uma imagem vale mais que mil palavras	una imatge val més que mil paraules	bildo valoras mil vortojn	un imagine vale plus que mille parolas										17
06720	Idiomatic Expressions	devil's advocate	der Anwalt des Teufels	abogado del diablo	l'avocat du diable	l'avvocato del diavolo	o advogado do diabo	l'advocat del diable (els advocats)	advokato de la diablo	advocato del diabolo										17
06721	Idiomatic Expressions	to drop like flies	sterben wie die Fliegen	caer como moscas	tomber comme des mouches	cadere come mosche	morrer como moscas	caure com mosques	fali kiel muŝoj	cader como muscas										17
06722	Idiomatic Expressions	to find one's bearings, to find one's feet	sich zurechtfinden / sich orientieren	orientarse, encontrar tu camino	trouver ses marques	ritrovare la bussola, trovare la propria strada	orientar-se, encontrar seu caminho	orientar-se, trobar el teu lloc	trovi sian direkton	orientar se; trovar su via										17
06723	Idiomatic Expressions	to come out (came out, come out) of the blue	aus heiterem Himmel auftauchen	salir de la nada	sortir de nulle part	sbucare dal nulla	sair do nada	sortir del no-res	aperi subite	sortir de nihil										17
08743	Personal Questions	It is usually 10 degrees and quite wet	Es ist normalerweise 10 Grad und sehr feucht	Por lo general la temperatura es de 10 grados y hay bastante humedad	Il fait généralement 10 degrés et un temps très humide	Di solito ci sono 10 gradi ed è molto umido	Geralmente faz 10 graus e é muito úmido	Normalment fa 10 graus i és bastant humit.	Kutime estas 10 gradoj kaj sufiĉe malseka.	Generalmente il face 10 grados e il es bastante humide									Generalmente il face 10 grados e il es bastante humide	16
08744	Personal Questions	In London we rarely go above 20 degrees during the summer 	In London wird es selten wärmer als 20 Grad im Sommer	En Londres raramente superamos los 20 grados durante el verano	À Londres, nous dépassons rarement les 20 degrés pendant l'été	A Londra superiamo raramente i 20 gradi durante l'estate	Em Londres, raramente nós passamos dos 20 graus durante o verão	A Londres rarament passem dels 20 graus a l'estiu.	En Londono ni malofte superas 20 gradojn dum la somero.	In London nos rarmente ascende super 20 grados durante le estate									In London nos rarmente ascende super 20 grados durante le estate	16
08745	Personal Questions	Are you enjoying your stay?	Gefällt Ihnen Ihr Aufenthalt?	¿Está disfrutando de su estancia?	Appréciez-vous votre séjour?	Le sta piacendo il suo soggiorno?	Você está gostando de sua estadia?	Gaudeix de la seva estada?	Ĉu vi ĝuas vian restadon?	Esque vos gaude de vostre sojorno?									Esque vos gaude de vostre sojorno?	16
08746	Personal Questions	Yes, I am. The weather is nice and I'm staying in a wonderful hotel	Ja. Es ist schönes Wetter und ich wohne in einem herrlichen Hotel	Sí. El clima es agradable y me voy a quedar en un hotel maravilloso	Oui. Il fait beau et je loge dans un hôtel merveilleux	Sì. Il tempo è bello e sono in un albergo meraviglioso	Sim, eu estou. O tempo é agradável, e eu estou em um hotel maravilhoso	Sí, i tant. Fa bon temps i m'allotjo en un hotel meravellós.	Jes, mi ĝuas. La vetero estas bela kaj mi loĝas en mirinda hotelo.	Si, io lo es. Le tempore es agradabile e io resta in un hotel meraviliose									Si, io lo es. Le tempore es agradabile e io resta in un hotel meraviliose	16
08747	Personal Questions	Are you responsible for the whole project?	Sind Sie für das ganze Projekt verantwortlich?	¿Usted es responsable de todo el proyecto?	Êtes-vous responsable du projet dans son ensemble ?	È responsabile per l'intero progetto?	Você é responsável por todo o projeto?	És responsable de tot el projecte?	Ĉu vi respondecas pri la tuta projekto?	Es vos responsabile de tote le projecto?									Es vos responsabile de tote le projecto?	16
08748	Personal Questions	I suppose you must be very busy with the new incoming projects	Ich nehme an, dass Sie sehr beschäftigt mit den neu hereinkommenden Projekten sind	Supongo que debe estar muy ocupado con los nuevos proyectos entrantes	Je suppose que vous devez être très occupé avec les nouveaux projets 	Suppongo debba essere molto impegnato con i nuovi progetti in arrivo	Eu suponho que você esteja muito ocupado(a) com os novos projetos 	Suposo que deu estar molt ocupat(ada) amb els nous projectes que arriben.	Mi supozas, ke vi devas esti tre okupita kun la novaj venontaj projektoj.	Io suppone que vos debe esser multo occupate con le nove projectos entrante									Io suppone que vos debe esser multo occupate con le nove projectos entrante	16
08749	Personal Questions	I think that your job must be very rewarding and stressful at the same time	Ich denke, dass Ihre Arbeit sehr erfüllend und gleichzeitig sehr stressig ist	Creo que su trabajo debe ser muy gratificante y estresante al mismo tiempo	Je pense que votre travail doit être très gratifiant et stressant à la fois	Penso che il suo lavoro deve essere molto gratificante e stressante allo stesso tempo	Eu acho que seu trabalho deve ser muito gratificante e estressante ao mesmo tempo	Crec que la seva feina deu ser molt gratificant i estressant alhora.	Mi pensas, ke via laboro devas esti tre rekompenca kaj streĉa samtempe.	Io pensa que vostre travalio debe esser multo gratificante e stressante al mesme tempore									Io pensa que vostre travalio debe esser multo gratificante e stressante al mesme tempore	16
08750	Personal Questions	When did you move to London?	Wann sind Sie nach London gezogen?	¿Cuándo se mudó a Londres?	Quand avez-vous emménagé à Londres ?	Quando si è trasferito a Londra?	Quando você se mudou para Londres?	Quan es va traslladar a Londres?	Kiam vi translokiĝis al Londono?	Quando tu te transfereva a London?										16
08751	Personal Questions	You speak very good French, where did you learn it?	Sie sprechen sehr gut französisch, wo haben Sie es gelernt?	Habla muy bien francés, ¿dónde lo aprendió?	Vous parlez très bien le français, où l'avez-vous appris ?	Lei parla molto bene francese, dove l'ha imparato?	Você fala muito bem francês, onde aprendeu?	Parla molt bé el francès, on el va aprendre?	Vi parolas tre bone la francan, kie vi ĝin lernis?	Tu parla francese multo ben; ubi lo apprendeva tu?										16
08752	Personal Questions	How long have you been studying English?	Wie lange lernen Sie schon Englisch?	¿Cuánto tiempo ha estudiado inglés?	Cela fait combien de temps que vous étudiez l'anglais ?	Quanto tempo ha studiato l'inglese?	Há quanto tempo você estuda inglês?	Quant de temps fa que estudia anglès?	Kiom longe vi studas la anglan?	Durante quanto tempore ha tu studiate le anglese?										16
08753	Personal Questions	I have been studying English for 4 years	Ich lerne seit 4 Jahren englisch	Llevo 4 años estudiando inglés	J'étudie l'anglais depuis 4 ans	Studio inglese da 4 anni	Eu estudo inglês há 4 anos	Estudio anglès des de fa 4 anys.	Mi studas la anglan de 4 jaroj.	Io ha studiate le anglese durante quatro annos.										16
08754	Personal Questions	Did you take a holiday recently?	Haben Sie kürzlich Urlaub genommen?	¿Ha tenido vacaciones recientemente?	Avez-vous pris des vacances récemment ?	Ha fatto vacanza di recente?	Você tirou férias recentemente?	Ha fet vacances recentment?	Ĉu vi feriis lastatempe?	Ha tu prendite vacantias recentemente?										16
08755	Personal Questions	I was finally able to take a two-week holiday 	Ich konnte endlich einen zweiwöchigen Urlaub nehmen	Por fin pude tomarme unas vacaciones de dos semanas	J'ai enfin pu prendre deux semaines de vacances 	Sono finalmente riuscito a fare una vacanza di due settimane	Eu finalmente consegui tirar duas semanas de férias	Finalment he pogut agafar dues setmanes de vacances.	Mi finfine povis preni du semajnojn da ferioj.	Finalmente io poteva prender vacantias de duo septimanas.										16
08756	Personal Questions	Where did you go?	Wohin sind Sie gereist?	¿Adónde fuiste?	Où êtes-vous allés ? 	Dove è andato?	Aonde você foi?	On va anar?	Kien vi iris?	A ubi vadeva tu?										16
08757	Personal Questions	We went to Spain. We spent some days in Madrid and Barcelona and then stayed on the Canary Islands	Wir sind nach Spanien gereist. Wir haben einige Tage in Madrid und Barcelona verbracht und dann blieben wir auf den Kanarischen Inseln	Fuimos a España. Pasamos unos días en Madrid y Barcelona ​​y luego estuvimos en las Islas Canarias.	Nous sommes allés en Espagne. Nous avons passé quelques jours à Madrid et à Barcelone puis nous avons séjourné aux îles Canaries	Siamo andati in Spagna. Abbiamo trascorso alcuni giorni a Madrid e Barcellona e poi siamo rimasti nelle Isole Canarie	Nós fomos à Espanha. Nós passamos alguns dias em Madrid e Barcelona e,  depois, ficamos nas Ilhas Canárias	Vam anar a Espanya. Vam passar uns dies a Madrid i Barcelona i després ens vam allotjar a les illes Canàries.	Ni iris al Hispanio. Ni pasigis kelkajn tagojn en Madrido kaj Barcelono kaj poste ni restis en la Kanariaj Insuloj.	Nos vadeva a Espania. Nos passava alicun dies in Madrid e Barcelona e postea restava in le Insulas Canarias.										16
08758	Personal Questions	Did your wife come with you?	Ist Ihre Frau mitgekommen?	¿Su esposa vino con usted?	Votre femme est-elle venue avec vous ?	Sua moglie è venuta con lei?	Sua esposa veio com você?	La seva dona ha vingut amb vostè?	Ĉu via edzino venis kun vi?	Veniva vostre uxor con vos?										16
08759	Personal Questions	I would have loved to come with my family, but I am only staying for one night	Ich wäre gern mit meiner Familie gekommen, aber ich bleibe nur für eine Nacht	Me hubiera encantado venir con mi familia, pero solamente me quedaré una noche.	J'aurais aimé venir avec ma famille, mais je ne vais passer qu'une nuit ici	Mi sarebbe piaciuto venire con la mia famiglia, ma resto solo per una notte	Eu adoraria ter vindo com minha família, mas vou ficar só por uma noite	M'hauria encantat venir amb la meva família, però només em quedo una nit.	Mi estus ŝatinta veni kun mia familio, sed mi restas nur unu nokton.	Io haberea multo amate venir con mi familia, sed io remanera solmente un nocte										16
08760	Personal Questions	Do you have any children?	Haben Sie Kinder?	¿Tiene hijos?	Avez-vous des enfants ?	Ha dei figli?	Você tem filhos?	Té fills?	Ĉu vi havas gefilojn?	Ha vos filios?										16
08761	Personal Questions	Yes, I have two sons aged 8 and 13	Ja, ich habe zwei Söhne, 8 und 13 Jahre alt	Sí, tengo dos hijos de 8 y 13	Oui, j'ai deux fils âgés de 8 ans et 13 ans	Sì, ho due figli di 8 e 13 anni	Sim, eu tenho dois filhos de 8 e 13 anos	Sí, tinc dos fills de 8 i 13 anys.	Jes, mi havas du filojn de 8 kaj 13 jaroj.	Si, io ha duo filios de etates de 8 e 13 annos										16
08762	Computer Basics	batch processing	die schubweise Verarbeitung	el procesamiento por lotes	le traitement par lots	l'elaborazione a blocchi	o processamento em lote	el processament per lots	grupa prilaborado	le tractamento per lotes										16
08763	Computer Basics	groupware	die Gruppensoftware	el programa de trabajo en grupo	le logiciel de travail en groupe	il software condiviso	o software colaborativo	el programari col·laboratiu, el groupware	grupa programaro, groupware	le software de travalio in gruppo										16
08764	Computer Basics	Data Base Management System (D.B.M.S)	das Datenbank-Management-System (D.B.M.S.)	el Sistema de Gestión de base de datos (SGBD)	Système de Gestion de Base de Données (S.G.B.D)	Il sistema di gestione del database	Sistema de Gerenciamento de Banco de Dados (SGBD)	el Sistema de Gestió de Bases de Dades (SGBD)	Datumbaza Administra Sistemo (DBAS)	le systema de gestion de base de datos (SGBD)										16
08765	Computer Hardware	mass storage (hard drive)	der Festplattenspeicher	el almacenamiento masivo (disco duro)	la mémoire de masse (disque dur)	la memoria di massa (l'hard disk))	o armazenamento em massa (disco rígido)	l'emmagatzematge massiu (disc dur)	amasmemoro (malmola disko)	le immagazinage massive (disco dur)										17
