ID	Category	EN	DE	ES	FR	IT	PT	CA	EO	IA	txt_de	txt_es	txt_fr	txt_it	txt_pt	txt_en	txt_ca	txt_eo	txt_ia	Level
04773	Education Terms	dunce	der schlechte Schüler 	el mal estudiante	le cancre	l'asino, il somaro (il peggiore della classe)	o(a) burro(a)	el mal estudiant (els mals estudiants), l'ase (els ases)	malbona studento	mal studente										12
04774	Education Terms	class rank	Die Einstufung in der Klasse	el ranking de la clase, la clasificación de la clase	le classement (dans la classe)	la graduatoria nella classe	a classificação (na classe)	el rànquing de la classe (els rànquings)	klasa rangotabelo	classification del classe										12
04775	Education Terms	to cram for an exam	für eine Prüfung pauken	empollar para un examen	bachoter un examen	sgobbare per un esame	estudar muito para um teste	matar-se a estudiar per a un examen	intense studi por ekzameno	studiar intensivemente pro un examine										12
04776	Slang & Idioms	Give me a break!	Gib mir eine Atempause!	¡Dame tregua!	Fous-moi (fiche-moi) la paix !	Dammi tregua!	Me dê um tempo!	Deixa'm en pau!	Lasu min trankvila!	Da me un pausa!	Gib mir eine Atempause! Du schreist schon seit Stunden!	¡Dame tregua! ¡Estás gritando desde hace horas!	Fous-moi la paix ! Tu cries depuis des heures !	Dammi tregua! Stai gridando da ore!	Me dê um tempo! Você está gritando há horas!	Give me a break! You've been yelling for hours!	Deixa'm en pau! Fa hores que crides!	Lasu min trankvila! Vi krias de horoj!	Da me un pausa! Tu ha critate durante horas!	12
04777	Environment & Ecology	air pollution index	der Luftverschmutzungsindex 	el indicador de contaminación del aire	l'indice de pollution de l'air 	l'indice  di inquinamento atmosferico	o índice de poluição do ar	l'índex de contaminació de l'aire (els índexs)	indico de aerpoluado	indice de pollution del aere										12
04778	Politics & Government	to donate	spenden	donar	faire un don	donare, fare una donazione	fazer uma doação	donar	donaci	donar										12
04779	Politics & Government	polling day	der Wahltag 	el día de las elecciones	le jour des élections	il giorno delle elezioni	o dia das eleições	el dia de les eleccions (els dies)	balota tago	die de le electiones										12
04780	Politics & Government	polling station	das Wahllokal 	el colegio electoral	le bureau de vote	il seggio elettorale	o colégio eleitoral	el col·legi electoral (els col·legis)	balotejo	station de votation										12
04781	War & Conflict	terror attack, act of terror	das Attentat , der Anschlag 	el atentado terrorista	l'attentat terroriste 	l'attentato terroristico	o atentado terrorista	l'atemptat terrorista (els atemptats)	terorista atako	attentato terrorista										12
04782	War & Conflict	to plant a bomb	eine Bombe legen	poner una bomba	déposer une bombe	mettere una bomba	colocar uma bomba	posar una bomba	meti bombon	plantar un bomba										12
04783	War & Conflict	car/parcel bomb	die Autobombe , die Paketbombe 	el paquete bomba, el coche bomba (ES), el carro bomba (AL)	la voiture / le colis piégé	il pacchetto esplosivo, l'auto  esplosiva	o carro-bomba, o pacote-bomba	el cotxe bomba (els cotxes bomba), el paquet bomba (els paquets bomba)	aŭtobombo, pakaĵbombo	bomba de automobile, bomba de pacchetto										12
04784	War & Conflict	blast	die Explosion , die Detonation 	la explosión	l'explosion , la déflagration	l'esplosione 	a explosão, a deflagração	l'explosió (les explosions), la detonació (les detonacions)	eksplodo	explosion										12
04785	War & Conflict	rebel	der Rebell 	el rebelde	le rebelle	il ribelle	o(a) rebelde	el rebel (els rebels)	ribelulo	rebello										12
04786	War & Conflict	to revolt	rebellieren, revoltieren	rebelarse	se révolter	ribellarsi, rivoltarsi	revoltar(-se)	rebel·lar-se	ribeli	rebellar se										12
04787	War & Conflict	civil war	der Bürgerkrieg 	la guerra civil	la guerre civile	la guerra civile	a guerra civil	la guerra civil	interna milito	guerra civil										12
04788	War & Conflict	ethnic war	der ethnische Krieg 	la guerra étnica	la guerre ethnique	la guerra etnica	a guerra étnica	la guerra ètnica	etna milito	guerra ethnic										12
04789	War & Conflict	to resort to violence	Gewalt anwenden	recurrir a la violencia	avoir recours à la violence	ricorrere alla violenza	recorrer à violência	recórrer a la violència	uzi perforton	recurrer al violentia										12
04790	War & Conflict	to be behind something	für etwas verantwortlich/ der Urheber von etwas sein	estar detrás de algo, ser el responsable de algo	être responsable / l'auteur de quelque chose	essere dietro qualcosa, essere responsabile di qualcosa	ser o responsável por algo, ser o autor de algo	estar darrere d'alguna cosa, ser-ne el responsable	esti malantaŭ io	esser le responsabile de alique										12
04791	War & Conflict	to mount an operation	einen Einsatz  durchführen	organizar una operación	monter une opération	condurre un'operazione 	montar uma operação	muntar una operació	munti operacion	organisar un operation										12
04792	War & Conflict	hostage taker	der Geiselnehmer 	el secuestrador (de rehenes)	le preneur d'otage	il rapitore	o(a) sequestrador(a)	el segrestador (els segrestadors)	ostaĝprenanto	raptor de ostages										12
04793	War & Conflict	to defuse a bomb	eine Bombe entschärfen	desactivar una bomba	désamorcer une bombe	disinnescare una bomba	desativar uma bomba	desactivar una bomba	malaktivigi bombon	disactivar un bomba										12
04794	War & Conflict	guerrilla warfare	der Guerillakrieg 	la guerrilla	la lutte de guérilla	la guerriglia	a guerrilha	la guerra de guerrilles	gerila militado	guerra de guerrilla										12
04795	War & Conflict	to secede	sich abspalten	secesionarse, separarse	faire sécession	fare una secessione, separarsi	separar, fazer separação	fer secessió, separar-se	secesii	seceder										12
04796	War & Conflict	warfare	die Kriegsführung 	la guerra, el conflicto armado	la guerre, le conflit armé	la guerra, il conflitto	a guerra, o conflito armado	la guerra (les guerres), el conflicte armat (els conflictes armats)	militado	guerra										12
04797	War & Conflict	sailor	der Seemann , der Matrose 	el marinero	le marin	il marinaio	o(a) marinheiro(a)	el mariner (els mariners)	maristo	marinero										12
04798	War & Conflict	armed forces	die Streitkräfte	las fuerzas armadas	les forces armées	le forze armate	as forças armadas	les forces armades	armitaj fortoj	fortias armate										12
04799	War & Conflict	nuclear weapon	die Atomwaffe 	el arma nuclear	l'arme nucléaire 	l'arma nucleare	a arma nuclear	l'arma nuclear (les armes nuclears)	nuklea armilo	arma nuclear										12
04800	War & Conflict	deterrent force	die Abschreckungsmacht 	la fuerza disuasoria	la force de dissuasion	il deterrente	a força da dissuasão     	la força dissuasiva (les forces dissuasives)	malkuraĝiga forto	fortia dissuasive										12
04801	War & Conflict	submarine	das U-Boot 	el submarino	sous-marin	il sottomarino	o submarino	el submarí (els submarins)	submarŝipo	submarino										12
04802	War & Conflict	biological warfare, germ warfare	die bakteriologische Kriegsführung	la guerra bacteriológica	la guerre bactériologique	la guerra batteriologica	a guerra biológica	la guerra bacteriològica	biologia militado	guerra bacteriologic										12
04803	War & Conflict	nerve gas	das Nervengas 	el gas nervioso	le gaz neuro-toxique	il gas nervino	o gás asfixiante	el gas nerviós (els gasos nerviosos)	nerva gaso	gas nervose										12
04804	War & Conflict	intelligence service/agency	der Geheimdienst , der Nachrichtendienst 	el servicio de inteligencia	le service de renseignement	i servizi segreti	o serviço de inteligência	el servei d'intel·ligència (els serveis), l'agència d'intel·ligència (les agències)	sekreta servo	servicio de intelligentia										12
04805	War & Conflict	to infiltrate	eindringen	infiltrar	infiltrer	infiltrare	infiltrar	infiltrar-se	enfiltriĝi	infiltrar										12
04806	War & Conflict	to declare war	einen Krieg  erklären	declarar una guerra	déclarer la guerre	dichiarare guerra	declarar uma guerra	declarar una guerra	deklari militon	declarar guerra										12
04807	War & Conflict	to drop a bomb	eine Bombe abwerfen	dejar caer una bomba	lâcher une bombe	sganciare una bomba	soltar uma bomba	llançar una bomba	ĵeti bombon	lassar cader un bomba										12
04808	War & Conflict	to shoot down (shot down, shot down) a plane	ein Flugzeug  abschießen	abatir un avión	abattre un avion	abbattere un aereo	abater um avião	abatre un avió	faligi aviadilon	abatter un avion										12
04809	War & Conflict	to torpedo	torpedieren	torpedear	torpiller	silurare	torpedear	torpedinar	torpedi	torpedar										12
04810	War & Conflict	battlefield	das Schlachtfeld 	el campo de batalla	le champ de bataille	il campo di battaglia	o campo de batalha	el camp de batalla (els camps de batalla)	batalkampo	campo de battalia										12
04811	War & Conflict	front	die Front 	el frente de batalla	le front (de combat)	il fronte	a linha de frente	el front (de batalla) (els fronts)	fronto (batalo)	fronte de battalia										12
04812	War & Conflict	to beat off (beat off, beaten off) the enemy	den Feind zurückdrängen	batir al enemigo	repousser l'ennemi	respingere il nemico	repelir o inimigo	rebutjar l'enemic	repeli la malamikon	repeller le inimico										12
04813	War & Conflict	to overwhelm	überwältigen	abrumar	submerger	sopraffare	oprimir, tiranizar	aclaparar, desbordar	superforti	opprimer										12
04814	War & Conflict	to defeat	besiegen	derrotar	vaincre	sconfiggere	vencer, derrotar	derrotar, vèncer	venki	vincer										12
04815	War & Conflict	peace treaty	das Friedensabkommen 	acuerdo de paz	l'accord de paix 	l'accordo di pace	acordo de paz	el tractat de pau (els tractats de pau)	pacinterkonsento	tractato de pace										12
04816	War & Conflict	to sign a peace treaty	einen Friedensvertrag  unterzeichnen	firmar un tratado de paz	signer un traité de paix	firmare un trattato di pace	assinar um tratado de paz	signar un tractat de pau	subskribi pactraktaton	signar un tractato de pace										12
04817	War & Conflict	Union Flag, Union Jack, British flag	die britische Flagge	la bandera británica	le drapeau britannique	la bandiera britannica	a bandeira britânica	la bandera britànica (les banderes), Union Jack	brita flago	le bandiera britannic										12
04818	War & Conflict	to be at war with	im Krieg sein mit	estar en guerra con	être en guerre avec	essere in guerra con	estar em guerra com	estar en guerra amb	militi kun	esser in guerra con										12
04819	War & Conflict	to die in action	im Kampf fallen	morir en combate	mourir au combat	cadere in battaglia, morire in combattimento	morrer em combate	morir en combat	morti en batalo	morir in combatto										12
04820	War & Conflict	to inflict heavy losses	schwere Verluste zufügen	causar grandes pérdidas	infliger de lourdes pertes	infliggere perdite pesanti	causar grandes perdas	infligir grans pèrdues	kaŭzi gravajn perdojn	infliger grave perditas										12
04821	War & Conflict	to sustain heavy losses	schwere Verluste erleiden	sufrir grandes pérdidas	subir de lourdes pertes	subire perdite pesanti	sofrer grandes perdas	patir grans pèrdues	suferi gravajn perdojn	suffrer grave perditas										12
04822	War & Conflict	platoon	der Trupp 	el pelotón	la section	il plotone	o pelotão	l'escamot (els escamots)	plotono	peloton										12
04823	War & Conflict	squadron	die Staffel 	el escuadrón	l'escadron 	lo squadrone, la squadriglia	o esquadrão	l'esquadró (els esquadrons)	eskadro	esquadron										12
04824	War & Conflict	paratrooper	der Fallschirmjäger 	el paracaidista	le parachutiste	il paracadutista	o(a) paraquedista	el paracaigudista (els paracaigudistes)	paraŝutisto	paracaditista										12
04825	War & Conflict	marines	die Marineinfanterie 	el infante de marina	l'infanterie de marine	il marine	os fuzileiros navais	la infanteria de marina	marinfanterio	infantes de marina										12
04826	War & Conflict	cannon fodder	das Kanonenfutter 	la carne de cañón	la chair à canon	la carne da macello	a bucha de canhão	la carn de canó	kanon-viando	carne de cannon										12
04827	War & Conflict	patriotism	der Patriotismus	el patriotismo	le patriotisme	il patriottismo	o patriotismo	el patriotisme	patriotismo	patriotismo										12
04828	War & Conflict	detention camp	das Internierungslager 	el campo de detención	le camp de détention	il campo di detenzione	o campo de detenção	el camp de detenció (els camps de detenció)	internigejo	campo de detention										12
04829	War & Conflict	private (soldier)	der Gefreiter , der einfache Soldat 	el soldado raso	le simple soldat	il soldato semplice	o soldado raso	el soldat ras (els soldats rasos)	simpla soldato	soldato simple										12
04830	War & Conflict	chopper	der Helikopter 	el helicóptero	l'hélicoptère 	l'elicottero	o helicóptero	l'helicòpter (els helicòpters)	helikoptero	helicoptero										12
04831	War & Conflict	to thwart	in die Flucht schlagen	impedir, llevar al fracaso	mettre en déroute	sbaragliare, mettere in rotta	frustrar, impedir	frustrar, impedir	malsukcesigi	frustrar										12
04832	War & Conflict	West Bank	das Westjordanland	Cisjordania	la Cisjordanie	la Cisgiordania	a Cisjordânia	Cisjordània	Cisjordanio	Cisjordania										12
04833	War & Conflict	Gaza Strip	der Gazastreifen	la franja de Gaza	la bande de Gaza	la Striscia di Gaza	a faixa de Gaza	la Franja de Gaza	Gazaa Sektoro	stria de Gaza										12
04834	War & Conflict	Near East	der Nahe Osten	el Oriente Próximo	le Proche-Orient	il Vicino Oriente	o Médio Oriente	el Pròxim Orient	Proksima Oriento	Oriente Proxime										12
04835	War & Conflict	Middle East	der Mittlere Osten	Oriente Medio	le Moyen-Orient	il Medio Oriente	o Oriente Médio	l'Orient Mitjà	Mez-Oriento	Oriente Medie										12
04836	War & Conflict	draft agreement	das Vertragsprotokoll 	el protocolo de acuerdo	le protocole d'accord	la bozza di accordo	o projeto de acordo/ protocolo de acordo	l'esborrany d'acord (els esborranys)	protokolo de interkonsento	projecto de accordo										12
04837	Social Issues	pension	die Rente 	la jubilación, la pensión	la retraite	la pensione	a aposentadoria	la pensió (les pensions), la jubilació (les jubilacions)	pensio	pension										12
04838	Social Issues	working hours	die Arbeitszeit 	las horas de trabajo	les heures de travail	le ore lavorative	as horas de trabalho	les hores de treball, la jornada laboral (les jornades)	laborhoroj	horas de labor										12
04839	Disasters & Emergencies	rainfall	der Niederschlag 	la precipitación	les précipitations	la pioggia, le precipitazioni	a precipitação de chuva	la precipitació (les precipitacions)	pluvokvanto	precipitation										12
04840	Disasters & Emergencies	hunger	der Hunger 	el hambre	la faim	la fame	a fome	la fam	malsato	fame										12
04841	Disasters & Emergencies	underfed populations	die unterernährten Populationen	la población malnutrida	les populations sous-alimentées	le popolazioni malnutrite	as populações subnutridas	les poblacions subalimentades	subnutritaj loĝantaroj	population malnutrite										12
04842	Disasters & Emergencies	to raise funds	Spenden sammeln	recaudar fondos	collecter des fonds	raccogliere fondi	angariar fundos	recaptar fons	kolekti fondusojn	colliger fundos										12
04843	Disasters & Emergencies	rampant disease	die ausgebreitete Krankheit	la enfermedad endémica	la maladie répandue	la malattia dilagante	a doença generalizada	la malaltia estesa (les malalties esteses)	disvastiĝanta malsano	morbo endemic										12
04844	Disasters & Emergencies	AIDS	Aids 	el SIDA	le sida	l'AIDS 	a AIDS	el SIDA	aidoso	SIDA										12
04845	Disasters & Emergencies	cyclone	der Zyklon 	el ciclón	le cyclone	il ciclone	o ciclone	el cicló (els ciclons)	ciklono	cyclon										12
04846	Disasters & Emergencies	to flood, to inundate	überfluten	inundarse	inonder	allagare, inondare	inundar	inundar	inundi	inundar										12
04847	Disasters & Emergencies	tidal wave	die Flutwelle 	la marejada	le raz de marée	il maremoto, l'onda di marea	o maremoto	la marejada (les marejades), el tsunami (els tsunamis)	ondego	unda de marea										12
04848	Disasters & Emergencies	volcano	der Vulkan 	el volcán	le volcan	il vulcano	o vulcão	el volcà (els volcans)	vulkano	vulcano										12
04849	Disasters & Emergencies	crater	der Krater 	el cráter	le cratère	il cratere	a cratera	el cràter (els cràters)	kratero	crater										12
04850	Disasters & Emergencies	to steam	rauchen; dampfen	hacer humo	faire de la fumée, dégager de la vapeur	fumare, fare vapore	fazer fumaça, liberar vapor	fumejar, treure vapor	vapori	emitter vapor										12
04851	Disasters & Emergencies	to spew out lava	Lava ausstoßen/spucken	escupir lava	rejeter de la lave	eruttare lava	expelir lava	escopir lava	elsputi lafon	vomitar lava										12
04852	Disasters & Emergencies	to brace oneself for	sich auf etw. vorbereiten	prepararse uno mismo para	se préparer à faire face	prepararsi per 	preparar-se para enfrentar	preparar-se per a	prepari sin por	preparar se pro										12
04853	Disasters & Emergencies	to wipe out	beseitigen	barrer, aniquilar	balayer, anéantir	spazzare via, distruggere	varrer, aniquilar	aniquilar, arrasar	forviŝi	annihilar										12
04854	Disasters & Emergencies	bring chaos	Verwirrung stiften	sembrar el caos	semer la confusion	portare il caos	semear o caos	sembrar el caos	kaŭzi kaoson	apportar chaos										12
04855	Disasters & Emergencies	tectonic plate	die tektonische Platte 	la placa tectónica	la plaque tectonique	la placca tettonica	a placa tectônica	la placa tectònica (les plaques tectòniques)	tektonika plato	platta tectonic										12
04856	Disasters & Emergencies	whirlwind	der Wirbelwind 	el torbellino	le tourbillon	la tromba d'aria	o redemoinho	el torb (els torbs), el remolí (els remolins)	kirlovento	tromba										12
04857	Disasters & Emergencies	tsunami	der Tsunami 	el tsunami	le tsunami	lo tsunami	o tsunami	el tsunami (els tsunamis)	cunamo	tsunami										12
04858	Disasters & Emergencies	windswept	windgepeitscht	barrido por el viento	balayé par le vent	spazzato dal vento	varrido pelo vento	assotat pel vent	ventbatita	battite per le vento										12
04859	Disasters & Emergencies	stormy	stürmisch	tempestuoso	orageux	temporalesco	tempestuoso	tempestuós, borrascós	ŝtorma	tempestuose										12
04860	Disasters & Emergencies	cloudy	bewölkt, wolkig	nublado	nuageux	nuvoloso	nublado	ennuvolat, ennuvolat	nuba	nubilose										12
04861	Disasters & Emergencies	gust	der Windstoß 	la ráfaga	la rafale	la folata, lo scroscio	a rajada	la ràfega (les ràfegues), la ratxa (les ratxes)	ekvento	raffica										12
04862	Disasters & Emergencies	heavy rain	der starke Regen	la fuerte lluvia	la forte pluie	l'acquazzone 	a chuva forte	la pluja intensa (les pluges intenses), el xàfec (els xàfecs)	forta pluvo	pluvia forte										12
04863	Disasters & Emergencies	hail	der Hagel 	el granizo	la grêle	la grandine	o granizo	la calamarsa, la pedra (les pedres)	hajlo	grandine										12
04864	Disasters & Emergencies	cloudburst	der Platzregen 	el chaparrón	l'averse violente 	l'acquazzone	o aguaceiro	el xàfec (els xàfecs), l'aiguat (els aiguats)	pluvego	pluvia torrential										12
04865	Disasters & Emergencies	heat wave	die Hitzewelle 	la ola de calor	la canicule	l'ondata di calore, la canicola	a onda de calor	l'onada de calor (les onades de calor)	varmondo	unda de calor										12
04866	Disasters & Emergencies	frost	der Frost 	la helada	la gelée	il gelo	a geada	la gelada (les gelades)	frosto	gelo										12
04867	Disasters & Emergencies	take-off	der Abflug 	el despegue	le décollage	il decollo	a decolagem	l'enlairament (els enlairaments)	ekflugo	partita										12
04868	Disasters & Emergencies	landing	die Landung 	aterrizaje	l'atterrissage 	l'atterraggio	a aterrissagem	l'aterratge (els aterratges)	alteriĝo	atterrage										12
04869	Disasters & Emergencies	runway (airport)	die Start- und Landebahn 	la pista (aeropuerto)	la piste (aéroport)	la pista (aeroporto)	a pista (aeroporto)	la pista (aeroport) (les pistes)	startleno (flughaveno)	pista de aeroporto										12
04870	Disasters & Emergencies	plane crash	das Flugzeugunglück 	el accidente de avión	l'accident d'avion 	il disastro aereo	o acidente de avião	l'accident d'avió (els accidents d'avió)	aviadila kraŝo	accidente de avion										12
04871	Disasters & Emergencies	black box	der Flugschreiber 	la caja negra	la boîte noire	la scatola nera	a caixa-preta	la caixa negra (les caixes negres)	nigra skatolo	cassa nigre										12
04872	Disasters & Emergencies	bushfire	das Buschfeuer 	el incendio forestal	le feu de brousse	l'incendio boschivo	o incêndio florestal	l'incendi forestal (els incendis forestals)	arbusta fajro	incendio forestal										12
04873	Disasters & Emergencies	blaze	der Brand , das Feuer 	el incendio	l'incendie 	l'incendio	o incêndio	l'incendi (els incendis), el foc (els focs)	incendio	incendio										12
04874	Disasters & Emergencies	to catch fire	Feuer fangen, in Brand geraten	prender fuego	prendre feu	prendere fuoco	pegar fogo	encendre's, calar-se foc	ekbruli	prender foco										12
04875	Disasters & Emergencies	to extinguish a fire	ein Feuer  löschen	extinguir un fuego	éteindre un feu	estinguere un incendio	apagar o fogo	extingir un foc	estingi fajron	extinguer un incendio										12
04876	Disasters & Emergencies	avalanche	die Lawine 	la avalancha	l'avalanche 	la valanga	a avalanche	l'allau (les allaus)	lavango	avalanche										12
04877	Disasters & Emergencies	to come off (came off, come off) the rails	entgleisen	salirse de la vía del tren	dérailler	deragliare	descarrilar	descarrilar	elreliĝi	derailar										12
04878	Disasters & Emergencies	road crash	der Autounfall 	el siniestro vial / choque	l'accident de la route 	l'incidente  stradale	o acidente de trânsito	l'accident de trànsit (els accidents de trànsit)	trafika akcidento	accidente de traffico										12
04879	Disasters & Emergencies	rail/air crashes	das Zugunglück/das Flugzeugunglück 	el accidente ferroviario/aéreo	l'accident ferroviaire/aérien 	l'incidente  ferroviario/aereo	o acidente ferroviário/aéreo	els accidents ferroviaris/aeris	fervojaj/aviadilaj akcidentoj	accidentes ferroviari/aeree										12
04880	Disasters & Emergencies	shipwreck	der Schiffbruch 	el naufragio	le naufrage	il naufragio	o naufrágio	el naufragi (els naufragis)	ŝiprompiĝo	naufragio										12
04881	Disasters & Emergencies	engine failure	der Motorausfall 	el fallo del motor	la panne moteur	il guasto al motore, il motore in panne	a pane do motor	la fallada del motor (les fallades del motor)	motorpaneo	avaria del motor										12
04882	Disasters & Emergencies	carbon	der Kohlenstoff 	el carbono	le carbone	il carbonio	o carbono	el carboni	karbono	carbon										12
04883	Disasters & Emergencies	pollutant	der Schadstoff 	la sustancia contaminante	le polluant	la sostanza inquinante	o poluente	la substància contaminant (les substàncies contaminants)	poluanto	substantia contaminante										12
04884	Disasters & Emergencies	herbicide, weedkiller	das Herbizid , das Unkrautvertilgungsmittel 	el herbicida	l'herbicide , le désherbant	l'erbicida, il diserbante	o herbicida	l'herbicida (els herbicides)	herbicido	herbicida										12
04885	Disasters & Emergencies	oil rig	die (Öl)Bohrplattform 	plataforma petrolífera	la plate-forme de forage	la piattaforma petrolifera (per trivellazioni)	a plataforma de petróleo	la plataforma petroliera (les plataformes petrolieres)	naftoplatformo	platteforma petrolifere										12
04886	Disasters & Emergencies	to spill oil	Öl ausfließen lassen	perder aceite	déverser du pétrole	far fuoriuscire il petrolio	vazar óleo	vessar petroli	verŝi nafton	effunder petroleo										12
04887	News & Media	print journalism	der Zeitungsjournalismus 	el periodismo escrito	le journalisme écrit	il giornalismo su carta stampata	o jornalismo impresso	el periodisme imprès	presita ĵurnalismo	jornalismo scribite										12
04888	News & Media	online journalism	der Online-Journalismus 	el periodismo en Internet	le journalisme sur internet	il giornalismo digitale	o jornalismo online	el periodisme en línia	reta ĵurnalismo	jornalismo in Internet										12
04889	News & Media	tabloids 	die Boulevardpresse 	la prensa amarilla, sensacionalista	la presse à scandale	il giornalismo scandalistico	a imprensa sensacionalista	la premsa sensacionalista	bulvarda gazetaro	pressa sensationalista										12
04890	News & Media	rolling news	die laufend aktualisierten Nachrichten, die Nonstop-Nachrichten	las noticias veinticuatro horas	les informations non-stop	le notizie ventiquattr'ore su ventiquattro	as notícias vinte e quatro horas	les notícies contínues	kontinuaj novaĵoj	notitias continue										12
04891	News & Media	to cover a story	eine Geschichte unterbringen	cubrir una noticia	couvrir une histoire	dare una notizia	cobrir uma notícia	cobrir una notícia	kovri rakonton	coperir un nova										12
04892	News & Media	eyewitness	der Augenzeuge 	el testigo ocular	le témoin oculaire	il testimone oculare	a testemunha ocular	el testimoni ocular (els testimonis oculars)	okulatestanto	teste ocular										12
04893	News & Media	breaking news	die Eilmeldung 	la última hora	les nouvelles fraiches	la ultim'ora	as notícias de última hora	la notícia d'última hora (les notícies)	fulmnovaĵo	novas de ultime hora										12
04894	News & Media	investigative journalism	der investigative Journalismus 	el periodismo de investigación	le journalisme d'investigation	il giornalismo di inchiesta, il giornalismo investigativo	o jornalismo investigativo	el periodisme d'investigació	esplorĵurnalismo	jornalismo de investigation										12
04895	News & Media	mass media	die Massenmedien	los medios de masas	les médias de masse	i mezzi di comunicazione di massa	as mídias de massa	els mitjans de comunicació de masses	amaskomunikiloj	medios de massa										12
04896	News & Media	public channel (radio or TV)	der öffentlich-rechtliche Sender	la cadena pública	la chaîne publique	l'emittente radiotelevisiva pubblica	a estação pública	el canal públic (ràdio o TV) (els canals)	publika kanalo (radio aŭ televido)	canal public										12
04897	News & Media	yellow journalism (US), tabloid journalism (UK)	die Regenbogenpresse , die Boulevardpresse 	la prensa sensacionalista, prensa amarillista	la presse à scandale, la presse à sensation	la stampa sensazionalistica, la stampa scandalistica	a imprensa sensacionalista, a imprensa marrom	la premsa groga, la premsa sensacionalista	flava gazetaro	jornalismo sensationalista										12
04898	News & Media	caption	die Bildunterschrift , die Legende 	la leyenda	la légende (de dessin, de photo)	la didascalia, la legenda	a legenda (de foto etc.)	la peu de foto (els peus de foto)	bildoteksto	legenda										12
04899	News & Media	dateline, publication date	das Erscheinungsdatum 	la fecha de publicación	la date de parution	la data di pubblicazione	a data de publicação	la data de publicació (les dates)	publikiga dato	data de publication										12
04900	News & Media	to subscribe to	abonnieren	suscribirse a	s'abonner à	abbonarsi	assinar à	subscriure's a	aboni	subscriber se a										12
04901	News & Media	chief editor	der Chefredakteur 	el redactor jefe	le rédacteur en chef	il caporedattore	o(a) chefe de reportagem	el redactor en cap (els redactors en cap)	ĉefredaktoro	redactor chef										12
04902	News & Media	international reporter	der internationale Reporter	el reportero internacional	le grand reporter	il reporter internazionale	o(a) repórter internacional	el reporter internacional (els reporters internacionals)	internacia raportisto	reporter international										12
04903	News & Media	to spread news	Nachrichten senden/übertragen	difundir las noticias	diffuser les nouvelles	diffondere la notizia	difundir as notícias	difondre notícies	disvastigi novaĵojn	diffunder le novas										12
04904	News & Media	press censorship	die Pressezensur 	la censura en la prensa	la censure de la presse	la censura della stampa	a censura da imprensa	la censura de premsa	gazetara cenzuro	censura de pressa										12
04905	News & Media	press release	die Pressemitteilung , die Pressemeldung 	el comunicado de prensa	le communiqué de presse	il comunicato stampa	o press release	el comunicat de premsa (els comunicats de premsa)	gazetara komuniko	communicato de pressa										12
04906	News & Media	news agency	die Presseagentur 	la agencia de prensa	l'agence de presse	l'agenzia di stampa	a agência de notícias	l'agència de notícies (les agències)	novaĵagentejo	agentia de pressa										12
04907	News & Media	the politic editor	der Politikredakteur 	el redactor de política	le rédacteur politique	il redattore di politica	o(a) redator(a) de política	el redactor de política (els redactors)	politika redaktoro	redactor de politica										12
04908	News & Media	publisher	der Verleger  (Buch/Zeitung), der Herausgeber  (Produktion allgemein)	el editor	l'éditeur	l'editore	o(a) editor(a)	l'editor (els editors)	eldonisto	editor										12
04909	News & Media	interviewer	der Interviewer 	el entrevistador	l'intervieweur	l'intervistatore (intervistatrice)	o(a) entrevistador(a)	l'entrevistador (els entrevistadors), la entrevistadora (les entrevistadores)	intervjuisto	interviewer										12
04910	News & Media	interviewee	der Interviewte , der Befragte 	el entrevistado	la personne interviewée	l'intervistato	o(a) entrevistado(a)	l'entrevistat (els entrevistats), l'entrevistada (les entrevistades)	intervjuato	interviewate										12
04911	News & Media	front page	die Titelseite 	la portada	la une	la prima pagina	a primeira página	la portada (les portades)	frontpaĝo	prime pagina										12
04912	News & Media	newscaster, newsreader	der Nachrichtensprecher 	el presentador	le présentateur du journal	il presentatore del TG	o(a) apresentador(a) do jornal	el presentador (els presentadors), la presentadora de notícies (les presentadores)	novaĵprezentisto	presentator de novas										12
04913	News & Media	TV crew	die Fernsehcrew 	el equipo de televisión	l'équipe de télé 	la troupe televisiva	a equipe de TV	l'equip de televisió (els equips)	televida skipo	equipa de television										12
04914	News & Media	information leak	das Durchsickern von Informationen	la fuga de información	la fuite d'informations	la fuga di informazioni	o vazamento de informações	la filtració d'informació (les filtracions)	informa liko	fuga de information										12
04915	News & Media	current affairs	die Aktualität , das Zeitgeschehen 	la actualidad	l'actualité , les nouvelles	l'attualità 	a atualidade	l'actualitat	aktualaj aferoj	actualitate										12
04916	News & Media	news conference	die Pressekonferenz 	la conferencia de prensa	la conférence de presse	la conferenza stampa	a coletiva de imprensa	la conferència de premsa (les conferències de premsa)	gazetara konferenco	conferentia de pressa										12
04917	News & Media	newsflash	die Kurzmeldung 	las noticias breves	le flash d'informations	le notizie flash	as notícias rápidas	el flaix informatiu (els flaixos informatius)	novaĵfulmo	notitia breve										12
04918	News & Media	readership	die Leser; die Leserschaft 	el lector	le lectorat	i lettori	os leitores	els lectors, l'audiència	legantaro	lectores										12
04919	News & Media	short news items	Verschiedenes 	las noticias variadas	les faits divers	la cronaca varia	os fatos diversos	les notícies breus, els successos	mallongaj novaĵoj	notitias varie										12
04920	News & Media	layout	das Layout 	la configuración de la página	la mise en page	l'impaginazione 	o layout	la maquetació, el disseny	aranĝo	disposition del pagina										12
04921	Sports Terms	sporting event	die Sportveranstaltung 	evento deportivo	la rencontre sportive	l'evento sportivo	o evento esportivo	l'esdeveniment esportiu (els esdeveniments esportius)	sporta evento	evento sportive										12
04922	Sports Terms	to play at home	ein Heimspiel  spielen	jugar en casa	jouer à domicile	giocare in casa	jogar em casa	jugar a casa	ludi hejme	jocar in casa										12
04923	Sports Terms	trials	die Qualifikationen	las calificaciones	les qualifications	le qualificazioni	as qualificações	les proves de qualificació	kvalifikaj provoj	qualificationes										12
04924	Sports Terms	defending champion	der Titelverteidiger 	el campeón vigente	le champion en titre	il campione in carica	o campeão, a campeã	el campió vigent (els campions), el defensor del títol (els defensors)	defendanta ĉampiono	campion vigente										12
04925	Sports Terms	substitute	der Ersatzmann 	el suplente / reserva	le remplaçant	la riserva, il sostituto	o(a) substituto(a), o(a) reserva	el suplent (els suplents), la reserva (les reserves)	anstataŭanto	substituto										12
04926	Sports Terms	defeat	die Niederlage 	la derrota	la défaite	la sconfitta	a derrota	la derrota (les derrotes)	malvenko	defaite										12
04927	Sports Terms	bleachers (US), terraces (UK)	die Zuschauerränge	la grada	les gradins	le gradinate, gli spalti	as arquibancadas, os terraços	les graderies	tribunoj	tribuna										12
04928	Sports Terms	spectator	der Zuschauer 	el espectador	le spectateur	lo spettatore	o espectador	l'espectador (els espectadors), l'espectadora (les espectadores)	spektanto	spectator										12
04929	Sports Terms	hooligan	der Hooligan , der Rowdy , der Schläger 	hincha radical, hooligan	le voyou, le hooligan	l'ultrà , il tifoso sfegatato	o vândalo	el hooligan (els hooligans), el brètol (els brètols)	huligano	hooligan										12
04930	Sports Terms	to test positive on a drug test	positiv auf Drogen getestet werden	dar positivo en el control antidopaje	être contrôlé positif au test de dopage	risultare positivo all'anti-doping	dar positivo em exame antidoping	donar positiu en un control antidopatge	esti pozitiva en drogtesto	resultar positive in un controlo antidoping										12
04931	Sports Terms	first leg, second leg	das Hinspiel, das Rückspiel 	partido de ida, partido de vuelta	la rencontre aller, la rencontre retour	il girone di andata, il girone di ritorno	a primeira etapa, a segunda etapa	el partit d'anada (els partits), el partit de tornada (els partits)	unua matĉo, revanĉo	prime partita, partita de retorno										12
04932	Sports Terms	team-mate	der Mitspieler 	el compañero de equipo	le coéquipier	il compagno di squadra	o(a) companheiro(a) de equipe	el company (els companys), la companya d'equip (les companyes)	samteamano	companion de equipa										12
04933	Sports Terms	warm-up	das Aufwärmen 	el calentamiento	l'échauffement 	il riscaldamento	o aquecimento	l'escalfament (els escalfaments)	varmigo	calefaction										12
04934	Sports Terms	quarter-final, semi-finals	das Viertelfinale, das Halbfinale	los cuartos de final, la semifinal	quart de finale, demi-finale	i quarti di finale, le semifinali	as quartas de final, a semi-final	els quarts de final, les semifinals	kvaronfinalo, duonfinalo	quartos de final, semifinales										12
04935	Nouns	alternative	die Alternative 	la alternativa	l'alternative 	l'alternativa	a alternativa	l'alternativa (les alternatives)	alternativo	alternativa										12
04936	Nouns	efficiency	die Effizienz 	la eficacia	l'efficacité 	l'efficienza	a eficiência	l'eficiència	efikeco	efficacia	Sie ist eine großartige Angestellte und ihre Effizienz im Umgang mit Computern macht sie zu einer großen Bereicherung für unser Team. 	Ella es una buena trabajadora, y su eficacia con el ordenador la convierte en un buen recurso para nuestro equipo 	C'est une excellente employée, et son efficacitéavec les ordinateurs fait d'elle un atout majeur pour notre équipe. 	Lei è un'ottima lavoratrice e la sua efficienza con i computer la rende un'ottima risorsa per il nostro team.	Ela é uma ótima trabalhadora e sua eficiência com computadores faz dela um grande recurso para nossa equipe.	She's a great worker, and her efficiency with computers makes her a great asset to our team. 	És una gran empleada, i la seva eficiència amb els ordinadors la converteix en un gran actiu per al nostre equip.	Ŝi estas bonega laboristo, kaj ŝia efikeco kun komputiloj faras ŝin granda valoraĵo por nia teamo.	Illa es un excellente laborator, e su efficacia con le computatores la face un grande activo pro nostre equipa.	12
04937	Nouns	outbreak	der Ausbruch 	el brote, la epidemia	l'éruption , l'épidémie 	lo scoppio, l'epidemia, l'insorgenza	a erupção, a epidemia	el brot (els brots), l'epidèmia (les epidèmies)	ekapero	epidemia										12
04938	Nouns	ash	die Asche 	la ceniza	la cendre	la cenere	as cinzas	la cendra (les cendres)	cindro	cinere										12
04939	Nouns	programming	das Programmieren , die Programmierung 	la programación	la programmation	la programmazione	a programação	la programació (les programacions)	programado	programmation										12
04940	Nouns	psychology	die Psychologie 	la psicología	la psychologie	la psicologia	a psicologia	la psicologia	psikologio	psychologia										12
04941	Nouns	sadness	die Traurigkeit 	la tristeza	la tristesse	la tristezza	a tristeza	la tristesa	malĝojo	tristessa										12
04942	Nouns	(horse)rider	der Reiter 	el jinete	le cavalier	il cavallerizzo, il fantino	o cavaleiro , a amazona 	el genet (els genets)	rajdanto	cavalcator										12
04943	Nouns	monument	das Monument 	el monumento	le monument	il monumento	o monumento	el monument (els monuments)	monumento	monumento										12
04944	Adjectives	ambitious	ehrgeizig	ambicioso(a)	ambitieux, ambitieuse	ambizioso(a)	ambicioso(a)	ambiciós(osa)	ambicia	ambitiose	Er war ein ehrgeiziger junger Mann: mit 18 Jahren besaß er bereits zwei Unternehmen. 	El era un jóven ambicioso; a los 18 años ya tenía dos negocios. 	Il était un jeune homme ambitieux: à l'âge de 18 ans, il possédait déjà deux entreprises. 	Lui era un ragazzo ambizioso: a 18 anni già possedeva due aziende. 	Ele era um jovem ambicioso; aos 18 anos, ele já possuía duas empresas.	He was an ambitious young man; by age 18, he already owned two businesses. 	Era un jove ambiciós: als 18 anys ja posseïa dues empreses.	Li estis ambicia juna viro; je la aĝo de 18, li jam posedis du entreprenojn.	Ille esseva un juvene ambitiose; al etate de 18 annos, ille jam possedeva duo interprisas.	12
04945	Adjectives	called	genannt	llamado(a)	appelé(e)	chiamato(a)	chamado(a)	anomenat(ada), dit(a)	nomata	appellate										12
04946	Adverbs	abruptly, suddenly	abrupt, plötzlich	bruscamente	brusquement	bruscamente, improvvisamente	bruscamente	bruscament, de sobte	subite	bruscamente	Der Mann stand plötzlich vom Tisch auf und stürmte wütendaus dem Haus.	El señor se levantó de la mesa bruscamente y se marchó de la casa enfurecido.	L'homme se leva brusquement de table, et sortit de la maison en colère.	L'uomo si alzò bruscamente dal tavolo e uscì infuriato dalla casa.	O homem, bruscamente, levantou-se da mesa e saiu da casa.	The man abruptly got up from the table and stormed out of the house.	L'home es va aixecar bruscament de la taula i va sortir furiós de casa.	La viro subite leviĝis de la tablo kaj eliris el la domo kolere.	Le viro se levava bruscamente del tabula e sortiva furiosemente del casa.	12
04947	Verbs	to mix, to blend	vermischen, mischen	mezclar	mélanger	mischiare	misturar, combinar	barrejar, mesclar	miksi	miscer										12
04948	Verbs	to pack	einpacken	empacar	emballer	imballare	embalar, empacotar	empaquetar	paki	impacchettar										12
04949	Verbs	to exchange	umtauschen	intercambiar, cambiar	échanger	scambiare, cambiare	trocar	canviar, bescanviar	interŝanĝi	cambiar	Ich möchte dieses Hemd gegen ein neues umtauschen	Quisiera cambiar esta camisa por una nueva	Je voudrais échanger cette chemise contre une nouvelle	Vorrei cambiare questa camicia con una nuova	Eu gostaria de trocar esta camisa por uma nova	I would like to exchange this shirt for a new one	Voldria canviar aquesta camisa per una de nova.	Mi ŝatus interŝanĝi ĉi tiun ĉemizon kontraŭ nova.	Io volerea cambiar iste camisa pro un nove.	12
04950	Student Life	Is the syllabus different for Erasmus students?	Ist der Lehrplan für Erasmus-Studierende anders?	¿La materia del curso es diferente para los estudiantes de Erasmus?	Est-ce que le programme du cours est différent pour les étudiants Erasmus ?	Il programma del corso è diverso per gli studenti Erasmus?	A matéria do curso é diferente para os estudantes do Erasmus?	El pla d'estudis és diferent per als estudiants Erasmus?	Ĉu la studprogramo estas malsama por Erasmus-studentoj?	Es le programma del curso differente pro studentes Erasmus?										12
04951	Student Life	Can you lend me your class notes, please?	Könntest du mir bitte deine Unterrichtsnotizen borgen?	¿Puedes dejarme los apuntes, por favor?	Est-ce que tu pourrais me prêter tes notes de cours, s'il te plaît?	Puoi prestarmi i tuoi appunti della lezione, per favore?	(Você) poderia me emprestar suas anotações de aula, por favor?	Em pots deixar els teus apunts de classe, si us plau?	Ĉu vi povas pruntedoni al mi viajn klasajn notojn, bonvolu?	Pote tu prestar me tu notas de classe, per favor?										12
04952	Student Life	European Credit Transfer System	das europäische Leistungspunktesystem, das europäische Kreditpunktesystem	el sistema europeo de transferencia de créditos universitarios	le système européen de transfert des crédits universitaires	il sistema europeo di trasferimento dei crediti (universitari)	o sistema de transferência de créditos universitários	el Sistema Europeu de Transferència de Crèdits	Eŭropa Sistemo de Transdono de Kreditpunktoj	systema europee de transferentia de creditos universitari										12
04953	Student Life	Before finding a room, I stayed at the youth hostel	Bevor ich ein Zimmer gefunden habe, wohnte ich in der Jugendherberge	Antes de conseguir una habitación, me alojé en un albergue	Avant de trouver une chambre, j'ai logé à l'auberge de jeunesse	Prima di trovare una stanza, sono stato all'ostello della gioventù	Antes de encontrar um quarto, eu fiquei em um albergue	Abans de trobar una habitació, em vaig allotjar a l'alberg juvenil.	Antaŭ ol trovi ĉambron, mi restis en la junulargastejo.	Ante de trovar un camera, io restava in un albergo de juventute										12
04954	Student Life	This is the ideal city for Erasmus students!	Diese Stadt ist für Erasmus-Studenten ideal!	¡Esta ciudad es ideal para estudiantes Erasmus!	Cette ville est idéale pour les étudiants Erasmus!	Questa è la città ideale per gli studenti Erasmus!	Esta cidade é ideal para estudantes Erasmus!	Aquesta ciutat és ideal per als estudiants Erasmus!	Ĉi tiu urbo estas ideala por Erasmus-studentoj!	Iste es le citate ideal pro studentes Erasmus!										12
04955	Student Life	What time does the last night bus leave?	Um wie viel Uhr fährt der letzte Nachtbus?	¿A qué hora pasa el último autobús nocturno?	A quelle heure passe le dernier bus de nuit?	A che ora passa l'ultimo autobus di notte?	A que horas passa o último ônibus da noite?	A quina hora surt l'últim autobús nocturn?	Je kioma horo foriras la lasta nokta buso?	A que hora parti le ultime autobus nocturne?										12
04956	General Terms	mug	die Tasse	la taza	la tasse, le mug	la tazza	a xícara, a caneca	la tassa (les tasses)	taso	tassa										12
04957	Idiomatic Expressions	to give a hand	jemandem zur Hand gehen	dar una mano	donner un coup de main	dare una mano	dar uma mão	donar un cop de mà	helpi	dar un mano										12
04958	Phone Usage	wrong number	die falsche Nummer	el número incorrecto	le mauvais numéro	il numero sbagliato	o número errado	el número equivocat (els números equivocats)	malĝusta numero	le numero incorrecte										13
04959	Relationships & Dating	to make out (made out, made out)	knutschen, rummachen	liarse 	se rouler des pelles, s'embrasser	pomiciare	amassar-se	embolicar-se, petonejar-se	kisi pasie	basiar se passionatemente	Nach ihrem Date haben die Jugendlichen in ihrem Auto geknutscht	Después de la cita, los chicos se liaron en el coche	Après leur rendez-vous, les ados se sont roulés des pelles dans leur voiture	Dopo l'appuntamento, i ragazzi hanno pomiciato in macchina	Após o encontro, os adolescentes se amassaram dentro do carro	After their date, the teens made out in their car	Després de la cita, els adolescents es van embolicar al cotxe.	Post ilia rendevuo, la adoleskantoj pasie kisis en sia aŭto.	Post lor cita, le adolescentes se basiava passionatemente in lor auto.	13
04960	Relationships & Dating	Our friend tried to hit on that girl, but he got burned	Unser Freund hat versucht, dieses Mädchen anzumachen, aber er hat sich die Hände verbrannt	Nuestro amigo lo ha intentado con esa chica pero le ha dado calabazas (ES), Nuestro amigo trató de echarle los perros a esa chica pero lo fue rechazado (AL)	Notre ami a essayé de draguer cette fille, mais elle l'a rejeté	Il nostro amico ci ha provato con quella ragazza ma ha preso un due di picche	Nosso amigo tentou paquerar aquela garota, mas ela o rejeitou	El nostre amic ho va intentar amb aquella noia, però li van donar carbassa.	Nia amiko provis flirti kun tiu knabino, sed li estis malakceptita.	Nostre amico essayava flirtar con ille puera, ma illa le rejectava.										13
04961	Relationships & Dating	This guy is hitting on your girlfriend	Dieser Kerl baggert deine Freundin an	Ese tío lo está intentando con tu novia (ES), Ese tipo está echándole los perros a tu novia 	Ce gars drague ta copine	Quel tizio ci sta provando con la tua ragazza	Este rapaz está dando em cima da sua namorada	Aquest paio li està tirant la canya a la teva nòvia.	Tiu ulo flirtas kun via koramikino.	Iste typo flirta con tu amica.										13
04962	Relationships & Dating	Kristen and I split up after she found out that I was cheating on her	Kristen und ich haben Schluss gemacht nachdem sie gemerkt hat, dass ich ihr fremdging	Kristen y yo hemos roto después de ver que la traicionaba	Kristen et moi avons rompu après qu'elle ait découvert que je la trompais	Kristen ed io abbiamo rotto dopo che lei ha scoperto che la tradivo	Kristen e eu terminamos depois que ela descobriu que eu estava traindo ela 	La Kristen i jo ho vam deixar després que descobrís que l'enganyava.	Kristen kaj mi disiĝis post kiam ŝi eksciis, ke mi trompas ŝin.	Kristen e io nos separava post que illa discoperiva que io esseva infidel a illa.										13
04963	Relationships & Dating	David totally likes you. It's obvious	David liebt dich wirklich. Das ist offensichtlich	David te quiere de verdad. Es obvio	David t'aime vraiment. C'est clair	David ti ama davvero. È ovvio	David gosta demais de você. É óbvio	En David t'estima de veritat. És obvi.	David tute ŝatas vin. Estas evidente.	David es vermente attrahite a te. Es obvie.										13
04964	Relationships & Dating	someone's old lady/old man	meine Alte/Frau oder mein Macker/Mann	la mujer, el marido, la pareja	la copine/femme ou le copain/mari de quelqu'un	la compagna/moglie o il compagno/marito	a mulher, o marido	la meva dona, el meu home	mia maljunulino/maljunulo	le marita / le marito / le companion	Meine Alte wartet zu Hause auf mich	Mi mujer me espera en casa	Ma femme m'attend à la maison	Mia moglie mi aspetta a casa	Minha mulher me espera em casa	My old lady is waiting for me at our house	La meva dona m'espera a casa.	Mia maljunulino atendas min hejme.	Mi marita me attende a nostre casa.	13
04965	Relationships & Dating	boo	mein Liebling, mein Schatz	mi amorcito, mi cariñito	mon beau, mon chou	il mio tesorino, il mio piccolino	meu docinho	bombonet, amor meu	karulo	mi amor / mi ben amate	Was gibt's mein Schatz? Hast du mich vermisst?	¿Cómo estás amorcito? ¿Me has echado de menos?	Comment ça va, mon chou ? Je t'ai manqué ?	Come va, tesorino? Ti sono mancata?	Como vai, meu docinho? Sentiu saudade de mim?	What's up, boo? Did you miss me?	Què tal, bombonet? M'has trobat a faltar?	Kio okazas, karulo? Ĉu vi sopiris min?	Que passa, mi amor? Ha tu desiderate me?	13
04966	Relationships & Dating	to have the hots for someone	auf jemanden stehen / auf jemanden abfahren	estar loco por una persona	kiffer quelqu'un, être attiré par quelqu'un 	avere una cotta per qualcuno	estar louco(a) por alguém	estar boig per algú	esti freneza pri iu	esser folle de alicuno	Ich weiß, dass mein Kollege auf mich steht	Sé que mi colega está loco por mi	Je sais que mon collègue me kiffe	So che il mio collega ha una cotta per me	Eu sei que meu colega está louco por mim	I know that my colleague has the hots for me	Sé que el meu company de feina està boig per mi.	Mi scias, ke mia kolego estas freneza pri mi.	Io sape que mi collega es folle de me.	13
04967	Relationships & Dating	to fix up	ein Rendez-vous arrangieren / jemandem klarmachen	emparejar a alguien con	arranger un coup à un ami, arranger un rencard 	fissare/combinare un appuntamento	arranjar um encontro	arranjar una cita, emparellar	aranĝi rendevuon	arrangiar un appunctamento amorose con	Du magst sie? Willst Du, dass ich ein Rendezvous arrangiere?	¿Te gusta? ¿Quieres que te pida una cita con ella?	Tu l'aimes bien ? Tu veux que je t'arrange un coup avec elle ?	Ti piace (lei)? Vuoi che ti combini un appuntamento con lei?	Você gosta dela? Você quer que eu arranje um encontro com ela?	You like her? Do you want me to fix you up with her?	T'agrada ella? Vols que us arregli una cita?	Ĉu vi ŝatas ŝin? Ĉu vi volas, ke mi aranĝu rendevuon por vi?	Illa te place? Vole tu que io arrangia un appunctamento con illa pro te?	13
04968	Common Colloquialisms	You ain't (you are not)	Du bist nicht...	Tu no eres...	T'es pas...	Non sei...	(Você) não é...	No ets...	Vi ne estas...	tu non es										13
04969	Common Colloquialisms	to be out (was out / were out, been out) of one's mind	nicht ganz bei Trost sein, sie nicht mehr alle haben	enloquecer, volverse loco	perdre la tête	impazzire, perdere la ragione	estar fora de si	Has perdut el cap?	Ĉu vi freneziĝis?	esser foras de su mente / esser folle	Hast du sie nicht mehr alle? Du wirst so viel Geld für ein T-Shirt ausgeben? 	¿Te has vuelto loco? ¿Quieres pagar tanto por esta camisa?	Tu as perdu la tête ? Tu vas payer tout cet argent pour une chemise ?	Sei impazzito? Vuoi pagare tutti questi soldi per una camicia?	Você está for de si? Você vai pagar tudo isso por uma camisa?	Are you out of your mind? You're going to pay all that money for one shirt?	Has perdut el cap? Gastaràs tants diners en una samarreta?	Ĉu vi freneziĝis? Vi elspezos tiom da mono por unu ĉemizo?	Es tu foras de tu mente? Tu va pagar tanto pecunia pro un sol camisa?	13
04970	Common Colloquialisms	laid back	cool, gelassen, locker	la persona tranquila	quelqu'un de détendu, de relax, qui ne prend rien au sérieux.	la persona rilassata	tranquilo(a), descontraído(a)	tranquil, relaxat	malstreĉita	tranquille	Er ist ein lockerer Typ. Er ärgert sich über nichts.	Es un chico tranquilo. Nada lo altera	C'est un mec relax. Rien ne le vexe	È un ragazzo rilassato. Niente lo fa arrabbiare	Ele é um rapaz tranquilo. Ele não fica bravo por nada	He's a laid-back guy. He doesn't get upset by anything	És un noi tranquil. Res no l'altera.	Li estas malstreĉita ulo. Nenio ĝenas lin.	Ille es un homine tranquille. Nihil le altera.	13
04971	Common Colloquialisms	to get someone something	jemandem etwas kaufen, jemandem etwas mitbringen	regalar algo a alguien	ramener quelque chose à quelqu'un, payer quelque chose à quelqu'un	regalare qualcosa a qualcuno	comprar algo para alguém	comprar alguna cosa a algú	akiri ion por iu	comprar un dono pro alicuno	Ich habe dir einen Ring zu deinem Geburtstag gekauft!	¡Te he comprado un anillo para tu cumpleaños!	Je t'ai payé une bague pour ton anniversaire !	Ti ho preso un anello per il tuo compleanno!	Eu comprei este anel para seu aniversário!	I got you a ring for your birthday!	T'he comprat un anell pel teu aniversari!	Mi akiris al vi ringon por via naskiĝtago!	Io te ha comprate un anello pro tu anniversario natal!	13
04972	Common Colloquialisms	booze	der Alk 	el alcohol, la bebida	la tise, l'alcool	la cosa da bere	a birita	la priva, l'alcohol	alkoholaĵo	alcohol	Ich werde Alk im Laden um die Ecke besorgen, der rund um die Uhr geöffnet ist	Voy a comprar alcohol a la tienda de la esquina	J'vais acheter de la tise à la superette du coin	Vado a prendere una cosa da bere al negozio all'angolo	Eu vou comprarbirita no mercadoda esquina	I'm gonna get some booze at the corner store	Compraré priva a la botiga de la cantonada.	Mi aĉetos alkoholaĵon ĉe la angula vendejo.	Io va comprar alcohol in le boteca del angulo.	13
04973	Common Colloquialisms	to be broke	abgebrannt sein, pleite sein, broke sein	estar pelado	être fauché, ne plus avoir d'argent	essere al verde, essere senza soldi	estar quebrado(a)	estar escurat, no tenir ni un duro	esti senmona	esser sin moneta	Ich kann heute Abend nicht ausgehen. Ich bin pleite.	No puedo salir esta noche, estoy pelado	Je ne peux pas sortir ce soir, je suis fauché	Non posso uscire stasera, sono al verde	Eu não posso sair esta noite, estou quebrado	I can't go out tonight, I'm broke	No puc sortir aquesta nit. Estic escurat.	Mi ne povas eliri ĉi-nokte. Mi estas senmona.	Io non pote sortir iste nocte; io es sin moneta.	13
04974	Common Colloquialisms	chick	das Chick , das Mädel 	la tía, la chica	la meuf, la fille	la tipa, la ragazza	a mina	la noia (les noies), la tia (les ties)	kokido (slango por knabino)	puera	Das Mädel da sieht aus wie meine Schwester! 	¡Esa tía de allí se parece a mi hermana!	Cette fille là-bas ressemble à ma soeur !	Quella tipa laggiù assomiglia a mia sorella!	Aquela mina se parece com minha irmã!	That chick over there looks like my sister! 	Aquella noia d'allà s'assembla a la meva germana!	Tiu kokido tie aspektas kiel mia fratino!	Illa puera illac sembla mi soror!	13
04975	Common Colloquialisms	cop	der Bulle 	el poli	le flic	lo sbirro	o tira	el poli (els polis), la bòfia (les bòfies)	policano (slango)	policiero	Verfolgt mich dieser Bulle etwa?	¿Este poli me está siguiendo?	Ce flic me suit ?	Questo sbirro mi sta seguendo?	Aquele tira está me seguindo?	Is that cop following me?	Em persegueix aquest poli?	Ĉu tiu policano sekvas min?	Esque iste policiero me seque?	13
04976	Common Colloquialisms	jerk	der Dreckskerl 	el capullo, el patán	le salaud	lo stronzo	o(a) idiota, o(a) imbecil	el gilipolles (els gilipolles), el cabró (els cabrons)	fiulo	imbecille	Er hat mich betrogen! So ein Dreckskerl! 	¡Me estaba engañando, que capullo! 	Il me trompait, quel salaud !	Mi stava tradendo, che stronzo!	Ele estava me traindo, que idiota!	He was cheating on me, what a jerk!	M'estava enganyant! Quin gilipolles!	Li trompis min, kia fiulo!	Ille me traheva; que imbecille!	13
04977	Common Colloquialisms	No sweat	Kein Problem! Bleib cool/geschmeidig!	De nada, ningún problema	Pas de souci, pas de problème	Non c'è problema, figurati	De nada, sem problema	Cap problema.	Neniu ŝvito.	necun problema	Vielen Dank für deine Hilfe Henry! - Bleib cool. Das war nichts Besonderes	¡Muchas gracias por tu ayuda, Henry! - De nada, ningún problema	Merci beaucoup pour ton aide, Henry ! - Pas de souci. C'était pas un problème	Grazie mille per il tuo aiuto, Henry! - Figurati. Non è un problema.	Obrigado por sua ajuda, Henry! - De nada. Sem problema	Thanks so much for your help, Henry! - No sweat. It's no big deal	Gràcies per la teva ajuda, Henry! - Cap problema. No ha estat res.	Dankon pro via helpo, Henry! - Neniu ŝvito. Tio ne estas granda afero.	Gratias multe pro tu adjuta, Henry! - Necun problema. Il non es un cosa importante.	13
04978	Common Colloquialisms	It's not my cup of tea	Das ist nicht meine Kragenweite / Das ist nicht mein Ding	no es de mi tipo	C'est pas ma tasse de thé	Non è il mio genere	Não faz meu gênero	No és el meu estil.	Tio ne estas mia taso da teo.	non es de mi gusto	Diese Musik ist nicht mein Ding, aber einige Leute mögen sie. 	Esta música no es de mi tipo, pero a algunas personas les gusta	Cette musique n'est pas ma tasse de thé, mais certaines personnes l'apprécient.	Questa musica non è il mio genere, ma a certe persone piace	Essa música não faz meu gênero, mas algumas pessoas gostam dela	That music is not my cup of tea, but some people like it.	Aquesta música no és el meu estil, però a algunes persones els agrada.	Tiu muziko ne estas mia taso da teo, sed iuj homoj ŝatas ĝin.	Iste musica non es de mi gusto, ma illo place a alcun personas.	13
04979	Common Colloquialisms	off-color	unanständig, unpassend	vulgar, obsceno	cru(e), brutal(e)	spinto, osceno	de mau gosto	de mal gust, obscè	maldeca	vulgar, obscen	Das war ein unpassender Witz. Ich mag solchen Humor nicht	Esta broma ha sido vulgar. No me gusta nada este tipo de humor obsceno	Cette blague était crue. Je n'aime pas ce genre d'humour	Questa battuta era spinta. Non mi piace questo tipo di umorismo osceno.	Essa piada foi de mau gosto. Eu não gosto desse tipo rude de humor	That joke was off-color. I don't appreciate that type of rude humor	Aquesta broma ha estat de mal gust. No m'agrada aquest tipis d'humor.	Tiu ŝerco estis maldeca. Mi ne ŝatas tian maldelikatan humuron.	Iste joco esseva vulgar. Io non apprecia iste typo de humor obscen.	13
04980	Common Colloquialisms	to be short on cash	knapp bei Kasse sein	estar a dos velas	être à sec, ne plus avoir d'argent	essere a secco	estar liso(a)	anar curt de diners	esti manka de mono	esser a curte de moneta	Ich bin knapp bei Kasse. Kann ich etwas Geld von dir leihen? 	Estoy a dos velas, ¿puedes prestarme dinero? 	Je suis à sec, je peux t'emprunter de l'argent ?	Sono a secco, puoi prestarmi dei soldi?	Eu estou liso, pode me emprestar dinheiro?	I'm too short on cash, can I borrow from you some money?	Vaig curt de diners. Em pots deixar una mica de diners?	Mi estas manka de mono, ĉu mi povas prunti de vi iom da mono?	Io es multo a curte de moneta; pote tu prestar me alcun moneta?	13
04981	Common Colloquialisms	to hit the sack	in die Federn kriechen / sich hinhauen / sich aufs Ohr hauen	me voy a dormir	aller pioncer, aller au lit	andare a nanna	vou dormir	anar a dormir, anar al sobre	enlitiĝi	ir dormir	Ich hau mich auf's Ohr. Ich bin erschöpft	Me voy a dormir. Estoy exhausto	Je vais pioncer. Je suis épuisé	Vado a nanna. Sono esausto	Eu vou dormir. Estou exausto	I'm going to hit the sack. I'm exhausted	Me'n vaig a dormir. Estic esgotat.	Mi enlitiĝos. Mi estas elĉerpita.	Io va dormir. Io es exhauste.	13
04982	Common Colloquialisms	to take a load off	es sich bequem machen	ponerse cómodo, relajarse	se mettre à l'aise	mettersi comodo, rilassarsi	relaxar	posar-se còmode	malstreĉiĝi	facer se commode, relaxar se	Komm rein und mach es dir bequem!	¡Entra y pónte cómodo!	Entre et mets-toi à l'aise !	Entra e mettiti comodo!	Entre e relaxe!	Come in and take a load off!	Entra i posa't còmode!	Envenu kaj malstreĉiĝu!	Entra e face te commode!	13
04983	Common Colloquialisms	to be wasted, to be loaded	besoffen sein, voll sein	estar bebido, estar borracho	être bourré(e), être saoul(e), être alcoolisé(e)	essere sbronzo, essere ubriaco fradicio	estar bêbado(a)	estar borratxo, estar gat	esti ebria	esser ebrie, esser completemente ebrie	Meine Tochter ist völlig besoffen von der Party zurückgekommen	Mi hija volvió totalmente borracha de esa fiesta	Ma fille est revenue complètement bourrée de cette fête	Mia figlia è rientrata ubriaca fradicia da quella festa	Minha filha voltou completamente bêbada desta festa	My daughter came back totally wasted from this party	La meva filla va tornar totalment borratxa d'aquella festa.	Mia filino revenis tute ebria de tiu festo.	Mi filia retornava completemente ebrie de ille festa.	13
04984	Common Colloquialisms	weirdo	der Spinner , der komische Vogel 	el tipo raro	le zarbi, la personne étrange	il fricchettone, il tipo strambo	o esquisitão, a esquisitona	el bitxo raro (els bitxos rars), el guillat (els guillats)	strangulo	un typo bizarre	Das ist ein Spinner. Der hat unsichtbare Freunde 	Es un tipo raro, tiene amigos imaginarios	C'est un mec étrange, il a des amis imaginaires	È un tipo strambo, ha degli amici immaginari	Ele é esquisitão, tem amigos imaginários	He's a weirdo, he has imaginary friends	És un bitxo raro, té amics imaginaris.	Li estas strangulo, li havas imagajn amikojn.	Ille es un typo bizarre; ille ha amicos imaginari.	13
04985	Common Colloquialisms	Where are you guys hanging out tonight?	Wo hängt ihr heute Abend ab , Leute?	¿Dónde váis esta noche, chicos?	Vous traînez où ce soir, les gars ? (👨‍👩‍👧)	Dove bazzicate stasera, ragazzi?	Aonde vocês  vão hoje à noite, rapazes?	On aneu aquesta nit, nois?	Kie vi vagas ĉi-nokte, geknaboj?	Ubi vos va passar le tempore iste nocte?										13
04986	Common Colloquialisms	I was all excited to go to the party	Ich war voll aufgeregt, zu der Party zu gehen	Estaba súper contento de ir a la fiesta	J'étais tout excité d'aller à la fête	Ero tutto contento di andare alla festa	(Eu) estava todo(a) feliz de ir à festa 	Estava súper emocionat d'anar a la festa.	Mi estis tute ekscitita iri al la festo.	Io esseva super contente de ir al festa										13
04987	Common Colloquialisms	Why don't you drop in sometime? 	Warum kommst du nicht demnächst vorbei?	¿Por qué no te pasas un día de estos?	Pourquoi tu passerais pas me voir un de ces jours ?	Perché non fai un salto da me uno di questi giorni?	Por que você não pinta por aqui um dia desses? 	Per què no passes per casa un dia d'aquests?	Kial vi ne vizitas iam?	Perque tu non passa a visitar nos un die de istes?										13
04988	Common Colloquialisms	I was still loaded this morning	Heute morgen war ich immer noch besoffen	Todavía estaba borracho esta mañana	J'étais encore bourré ce matin	Ero ancora sbronzo stamattina	(Eu) ainda estava bêbado(a) esta manhã	Encara estava borratxo aquest matí.	Mi ankoraŭ estis ebria ĉi-matene.	Io esseva ancora ebrie iste matino										13
04989	Common Colloquialisms	That guy is a psycho. He called me 35 times last night	Der Typ ist ein Psycho. Der hat mich letzte Nacht 35 Mal angerufen.	Ese tío está loco. Me llamó 35 veces ayer por la noche	Ce mec est un taré. Il m'a appelé 35 fois la nuit dernière	Questo tizio è un pazzo. Mi ha chiamato 35 volte la notte scorsa	Aquele cara é um louco. Ele me ligou 35 vezes na noite passada 	Aquell paio és un psicòpata. Em va trucar 35 vegades ahir a la nit.	Tiu ulo estas psikopato. Li telefonis al mi 35 fojojn hieraŭ nokte.	Ille typo es folle. Ille me telephonava 35 vices heri nocte										13
04990	Common Colloquialisms	What are you up to tonight?	Was hast du heute Abend vor?	¿Qué planes tienes para esta noche?	Qu'est-ce que tu prévois ce soir ?	Che progetti hai per stasera?	Qual é seu plano para esta noite?	Què fas aquesta nit?	Kion vi faras ĉi-nokte?	Que planos ha tu pro iste nocte?										13
04991	Common Colloquialisms	I have such a hangover. I drank too much last night	Ich habe so einen Kater. Ich habe gestern Abend zu viel getrunken	Tengo mucha  resaca. Bebí demasiado ayer por la noche	J'ai tellement la gueule de bois. J'ai trop bu hier soir	Ho dei forti postumi della sbronza. Ho bevuto troppo ieri sera	(Eu) estou com uma baita ressaca. Eu bebi demais na última noite. 	Tinc una ressaca terrible. Vaig beure massa ahir a la nit.	Mi havas teruran postebriecon. Mi trinkis tro multe hieraŭ nokte.	Io ha un forte mal de ebrietate. Io bibeva troppo heri nocte										13
04992	Common Colloquialisms	the latest thing	der letzte Schrei	la última moda	la dernière mode	l'ultima moda	a última moda	l'última moda	la plej nova afero	le ultime moda	Siehst du diesen Lederrock? Das ist der letzte Schrei	¿Ves esa falda de piel? Es la última moda	Tu as vu cette jupe en cuir ? C'est la dernière mode	Vedi quella gonna di pelle? È l'ultima moda	Você viu aquela saia? É a última moda.	Do you see that leather skirt? It's the latest thing	Veus aquella faldilla de cuir? És l'última moda.	Ĉu vi vidas tiun ledan jupon? Ĝi estas la plej nova afero.	Vide tu ille veste de corio? Illo es le ultime moda	13
04993	Common Colloquialisms	to grab a bite	einen Happen  essen	comer algo	manger un bout	mangiare un boccone	beliscar algo (comida)	fer un mos, picar alguna cosa	manĝeti	mangiar alique	Meine Freunde und ich gehen in einen Imbiss einen Happen essen	Mis amigos y yo vamos a comer algo a un restaurante	Mes amis et moi allons manger un bout dans un café/restaurant 	I miei amici e io andiamo a mangiare un boccone alla tavola calda	Meus amigos e eu estamos indo beliscar algo em um restaurante	My friends and I are going to grab a bite at a diner	Els meus amics i jo anem a fer un mos a un restaurant.	Miaj amikoj kaj mi iras manĝeti en restoracio.	Mi amicos e io va mangiar alique in un restaurante	13
04994	Common Colloquialisms	to get grub	etwas zu Futtern kaufen	comprar algo para comer	acheter de la bouffe	comprare qualcosa da mangiare	comprar um rango	comprar alguna cosa per menjar	akiri manĝaĵon	comprar alique a mangiar	Willst du nicht was zu Futtern kaufen? Ich verhungere...	¿Compramos algo para comer? Estoy hambriento	Tu veux acheter de la bouffe? Je meurs de faim 	Vuoi comprare qualcosa da mangiare? Sto morendo di fame	Você quer comprar um rango? Eu estou morrendo de fome	Do you wanna get some grub? I'm starving 	Comprem alguna cosa per menjar? Estic mort de gana.	Ĉu vi volas akiri iom da manĝaĵo? Mi malsategas.	Vole tu comprar alique a mangiar? Io es famelic	13
04995	Common Colloquialisms	to bounce	einen Abgang machen, sich verziehen	pirarse	se tirer, partir	filarsela	dar o fora, partir	pirar-se, tocar el dos	foriri rapide	partir	Ich verzieh mich. Es ist schon spät und ich muss früh aufstehen	Me piro. Es tarde y mañana tengo que levantarme temprano	Je me tire. Il est tard et je dois me lever tôt	Me la filo. È tardi e domani devo alzarmi presto	Eu tenho que dar o fora. É tarde, e eu tenho que me levantar cedo.	I gotta bounce. It's late and I gotta get up early	Me'n piro. És tard i m'he de llevar d'hora demà.	Mi devas foriri rapide. Estas malfrue kaj mi devas leviĝi frue.	Io debe partir. Il es tarde e deman io debe levar me de bon hora.	13
04996	Common Colloquialisms	to party	Party machen, clubben, feiern	irse de fiesta, irse de rumba	faire la teuf, faire la fête	fare festa	festar	anar de festa	festi	facer festa	Studenten lieben es, an Wochenenden Party zu machen 	A los estudiantes les encanta irse de fiesta durante el fin de semana	Les étudiants adorent faire la teuf le week-end	Gli studenti amano fare festa nel weekend	Os estudantes adoram festar nos fins de semana	Students love to party on the weekends	Als estudiants els encanta anar de festa els caps de setmana.	Studentoj amas festi semajnfinojn.	Le studentes adora facer festa durante le fines de septimana.	13
04997	Common Colloquialisms	to pre-game	vorglühen	beber antes de salir	faire un apéro, boire avant de sortir	fare un aperitivo, bere prima di uscire	beber antes de sair	fer prèvia, beure abans de sortir	antaŭ-festi	biber ante sortir	Lasst uns vorglühen bevor wir feiern gehen, um Geld zu sparen	Para ahorrar, bebamos antes de salir	Pour économiser, faisons un apéro avant de sortir	Per risparmiare, beviamo prima di uscire	Para economizar dinheiro, vamos beber antes de sair	To save money, let's pre-game before we go out	Per estalviar diners, fem prèvia abans de sortir.	Por ŝpari monon, ni antaŭ-festu antaŭ ol eliri.	Pro economisar, que nos bibe ante sortir.	13
04998	Common Colloquialisms	chaser (usually a soft drink after a shot of alcohol)	Was zum Nachspülen (ein leicht alkoholisches Getränk, das nach einem härteren getrunken wird)	una bebida suave (que precede a una bebida alcohólica más fuerte)	un truc léger (un verre qui aide à faire descendre le précédent)	un drink leggero (che segue un superalcolico)	uma bebida leve	la beguda per acompanyar (les begudes)	post-trinkaĵo	bibita de accompaniamento	Ich kann Wodka nicht einfach so trinken, ich brauch was zum Nachspülen	No puedo beber directamente vodka, necesito algo suave primero	Je peux pas boire de la vodka seule, j'ai besoin de boire un truc léger après	Non posso bere vodka da sola, ho bisogno di un drink leggero dopo	Eu não posso beber só vodka;  preciso beber algo leve depois	I can't drink vodka straight, I need a chaser!	No puc beure vodka sol, necessito alguna cosa per acompanyar!	Mi ne povas trinki vodkon sola, mi bezonas post-trinkaĵon!	Io non pote biber vodka pur; io necessita un bibita de accompaniamento!	13
04999	Common Colloquialisms	besties	beste Freundinnen	mejores amigas	meilleures amies (souvent pour les femmes)	migliori amiche	melhores amigas 	les millors amigues	plej bonaj amikinoj	melior amicas	Marie und ich sind beste Freundinnen. Wir machen alles zusammen. 	Marie y yo somos mejores amigas, lo hacemos todo juntas	Marie et moi sommes meilleures amies, on fait tout ensemble	Marie ed io siamo migliori amiche, facciamo tutto insieme	Marie e eu somos melhores amigas. Nós fazemos tudo juntas	Marie and I are besties, we do everything together	La Marie i jo som millors amigues. Ho fem tot juntes.	Marie kaj mi estas plej bonaj amikinoj, ni faras ĉion kune.	Marie e io es melior amicas; nos face toto insimul.	13
05000	Common Colloquialisms	BFF (best friend forever)	beste Freunde (für immer)	mejor amiga (para siempre)	meilleures amies (pour toujours)	migliori amiche (per sempre)	melhores amigos(as) (para sempre)	les millors amics per sempre (MAPS)	plej bona amiko por ĉiam (PAPC)	melior amica pro semper	Meine beste Freundin geht nächstes Jahr mit mir auf dieselbe Universität	Mi mejor amiga vendrá a mi universidad el año que viene	Ma meilleure amie va aller dans la même université que moi l'année prochaine	La mia migliore amica verrà nella mia stessa università l'anno prossimo	Meu melhor amigo vai para a mesma universidade que eu no ano que vem	My BFF is going to the same college as me next year	La meva millor amiga anirà a la mateixa universitat que jo l'any que ve.	Mia PAPC iros al la sama kolegio kiel mi venontjare.	Mi melior amica va al mesme universitate que io le proxime anno.	13
05001	Common Colloquialisms	sweet, cool (a place or thing)	abgefahren sein, cool sein	bonito (lugar o cosa)	être cool (un endroit ou quelque chose)	essere bello (un posto o una cosa)	ser bacana (lugar ou coisa)	guai, genial (un lloc o cosa)	bonega (loko aŭ afero)	formidabile	Dieses Konzert wird voll abgefahren sein!	¡El concierto será muy bonito!	Ce concert va être super cool !	Questo concertò sarà proprio bello!	Este concerto vai ser bacana!	This concert is going to be sweet!	Aquest concert serà genial!	Ĉi tiu koncerto estos bonega!	Iste concerto essera formidabile!	13
05002	Common Colloquialisms	to go bar hopping	eine Kneipentour machen	ir de bares	faire la tournée des bars	fare il giro dei bar	fazer um giro/tour pelos bares	anar de bars	trinkej-saltado	vader de bar in bar	Dieses Wochenende machen wir eine Kneipentour. In 3 Stunden werden wir 10 Bars besuchen.	Este fin de semana iremos de bares. Iremos a 10 bares en 3 horas	Ce week-end, on va faire la tournée des bars. On va faire 10 bars en 3h	Questo weekend faremo il giro dei bar. Andremo in 10 bar in 3 ore	Neste fim de semana, nós vamos fazer um tour pelos bares. Vamos visitar 10 bares em 3 horas	This weekend, we're going bar hopping. We'll visit 10 bars in 3 hours	Aquest cap de setmana anirem de bars. Anirem a 10 bars en 3 hores.	Ĉi-semajnfine, ni faros trinkej-saltadon. Ni vizitos 10 trinkejojn en 3 horoj.	Iste fin de septimana nos vadera de bar in bar. Nos visitara 10 bares in 3 horas.	13
05003	Common Colloquialisms	wacko	der Spinner 	el pirado, el loco	le taré, le fou	il pazzoide, il matto	o(a) pirado(a)	el pirat (els pirats), el boig (els bojos)	frenezulo	folle	Hör auf, dich wie ein Spinner aufzuführen! 	Deja de comportarte como un pirado!	Arrête d'agir comme un taré ! 	Smettila di comportarti come un pazzoide!	Pare de agir como um pirado!	Stop acting like a wacko! 	Deixa de comportar-te com un pirat!	Ĉesu agi kiel frenezulo!	Cessa de comportar te como un folle!	13
05004	Common Colloquialisms	to slack, to dick around	(rum)gammeln, abhängen	vagar	glander	cazzeggiare	não fazer nada	perdre el temps, no fer res	malŝpari tempon	vagar	Anstatt zu lernen habe ich heute den ganzen Tag rumgegammelt.	Hoy, en vez de estudiar, estuve vagando todo el día	Aujourd'hui, au lieu d'étudier, j'ai glandé toute la journée	Oggi, invece di studiare, ho cazzeggiato tutto il giorno	Hoje, ao invés de estudar, eu não fiz nada o dia inteiro	Today, instead of studying, I slacked all day long	Avui, en lloc d'estudiar, he estat perdent el temps tot el dia.	Hodiaŭ, anstataŭ studi, mi malŝparis la tutan tagon.	Hodie, in vice de studiar, io vagava tote le die.	13
05005	Slang & Idioms	back in the day	zu jener Zeit, damals	en mi época	de mon temps, avant	ai miei tempi	no meu tempo	antigament, en els meus temps	en la malnovaj tempoj	in mi tempore	Zu jener Zeit waren Kinder noch respektvoller!	¡En mi épocalos chicos eran más respetuosos!	De mon temps, les enfants étaient plus respectueux !	Ai miei tempi, i ragazzi erano più rispettosi!	No meu tempo, as crianças eram respeitosas!	Back in the day, kids were more respectful!	Antigament, els nens eren més respectuosos!	En la malnovaj tempoj, infanoj estis pli respektemaj!	In mi tempore, le pueros esseva plus respectuose!	13
05006	Slang & Idioms	something fishy	etwas ist verdächtig, etwas ist faul	algo sospechoso	quelque chose d'étrange, de louche	qualcosa di losco	algo suspeito	alguna cosa sospitosa	io fiŝa	alco suspecte	Die Situation mit ihr ist in letzter Zeit verdächtig geworden	La situación con ella se está volviendo algo sospechosa ultimamente	La situation avec elle est devenue louche ces derniers temps	La situazione con lei sta diventando piuttosto losca ultimamente	A situação com ela está virando algo um pouco suspeito de uns tempos para cá	The situation with her is getting kinda fishy lately	La situació amb ella s'està tornant una mica sospitosa darrerament.	La situacio kun ŝi fariĝas iom fiŝa lastatempe.	Le situation con illa deveni un poco suspecte ultimemente.	13
05007	Slang & Idioms	folks	die Alten, die Eltern	la família, los padres	la famille, les parents	la famiglia, i miei	a família, os pais	els pares, la família	gepatroj, familio	mi familia	Ich werde dieses Wochenende meine Alten besuchen	Voy a ver a mi família este fin de semana	Je vais rendre visite à mes vieux ce week-end	Vado in visita alla mia famiglia questo weekend	Eu vou visitar minha família este fim de semana	I'll visit my folks this weekend	Visitaré els meus pares aquest cap de setmana.	Mi vizitos miajn gepatrojn ĉi-semajnfine.	Io visitara mi familia iste fin de septimana.	13
05008	Slang & Idioms	just plain	ganz einfach	simplemente	tout simplement	semplicemente	simplesmente	simplement	simple	simplemente	Dieser Lehrer ist ganz einfach gemein	Ese profesor es simplemente malo	Ce prof est tout simplement méchant	Quel professore è semplicemente cattivo	Esse professor é simplesmente mau	That professor is just plain mean	Aquest professor és simplement dolent.	Tiu instruisto estas simple malbona.	Ille professor es simplemente maligne.	13
05009	Slang & Idioms	It's kinda weird	Das ist ganz schön komisch	Es un poco raro	C'est assez étrange	È piuttosto strano	É meio estranho	És una mica estrany.	Estas iom strange.	Il es un poco bizarre.										13
05010	Slang & Idioms	Are you kidding me? / You have got to be kidding me!	Du veräppelst mich doch?	¿Me tomas el pelo?	Tu te fous de moi ?	Mi prendi in giro?	(Você) deve estar de brincadeira comigo!	M'estàs prenent el pèl?	Ĉu vi ŝercas kun mi?	Tu burla de me?										13
05011	Slang & Idioms	My new teacher is really cool	Mein neuer Lehrer ist wirklich cool	Mi profesor nuevo es muy guay (ES), Mi profesor nuevo es muy chévere (AL)	Mon nouveau prof est vraiment cool	Il mio nuovo prof è davvero fico	Meu novo professor é realmente legal 	El meu nou professor és molt guai.	Mia nova instruisto estas vere bonega.	Mi nove professor es vermente sympathic.										13
05012	Slang & Idioms	I have to go to sleep, I'm so dead	Ich muss schlafen, ich bin todmüde	Me tengo que ir a dormir, estoy muerto	Je dois me coucher, je suis crevé	Devo andare a dormire, sono stanco morto	(Eu) preciso ir dormir. Eu estou muito morto	M'he d'anar a dormir, estic mort.	Mi devas dormi, mi estas tiel morta.	Io debe vader a dormir; io es completemente exhauste.										13
05013	Slang & Idioms	I have a decent job. The pay is not bad, but it could be better	Ich habe einen anständigen Job. Die Bezahlung ist nicht so schlecht, aber es könnte besser sein	Tengo un trabajo decente. El sueldo no está mal, pero podría ser mejor	J'ai un job correct. Le salaire n'est pas mauvais, mais il pourrait être meilleur	Ho un lavoro decente. La paga non è male, ma potrebbe essere meglio	(Eu) tenho um emprego decente. O salário não é ruim, mas poderia ser melhor. 	Tinc una feina decent. El sou no està malament, però podria ser millor.	Mi havas decan laboron. La salajro ne estas malbona, sed ĝi povus esti pli bona.	Io ha un empleo decente. Le salario non es mal, ma illo poterea esser melior.										13
05014	Slang & Idioms	I'm fed up with your stories!	Ich habe die Schnauze voll von deinen Geschichten!	¡Estoy harto de tus historias!	J'en ai ras le bol de tes histoires !	Sono stufo delle tue storie!	(Eu) estou por aqui com suas histórias!	N'estic fart de les teves històries!	Mi estas laca de viaj rakontoj!	Io es saturate de tu historias!										13
05015	Slang & Idioms	Christie, can you give me a ride to the cinema? I'm too lazy to walk	Kannst du mich zum Kino bringen, Christie? Ich bin zu faul zum Laufen.	Christie, ¿puedes llevarme en coche al cine? Estoy demasiado perezoso para caminar (ES), Christie, ¿puedes llevarme en carro al cine? Me da pereza caminar	Christie, tu peux m'emmener au ciné ? J'ai la flemme de marcher	Christie, puoi darmi uno strappo al cinema? Sono troppo pigro per camminare	Christie, você pode me dar uma carona até o cinema? Eu estou com muita preguiça de andar	Christie, em pots portar al cinema? Em fa mandra caminar.	Christie, ĉu vi povas veturigi min al la kinejo? Mi estas tro mallaborema por piediri.	Christie, pote tu conducer me al cinema? Io es troppo pigre pro ambular.										13
05016	Slang & Idioms	That song is killer!	Dieses Lied ist der Hammer!	¡Esa canción es brutal!	Cette chanson est une tuerie !	Questa canzone è una cannonata!	Essa música é de arrasar!	Aquesta cançó és brutal!	Tiu kanto estas mortiga!	Iste cantion es phantastic!										13
05017	Slang & Idioms	Don't you understand he's pulling your leg?	Verstehst du nicht, dass er dich veräppelt?	¿No entiendes que te está tomando el pelo?	Tu comprends pas qu'il se fout de toi ?	Non capisci che ti sta prendendo in giro?	(Você) não percebe que ele está brincando com você?	No entens que t'està prenent el pèl?	Ĉu vi ne komprenas, ke li trompas vin?	Non comprende tu que ille se burla de te?										13
05018	Slang & Idioms	Mary is quite the actress. She loves to put on plays and sing for us	Mary ist eine verdammt gute Schauspielerin. Sie liebt es, Stücke aufzuführen und für uns zu singen	Mary es una verdadera actriz. Le encanta escenificar y cantar para nosotros. 	Mary est une sacrée actrice. Elle adore monter des pièces et chanter pour nous	Mary è proprio un'attrice. Adora mettere in scena delle recite e cantare per noi	Mary é uma atriz de verdade. Ela adora atuar e cantar para nós	La Mary és tota una actriu. Li encanta representar obres i cantar per a nosaltres.	Mary estas vera aktorino. Ŝi amas ludi teatraĵojn kaj kanti por ni.	Mary es un ver actrice. Illa adora representar dramas e cantar pro nos.										13
05019	Slang & Idioms	I am going to stick to writing my report	Ich werde an meinem Bericht weiterschreiben	Voy a seguir escribiendo mi informe	Je vais continuer d'écrire mon rapport	Continuerò a scrivere il mio rapporto	(Eu) vou continuar escrevendo meu relatório	Continuaré escrivint el meu informe.	Mi daŭrigos skribi mian raporton.	Io va continuar a scriber mi reporto.										13
05020	Slang & Idioms	Sweet! I just got $10 in the mail	Cool! Ich habe 10$ in dem Brief bekommen	¡Genial! Acabo de recibir 10$ por correo	Cool ! J'ai reçu 10$ dans le courrier	Fico! Ho appena ricevuto 10$ nella posta	Que beleza! Eu acabo de receber $10 pelo correio	Genial! Acabo de rebre 10 dòlars per correu.	Bonege! Mi ĵus ricevis $10 en la poŝto.	Splendide! Io ha justo recipite 10 dollares per posta.										13
05021	Slang & Idioms	After finals week, I am so burnt out	Nach der Prüfungswoche bin ich voll fertig	Después de la semana de exámenes, estoy totalmente agotado	Après la semaine des examens, je suis complètement crevé	Dopo la settimana degli esami, sono completamente sfinito	Depois da semana de exames, eu  estou totalmente sem energia	Després de la setmana d'exàmens, estic rebentat.	Post la fina ekzamena semajno, mi estas tiel elĉerpita.	Post le septimana de examines final, io es totalmente exhaurite.										13
05022	Slang & Idioms	He's really into fishing	Er fährt voll aufs Angeln ab	Es un verdadero apasionado de la pesca	Il est à fond dans la pêche	È davvero appassionato di pesca	(Ele) é vidrado em pescar 	Li encanta la pesca.	Li tre ŝatas fiŝkaptadon.	Ille es vermente passionate pro le pisca										13
05023	Slang & Idioms	Hey, check this cat video out!	Hey, wirf mal ein Auge auf dieses Katzenvideo!	Oye, ¡mira este vídeo de gatos!	Hé, jette un coup d'oeil à cette vidéo de chats !	Hey, dai un'occhiata a questo video di gatti	Ei, dê uma espiada neste vídeo de gatos!	Ei, fes una ullada a aquest vídeo de gats!	He, rigardu ĉi tiun katan filmeton!	Holla, mira iste video de cattos!										13
05024	Slang & Idioms	I really screwed up. Kristen found my texts to another girl	Ich habe echt Mist gebaut. Kristen hat alle SMS, die ich an ein anderes Mädchen geschrieben habe, gefunden	Verdaderamente  he metido la pata. Kristen ha encontrado el mensaje que envié a otra chica	J'ai vraiment fait une connerie. Kristen a trouvé mes SMS à une autre fille	Ho davvero fatto una cazzata. Kristen ha trovato i miei SMS a un'altra ragazza	(Eu) realmente estraguei tudo. Kristen encontrou meus SMS para outra garota 	Realment l'he cagat. La Kristen va trobar els meus missatges a una altra noia.	Mi vere fuŝis. Kristen trovis miajn tekstojn al alia knabino.	Io ha vermente facite un grande error. Kristen ha trovate mi messages a un altere puera										13
05025	Slang & Idioms	I waited for her one hour, then I left	Ich habe eine Stunde auf sie gewartet und bin gegangen	La he esperado durante una hora, después me he ido	J'ai poireauté pour elle une heure, et je suis parti	L'ho aspettata per un'ora, poi me ne sono andato	(Eu) esperei por ela por uma hora, depois parti	La vaig esperar una hora, i després vaig marxar.	Mi atendis ŝin unu horon, poste mi foriris.	Io la expectava durante un hora, postea io parti										13
05026	Slang & Idioms	A man struck up a conversation with me about his dog	Ein Mann hat ein Gespräch über seinen Hund mit mir angefangen	Un hombre ha entablado una conversación conmigo sobre su perro	Un homme a démarré une conversation avec moi à propos de son chien	Un uomo ha attaccato bottone con me a proposito del suo cane	Um homem iniciou uma conversa comigo sobre seu cachorro	Un home va encetar una conversa amb mi sobre el seu gos.	Viro komencis konversacion kun mi pri sia hundo.	Un homine initiava un conversation con me super su can										13
05027	Slang & Idioms	You got an A on the test? Way to go!	Du hast eine 1 in der Prüfung bekommen? Gut gemacht!	¿Has sacado un 10 en el exámen? ¡Así se hace!	Tu as eu un A à l'examen ? Bien joué !	Hai preso una A all'esame? Così si fa!	(Você) tirou A no teste? É assim que se faz!	Has tret un excel·lent a l'examen? Així es fa!	Ĉu vi ricevis A en la testo? Bonege!	Tu obteneva un A in le test? Assi se face!										13
05028	Slang & Idioms	You don't even know how to play! - Whatever!	Du weißt noch nicht mal wie man spielt! - Ist mir egal!	¡No tienes ni idea de cómo se juega! - ¡A quién le importa!	Tu ne sais même pas jouer ! - Ça m'est égal !	Non sai nemmeno come si gioca! - Chi se ne frega!	(Você) nem sabe como jogar! - Estou nem aí!	Ni tan sols saps com es juga! - I què!	Vi eĉ ne scias kiel ludi! - Kio ajn!	Tu mesmo non sape como jocar! - Que importa!										13
05029	Slang & Idioms	He's a great guy, but I don't want a commitment, you know?	Er ist ein netter Kerl, aber ich möchte mich nicht festlegen, weißt du?	Es un buen chico, pero no me quiero comprometer, ¿sabes?	C'est un mec sympa, mais je ne veux pas m'engager, tu sais ?	È un bravo ragazzo, ma non voglio impegnarmi, capisci?	(Ele) é um ótimo rapaz, mas eu não quero me comprometer, entende?	És un bon paio, però no vull un compromís, saps?	Li estas bonega ulo, sed mi ne volas devontigon, sciu?	Ille es un excellente homine, ma io non vole un compromisso, tu sape?										13
05030	Slang & Idioms	Don't get angry just because you made a mistake	Reg dich nicht auf nur weil du einen Fehler gemacht hast	No te enfades sólo porque te has equivocado	Ne te fâche pas parce que tu as fait une faute	Non arrabbiarti solo perché hai fatto uno sbaglio	Não se zangue só porque cometeu um erro 	No t'enfadis només perquè t'has equivocat.	Ne koleriĝu nur ĉar vi eraris.	Non te irrita solmente perque tu ha facite un error.										13
05031	Slang & Idioms	Miniskirts are totally in this season!	Miniröcke sind diese Saison wirklich in!	¡Las minifaldas están de moda esta temporada!	Les mini-jupes sont vraiment à la mode cette saison!	Le minigonne sono proprio alla moda questa stagione!	As minissaias estão totalmente em alta nesta estação!	Les minifaldilles estan totalment de moda aquesta temporada!	Minijupoj estas tute laŭmodaj ĉi-sezone!	Le minigonnas es totalmente de moda iste saison!										13
05032	Slang & Idioms	You keep giving me the wrong directions!	Du gibst mir immer noch die falschen Angaben!	¡Me sigues dando las indicaciones equivocadas!	Tu continues de me donner de mauvaises indications !	Continui a darmi le indicazioni sbagliate!	(Você) continua me dando as coordenadas erradas! 	Em continues donant les indicacions equivocades!	Vi daŭre donas al mi la malĝustajn direktojn!	Tu continua a dar me le indicationes erronee!										13
05033	Slang & Idioms	His name doesn't ring a bell, sorry	Sein Name sagt mir nichts, tut mir leid	Su nombre no me suena, lo siento	Son nom ne me dit rien, désolé	Il suo nome non mi dice niente, mi dispiace	O nome dele não me diz nada, desculpe	El seu nom no em sona de res, ho sento.	Lia nomo ne sonas konate, pardonu.	Su nomine non me sona familiar, io regretta.										13
05034	Slang & Idioms	I changed my mind. I'm not going to buy these pants	Ich habe meine Meinung geändert. Ich werde diese Hose nicht kaufen	He cambiado de idea. No me compraré estos pantalones	J'ai changé d'avis. Je ne vais pas acheter ce pantalon	Ho cambiato idea. Non comprerò questi pantaloni	(Eu) mudei de ideia. Eu não vou comprar essas calças	He canviat d'opinió. No compraré aquests pantalons.	Mi ŝanĝis mian opinion. Mi ne aĉetos ĉi tiujn pantalonojn.	Io ha cambiate de idea. Io non va comprar iste pantalones.										13
05035	Slang & Idioms	You crack me up. You're too funny!	Ich lach mich tot. Du bist zu lustig!	Me parto de risa. ¡Eres super divertido!	Tu me fais éclater de rire. Tu es trop marrant !	Mi fai piegare dalle risate. Sei troppo divertente!	(Você) me mata de rir. É muito engraçado!	Em fas pixar de riure. Ets massa divertit!	Vi ridigas min. Vi estas tro amuza!	Tu me face rider multo. Tu es troppo divertente!										13
05036	Slang & Idioms	I am dying from laughter. You are hilarious !	Ich sterbe gleich vor Lachen. Du bist einfach zu lustig!	Me estoy muriendo de risa. ¡Eres super gracioso!	Je meurs de rire. Tu es trop marrant !	Sto morendo dalle risate. Sei troppo simpatico!	(Eu) estou morrendo de rir. (Você) é hilário!	M'estic morint de riure. Ets divertidíssim!	Mi mortas pro rido. Vi estas ridiga!	Io mori de riso. Tu es hilarante!										13
05037	Slang & Idioms	He isn't a hard worker. He just wants to make a quick buck	Er ist kein hart arbeitender Mensch. Er will einfach nur schnell Kohle machen	No es un buen trabajador. Sólo quiere hacer dinero fácil	Il n'est pas travailleur. Il veut simplement se faire du fric facilement	Non è un gran lavoratore. Vuole solo tirare su dei soldi facili	(Ele) não é um grande trabalhador. Simplesmente quer fazer dinheiro sem esforço	No és un gran treballador. Només vol fer diners ràpids.	Li ne estas laborema. Li nur volas fari rapidan monon.	Ille non es un travaliator diligente. Ille solo vole ganiar moneta facile.										13
05038	Slang & Idioms	Bingo!	Bingo, Volltreffer!	¡Exacto!	Exactement, voilà!	Tombola!	Bingo!	Bingo!	Bingo!	Exacte!	Volltreffer! Du hast die richtige Lösung!	¡Exacto! Has respondido correctamente	Exactement ! Tu as la bonne réponse !	Tombola! Hai dato la risposta giusta	Bingo! Você acertou a resposta!	Bingo! You got the right answer!	Bingo! Tens la resposta correcta!	Bingo! Vi havas la ĝustan respondon!	Exacte! Tu ha date le responsa correcte!	13
05039	Slang & Idioms	to be a breeze	ein Kinderspiel  sein	ser fácil	être facile	essere una passeggiata	ser mole	ser bufar i fer ampolles, ser molt fàcil	esti facila kiel vento	esser facile	Diese Prüfung wird ein Kinderspiel sein. Ich kenne das Thema gut	Este exámen será super fácil. Me sé muy bien la materia	Cet examen va être super facile. Je connais bien le sujet	Questo esame sarà una passeggiata. Conosco bene la materia	Este teste vai ser mole. Eu sei bem o assunto	This test will be a breeze. I know the material well	Aquest examen serà bufar i fer ampolles. Conec bé el tema.	Ĉi tiu testo estos facila kiel vento. Mi bone konas la materialon.	Iste test essera multo facile. Io cognosce ben le materia.	13
05040	Slang & Idioms	It is what it is	Es ist, wie es ist / So ist das Leben	Así es la vida	C'est la vie, c'est comme ça	È la vita, è quello che è	É a vida	És el que hi ha.	Tio estas, kio ĝi estas.	Assi es le vita										13
05041	Slang & Idioms	to be the bomb	der Hammer sein	ser la bomba, ser divertido	être super (une fête, une chose)	essere una bomba (una festa, una cosa)	estar bombando	ser la bomba, ser genial	esti la bombo	esser formidabile, esser multo divertente	Diese Party ist der Hammer! Ich amüsiere mich super	¡Esta fiesta es la bomba! Me estoy divirtiéndo muchísimo	Cette fête est super ! Je m'éclate	Questa festa è una bomba! Mi sto divertendo tantissimo	Esta festa está bombando! Eu estou me divertindo muito.	This party is the bomb! I'm having a great time	Aquesta festa és la bomba! M'ho estic passant genial.	Ĉi tiu festo estas la bombo! Mi tre amuziĝas.	Iste festa es formidabile! Io me diverte multo.	13
05042	Slang & Idioms	bummer, disappointment	der Flop , die Enttäuschung 	una lata, el fiasco, una decepción	la déception	il fiasco, la delusione	o fiasco, a decepção	el fiasco (els fiascos), la decepció (les decepcions)	fiasko	un fiasco, un disappunctamento	Diese Party ist ein echter Flop. Keiner ist da!	Esta fiesta es una lata. ¡No hay nadie! 	Cette fête est une grosse déception. Personne n'est là !	Questa festa è proprio un fiasco. Non c'è nessuno!	Esta festa é um grande fiasco. Não há ninguém aqui!	This party is a major bummer. Nobody is here! 	Aquesta festa és un gran fiasco. No hi ha ningú!	Ĉi tiu festo estas granda fiasko. Neniu estas ĉi tie!	Iste festa es un grande disappunctamento. Nemo es hic!	13
05043	Slang & Idioms	thingamajig	das Teil 	la cosa	le truc, le machin-chose	il coso, la cosa	a coisa	la cosa aquesta (les coses aquestes)	aĵo	cosa	Das Teil, wie heißt das?	Esta cosa, ¿cómo se llama?	Ce truc, ça s'appelle comment ?	Questo coso, come si chiama?	Essa coisa, como se chama?	That thingamajig; what's the name of it?	La cosa aquesta, com es diu?	Tiu aĵo; kiel ĝi nomiĝas?	Iste cosa, como se appella?	13
05044	Slang & Idioms	peepers	die Augen	los ojos	les yeux	gli occhi	os olhos	els ulls	okuloj	oculos	Du hast wunderschöne Augen	Tienes unos ojos muy bonitos	Tu as de beaux yeux	Hai dei begli occhi	Você tem olhos muito bonitos	You have some beautiful peepers			Tu ha oculos multo belle.	13
05045	Slang & Idioms	This (that) sucks	Das nervt; was für ein Blödsinn	¡Qué chungo!, Da miedo	Ça craint	Che schifo	Que porcaria	Això fa fàstic.	Tio naŭzas.	Isto es horribile										13
05046	Slang & Idioms	pooped	fix und fertig sein	estar hecho polvo	epuisé	sfinito(a), a pezzi	acabado	estar fet pols	esti elĉerpita	exhauste	Nach einem langen Arbeitstag war ich fix und fertig	Después de un largo día de trabajo, estaba hecho polvo	Après une longue journée de travail, j'étais epuisé	Dopo una lunga giornata di lavoro, ero sfinito	Após um longo dia de trabalho, eu estava acabado	After a long day of work, I was pooped	Després d'un llarg dia de feina, estava fet pols.	Post longa labortago, mi estis elĉerpita.	Post un longe die de labor, io esseva exhauste.	13
05047	Environment & Ecology	garbage (US), trash (UK)	die Abfälle	la basura	les détritus	i rifiuti, l'immondizia	os detritos, o lixo	les escombraries, les deixalles	rubo	immunditia										13
05048	Environment & Ecology	organic (food)	Bio- (Nahrung)	orgánico (alimento)	bio, biologique (nourriture)	biologico (cibo)	orgânico (alimento)	orgànic (aliment)	organika (manĝaĵo)	organic										13
05049	Environment & Ecology	toxic	giftig	tóxico	toxique	tossico	tóxico(a)	tòxic(a)	toksa	toxic										13
05050	Politics & Government	to join something	sich etwas anschließen	adherirse a algo	adhérer à quelque chose	unirsi a qualcosa, aderire	aderir a algo	unir-se a alguna cosa, adherir-se	aliĝi al io	adherer a alique										13
05051	Politics & Government	Member of Parliament	der Abgeordnete , der Abgesandte 	el diputado	le député	il membro del parlamento	o membro do parlamento	el diputat (els diputats), la diputada al Parlament (les diputades)	Membro de la Parlamento	deputato										13
05052	War & Conflict	to surrender	sich ergeben	rendirse	se rendre	arrendersi	render-se	rendir-se	kapitulaci	render se	Die Rebellen ergaben sich schließlich.	Las fuerzas rebeldes finalmente se rindieron.	Les forces rebelles se sont finalement rendues.	Le forze ribelli si sono finalmente arrese.	As forças rebeldes finalmente se renderam.	The rebel forces eventually surrendered	Les forces rebels finalment es van rendir.	La ribelaj fortoj fine kapitulacis.	Le fortias rebelle finalmente se rendeva.	13
05053	Social Issues	beggar	der Bettler 	el mendigo	le clochard, le mendiant	il mendicante, il barbone	o(a) mendigo(a)	el captaire (els captaires), el mendicant (els mendicants)	almozulo	mendico										13
05054	Social Issues	Social Security (US), National Insurance	die Sozialversicherung 	la Seguridad Social	la Sécurité Sociale	la previdenza sociale (INPS)	a previdência social	la Seguretat Social	Sociala Sekureco	Securitate Social										13
05055	Social Issues	pensioner, retired person	der Rentner 	el jubilado	le retraité	il pensionato	o(a) aposentado(a)	el pensionista (els pensionistes), el jubilat (els jubilats), la jubilada (les jubilades)	pensiulo	pensionario										13
05056	Social Issues	overtime (work)	die Überstunden 	las horas extras	les heures supplémentaires	gli straordinari	as horas extras	les hores extres	kromlaboro	horas extra										13
05057	Social Issues	wage earner	der Lohnempfänger 	el asalariado	le salarié	il dipendente	o(a) assalariado(a)	l'assalariat (els assalariats), l'assalariada (les assalariades)	salajrulo	salariato										13
05058	Social Issues	to grant a request	einen Antrag bewilligen	conceder un requerimiento	accorder une requête	accettare un'istanza	conceder um requerimento	concedir una petició	akcepti peton	conceder un requesta										13
05059	Social Issues	labour/ job market	der Arbeitsmarkt 	el mercado laboral	le marché du travail	il mercato del lavoro	o mercado de trabalho	el mercat laboral	labormerkato	mercato de travalio										13
05060	Social Issues	insecurity	die Unsicherheit 	la inseguridad	l'insécurité 	l'insicurezza	a insegurança	la inseguretat	malsekureco	insecuritate										13
05061	Social Issues	death penalty	die Todesstrafe 	la pena de muerte	la peine de mort	la pena di morte	a pena de morte	la pena de mort	mortpuno	pena de morte										13
05062	Disasters & Emergencies	tornado	der Tornado 	el tornado	la tornade	il tornado	o tornado	el tornado (els tornados)	tornado	tornado										13
05063	News & Media	dispatch	die Depesche  	la noticia, el comunicado	la dépêche	il dispaccio	a nota, o comunicado	el despatx (els despatxos), el comunicat (els comunicats)	depeŝo	depeche										13
05064	Sports Terms	competitor	der Konkurrent , der Gegner 	el adversario, el competidor	l'adversaire, le(a) compétiteur(trice)	il concorrente, l'avversario	o(a) adversário(a), o(a) competidor(a)	el competidor (els competidors), la competidora (les competidores), l'adversari (els adversaris), l'adversària (les adversàries)	konkuranto	competitor										13
05065	Nouns	top	der Gipfel , das Dach , die Spitze 	la cima	le sommet, le haut	la cima, la sommità	o topo	el cim (els cims), la part superior (les parts superiors)	supro	culmine										13
05066	Nouns	monitor	der Bildschirm 	el monitor	le moniteur, l'écran	lo schermo, il monitor	o monitor, a tela	el monitor (els monitors), la pantalla (les pantalles)	monitoro	monitor										13
05067	Nouns	whoever	wer auch immer	quien sea	quiconque	chiunque	seja quem for	qui sigui	kiu ajn	quicunque										13
05068	Nouns	withdrawal	der Rückzug 	el retiro	le retrait	il ritiro, il prelievo	a retirada	la retirada (les retirades), el reintegrament (els reintegraments)	retiro	retiro										13
05069	Nouns	disappearance	das Verschwinden 	la desaparición	la disparition	la scomparsa	o desaparecimento	la desaparició (les desaparicions)	malapero	disparition										13
05070	Nouns	tournament	das Turnier 	el torneo	le tournoi	il torneo	o torneio	el torneig (els torneigs)	turniro	torneo										13
05071	Nouns	Easter	das Ostern 	la Pascua	Pâques	Pasqua	a páscoa	la Pasqua	Pasko	Pascha										13
05072	Nouns	assurance	die Versicherung , die Zusicherung 	el seguro, la garantía	l'assurance , la promesse	la sicurezza, la garanzia	a garantia, a promessa	l'assegurança (les assegurances), la garantia (les garanties)	certigo	garantia										13
05073	Nouns	affection	die Zuneigung 	el afecto	l'affection 	l'affetto	a afeição	l'afecte (els afectes), l'estima	amo	affection										13
05074	Nouns	assertion	die Behauptung 	la afirmación	l'affirmation 	l'affermazione 	a afirmação	l'afirmació (les afirmacions)	aserto	assertion										13
05075	Nouns	eldest, oldest	der Älteste 	el(la) anciano(a)	l'aîné(e) 	il maggiore (es. dei fratelli), il più anziano	o ancião, a anciã	el més gran (els més grans), el més vell (els més vells)	la plej aĝa	le vetulo										13
05076	Nouns	alcoholic	der Alkoholiker 	el(la) alcohólico(a)	l'alcoolique 	l'alcolista 	o(a) alcoólico(a)	l'alcohòlic (els alcohòlics), l'alcohòlica (les alcohòliques)	alkoholulo	alcoholico										13
05077	Nouns	driveway	die Einfahrt , die Zufahrt 	el acceso	l'allée 	il vialetto	o caminho de acesso	el camí d'entrada (els camins), l'accés (els accessos)	enveturejo	via de accesso										13
05078	Nouns	antibiotic	das Antibiotikum 	el antibiótico	l'antibiotique 	l'antibiotico	o antibiótico	l'antibiòtic (els antibiòtics)	antibiotiko	antibiotico										13
05079	Nouns	backyard	der Hinterhof , der Garten 	el patio trasero, el jardín	l'arrière-cour , le jardin	giardino/cortile sul retro	o quintal	el pati del darrere (els patis), el jardí (els jardins)	postkorto	curte posterior										13
05080	Nouns	vacuum	der Staubsauger 	la aspiradora	l'aspirateur 	il vuoto, l'aspirapolvere 	o aspirador	l'aspiradora (les aspiradores)	polvosuĉilo	aspirator										13
05081	Nouns	associate	der (Geschäfts)Partner 	el(la) socio(a), el(la) asociado(a)	l'associé 	il socio, l'associato, il collega 	o(a) associado(a)	el soci (els socis), la sòcia (les sòcies), l'associat (els associats), l'associada (les associades)	asociito	socio										13
05082	Nouns	greed	die Gier 	la avidez	l'avidité 	l'avidità	a cobiça	la cobdícia, l'avarícia	avideco	aviditate										13
05083	Nouns	switch	der Schalter 	el interruptor	l'interrupteur 	l'interruttore , lo scambio, il mutamento	o interruptor	l'interruptor (els interruptors)	ŝaltilo	interruptor										13
05084	Nouns	ladder	die Leiter 	la escalera portátil	l'échelle 	la scala a pioli	a escada de mão	l'escala de mà (les escales de mà)	ŝtupetaro	scala										13
05085	Nouns	praise	das Lob 	el elogio	l'éloge 	l'elogio	o louvor	l'elogi (els elogis), la lloança (les lloances)	laŭdo	laude										13
05086	Nouns	trainer	der Trainer 	el entrenador	l'entraîneur , le formateur	l'allenatore, l'addestratore	o treinador	l'entrenador (els entrenadors), l'entrenadora (les entrenadores)	trejnisto	instructor										13
05087	Nouns	venture	das Jungunternehmen 	emprendimiento, negocio	l'entreprise  risquée	l'attività imprenditoriale (rischiosa) 	o empreendimento	l'empresa de risc (les empreses de risc), el projecte (els projectes)	entrepreno	interprisa										13
05088	Nouns	equivalent	der Gegenwert , das Äquivalent 	el equivalente	l'équivalent 	l'equivalente 	o equivalente	l'equivalent (els equivalents)	ekvivalento	equivalente										13
05089	Nouns	tag	das Etikett 	la etiqueta	l'étiquette 	l'etichetta	a etiqueta (rótulo)	l'etiqueta (les etiquetes)	etikedo	etiquetta	Das Shirt hat ein Etikett, auf dem der Preis steht.	La camiseta tiene una etiqueta encima que pone el precio	La chemise a une étiquette sur laquelle est indiquée le prix	La camicia ha un'etichetta sopra che dice il prezzo.	A camisa tem uma etiqueta que indica o preço	The shirt has a tag on it which lists the price	La samarreta té una etiqueta que indica el preu.	La ĉemizo havas etikedon, kiu listigas la prezon.	Le camisa ha un etiquetta sur illo que indica le precio.	13
05090	Nouns	exploration	die Erforschung , die Erkundung , das Forschen 	la exploración	l'exploration 	l'esplorazione 	a exploração	l'exploració (les exploracions)	esplorado	exploration										13
05091	Nouns	hockey	das Hockey 	el hockey	le hockey	l'hockey 	o hóquei	l'hoquei	hokeo	hockey										13
05092	Nouns	honesty	die Ehrlichkeit 	la honestidad	l'honnêteté 	l'onestà 	a honestidade	l'honestedat	honesteco	honestitate										13
05093	Nouns	icon	das Symbol 	el ícono	l'icône 	l'icona	o ícone	la icona (les icones)	ikono	icone										13
05094	Nouns	innovation	die Innovation 	la innovación	l'innovation 	l'innovazione 	a inovação	la innovació (les innovacions)	novigo	innovation	Japan hat zahlreiche technologische Innovationen produziert. 	El Japón ha producido muchas innovaciones en la tecnología. 	Le Japon a produit de nombreuses innovations dans la technologie. 	Il Giappone ha prodotto molte innovazioni nella tecnologia.	O Japão tem produzido muitas inovações em tecnologia.	Japan has produced many innovations in technology.	El Japó ha produït moltes innovacions tecnològiques.	Japanio produktis multajn novigojn en teknologio.	Japon ha producite multe innovationes in le technologia.	13
05095	Nouns	orchestra	das Orchester 	la orquesta	l'orchestre 	l'orchestra	a orquestra	l'orquestra (les orquestres)	orkestro	orchestra										13
05096	Nouns	organizer	der Organisator 	el organizador	l'organisateur 	l'organizzatore	o organizador	l'organitzador (els organitzadors), l'organitzadora (les organitzadores)	organizanto	organisator	Er war der Organisator und der Hauptspender dieses Events.	El era el organizador y el financiador principal del evento. 	Il était l'organisateur et le principal donateur de cette manifestation.	Lui era l'organizzatore e il finanziatore principale dell'evento.	Ele foi o organizador e o principal financiador do evento.	He was the organizer and the main funder of the event.	Ell era l'organitzador i el principal patrocinador d'aquest esdeveniment.	Li estis la organizanto kaj la ĉefa financanto de tiu evento.	Ille esseva le organisator e le financiator principal del evento.	13
05097	Nouns	origin	die Herkunft 	el origen	l'origine 	l'origine 	a origem	l'origen (els orígens)	origino	origine										13
05098	Nouns	spelling	die Rechtschreibung 	la ortografía	l'orthographe 	l'ortografia	a ortografia	l'ortografia	ortografio	orthographia										13
05099	Nouns	whale	der Wal 	la ballena	la baleine	la balena	a baleia	la balena (les balenes)	baleno	balena										13
05100	Nouns	biology	die Biologie 	la biología	la biologie	la biologia	a biologia	la biologia	biologio	biologia										13
05101	Nouns	brutality	die Brutalität 	la brutalidad	la brutalité	la brutalità	a brutalidade	la brutalitat	brutaleco	brutalitate										13
05102	Nouns	cage	der Käfig 	la jaula	la cage	la gabbia	a gaiola	la gàbia (les gàbies)	kaĝo	cavia										13
05103	Nouns	postcard	die Postkarte 	la carta postal	la carte postale	la cartolina	o cartão postal	la postal (les postals)	poŝtkarto	carta postal										13
05104	Nouns	singing	der Gesang 	el canto	le chant	il canto	o canto (música)	el cant (els cants)	kantado	canto										13
05105	Nouns	commodity	die Ware , das Gut 	el producto	le produit, la denrée (rare)	il prodotto, il bene	a commodity, o produto	la mercaderia (les mercaderies), el producte bàsic (els productes bàsics)	krudmaterialo	producto										13
05106	Nouns	fitness	die Fitness 	la salud física	la condition physique	la forma fisica	a aptidão física	la forma física, el fitness	fizika taŭgeco	salute physic										13
05107	Nouns	consumption	der Konsum , der Verbrauch 	el consumo	la consommation	il consumo	o consumo	el consum	konsumado	consumo										13
05108	Nouns	contradiction	der Widerspruch 	la contradicción	la contradiction	la contraddizione	a contradição	la contradicció (les contradiccions)	kontraŭdiro	contradiction	Das was du gerade sagst ist ein Widerspruch: Du warst im Geschäft und nicht im Büro, als ich dich angerufen habe.	Lo que estás diciendo es una contradicción: tu estabas en la tienda, no en la oficina, cuando te llamé.	Ce que tu es en train de dire est une contradiction: tu étais au magasin, pas au bureau, quand je t'avais appelé.	Quel che stai dicendo è una contraddizione: tu eri al negozio, non in ufficio, quando ti ho chiamato.	O que você está dizendo é uma contradição; você estava na loja, não no escritório, quando eu liguei para você.	What you're saying is a contradiction; you were at the store, not the office, when I had called you.	El que dius és una contradicció: estaves a la botiga, no a l'oficina, quan et vaig trucar.	Tio, kion vi diras, estas kontraŭdiro; vi estis en la vendejo, ne en la oficejo, kiam mi telefonis al vi.	Lo que tu dice es un contradiction: tu esseva in le magazin, non in le officio, quando io te telephonava.	13
05109	Nouns	correction	die Korrektur 	la corrección	la correction	la correzione	a correção	la correcció (les correccions)	korekto	correction	Nimm diese Korrektur vor, bevor du dieDissertationeinreichst.	Haz esta corrección antes de enviar tu redacción.	Faites cette correction avant de rendre votre dissertation.	Fai questa correzione prima di consegnare la tua tesi.	Faça esta correção antes de entregar seu trabalho.	Make this correction before you submit your paper.	Fes aquesta correcció abans de lliurar el teu treball.	Faru ĉi tiun korekton antaŭ ol vi submetas vian paperon.	Face iste correction ante que tu submitte tu redaction.	13
05110	Nouns	destination	das (Reise)ziel 	el destino	la destination	la destinazione	a destinação	la destinació (les destinacions)	destino	destination										13
05111	Nouns	chatter	das Geschwätz 	la charla	le bavardage	lo scambio di commenti	o bate-papo	la xerrameca, la garlada (les garlades)	babilado	garrulamento										13
05112	Nouns	distraction	die Ablenkung , der Zeitvertreib 	la distracción	la distraction	la distrazione, il diversivo	a distração	la distracció (les distraccions)	distraĵo	distraction										13
05113	Nouns	fabric	der Stoff 	la tela, el tejido	le tissu	il tessuto, la stoffa	o tecido, o material	el teixit (els teixits), la tela (les teles)	ŝtofo	tela										13
05114	Nouns	fatigue	die Müdigkeit 	la fatiga	la fatigue	la stanchezza	a fadiga	la fatiga, el cansament	laceco	fatiga										13
05115	Nouns	closure	die Schließung 	la clausura	la fermeture	la chiusura	o encerramento	el tancament (els tancaments), la clausura (les clausures)	fermo	clausura										13
05116	Nouns	glory	der Ruhm 	la gloria	la gloire	la gloria	a glória	la glòria	gloro	gloria										13
05117	Nouns	barn	die Scheune 	el granero	la grange	il fienile	o celeiro	el graner (els graners), la pallissa (les pallisses)	grenejo	granario										13
05118	Nouns	hurry	die Eile , die Hast 	la prisa	la hâte	la fretta	a pressa	la pressa	hasto	pressa										13
05119	Nouns	rent	die Miete 	el alquiler, la renta	le loyer	l'affitto	o aluguel	el lloguer (els lloguers)	luo	renta										13
05120	Nouns	logic	die Logik 	la lógica	la logique	la logica	a lógica	la lògica	logiko	logica										13
05121	Nouns	walking	das Gehen 	el caminar	la marche	il camminare	o andar, o caminhar	la caminada (les caminades), el fet de caminar	paŝado	ambulation										13
05122	Nouns	stair, step	die Treppenstufe 	el peldaño	la marche d'escalier 	lo scalino, la scala	o degrau da escada	l'esglaó (els esglaons), el graó (els graons)	ŝtupo	scalon										13
05123	Nouns	bride	die Braut 	la novia	la mariée	la sposa	a noiva	la núvia (casament) (les núvies)	fianĉino	sponsa										13
05124	Nouns	mechanics	die Mechanik 	la mecánica	la mécanique	la meccanica	a mecânica	la mecànica	mekaniko	mechanica										13
05125	Nouns	melody	die Melodie 	la melodía	la mélodie	la melodia	a melodia	la melodia (les melodies)	melodio	melodia										13
05126	Nouns	straw (to drink)	der Strohhalm 	la pajita (ES), la pajilla (AL), el pitillo (AL)	la paille (pour boire)	la cannuccia (per bere)	o canudo (para beber)	la canya (per beure) (les canyes)	trinkŝalmo	cannula										13
05127	Nouns	paperwork	der Papierkram 	el papeleo	la paperasse	le scartoffie	a papelada	la paperassa	paperlaboro	documentos	Hast du deinen Papierkram, wie zum Beispiel deine Steuererklärung, Personalausweis und Diplom?	¿Tienes tu papeleo, los módulos de las tasas, el documento de identidad y el diploma?	As-tu ta paperasse, comme tes déclarations d'impôts, documents d'identité et diplômes ?	Hai le tue scartoffie, tipo moduli delle tasse, documento di identità e diploma?	Você tem sua papelada, como sua declaração de imposto, sua identidade e seu diploma?	Do you have your paperwork, such as your tax forms, identification and diploma?	Tens la teva paperassa, com els formularis d'impostos, el document d'identitat i el diploma?	Ĉu vi havas vian paperlaboron, kiel impostformularojn, identigilon kaj diplomon?	Ha tu tu documentos, como tu formularios de impostos, documento de identitate e diploma?	13
05128	Nouns	handle	der Griff , die Klinke 	el mango (de la puerta)	la poignée (de porte)	la maniglia	a maçaneta	el mànec (els mànecs), la nansa (les nanses)	tenilo	manico										13
05129	Nouns	precaution	die Vorkehrung 	la precaución	la précaution	la precauzione	a precaução	la precaució (les precaucions)	antaŭzorgo	precaution										13
05130	Nouns	princess	die Prinzessin 	la princesa	la princesse	la principessa	a princesa	la princesa (les princeses)	princino	princessa										13
05131	Nouns	catch	der Fang 	la presa	la prise, le piège	la presa, il gancio	a armadilha	la presa (les preses), la trampa (les trampes)	kaptaĵo	prisa										13
05132	Nouns	promotion	die Promotion 	la promoción	la promotion	la promozione	a promoção	la promoció (les promocions)	promocio	promotion										13
05133	Nouns	proposition	der Vorschlag 	la propuesta	la proposition	la proposizione, la proposta	a proposta	la proposta (les propostes)	propono	proposition										13
05134	Nouns	ownership	der Besitz , das Eigentum 	la propiedad	la propriété	la proprietà	a propriedade, a posse	la propietat (les propietats)	posedo	proprietate										13
05135	Nouns	caution	die Vorsicht 	la prudencia	la prudence	l'attenzione, la prudenza	a prudência	la prudència, la cautela	singardo	prudentia										13
05136	Nouns	discount	der Rabatt ; der Preisnachlass 	el descuento	la réduction	lo sconto	a redução, o desconto	el descompte (els descomptes)	rabato	disconto										13
05137	Nouns	repair	die Reparatur 	la reparación	la réparation	la riparazione	a reparação	la reparació (les reparacions)	riparo	reparation										13
05138	Nouns	gown	die Robe 	el traje	la robe	l'abito	o vestido (de festa)	el vestit de gala (els vestits de gala)	robo	roba										13
05139	Nouns	rose	die Rose 	la rosa	la rose	la rosa	a rosa	la rosa (les roses)	rozo	rosa										13
05140	Nouns	satisfaction	die Zufriedenheit 	la satisfacción	la satisfaction	la soddisfazione	a satisfação	la satisfacció	kontentigo	satisfaction										13
05141	Nouns	similarity	die Ähnlichkeit , die Parallele 	la similitud	la similarité	la somiglianza	a similaridade	la semblança (les semblances), la similitud (les similituds)	simileco	similitude										13
05142	Nouns	tolerance	die Toleranz 	la tolerancia	la tolérance	la tolleranza	a tolerância	la tolerància	toleremo	tolerantia										13
05143	Nouns	steam	der Dampf 	el vapor	la vapeur	il vapore	o vapor	el vapor (els vapors)	vaporo	vapor										13
05144	Nouns	bath	das Bad 	el baño	le bain	la vasca, il bagno	o banho	el bany (els banys)	bano	banio										13
05145	Nouns	well-being	das Wohlbefinden , das Wohlergehen 	el bienestar	le bien être	il benessere	o bem-estar	el benestar	bonfarto	benesser										13
05146	Nouns	bowl	die Schale 	el bol, el tazón	le bol	la scodella, la tazza	a tigela	el bol (els bols), el plat fondo (els plats fondos)	bovlo	scutella										13
05147	Nouns	voucher	der Gutschein 	el cupón	le bon (d'échange)	il buono sconto	o vale, o comprovante	el val (els vals), el cupó (els cupons)	kupono	coupon										13
05148	Nouns	butt	der Hintern 	la nalga, el trasero	le derrière	il culo, il sedere	a bunda	el cul	pugo	natica										13
05149	Nouns	patent	das Patent 	la patente (ES), el patente (AL)	le brevet d'invention	il brevetto	a patente	la patent (les patents)	patento	patente	Ich habe vor, ihn gerichtlich zu verklagen: Ich hatte ein Patent für dieses Objekt , bevor er sich dazu entschloss, es zu produzieren und zu vermarkten.	Tengo la intención de llevarlo a juicio; yo tenía una patente para eso antes de que él decidiera fabricarlo y distribuirlo.	J'ai l'intention de le poursuivre: j'avais un brevet pour cet objet avant qu'il ne décide de le produire et de le distribuer.	Ho intenzione di fargli causa: avevo un brevetto per quell'oggetto prima che lui decidesse di produrlo e distribuirlo.	Eu tenho a intenção de processá-lo; eu tinha uma patente para esse item antes de ele decidir fazer e distribuir isso.	I intend to sue him; I had a patent for that item before he decided to make and distribute it.	Tinc la intenció de demandar-lo; jo tenia una patent per a aquest article abans que ell decidís fabricar-lo i distribuir-lo.	Mi intencas procesi lin; mi havis patenton por tiu objekto antaŭ ol li decidis fari kaj distribui ĝin.	Io intende citar le in judicio; io habeva un patente pro ille articulo ante que ille decideva fabricar lo e distribuer lo.	13
05150	Nouns	capitalism	der Kapitalismus 	el capitalismo	le capitalisme	il capitalismo	o capitalismo	el capitalisme	kapitalismo	capitalismo	Berücksichtigt man die vielen geschäftlichen Vorschriften, behaupten einige, dass Amerika sich dem Kapitalismus abgewendet hat.	Tomando en consideración las numerosas regulaciones de los negocios, algunos sostienen que América ha abandonado el capitalismo	En tenant compte des nombreuses réglementations commerciales, certains estiment que l'Amérique a abandonné le capitalisme.	Prendendo in considerazione le numerose regolamentazioninegli affari, alcuni sostengono che l'America ha abbandonato il capitalismo.	Tendo em vista as inúmeras regulamentações comerciais, alguns argumentam que os Estados Unidos abandonaram o capitalismo.	Taking into account the numerous business regulations, some argue that America has abandoned capitalism.	Tenint en compte les nombroses regulacions comercials, alguns sostenen que Amèrica ha abandonat el capitalisme.	Konsiderante la multajn komercajn regulojn, iuj argumentas, ke Usono forlasis la kapitalismon.	Prendente in consideration le numerose regulamentos commercial, alcunes sustene que America ha abandonate le capitalismo.	13
05151	Nouns	helmet	der Helm 	el casco	le casque	il casco	o capacete	el casc (els cascos)	kasko	casco										13
05152	Nouns	hunter	der Jäger 	el(la) cazador(a)	le chasseur	il cacciatore	o(a) caçador(a)	el caçador (els caçadors), la caçadora (les caçadores)	ĉasisto	chassator										13
05153	Nouns	puppy	der Welpe 	el cachorro	le chiot	il cucciolo	o filhote de cachorro	el cadell (els cadells)	hundido	canino										13
05154	Nouns	cigar	die Zigarre 	el cigarro	le cigare	il sigaro	o charuto	el cigal (els cigals), el puro (els puros)	cigaro	cigarro										13
05155	Nouns	cemetery	der Friedhof 	el cementerio	le cimetière	il cimitero	o cemitério	el cementiri (els cementiris)	tombejo	cemeterio										13
05156	Nouns	circuit	der Kreis , der Rundgang 	el circuito	le circuit	il circuito	o circuito	el circuit (els circuits)	cirkvito	circuito										13
05157	Nouns	ranking	das Ranking , die Klassifizierung 	el ranking, la clasificación	le classement	la classifica	a classificação, o ranking	la classificació (les classificacions), el rànquing (els rànquings)	rangotabelo	classification										13
05158	Nouns	cloning	das Klonen 	la clonación	le clonage	la clonazione	a clonagem	la clonació	klonado	clonation										13
05159	Nouns	coworker	der Kollege, die Kollegin 	el(la) compañero(a) de trabajo	le coéquipier	il collega	o colega de trabalho	el company (els companys) de feina, la companya (les companyes) de feina	kunlaboranto	collega de labor	Ich mag die meisten meiner Kollegen, aber ich hasse es, mit Cathy zusammenzuarbeiten.	Me gustan la mayoría de mis compañeros, pero odio trabajar con Cathy.	J'apprécie la plupart de mes coéquipiers, mais je deteste travailler avec Cathy.	Mi piacciono la maggior parte dei miei colleghi, ma odio lavorare con Cathy.	Eu gosto da maioria de meus colegas de trabalho, mas eu odeio trabalhar com Cathy.	I like most of my coworkers, but I hate working with Cathy.	M'agraden la majoria dels meus companys de feina, però odio treballar amb la Cathy.	Mi ŝatas la plej multajn el miaj kunlaborantoj, sed mi malamas labori kun Cathy.	Io apprecia le majoritate de mi collegas de labor, sed io odia laborar con Cathy.	13
05160	Nouns	cocktail	der Cocktail 	el coctél	le cocktail	il cocktail	o coquetel	el còctel (els còctels)	koktelo	cocktail										13
05161	Nouns	collector	der Sammler 	el(la) coleccionista	le collectionneur	il collezionista	o(a) colecionador(a)	el col·leccionista (els col·leccionistes), la col·leccionista (les col·leccionistes)	kolektisto	collector										13
05162	Nouns	commentary	der Kommentar 	el comentario	le commentaire	la radio/telecronaca, il commento	o comentário	el comentari (els comentaris)	komentario	commentario										13
05163	Nouns	companion	der Begleiter , der Gefährte 	el(la) compañero(a)	le compagnon	il compagno	o(a) companheiro(a)	el company (els companys), la companya (les companyes)	akompananto	companion										13
05164	Nouns	container	der Container , der Behälter 	el contenedor	le container	il contenitore, il container 	o contêiner	el contenidor (els contenidors)	ujo	container										13
05165	Nouns	gunshot	der Schuss 	el tiro	le coup de feu	lo sparo	o tiro	el tret (els trets), el tret d'arma de foc (els trets d'arma de foc)	pafo	tiro										13
05166	Nouns	pencil	der (Blei)Stift 	el lápiz	le crayon	la matita	o lápis	el llapis (els llapis)	krajono	crayon										13
05167	Nouns	creator	der Schöpfer 	el(la) creador(a)	le créateur	il creatore (creatrice)	o(a) criador(a)	el creador (els creadors), la creadora (les creadores)	kreinto	creator	Er ist der Schöpfer dieser Aufführung und ich bin der Produzent.	Él es el creador del espectáculo y yo soy su productor.	Lui est le créateur du spectacle et moi, j'en suis le producteur.	Lui è il creatore dello show e io sono il suo produttore.	Ele é o criador do show, e eu sou seu produtor.	He's the creator of the show, and I'm its producer.	Ell és el creador de l'espectacle i jo en sóc el productor.	Li estas la kreinto de la spektaklo, kaj mi estas ĝia produktanto.	Ille es le creator del spectaculo, e io es su productor.	13
05168	Nouns	debut, beginning	der Anfang , der Beginn 	el debut	le début	il debutto, l'esordio	o começo	el debut (els debuts), l'inici (els inicis)	debuto	debut										13
05169	Nouns	disc	die CD , die Scheibe 	el disco	le disque	il disco	o disco	el disc (els discs)	disko	disco										13
05170	Nouns	dime	der Dime , das Zehncentstück 	la moneda de diez centavos	le dixième de dollar	il centesimo (moneta)	a moeda de dez centavos	la moneda de deu cèntims (les monedes)	dajmo	moneta de dece centesimos										13
05171	Nouns	fax	das Fax 	el fax	le fax	il fax	o fax	el fax (els faxs)	fakso	fax										13
05172	Nouns	thrill	der Nervenkitzel 	la emoción fuerte, la sensación intensa	le frisson, des sensations fortes	il brivido	a emoção intensa, o frisson	l'emoció forta (les emocions fortes), l'adrenalina	ekscito	tremor	Fallschirmspringen ist ein richtiger Nervenkitzel! 	¡Hacer paracaidismo es una emoción muy fuerte! 	Faire du parachutisme donne des sensations fortes ! 	Fare skydiving mi dà proprio un brivido! 	Saltar de paraquedas é emocionante!	Skydiving is such a thrill! 	El paracaigudisme és una emoció molt forta!	Paraŝutado estas tia ekscito!	Facer paracaditismo es un tal tremor!	13
05173	Nouns	lap (race)	die Runde  (bei einem Rennen)	la vuelta (circuito)	le tour (de piste)	il giro (di pista)	a volta (de uma pista)	la volta (cursa) (les voltes)	rondiro (vetkuro)	giro	Dies ist die letzte Runde des Rennens. 	Es la última vuelta de la carrera. 	C'est le dernier tour de la course 	È l'ultimo giro della gara	É a última volta da corrida 	It's the last lap of the race 	És l'última volta de la cursa.	Estas la lasta rondiro de la vetkuro.	Il es le ultime giro del cursa.	13
05174	Nouns	warrior	der Krieger 	el(la) guerrero(a)	le guerrier	il guerriero	o(a) guerreiro(a)	el guerrer (els guerrers), la guerrera (les guerreres)	militisto	guerrero										13
05175	Nouns	bump	der dumpfe Schlag 	el golpe	le heurt	la botta, il bozzo	o confronto, a colisão	el cop (els cops), la topada (les topades)	frapo	colpo										13
05176	Nouns	wolf [plur. wolves]	der Wolf 	el(la) lobo(a)	le loup	il lupo	o(a) lobo(a)	el llop (els llops), la lloba (les llobes)	lupo	lupo										13
05177	Nouns	mattress	die Matratze 	el colchón	le matelas	il materasso	o colchão	el matalàs (els matalassos)	matraco	matras										13
05178	Nouns	maximum	das Maximum 	el(la) máximo(a)	le maximum	il massimo	o(a) máximo(a)	el màxim (els màxims)	maksimumo	maximo										13
05179	Nouns	motel	das Motel 	el motel	le motel	il motel	o motel	el motel (els motels)	motelo	motel										13
05180	Nouns	mill	die Mühle 	el molino	le moulin	il mulino	o moinho	el molí (els molins)	muelejo	molino										13
05181	Nouns	mosquito	die Mücke 	el mosquito	le moustique	la zanzara	o mosquito	el mosquit (els mosquits)	moskito	mosquito										13
05182	Nouns	medium	das Mittel 	el(la) medio(a)	le moyen	il mezzo	o(a) médio(a)	el mitjà (els mitjans), el medi (els medis)	meza, mediumo	medio										13
05183	Nouns	haven	(der) Unterstand 	el refugio	l'abri , le refuge	il rifugio, il riparo	o abrigo, o refúgio	el refugi (els refugis), el recer (els recers)	rifuĝejo	refugio										13
05184	Nouns	fisherman	der Fischer 	el(la) pescador(a)	le pêcheur	il pescatore	o(a) pescador(a)	el pescador (els pescadors), la pescadora (les pescadores)	fiŝkaptisto	piscator										13
05185	Nouns	ghost	der Geist , das Gespenst 	el fantasma	le fantôme	il fantasma	o fantasma	el fantasma (els fantasmes)	fantomo	phantasma										13
05186	Nouns	trap	die Falle 	la trampa	le piège	la trappola	a cilada	la trampa (les trampes), el parany (els paranys)	kaptilo	trappa										13
05187	Nouns	dot	der Punkt  (Zeichen)	el punto (símbolo)	le point (symbole)	il punto (simbolo)	o ponto (símbolo)	el punt (símbol) (els punts)	punkto (simbolo)	puncto										13
05188	Nouns	prince	der Prinz 	el príncipe	le prince	il principe	o príncipe	el príncep (els prínceps)	princo	principe										13
05189	Nouns	recall	die Mahnung , die Erinnerung 	el recordatorio	le rappel	il richiamo	a recordação	el recordatori (els recordatoris), l'avís (els avisos)	retelefono	rememoration										13
05190	Nouns	kidney	die Niere 	el riñón	le rein	il rene	o rim	el ronyó (els ronyons)	reno	ren										13
05191	Nouns	comeback	das Comeback 	el retorno	le retour	il ritorno	a volta, o regresso	el retorn (els retorns), la reaparició (les reaparicions)	reveno	retorno										13
05192	Nouns	venue	der Veranstaltungsort 	el lugar (de un evento)	le lieu (d'un événement)	il luogo (di un evento)	o local (de um evento)	el lloc (d'un esdeveniment) (els llocs)	ejo	loco										13
05193	Nouns	curtain	der Vorhang 	la cortina	le rideau	la tenda	a cortina	la cortina (les cortines)	kurteno	cortina										13
05194	Nouns	roller	die Rolle , die Walze 	el rollo	le rouleau	il rullo	o rolo	el corró (els corrons), el rodet (els rodets)	rulilo	rolo										13
05195	Nouns	monkey	der Affe 	el mono	le singe	la scimmia	o(a) macaco(a)	el mico (els micos), la mona (les mones)	simio	simia										13
05196	Nouns	fare, tariff	der (Fahr)preis 	la tarifa, el precio	le tarif, le prix	la tariffa, il prezzo	a tarifa, o preço	la tarifa (les tarifes), el preu (els preus)	biletprezo	tarifa										13
05197	Nouns	taxi	das Taxi 	el taxi	le taxi	il taxi	o táxi	el taxi (els taxis)	taksio	taxi										13
05198	Nouns	temple	der Tempel 	el templo	le temple	il tempio	o templo	el temple (els temples)	templo	templo										13
05199	Nouns	tourism	der Tourismus 	el turismo	le tourisme	il turismo	o turismo	el turisme	turismo	tourismo										13
05200	Nouns	transit	die Fahrt , der Transit 	el tránsito	le transit	il transito	o trânsito	el trànsit	transito	transito	Glaubst du, dass die Fahrt im Auto günstiger als der Zug ist?	¿Crees que el tránsito en carretera es más económico que el tren?	Penses-tu que le transit routier est plus économique que le ferroviaire ?	Pensi che il transito stradale sia meno caro di quello ferroviario?	Você acha que o trânsito rodoviário é mais econômico que o ferroviário?	Do you think that road transit is cheaper than rail?	Creus que el trànsit per carretera és més econòmic que el ferroviari?	Ĉu vi pensas, ke voja transito estas pli malmultekosta ol fervoja?	Pensa tu que le transito per strata es plus economic que le ferrovia?	13
05201	Nouns	sidewalk (US), pavement (UK)	der Gehweg , der Bürgersteig 	la acera, el andén	le trottoir	il marciapiede	a calçada	la vorera (les voreres)	trotuaro	trottoir										13
05202	Nouns	turmoil	der Tumult , die Aufruhr 	la confusión	le trouble, le bouleversement	la confusione, il tumulto	o tumulto	el tumult (els tumults), la confusió	tumulto	confusion										13
05203	Nouns	seller	der Verkäufer 	el vendedor	le vendeur	il venditore	o vendedor	el venedor (els venedors), la venedora (les venedores)	vendisto	venditor										13
05204	Nouns	theft	der Diebstahl 	el robo	le vol (voler quelque chose)	il furto	o roubo	el robatori (els robatoris), el furt (els furts)	ŝtelo	furto	Das Stehlen von Eigentum wird als Diebstahl angesehen und kann auf eine lange Haftstrafe hinauslaufen. 	El robo de propiedad es considerado hurto y puede llevar una prolongada pena de prisión.	Dérober des biens est considéré comme du vol et peut conduire à une longue peine de prison.	Rubare beni è considerato furto e può portare a una lunga condanna in prigione. 	O furto de bens é considerado roubo e pode acarretar uma sentença de prisão longa	Stealing property is considered theft and can carry a lengthy jail sentence.	El robatori de propietats es considera furt i pot comportar una llarga pena de presó.	Ŝtelo de posedaĵo estas konsiderata ŝtelo kaj povas kunporti longan malliberecan punon.	Furar proprietate es considerate furto e pote comportar un longe pena de prision.	13
05205	Nouns	traveler	der Reisende 	el(la) viajero(a)	le voyageur	il viaggiatore	o(a) viajante	el viatger (els viatgers), la viatgera (les viatgeres)	vojaĝanto	viagiator										13
05206	Nouns	wrongdoing	das Vergehen , schlechtes Verhalten 	la acción incorrecta	les méfaits	la malefatta, il misfatto	a irregularidade	l'acte indegut (els actes indeguts), la malifeta (les malifetes)	malfarado	action incorrecte	Diebstahl, Vandalismus, Unehrlichkeit oder jegliches andere schlechte Verhalten sind in dieser Stadt nicht erlaubt.	El robo, el vandalismo, la deshonestidad y cualquier otra acción incorrecta no serán permitidos en esta ciudad.	Le vol, le vandalisme, la malhonnêteté ou n'importe quel autre méfait ne seront pas permis dans cette ville.	Furto, vandalismo, disonestà o ogni altra malefatta non saranno permessi in questa città.	Roubo, vandalismo, desonestidade ou qualquer outra irregularidade não será permitida nesta cidade.	Theft, vandalism, dishonesty or any other wrongdoing will not be allowed in this city.	El robatori, el vandalisme, la deshonestedat o qualsevol altre acte indegut no seran permesos en aquesta ciutat.	Ŝtelo, vandalismo, malhonesteco aŭ ajna alia malfarado ne estos permesitaj en ĉi tiu urbo.	Furto, vandalismo, dishonestate o qualcunque altere action incorrecte non essera permittite in iste citate.	13
05207	Nouns	remains	die Reste, die Überreste	los restos	les restes	i resti, gli avanzi	os restos	les restes	restaĵoj	restos										13
05208	Nouns	fly (insect)	die Fliege 	la mosca	la mouche	la mosca	a mosca	la mosca (les mosques)	muŝo	musca										13
05209	Nouns	breakdown (machine failure) 	die Panne , der Defekt 	la avería	la panne	il guasto, la panne (della macchina) 	a pane	l'avaria (fallada de màquina) (les avaries)	paneo (maŝino)	avaria										13
05210	Nouns	lap (knees)	der Schoß 	el regazo (ES) / las rodillas (AL)	les genoux	le ginocchia	o colo (sobre os joelhos)	la falda	sino	gremio	Das Kind saß auf dem Schoß seiner Mutter	El niño estaba sentado en el regazo de su madre.	L'enfant était assis sur les genoux de sa mère	Il bambino sedeva sulle ginocchia di sua madre.	A criança sentou no colo da mãe	The child sat on his mother's lap	El nen estava assegut a la falda de la seva mare.	La infano sidis sur la sino de sia patrino.	Le infante sedeva in le gremio de su matre.	13
05211	Adjectives	unfair	unfair	injusto(a)	déloyal(e), injuste	ingiusto(a), sleale	desleal, injusto(a)	injust(a)	maljusta	injuste										13
05212	Adjectives	round	rund	redondo(a)	rond(e)	tondo(a), rotondo(a)	redondo(a)	rodó(na)	ronda	rotunde										13
05213	Adjectives	uncomfortable	unbequem	incómodo(a)	inconfortable	scomodo(a), spiacevole	desconfortável	incòmode(a)	malkomforta	incommode										13
05214	Adjectives	promising	vielversprechend	prometedor(a)	prometteur , prometteuse 	promettente	promissor(a)	prometedor(a)	promesplena	promittente										13
05215	Adjectives	affordable	erschwinglich	asequible	abordable	abbordabile, accessibile (di prezzo)	acessível, barato(a)	assequible	pagebla	accessibile										13
05216	Adjectives	accessible	zugänglich	accesible	accessible	accessibile	acessível	accessible	alirebla	accessibile										13
05217	Adjectives	beloved	geliebt	amado(a)	aimé(e)	amato(a)	amado(a)	estimat(ada), estimat(ada)	amata	amate										13
05218	Adjectives	artificial	künstlich	artificial	artificiel(le)	artificiale	artificial	artificial	artefarita	artificial										13
05219	Adjectives	expected	erwartet	esperado(a)	attendu(e)	atteso(a)	esperado(a)	esperat(ada)	atendata	expectate										13
05220	Adjectives	contrary	gegenteilig, entgegengesetzt	contrario(a)	contraire	contrario(a)	contrário(a)	contrari(ària)	kontraŭa	contrari										13
05221	Adjectives	injured	verletzt	herido(a), lesionado(a)	blessé(e)	ferito(a)	ferido(a)	ferit(ida), lesionat(ada)	vundita	vulnerate										13
05222	Adjectives	catastrophic	katastrophal	catastrófico(a)	catastrophique	catastrofico(a)	catastrófico(a)	catastròfic(a)	katastrofa	catastrophic										13
05223	Adjectives	fancy	schick, ausgefallen	adornado(a)	chic, sophistiqué	stravagante, elegante	chique, sofisticado(a)	elegant, sofisticat(ada)	ŝika	ornate										13
05224	Adjectives	comic	komisch; lustig	cómico(a)	comique	comico(a)	cômico(a)	còmic(a)	komika	comic										13
05225	Adjectives	damn	verdammt	maldito(a), puñetero(a)	damné(e), fichu(e)	dannato(a), maledetto(a)	maldito(a)	maledicció(ta)	damnita	damnate										13
05226	Adjectives	convincing	überzeugend	convincente	convaincant(e)	convincente	convincente	convincent	konvinka	convincente										13
05227	Adjectives	fearful	ängstlich	temeroso(a)	craintif, craintive	pauroso(a), spaventoso(a)	temeroso(a)	temorós(osa)	timema	timorose										13
05228	Adjectives	crude	roh	ordinario, grosero	cru(e), vulgaire	rozzo(a), volgare	cru(a)	cru(a), vulgar	kruda	crude										13
05229	Adjectives	wooden	hölzern	de madera	de bois	di legno	de madeira	de fusta	ligna	de ligno										13
05230	Adjectives	disappointing	enttäuschend	decepcionante	décevant(e)	deludente	decepcionante	decebedor(a)	seniluziiga	disappunctante	Unser Team mit 20 Punkten verlieren zu sehen war gelinde gesagt enttäuschend.	Ver a nuestro equipo perder por 20 puntos fue decepcionante	Voir notre équipe perdre de 20 points était pour le moins décevant.	Vedere la nostra squadra perdere per 20 punti è stato deludente, a dir poco.	Ver nossa equipe perder de 20 pontos foi, no mínimo, decepcionante.	To say the least, seeing our team lose by 20 points was disappointing.	Veure el nostre equip perdre per 20 punts va ser, si més no, decebedor.	Vidi nian teamon perdi je 20 poentoj estis, por diri la malplej, seniluziiga.	Pro dicer le minimo, vider nostre equipa perder per 20 punctos esseva disappunctante.	13
05231	Adjectives	decisive	ausschlaggebend, entscheidend	decisivo(a)	décisif, décisive	decisivo(a), risoluto(a)	decisivo(a)	decisiu(iva)	decida	decisive										13
05232	Adjectives	tricky	heikel, knifflig	complicado(a)	délicat(e), difficile	difficile, complicato(a)	complicado(a)	complicat(ada), difícil	ruzega	complicate										13
05233	Adjectives	destructive	zerstörerisch	destructivo(a)	destructif, destructive	distruttivo(a)	destrutivo(a)	destructiu(iva)	detrua	destructive										13
05234	Adjectives	determined	entschlossen	determinado(a)	déterminé(e)	determinato(a)	determinado(a)	determinat(ada), decidit(ida)	determinita	determinate										13
05235	Adjectives	distant	distanziert	distante, lejano(a)	distant(e)	distante	distante	distant, llunyà(ana)	distanca	distante										13
05236	Adjectives	dominant	dominant	dominante	dominant(e)	dominante	dominante	dominant	domina	dominante										13
05237	Adjectives	mild	mild	blando(a), suave	doux, douce	mite, delicato(a)	ameno(a)	suau, temperat(ada)	milda	suave										13
05238	Adjectives	dynamic	dynamisch	dinámico(a)	dynamique	dinamico(a)	dinâmico(a)	dinàmic(a)	dinamika	dynamic										13
05239	Adjectives	electrical	elektrisch	eléctrico(a)	électrique	elettrico(a)	elétrico(a)	elèctric(a)	elektra	electric										13
05240	Adjectives	crowded	überfüllt	abarrotado(a)	encombré(e)	affollato(a)	lotado(a)	ple(na) de gent, abarrotat(ada)	homplena	plenissime										13
05241	Adjectives	enthusiastic	enthusiastisch	entusiasta	enthousiaste	entusiasta	entusiasta	entusiasta	entuziasma	enthusiastic										13
05242	Adjectives	attempted	versucht	tentativo(a), intentado	essayé(e)	tentato(a)	tentativa (de)	intentat(ada)	provita	intentate										13
05243	Adjectives	excessive	exzessiv	excesivo(a)	excessif, excessive	eccessivo(a)	excessivo(a)	excessiu(iva)	troa	excessive										13
05244	Adjectives	exotic	exotisch	exótico(a)	exotique	esotico(a)	exótico(a)	exòtic(a)	ekzotika	exotic										13
05245	Adjectives	experienced	erfahren	experimentado(a), experto en	expérimenté(e)	esperto(a)	experiente	experimentat(ada), expert(a)	sperta	experimentate										13
05246	Adjectives	outer	äußere, äußerlich	exterior	extérieur(e)	esteriore	exterior	exterior	ekstera	exterior										13
05247	Adjectives	favorable (US), favourable (UK)	günstig	favorable	favorable	favorevole	favorável	favorable	favora	favorabile										13
05248	Adjectives	faithful	treu	fiel	fidèle	fedele	fiel	fidel	fidela	fidel										13
05249	Adjectives	flexible	flexibel	flexible	flexible	flessibile	flexível	flexible	fleksebla	flexibile										13
05250	Adjectives	fragile	zerbrechlich, empfindlich	frágil	fragile	fragile	frágil	fràgil	rompiĝema	fragile										13
05251	Adjectives	frank, outspoken	offen, aufrichtig	franco(a)	franc, franche	franco(a), sincero(a)	franco(a), sincero(a)	franc(a), sincer(a)	rekta	franco										13
05252	Adjectives	frequent	häufig	frecuente	fréquent(e)	frequente	frequente	freqüent	ofta	frequente										13
05253	Adjectives	frustrated	frustriert	frustrado(a)	frustré(e)	frustrato(a)	frustrado(a)	frustrat(ada)	frustrita	frustrate										13
05254	Adjectives	frozen	vereist, (ein)gefroren	congelado(a)	gelé(e)	congelato(a)	congelado(a)	congelat(ada)	frostigita	congelate										13
05255	Adjectives	horrific	entsetzlich	horrible	horrifique	spaventoso(a)	horrível, horrendo(a)	horrorós(osa)	terura	horribile										13
05256	Adjectives	uncertain	unsicher	incierto(a)	incertain(ne)	incerto(a)	incerto(a)	incert(a)	necerta	incerte										13
05257	Adjectives	incorrect	nicht korrekt	incorrecto(a)	incorrect(e)	errato(a), scorretto(a)	incorreto(a)	incorrecte(a)	malĝusta	incorrecte										13
05258	Adjectives	intact	intakt	intacto(a)	intact(e)	intatto(a)	intacto(a)	intacte(a)	netuŝita	intacte										13
05259	Adjectives	unnecessary, useless	unnötig, überflüssig	innecesario(a)	inutile	inutile	inútil, desnecessário	innecessari(ària), inútil	nenecesa	non necessari, inutile										13
05260	Adjectives	jealous	neidisch, eifersüchtig	celoso(a)	jaloux, jalouse	geloso(a), invidioso(a)	ciumento(a)	gelós(osa)	ĵaluza	jelose										13
05261	Adjectives	Merry (Christmas)	Fröhlich(e) (Weihnachten)	Feliz (Navidad)	Joyeux (Noël...)	Buon(a) (Natale, Pasqua...)	Feliz (Natal...)	Bon (Nadal)	Gajan (Kristnaskon)	felice										13
05262	Adjectives	logical	logisch	lógico(a)	logique	logico(a)	lógico(a)	lògic(a)	logika	logic										13
05263	Adjectives	awkward	ungeschickt	torpe	maladroit(e), étrange, gênant	imbarazzante, maldestro	desajeitado(a)	maldestre(a), incòmode(a)	mallerta	inhabile										13
05264	Adjectives	spoken	gesprochen	hablado(a)	parlé(e)	parlato(a)	falado(a)	parlat(ada)	parolata	parlate										13
05265	Adjectives	polite	höflich	educado(a)	poli(e)	educato(a)	educado(a)	educat(ada)	ĝentila	polite										13
05266	Adjectives	postal	Post-	postal	postal(e)	postale	postal	postal	poŝta	postal										13
05267	Adjectives	precise, accurate	präzise, akkurat	exacto(a), preciso(a)	précis(e)	preciso(a), accurato(a)	preciso(a), acurado(a)	precís(isa), exacte(a)	preciza	exacte, precise										13
05268	Adjectives	prepared	vorbereitet	preparado(a)	préparé(e)	preparato(a), pronto(a)	preparado(a)	preparat(ada)	preta	preparate	Er war für seine Reise gut vorbereitet und hat zu Hause nichts vergessen. 	Él estaba muy bien preparado para su viaje y no dejó nada en casa.	Il était bien préparé pour son voyage et n'avait rien laissé à la maison.	Lui era molto preparato per il suo viaggio e non ha lasciato niente a casa.	Ele estava muito preparado para sua viagem e não deixou nada em casa.	He was very prepared for his journey and didn't leave anything at home.	Estava molt ben preparat per al seu viatge i no es va deixar res a casa.	Li estis tre preta por sia vojaĝo kaj nenion lasis hejme.	Ille esseva multo ben preparate pro su viage e non lassava nihil a casa.	13
05269	Adjectives	foremost	Haupt-, hauptsächlich	principal	principal(e)	più importante, principale	principal, mais importante	principal, primordial	ĉefa	principal	Ihre erste und Hauptsorge ist dieses Zimmer sauber zu machen!	¡Tu primera y principal preocupación es ordenar este cuarto!	Votre première et principale préoccupation est de nettoyer cette pièce!	La tua prima e più importante preoccupazione è pulire la tua stanza!	Sua primeira e principal preocupação é limpar este quarto! 	Your first and foremost concern is getting this room cleaned up!	La teva primera i principal preocupació és netejar aquesta habitació!	Via unua kaj ĉefa zorgo estas purigi ĉi tiun ĉambron!	Tu prime e principal preoccupation es poner iste camera in ordine!	13
05270	Adjectives	profitable	profitabel	rentable	rentable	remunerativo(a), fruttuoso(a)	rentável	rendible, profitós(osa)	profita	profitabile										13
05271	Adjectives	progressive	fortschreitend, schrittweise, progressiv	progresivo(a)	progressif, progressive	progressivo(a)	progressivo(a), gradual	progressiu(iva), gradual	progresema	progressive	Es war eine schrittweise Veränderung, aber wir sind schließlich da angelangt, wo wir hin sollten 	Ha sido un cambio progresivo, pero al final hemos llegado a donde teníamos que estar	C'était un changement progressif, mais nous sommes finalement arrivés où nous avions besoin d'être	Èstato un cambiamento progressivo, ma alla fine siamo arrivati dove avevamo bisogno di essere	Foi uma mudança gradual, mas nós finalmente chegamos aonde precisávamos	It was a progressive change, but we finally reached where we needed to be	Va ser un canvi progressiu, però finalment vam arribar on havíem d'estar.	Ĝi estis progresema ŝanĝo, sed ni fine atingis kien ni bezonis esti.	Illo esseva un cambio progressive, ma al fin nos arrivava ubi nos debeva esser.	13
05272	Adjectives	extended	verlängert, erweitert	prolongado(a)	prolongé(e)	esteso(a), prolungato(a)	prolongado(a), estendido(a)	prolongat(ada), estès(esa)	plilongigita	prolongate	Ich habe den Leasingvertrag für mein Auto um 3 Monate verlängert.	Prolonguéel alquiler de mi coche tres meses.	J'ai prolongé le bail de ma voiture pour trois mois.	Ho prolungato il noleggio della mia auto per tre mesi.	Eu estendi a locação no meu carro por três meses.	I extended the lease on my car for three months.	Vaig prolongar el contracte de lloguer del meu cotxe tres mesos.	Mi plilongigis la luon de mia aŭto por tri monatoj.	Io prolongava le location de mi automobile pro tres menses.	13
05273	Adjectives	pure, sheer	rein, pur	puro(a)	pur(e)	puro(a), assoluto(a)	puro(a), imaculado(a)	pur(a)	pura	pur										13
05274	Adjectives	thankful	dankbar	agradecido(a)	reconnaissant(e)	grato(a), riconoscente	agradecido(a)	agraït(ïda)	dankema	grate										13
05275	Adjectives	sacred	heilig	sagrado(a)	sacré(e)	sacro(a)	sagrado(a)	sagrat(ada)	sankta	sacre										13
05276	Adjectives	unemployed	arbeitslos	desempleado(a)	sans-emploi	disoccupato(a)	desempregado(a)	aturat(ada), desocupat(ada)	senlabora	disoccupate	Ich bin im Moment arbeitslos, aber nächsten Montag habe ich ein Vorstellungsgespräch.	En este momento estoy desempleado, pero el próximo lunes tengo una entrevista de trabajo.	Je suis sans-emploi pour le moment, mais j'ai un entretien d'embauche lundi prochain.	Al momento sono disoccupato ma ho un colloquio di lavoro lunedì prossimo.	Eu estou desempregado agora, mas eu tenho uma entrevista de emprego na próxima segunda.	I'm unemployed as of now, but I have a job interview next Monday.	Estic a l'atur de moment, però dilluns que ve tinc una entrevista de feina.	Mi estas senlabora nun, sed mi havas laborintervjuon venontlunde.	Io es disoccupate actualmente, ma io ha un interview de empleo le proxime lunedi.	13
05277	Adjectives	satisfied	zufrieden	satisfecho(a)	satisfait(e)	soddisfatto(a)	satisfeito(a)	satisfet(a)	kontenta	satisfacite										13
05278	Adjectives	grim	düster	triste, desalentador	sinistre, peu réjouissant(e)	sinistro(a), desolato(a), orrendo(a)	sinistro(a)	ombrívol(a), desolador(a)	malgaja	triste										13
05279	Adjectives	astonishing	verblüffend	extraordinario	stupéfiant(e)	stupefacente	extraordinário(a)	sorprenent, extraordinari(ària)	mirinda	extraordinari										13
05280	Adjectives	superior	übergeordnet, erstklassig	superior	supérieur(e)	superiore	superior	superior	supera	superior										13
05281	Adjectives	troubling	beunruhigend, bedrohlich	inquietante	troublant(e)	preoccupante	perturbador(a)	preocupant, inquietant	maltrankviliga	inquietante										13
05282	Adjectives	vocal	Stimm-	vocal	vocal(e)	vocale	vocal	vocal	voĉa	vocal										13
05283	Adjectives	similar	ähnlich	similar, parecido	similaire	simile	similar, parecido	similar, semblant	simila	similar										13
05284	Adverbs	besides	außerdem	además	en plus, de plus	inoltre, per di più	além de, ademais	a més	krome	in ultra										13
05285	Adverbs	aggressively	aggressiv, angriffslustig	agresivamente	agressivement	aggressivamente	agressivamente	agressivament	agreseme	aggressivemente										13
05286	Adverbs	genuinely	echt, aufrichtig	genuinamente	authentiquement, sincèrement	genuinamente	genuinamente	genuïnament, de veritat	vere	genuinemente										13
05287	Adverbs	low	niedrig	bajo	bas	in basso	baixo	baix	malalte	basso										13
05288	Adverbs	within	innerhalb	dentro de	dans, à l'intérieur de 	dentro, all'interno	dentro de	dins de	ene de	intra										13
05289	Adverbs	aside	neben, beiseite	a un lado	de côté, à côté	a fianco, di fianco	à parte, do lado	a un costat, a part	flanke	a parte										13
05290	Adverbs	alike	auf gleiche Weise	similar, igual	de la même façon	allo stesso modo	igualmente	de la mateixa manera, igualment	simile	similemente										13
05291	Adverbs	nowadays	heutzutage	hoy en día, actualmente	de nos jours	oggigiorno, ai giorni nostri	atualmente, hoje em dia	avui dia, actualment	nuntempe	actualmente										13
05292	Adverbs	downstairs	unten	de la planta baja, abajo	en bas des escaliers	di sotto	no andar de baixo	a baix, a la planta baixa	sube	in le etage inferior										13
05293	Adverbs	upstairs	(nach) oben	en la planta de arriba (ES), en el piso de arriba (AL)	en haut, à l'étage du dessus	di sopra	no andar de cima	a dalt, al pis de dalt	supre	in le etage superior										13
05294	Adverbs	tremendously	enorm, ungemein	tremendamente	énormément, formidablement	incredibilmente, tremendamente	tremendamente	tremendament, enormement	treege	tremendemente										13
05295	Adverbs	firmly	fest	firmemente	fermement	fermamente	firmemente	fermament	firme	firmemente										13
05296	Adverbs	formally	formell, offiziell	formalmente	formellement	formalmente	formalmente	formalment	formale	formalmente	Obwohl es bereits gemeldet wurde, wird die Präsidentin ihren neuen Plan um 10 Uhr offiziell bekannt geben.	Aunque ya fue reportado, la presidenta anunciará formalmente su nuevo plan a las diez.	Bien que cela ait été déjà rapporté, la présidente annoncera formellement son nouveau plan à 10h.	Sebbene sia stato riferito, la presidente annuncerà formalmente il suo nuovo piano alle 10.	Embora já tenha sido informado, a presidente vai anunciar formalmente o novo plano dela às 10 horas.	Although it has already been reported, the president will formally announce his new plan at 10:00.	Encara que ja s'havia informat, la presidenta anunciarà formalment el seu nou pla a les 10:00.	Kvankam jam raportite, la prezidanto formale anoncos sian novan planon je la 10:00.	Ben que illo ha jam essite reportate, le presidente annunciara formalmente su nove plano a dece horas.	13
05297	Adverbs	instantly	sofort	instantáneamente	instantanément	istantaneamente	instantaneamente	instantàniament	tuj	instantaneemente										13
05298	Adverbs	freely	frei (Adverb)	libremente	librement	liberamente	livremente	lliurement	libere	liberemente										13
05299	Adverbs	awhile	für eine Weile	por un tiempo, durante un rato	pendant quelque temps	per un po'	durante algum tempo	una estona	iom da tempo	per un tempore										13
05300	Adverbs	gradually	schrittweise, nach und nach	gradualmente, paulatinamente	progressivement	gradualmente, poco alla volta	gradualmente	gradualment, a poc a poc	grade	gradualmente	Meine Englischkenntnisse verbesserten sich nach und nach, bis ich flüssig sprechen konnte.	Mis habilidades en inglés mejoraron gradualmente hasta que pude hablar fluidamente.	Mes capacités en anglais se sont améliorées progressivement, jusqu'à ce que jeparle couramment.	Le mie abilità con l'inglese migliorarono poco alla volta finché fui fluente.	Meus conhecimentos de inglês melhoraram gradualmente até eu virar fluente	My English skills gradually improved until I was fluent.	Els meus coneixements d'anglès van millorar gradualment fins que vaig poder parlar amb fluïdesa.	Miaj anglaj kapabloj grade pliboniĝis ĝis mi estis flua.	Mi habilitates in anglese meliorava gradualmente usque que io poteva parlar fluentemente.	13
05301	Adverbs	strictly	streng	estrictamente	strictement	strettamente, rigorosamente	estritamente	estrictament	strikte	strictemente										13
05302	Adverbs	technically	technisch (gesehen)	técnicamente	techniquement	tecnicamente	tecnicamente	tècnicament	teknike	technicamente	Technisch gesehen ist eine Tomate eine Frucht, aber die meisten halten sie für ein Gemüse.	Técnicamente, el tomate es una fruta, pero la mayoría lo consideran un vegetal. 	Techniquement, la tomate est un fruit, mais la plupart la considère comme un légume.	Tecnicamente, il pomodoro è un frutto ma i più lo considerano un vegetale.	Tecnicamente, um tomate é uma fruta, mas a maioria considera isso um vegetal.	Technically, a tomato is a fruit, but most consider it a vegetable. 	Tècnicament, un tomàquet és una fruita, però la majoria el consideren una verdura.	Teknike, tomato estas frukto, sed plej multaj konsideras ĝin legomo.	Technicamente, un tomate es un fructo, sed le majoritate lo considera un vegetabile.	13
05303	Adverbs	temporarily	vorübergehend	temporalmente	temporairement	temporaneamente	temporariamente	temporalment	provizore	temporarimente	Ich antworte vorübergehend auf Anrufe; sobald Mark zurück kommt, wird er dies übernehmen.	Estoy contestando los teléfonos temporalmente; una vez regrese Mark, él se encargará.	Je réponds temporairement aux téléphones; dès que Mark revient, il me remplacera.	Sto rispondendo temporaneamente ai telefoni: appena Mark rientra mi sostituirà.	Eu estou respondendo temporariamente aos telefonemas; assim que Mark voltar, ele vai cuidar disso.	I am temporarily answering the phones; once Mark gets back, he'll take over for me.	Estic contestant els telèfons temporalment; quan en Mark torni, ell s'encarregarà.	Mi provizore respondas la telefonojn; kiam Marko revenos, li transprenos.	Io responde temporarimente al telephonos; un vice que Mark retorna, ille se occupara de illo.	13
05304	Adverbs	overly, too (much)	übermäßig, allzu	excesivamente	trop	troppo	excessivamente	excessivament, massa	troe	excessivemente										13
05305	Adverbs	voluntarily	freiwillig	voluntariamente	volontairement	volontariamente	voluntariamente	voluntàriament	volonte	voluntarimente	Er macht das Haus freiwillig sauber. Ich muss ihn noch nicht einmal darum bitten.	Él limpia la casa voluntariamente; ni siquiera se lo tengo que pedir. 	Il nettoie la maison volontairement; je n'ai même pas besoin de le lui demander.	Lui pulisce volontariamente la casa, non devo nemmeno chiederglielo.	Ele, voluntariamente, limpa a casa; eu nem preciso pedir a ele.	He voluntarily cleans the house; I don't even need to ask him.	Ell neteja la casa voluntàriament; ni tan sols li ho he de demanar.	Li volonte purigas la domon; mi eĉ ne bezonas peti lin.	Ille netta le casa voluntarimente; io non mesmo ha necessitate de demandar lo a ille.	13
05306	Verbs	to manipulate	bearbeiten, einstellen, manipulieren	manipular	manipuler	manipolare	manipular	manipular	manipuli	manipular										13
05307	Verbs	to access	zugreifen auf	acceder	accéder	accedere	acessar	accedir a	aliri	acceder										13
05308	Verbs	to accelerate	beschleunigen	acelerar	accélérer	accelerare 	acelerar	accelerar	akceli	accelerar										13
05309	Verbs	to add	summieren	sumar	additionner	sommare	somar	sumar	adicii	adder										13
05310	Verbs	to assert	beteuern, bestätigen 	afirmar	affirmer	affermare	afirmar	afirmar	aserti	asserer										13
05311	Verbs	to aid	Hilfe leisten, helfen	socorrer, ayudar	secourir, aider	soccorrere, aiutare	socorrer, ajudar	ajudar, socórrer	helpi	adjutar										13
05312	Verbs	to chat	plaudern, quatschen, chatten (Informatik)	charlar, chatear	bavarder, chatter	chiacchierare	conversar, bater papo	xerrar, xatejar	babili	conversar										13
05313	Verbs	to cease	beenden	cesar, detener	cesser	cessare	cessar	cessar, aturar-se	ĉesi	cessar										13
05314	Verbs	to heat	erhitzen	calentar	chauffer	scaldare	esquentar	escalfar	varmigi	calefacer										13
05315	Verbs	to burst	platzen	explosionar	éclater	esplodere, scoppiare	romper, estourar	esclatar	eksplodi	exploder										13
05316	Verbs	to edit	bearbeiten	editar	éditer	editare	editar	editar	redakti	editar										13
05317	Verbs	to embarrass	(sich) in Verlegenheit bringen	avergonzar	embarrasser	imbarazzare, mettere in imbarazzo	embaraçar	avergonyir	embarasi	embarassar										13
05318	Verbs	to impeach	anklagen	impugnar, desacreditar	mettre en cause pénalement	mettere in stato di accusa, incriminare	impugnar	impugnar, desacreditar	akuzi pri miskonduto	impugnar	Die Opposition will den Präsidenten anklagen	La oposición quiere impugnar al presidente	L'opposition veut mettre en cause le président	L'opposizione vuole incriminare il presidente	A oposição quer  impugnar o presidente	The opposition wants to impeach the president	L'oposició vol impugnar el president.	La opozicio volas akuzi la prezidanton pri miskonduto.	Le opposition vole impugnar le presidente.	13
05319	Verbs	to pile, to stack	stapeln, aufstapeln, auftürmen	apilar	empiler, entasser	impilare, accatastare	empilhar, amontoar	apilar, amuntegar	stakigi	impilar, accumular										13
05320	Verbs	to resent	jemandem etwas übel nehmen, jemandem etwas verübeln	resentirse	en vouloir à quelqu'un	risentirsi per, offendersi	ressentir-se	ressentir-se de, guardar rancor	indigni pri	resentir										13
05321	Verbs	to undertake	unternehmen	emprender	entreprendre	intraprendere	assumir, empreender	emprendre	entrepreni	interprender										13
05322	Verbs	to exaggerate	übertreiben	exagerar	exagérer	esagerare	exagerar	exagerar	troigi	exaggerar										13
05323	Verbs	to exceed	übertreffen, übersteigen	exceder, superar	excéder	eccedere, superare	exceder	excedir, superar	superi	exceder, superar	Wenn Ihr Einkommen 250000$ übersteigt, müssen Sie mehr Steuern zahlen.	Si tus ingresos superan $250,000, debes pagar más impuestos. 	Si vos revenus excèdent $250,000, vous devrez payer plus de taxes.	Se il tuo reddito supera i $250,000, devi pagare più tasse.	Se sua renda exceder $ 250.000, você precisa pagar mais impostos.	If your income exceeds $250,000, you need to pay more taxes.	Si els teus ingressos excedeixen els 250.000 $, has de pagar més impostos.	Se via enspezo superas $250,000, vi devas pagi pli da impostoj.	Si tu ingresso excede $250 000, tu debe pagar plus impostos.	13
05324	Verbs	to blow up (blew up, blown up), to destroy	explodieren, zerstören	detonar, hacer explotar	exploser, détruire	far saltare, distruggere	explodir, destruir	fer explotar, destruir	eksplodigi, detrui	detonar, facer exploder, destruer										13
05325	Verbs	to spoil (a child)	verwöhnen (ein Kind)	mimar (a un niño)	gâter (un enfant)	viziare (un bambino)	mimar (uma criança)	malcriar (un nen)	dorloti (infanon)	mimar										13
05326	Verbs	to experiment	experimentieren	experimentar	expérimenter	sperimentare	experimentar	experimentar	eksperimenti	experimentar	Ich habe in Chemie experimentiert, aber ich bin noch lange kein Chemiker!	He experimentado con la química, ¡pero no soy para nada químico!	J'ai expérimenté en chimie, mais je ne suis sûrement pas un chimiste!	Ho sperimentato la chimica, ma non sono per niente un chimico!	Eu experimentei através da química, mas eu certamente não sou um químico!	I've experimented with chemistry, but I'm by no means a chemist!	He experimentat amb la química, però no sóc de cap manera un químic!	Mi eksperimentis pri kemio, sed mi neniel estas kemiisto!	Io ha experimentate con le chimia, ma io non es nullemente un chimico!	13
05327	Verbs	to accommodate, to house, to put up (put up, put up)	unterbringen, beherbergen	hospedar, alojar	loger	alloggiare, accogliere	alojar, acomodar	allotjar, acollir	loĝigi	albergar										13
05328	Verbs	to obey	gehorchen, befolgen	obedecer	obéir	obbedire	obedecer	obeir	obei	obedir										13
05329	Verbs	to tolerate, to abide	ausstehen, ertragen	tolerar, soportar	tolérer, supporter	tollerare, sopportare	suportar, aguentar	tolerar, suportar	toleri	tolerar										13
05330	Verbs	to mourn (for somebody)	(um jemanden) trauern	lamentar	pleurer (pour la perte de quelqu'un)	piangere (per la perdita di qualcuno)	chorar, lamentar (pela perda de alguém)	plorar (per algú), estar de dol	funebri (pri iu)	lamentar										13
05331	Verbs	to pronounce	aussprechen	pronunciar	prononcer	pronunciare	pronunciar	pronunciar	prononci	pronunciar										13
05332	Verbs	to stem from	auf etwas zurückgehen, auf etwas zurückzuführen sein	venir de, originarse de	provenir de	derivare da	originar de	provenir de, originar-se en	deveni de	provenir de										13
05333	Verbs	to withhold	vorenthalten (Informationen, Dinge)	denegar (una autorización, un permiso), no revelar (una información)	refuser (une autorisation, un consentement), cacher (une information)	rifiutare (un'autorizzazione), negare (un'informazione)	recusar (uma autorização, um consentimento), omitir (uma informação)	retenir (informació), denegar (permís)	deteni (informojn, permeson)	retener										13
05334	Verbs	to reserve	reservieren	reservar	réserver	riservare	reservar, guardar	reservar	rezervi	reservar										13
05335	Verbs	to shrink [shrank, shrunk]	schrumpfen	encoger, reducir	rétrécir	restringere	encolher, diminuir	encongir-se	ŝrumpi	contraher se										13
05336	Verbs	to reopen	wieder eröffnen	reabrir	rouvrir	riaprire	reabrir	reobrir	remalfermi	reaperir										13
05337	Verbs	to skip	überspringen	saltar (una cosa)	sauter quelque chose	saltare (qualche cosa)	pular, omitir	saltar-se (alguna cosa)	transsalti	saltar										13
05338	Verbs	to mistake	sich irren, sich täuschen	confundir, equivocar	se tromper	sbagliare, sbagliarsi	enganar-se	equivocar-se, confondre's	erari	confunder										13
05339	Verbs	to dry	trocknen	secar	sécher	asciugare, seccare	secar	assecar	sekigi	siccar										13
05340	Verbs	to transmit	übermitteln, übertragen	transmitir	transmettre	trasmettere	transmitir, enviar	transmetre	transdoni	transmitter	Um Krankheiten nicht zu übertragen, wird empfohlen, sich die Hände zu waschen, nachdem man rohe Lebensmittel zubereitet hat.	Para no transmitir enfermedades, se recomienda lavarse las manos después de haber preparado comida cruda	Afin de ne pas transmettre demaladies, il est recommandé de se laver les mains après avoir préparé des aliments crus.	Per non trasmettere malattie, si raccomanda di lavarsi le mani dopo aver preparato cibo crudo.	A fim de não transmitir doenças, recomenda-se lavar as mãos depois de preparar alimentos crus.	In order not to transmit diseases, it's recommended to wash your hands after preparing raw food.	Per no transmetre malalties, es recomana rentar-se les mans després de preparar aliments crus.	Por ne transdoni malsanojn, oni rekomendas lavi la manojn post preparado de krudaj manĝaĵoj.	Pro non transmitter maladias, on recommenda lavar le manos post haber preparate alimento crude.	13
05341	Verbs	to verify	überprüfen	verificar	vérifier	verificare	verificar	verificar	kontroli	verificar	Wir müssen deine Eltern anrufen, um zu überprüfen, ob diese Notiz von ihnen geschrieben wurde. 	Tenemos que llamar a tus padres para verificar que esta nota ha sido escrita por ellos	Nous devons appeler tes parents pour vérifier que cette note a été écrite par eux.	Dobbiamo chiamare i tuoi genitori per verificare che questa nota è stata scritta da loro.	Nós precisamos ligar para seus pais, de modo a verificar se esta nota foi escrita por eles.	We must call your parents in order to verify that this note was written by them.	Hem de trucar als teus pares per verificar que aquesta nota ha estat escrita per ells.	Ni devas telefoni viajn gepatrojn por kontroli, ke ĉi tiun noton skribis ili.	Nos debe telephonar a tu parentes pro verificar que iste nota ha essite scribite per illes.	13
05342	Verbs	to age	altern	envejecer	vieillir	invecchiare	envelhecer	envellir	maljuniĝi	senescer										13
05343	Verbs	to tour	besuchen, bereisen	visitar, pasear	visiter, voyager	visitare	passear, viajar	visitar, recórrer	travojaĝi	visitar										13
05344	Verbs	to spoil (food)	verderben	estropear (comida)	abîmer	guastare (cibo)	estragar (comida)	fer-se malbé (menjar)	difektiĝi (manĝaĵo)	corrumper										13
05345	Social Situations	to flip out	ausflippen	enojarse, volverse loco	se fâcher, flipper	sbroccare	surtar, perder o controle	perdre els estreps, cabrejar-se	eksplodi pro kolero	infuriar se	Nach einem sehr schlechten Tag bin ich gegenüber meiner Freundin ausgeflippt	Después de un día muy malo, me enfadé con mi novia	Après une très mauvaise journée, je me suis fâché avec ma copine	Dopo una giornataccia, ho sbroccato con la mia ragazza	Depois de um dia muito ruim, eu perdi o controle comminha namorada	After a very bad day, I flipped out on my girlfriend	Després d'un dia molt dolent, vaig perdre els estreps amb la meva nòvia.	Post tre malbona tago, mi eksplodis pro kolero al mia koramikino.	Post un die multo mal, io me infuriava contra mi amica.	13
05346	Idiomatic Expressions	to put on (put on, put on) something the back burner	etwas auf morgen verschieben	poner algo en segundo plano	remettre quelque chose au lendemain	rimandare a domani	pôr algo em segundo plano	deixar alguna cosa en segon pla	prokrasti ion	poner alco in secunde plano										13
05347	Idiomatic Expressions	to go overboard	es übertreiben	pasarse, exagerar	dépasser les bornes	oltrepassare il limite	passar dos limites	passar-se de la ratlla, exagerar	trafi	exaggerar										13
05348	Idiomatic Expressions	to be at the end of one's tether	am Ende (seiner Kräfte) sein	llegar al límite	être au bout du rouleau	non poterne più, essere al lumicino	chegar ao limite	estar al límit de les forces	esti ĉe la fino de siaj fortoj	esser al limite										13
05349	Idiomatic Expressions	to cause a stir	Staub aufwirbeln / Aufsehen erregen	causar revuelo	faire du bruit, faire parler	fare scalpore	causar um rebuliço	causar enrenou	kaŭzi tumulton	causar agitation										13
05350	Idiomatic Expressions	throwing money down the drain	das Geld zum Fenster hinauswerfen	tirando (ES), botando (AL) el dinero	jeter de l'argent par les fenêtres	buttare i soldi dalla finestra	jogar dinheiro pelo ralo	llençar els diners	ĵeti monon tra la fenestro	jectar moneta al cloaca										13
05351	Idiomatic Expressions	there is no smoke without fire	wo kein Rauch ist, ist auch kein Feuer	no hay humo sin fuego	il n'y a pas de fumée sans feu	non c'è fumo senza fuoco	onde há fumaça, há fogo	on hi ha fum, hi ha foc	ne estas fumo sen fajro	il ha nulle fumo sin foco										13
05352	Idiomatic Expressions	to go all out	auf's Ganze gehen 	darlo todo	mettre les bouchées doubles	fare le cose in grande	dar tudo de si	donar-ho tot, anar a totes	fari ĉion eblan	dar toto										13
05353	Idiomatic Expressions	to sell like hot cakes	weggehen wie warme Semmeln 	vender como churros (ES), vender como pan caliente (AL)	se vendre comme des petits pains	andare via come il pane 	vender como água	vendre's com a xurros	vendiĝi kiel varmaj kukoj	vender se como pan calide										13
05354	Idiomatic Expressions	take it or leave it	etwas akzeptieren wie es ist oder es sein lassen	lo tomas o lo dejas	à prendre ou à laisser	prendere o lasciare	pegar ou largar	ho agafes o ho deixes	prenu aŭ lasu	prende lo o lassa lo										13
05355	Idiomatic Expressions	to have a sweet tooth	einen süßen Zahn  haben	ser goloso	aimer les sucreries	essere goloso	ser uma formiga	ser llaminer, ser un golafre	havi dolĉan denton	amar le dulces										13
05356	Idiomatic Expressions	to click with someone	sich mit jemandem auf Anhieb verstehen	tener buena química con alguien	avoir des atomes crochus avec quelqu'un	avere un'ottima chimica con qualcuno	ter boa química com alguém	tenir bona sintonia amb algú	bone interkonsenti kun iu	haber bon chimia con alicuno										13
05357	Idiomatic Expressions	to have pins and needles in one's legs	ein Kribbeln in den Beinen haben	sentir un hormigueo en las piernas	avoir des fourmis dans les jambes	avere le formiche nelle gambe	sentir formigamento nas pernas	tenir formigueig a les cames	senti formikadon en la kruroj	sentir formication in le gambas										13
05358	Idiomatic Expressions	to have a lot on one's plate	viel um die Ohren haben	tener muchas cosas entre manos	avoir du pain sur la planche	avere molta carne al fuoco	estar sobrecarregado(a)	tenir molta feina, estar desbordat	havi multon sur la telero	haber multe cosas inter le manos										13
05359	Idiomatic Expressions	to sleep in (slept in, slept in)	(lange) ausschlafen	dormir hasta tarde	faire la grasse matinée	rimanere a letto	passar da hora, dormir até tarde	dormir fins tard, clapar	dormi longe	dormir usque tarde										13
05360	Idiomatic Expressions	love at first sight	Liebe auf den ersten Blick	amor a primera vista	le coup de foudre	amore a prima vista, il colpo di fulmine	amor à primeira vista	l'amor a primera vista	amo je la unua vido	amor a prime vista										13
05361	Idiomatic Expressions	to feel down (felt down, felt down) in the dumps	down sein, depri sein	estar con el ánimo por el suelo	avoir le moral à zéro	sentirsi una schifezza	estar para baixo	estar de baixón, estar trist	sentiĝi deprimita	sentir se deprimite										13
05362	Idiomatic Expressions	to be strong	hart/stark sein	ser fuerte	avoir les reins solides	avere le spalle grosse	ser forte	ser fort	esti forta	esser forte										13
05363	Idiomatic Expressions	to have a word on the tip of one's tongue	das Wort auf der Zunge haben	tener una palabra en la punta de la lengua 	avoir un mot sur le bout de la langue	avere una parola sulla punta della lingua	ter uma palavra na ponta da língua	tenir una paraula a la punta de la llengua	havi vorton sur la pinto de la lango	haber un parola sur le puncta del lingua										13
05364	Idiomatic Expressions	to have a soft spot for someone	eine Schwäche für jemanden haben	tener debilidad por alguien	avoir un faible pour quelqu'un	avere un debole per qualcuno	ter um fraco por alguém	tenir debilitat per algú	havi malforton por iu	haber un debilitate pro alicuno										13
05365	Idiomatic Expressions	to have goose bumps (US), to have goose pimples (UK)	Gänsehaut haben	tener la piel de gallina	avoir la chair de poule	avere la pelle d'oca	ter arrepios	tenir la pell de gallina	havi anseran haŭton	haber le pelle de gallina										13
05366	Idiomatic Expressions	to change one's mind	seine Meinung ändern	cambiar de parecer	changer d'avis	cambiare opinione	mudar de opinião	canviar d'opinió	ŝanĝi sian opinion	cambiar de opinion										13
05367	Idiomatic Expressions	to cost an arm and a leg	eine Stange Geld kosten / schweineteuer sein	costar un ojo de la cara	coûter les yeux de la tête	costare un occhio della testa	custar os olhos da cara	costar un ull de la cara	kosti brakon kaj kruron	costar un bracio e un gamba										13
05368	Idiomatic Expressions	Fingers crossed!	die Daumen drücken	¡Crucemos los dedos!	On croise les doigts !	Dita incrociate!	Dedos cruzados!	Creuem els dits!	Krucu la fingrojn!	Digitos cruciate!										13
05369	Idiomatic Expressions	to turn the page	einen Schlussstrich  ziehen	pasar página	tourner la page	voltare pagina	virar a página	passar pàgina	turni la paĝon	volver le pagina										13
05370	Idiomatic Expressions	it rings a bell	da klingelt etwas / es klingelt (mir)	me suena	ça me dit quelque chose	mi dice qualcosa (lit. questo mi fa suonare un campanello)	isso me diz algo	em sona	sonas konate	illo me sona familiar										13
05371	Idiomatic Expressions	to take one's word	jemandem aufs Wort glauben	tomar la palabra	croire quelqu'un sur parole	credere sulla parola	acreditar na palavra de alguém	creure algú per la seva paraula	kredi iun je lia vorto	prender alicuno a su parola										13
05372	Idiomatic Expressions	to be at each other's throat	sich in den Haaren liegen	estar como el perro y el gato	se bouffer le nez, être à couteaux tirés	saltarsi alla gola, essere ai ferri corti	brigar feito cão e gato	estar a matar, estar com el gat i el gos	esti ĉe la gorĝo de unu la alia	esser al jugulo le unes del alteres										13
05373	Idiomatic Expressions	to have a nice chat	einen kleinen Plausch  halten	tener una conversación agradable (ES), compartir una agradable charla (AL)	faire la causette	fare quattro chiacchiere	ter um bom bate-papo	fer petar la xerrada	fari agrablan babiladon	haber un conversation agradabile										13
05374	Idiomatic Expressions	to pull one's leg	jemanden auf den Arm nehmen / jemanden veräppeln	tomarle el pelo a alguien	faire marcher, se moquer de quelqu'un	prendere in giro	pregar uma peça em alguém	prendre el pèl a algú	tiri ies kruron	burlar se de alicuno										13
05375	Idiomatic Expressions	freezing cold	eine Saukälte	un frío que pela / helado	un froid de canard	un freddo cane	um frio de rachar	fer un fred que pela	esti frostiga malvarmo	frigido glacial										13
05376	Idiomatic Expressions	to play with fire	mit dem Feuer spielen	jugar con fuego	jouer avec le feu	scherzare col fuoco	brincar com fogo	jugar amb foc	ludi kun fajro	jocar con foco										13
05377	Idiomatic Expressions	to throw a wrench in the works	jemandem Knüppel zwischen die Beine werfen / Sand ins Getriebe streuen	poner palos en las ruedas	mettre des bâtons dans les roues	mettere i bastoni tra le ruote	estragar tudo	posar pals a les rodes	meti bastonojn en la radojn	mitter un obstaculo in le mechanismo										13
05378	Idiomatic Expressions	it's easy as pie	es ist kinderleicht	pan comido	c'est simple comme bonjour	È facile come bere un bicchier d'acqua	fácil como tirar doce de criança	ser pa sucat amb oli, ser molt fàcil	esti facila kiel torto	esser multo facile										13
05379	Idiomatic Expressions	to be born under a lucky star	unter einem glücklichen Stern geboren sein 	nacer con estrella	naître sous la bonne étoile	nascere sotto una buona stella	nascer com a bunda virada para a lua	néixer amb estrella	naskiĝi sub feliĉa stelo	nascer sub un stella fortunate										13
05380	Idiomatic Expressions	to go up (went up, gone up) in smoke	sich in Rauch auflösen	esfumarse	partir en fumée	andare in fumo	virar fumaça	esfumar-se, anar-se'n en fum	malaperi en fumo	dissipar se in fumo										13
05381	Idiomatic Expressions	to take the bull by the horns	den Stier bei den Hörnern packen	coger el toro por los cuernos	prendre le taureau par les cornes	prendere il toro per le corna	agarrar o touro pelos cornos	agafar el bou per les banyes	kapti la virbovon per la kornoj	prender le tauro per le cornos										13
05382	Idiomatic Expressions	to promise the moon	das Blaue vom Himmel versprechen	prometer el oro y el moro	promettre la lune	promettere la luna	prometer mundos e fundos	prometre la lluna	promesi la lunon	promitter le luna										13
05383	Idiomatic Expressions	to give someone a taste of their own medicine	wie du mir so ich dir	pagar a alguien con la misma moneda	rendre la monnaie de sa pièce	rendere pan per focaccia	pagar alguém na mesma moeda	pagar amb la mateixa moneda	doni al iu guston de sia propra medikamento	pagar a alicuno con le mesme moneta										13
05384	Idiomatic Expressions	to sit back (sat back, sat back) and do nothing	abwarten und Tee trinken	quedarse con los brazos cruzados	rester les bras croisés	incrociare le braccia	ficar de braços cruzados	quedar-se de braços plegats	sidi kaj fari nenion	remaner con le bracios cruciate										13
05385	Idiomatic Expressions	to tear one's hair out	sich die Haare raufen	perder la paciencia	s'arracher les cheveux	strapparsi i capelli	arrancar os cabelos	estirar-se els cabells	ŝiri siajn harojn	perder le patientia										13
05386	Idiomatic Expressions	it's a break from the daily grind	das bringt Abwechslung in den Alltag	esto rompe la rutina diaria	ça change de la routine	ciò spezza la routine	isso quebra a rotina	això trenca la rutina diària	tio rompas la ĉiutagan rutinon	isto es un pausa in le routine quotidian										13
05387	Idiomatic Expressions	to get on (got on, gotten on) one's nerves	jemandem auf die Nerven gehen	poner de los nervios (a alguien)	taper sur les nerfs (de quelqu'un)	dare sui nervi (a qualcuno)	dar nos nervos 	posar (algú) dels nervis	iri sur ies nervojn	poner alicuno nervose										13
05388	Idiomatic Expressions	the plans have gone down the drain	die Pläne sind den Bach runter gegangen	los planes se han ido al diablo	les plans sont tombés à l'eau	i programmi sono finiti nel cesso	os planos foram pelo ralo	els plans se n'han anat en orris	la planoj fiaskis	le planos ha vadite al diabolo										13
05389	Idiomatic Expressions	Touch / Knock on wood	auf Holz klopfen	tocar madera	toucher du bois	toccare ferro	bater na madeira	Toca fusta!	Frapu lignon!	toccar ligno										13
05390	Idiomatic Expressions	to feel blue	depri sein	sentirse triste	avoir le blues	essere triste o depresso	sentir-se para baixo	estar trist, estar deprimit	sentiĝi blua	sentir se triste										13
05391	Idiomatic Expressions	it's fishy	da ist was faul	sospechoso, aquí hay gato encerrado	c'est louche	È sospetto	isso não cheira bem 	això és sospitós, aquí hi ha gat amagat	estas fiŝa	es suspecte										13
05392	Idiomatic Expressions	whatever floats your boat	wie es Ihnen beliebt	lo que le haga feliz	si ça vous chante	come preferisce	o que fizer você feliz	el que et faci feliç	kio ajn flosigas vian boaton	lo que te face felice										13
05393	Idiomatic Expressions	to drive pedal to the metal	Vollgas geben	acelerar fuertemente	conduire pied au plancher	andare a tutta birra, guidare a tavoletta	pisar fundo no acelerador	anar a tota castanya	iri pedalo al la metalo	accelerar fortemente										13
05394	Idiomatic Expressions	to perk one's ears up (US), to prick up one's ears (UK)	die Ohren spitzen	abrir los oídos	ouvrir grand ses oreilles	aprire bene le orecchie	abrir bem os ouvidos	parar l'orella	piki la orelojn	aperir le aures										13
05395	Idiomatic Expressions	by rule of thumb	als Faustregel	como regla general	en règle générale	come regola generale	via de regra	com a regla general	kiel regulo de dikfingro	como regula general										13
05396	Idiomatic Expressions	It's raining cats and dogs	Es schüttet wie aus Eimern	está lloviendo a cántaros (ES), está lloviendo perros y gatos (AL)	Il pleut des cordes	Piove a dirotto	Está chovendo canivetes	ploure a bots i barrals	pluvas katoj kaj hundoj	il pluve a torrentes										13
08713	Computer Basics	information technology (IT)	die Informatik	la tecnología de la información (TI), la informática	l'informatique	l'informatica	a tecnologia da informação (TI)	la tecnologia de la informació (TI), la informàtica	informa teknologio (IT), komputiko	le technologia del information (TI), le informatica										12
08714	Computer Basics	What is the number for the hotline (IT support)?	Wie lautet die Nummer von der Hotline für den IT-Support?	¿Cuál es el número de la línea telefónica (soporte de TI)?	Quel est le numéro du support (hotline service informatique) ?	Qual è il numero per la hot line (supporto informatico)?	Qual é o número para o hotline (suporte de TI)?	Quin és el número de la línia d'atenció (suport informàtic)?	Kio estas la numero por la urĝa linio (IT-subteno)?	Qual es le numero del linea telephonic directe (supporto de TI)?										12
08715	Computer Basics	scanner	der Scanner	el escáner	le scanneur	lo scanner	o digitalizador	l'escàner (els escàners)	skanilo	scanner										12
08716	Computer Basics	to run (a software) [ran, run]	ausführen	ejecutar	exécuter (un logiciel)	eseguire, lanciare (un programma)	rodar (um software)	executar (un programari)	ruli (programaron)	executar										12
08717	Computer Basics	to cut [cut, cut] / to paste	ausschneiden / einfügen; einsetzen	cortar / pegar 	couper / coller	tagliare / incollare	cortar / colar	tallar / enganxar	eltondi / alglui	taliar / collar										12
08718	Travel	I am really enjoying the weather and food here!	Mir gefällt wirklich das Wetter und das Essen hier!	¡Realmente estoy disfrutando del clima y la comida de aquí!	Je profite vraiment du beau temps et de la nourriture ici !	Mi sto godendo molto il clima e il cibo qui!	Eu estou realmente gostando do clima e da comida daqui!	Estic gaudint molt del temps i el menjar d'aquí!	Mi vere ĝuas la veteron kaj la manĝaĵon ĉi tie!	Io realmente gaude del climate e del mangiar hic!										13
08719	Computer Basics	browser (e.g. IE, Firefox, Chrome...)	der Browser (z.B. IE, Firefox, Chrome...)	el navegador (por ejemplo. IE, Firefox, Chrome ...)	le navigateur (ex. IE, Firefox, Chrome...)	il navigatore, il browser (ad es. IE, Firefox, Chrome ...)	o navegador (ex.: IE, Firefox, Chrome...)	el navegador (p. ex. IE, Firefox, Chrome...)	retumilo (ekz. IE, Firefox, Chrome...)	navigator										13
08720	Computer Basics	browsing	das Surfen (im Internet)	la navegación (por Internet)	la navigation (sur le net)	navigare (su internet)	a navegação (pela internet)	la navegació (per internet)	retumado, navigado	navigation										13
08721	Computer Basics	digital	digital	digital	numérique	digitale	o digital	digital	cifereca	digital										13
08722	Computer Basics	antivirus software	die Anti-Virus-Software	el software de antivirus	le logiciel antivirus	il software antivirus	programa antivírus	el programari antivirus	kontraŭvirusa programaro	software antivirus										13
08832	Essential Vocabulary	urchin	der Bengel	el niño travieso	le gamin	il monello	o moleque	el trapella	bubo	puero turbulente										13
08834	Essential Vocabulary	platypus	das Schnabeltier	el ornitorrinco	l'ornithorynque	l'ornitorinco	o ornitorrinco	l'ornitorrinc	ornitorinko	ornithorhynco										13
