ID	Category	EN	DE	ES	FR	IT	PT	CA	EO	IA	txt_de	txt_es	txt_fr	txt_it	txt_pt	txt_en	txt_ca	txt_eo	txt_ia	Level
05397	Basics	Could you repeat that please?	Können Sie das bitte wiederholen?	¿Podría repetirlo, por favor?	Pourriez-vous répéter cela, s'il vous plaît ?	Potrebbe ripetere per favore?	Poderia repetir, por favor?	Podria repetir-ho, si us plau?	Ĉu vi povus ripeti tion, bonvolu?	Poterea vos repeter lo, per favor?										14
05398	Relationships & Dating	to have it with someone or something	die Schnauze von jemandem voll haben	tener suficiente de alguien o algo	en avoir ras-le-bol, en avoir assez	averne abbastanza di qualcuno o qualcosa	estar «por aqui» com alguém	n'estic fart de	Mi jam sufiĉas pri vi! Vi estas terura koramiko!	haber bastante de alcuno o de alique	Ich habe die Schnauze voll von dir! Du bist ein schrecklicher Freund!	¡Ya he tenido suficiente! ¡Eres un novio horrible!	J'en ai assez de toi ! Tu es un copain épouvantable !	Ne ho abbastanza di te! Sei un fidanzato terribile!	Eu estou por aqui de você! Você é um terrível namorado!	I've had it with you! You're a terrible boyfriend!			Io ha jam bastante de te! Tu es un amico intime terribile!	14
05399	Relationships & Dating	crush	jemand für den man schwärmt	el(la) chico(a) que te gusta	quelqu'un pour qui on craque secrètement	la cotta, la persona per cui si ha una cotta	ter uma queda (por alguém)	el flechazo (els flechazos), l'amor platònic (els amors platònics)	platona amo	le persona qui te place	Ich werde das Mädel, für das ich schwärme, fragen, ob sie heute mit mir ausgehen will 	Preguntaré a la chica que me gusta si quiere salir conmigo hoy	Je vais demander à la fille qui me fait craquer de sortir avec moi aujourd'hui	Chiederò alla persona per cui ho una cotta di uscire con me oggi	Eu vou convidar a menina pela qual tenho uma queda para sair hoje	I'll ask my crush out today	Li demanaré a la noia que m'agrada si vol sortir amb mi avui.	Mi demandos mian platonan amon eliri hodiaŭ.	Hodie io invitara le puera qui me place a sortir con me.	14
05400	Relationships & Dating	Hey, stop checking out my girlfriend!	Ey, hör auf meine Freundin abzuchecken!	¡Oye, deja de mirar a mi novia!	Hé, arrête de mater ma copine !	Ehi, smettila di radiografare la mia ragazza!	Ei, pare de secar minha namorada!	Ei, deixa de mirar la meva nòvia!	He, ĉesu rigardi mian koramikinon!	Eh, cessa de reguardar mi amica!										14
05401	Relationships & Dating	Mary fell for her husband the first time she saw him	Als Mary ihren Mann das erste Mal gesehen hat, hat sie sich Hals über Kopf in ihn verliebt	Mary se enamoró de su marido la prima vez que lo vió	Mary a eu le coup de foudre pour son mari la première fois qu'elle l'a vu	Mary ha avuto un colpo di fulmine per suo marito la prima volta che l'ha visto	Mary apaixonou-se pelo marido dela quando o viu pela primeira vez 	La Mary es va enamorar del seu marit la primera vegada que el va veure.	Maria enamiĝis al sia edzo la unuan fojon kiam ŝi vidis lin.	Mary se inamorava de su marito le prime vice que illa le videva										14
05402	Relationships & Dating	We are in a serious relationship	Wir haben eine ernsthafte Beziehung	Tenemos una relación seria	Nous sommes dans une relation sérieuse	Abbiamo una relazione seria	(Nós) estamos em um relacionamento sério	Tenim una relació seriosa.	Ni estas en serioza rilato.	Nos ha un relation seriose										14
05403	Relationships & Dating	to see someone	mit jemandem ausgehen	verse con alguien	se fréquenter	frequentarsi	estar vendo alguém	veure's amb algú	vidi iun	vider se con alcuno	Da ist nichts Ernstes zwischen uns. Wir gehen nur miteinander aus.	No tenemos una relación seria, nos estamos viendo	C'est pas sérieux entre nous, on ne fait que se fréquenter	Non è una cosa seria tra noi, ci stiamo solo frequentando	Nós não temos nada sério, só estamos nos vendo	We're not serious, we're just seeing each other	No tenim res seriós, només ens estem veient.	Ni ne estas seriozaj, ni nur vidas unu la alian.	Nos non ha un relation seriose; nos solmente nos vide.	14
05404	Relationships & Dating	to be a dime	perfekt sein, einzigartig sein	ser perfecto	être parfait(e), être 10 sur 10	essere perfetto, essere un tesoro	ser perfeito(a)	ser un deu, ser perfecte(a)	esti dekono	esser perfecte	Meine Freundin ist perfekt. Ich würde nichts ändern wollen	Mi novia es perfecta, no cambiaría nada	Ma copine est parfaite, je ne changerais rien	La mia ragazza è un tesoro, non cambierei nulla	Minha namorada é perfeita; eu não mudaria nada nela	My girlfriend is a dime, I wouldn't change anything	La meva nòvia és perfecta, no canviaria res.	Mia koramikino estas dekono, mi ne ŝanĝus ion ajn.	Mi amica es perfecte; io non cambiarea nihil.	14
05405	Relationships & Dating	player	der Ladykiller , der Frauenheld , der Player 	el conquistador, ser perro	le dragueur	il casanova	o(a) paquerador(a)	el picaflor (els picaflors), el conquistador (els conquistadors), la conquistadora (les conquistadores)	ludanto	conquisitor	Dieser Kerl ist ein Player. Der geht mit mehreren Mädels gleichzeitig aus.	Este chico es un conquistador/un perro. Sale con diferentes chicas a la vez	Ce type est un dragueur. Il sort avec plusieurs filles en même temps	Questo ragazzo è un casanova. Esce con varie ragazze allo stesso tempo	Esse rapaz é um paquerador. Ele sai com várias garotas ao mesmo tempo	That guy is a player. He goes out with several girls at once	Aquell noi és un picaflor. Surt amb diverses noies alhora.	Tiu ulo estas ludanto. Li eliras kun pluraj knabinoj samtempe.	Iste homine es un conquisitor. Il frequenta plure pueras simultaneemente.	14
05406	Relationships & Dating	to play the field	sich austoben / eine Beziehung nach der anderen haben	no tener una relación seria con una persona	ne pas sortir sérieusement avec une seule personne	spassarsela	ficar (não levar uma relação a sério)	anar de flor en flor, no tenir una relació seriosa	ludi la kampon	frequentar plure personas sin compromitter se	Du solltest nichts Ernstes mit diesem Mädchen anfangen. Tob dich aus!	No te lo tomes seriamente con esa chica, ¡sólo juega con ella!	Il ne faut pas que ça devienne sérieux avec une fille, amuse-toi simplement !	Non farla diventare una cosa seria con quella ragazza, spassatela e basta!	Não leve a sério o relacionamento com uma garota, apenas fique!	Don't get serious with a girl, just play the field!	No t'ho prenguis seriosament amb una noia, només ves de flor en flor!	Ne serioziĝu kun knabino, nur ludu la kampon!	Non te compromitte seriemente con un puera; simplemente frequenta plure pueras!	14
05407	Relationships & Dating	to fall hard	sich verschießen, sich verknallen	enamorarse locamente	tomber amoureux	innamorarsi	gamar (em alguém)	enamorar-se bojament	enamiĝi forte	inamorar se follemente	Ich habe mich echt verschossen. Das war Liebe auf den ersten Blick	Me he enamorado, ha sido un flechazo	Je suis vraiment tombé amoureux, c'était le coup de foudre	Mi sono davvero innamorato, è stato un colpo di fulmine	Eu realmente gamei nela; foi amor à primeira vista	I really fell hard for her; it was love at first sight	M'he enamorat bojament d'ella; va ser amor a primera vista.	Mi vere enamiĝis forte al ŝi; estis amo je la unua vido.	Io me inamorava vermente follemente de illa; il esseva amor a prime vista.	14
05408	Relationships & Dating	dreamy	hinreißend, bezaubernd	encantador(a), fantástico(a)	ravissant(e), magnifique	attraente, magnifico(a)	atraente, magnífico(a)	de somni, encantador(a)	revema	incantator, phantastic	Seine Freundin ist hinreißend! / Sie hat ein bezauberndes Haus!	¡Su novia es encantadora! / ¡Ella tiene una casa fantástica!	Sa copine est ravissante! / Elle a une maison magnifique ! 	La sua ragazza è attraente ! / (Lei) ha una casa magnifica!	A namorada dele é magnífica! / Ela tem uma casa magnífica!	His girlfriend is dreamy / She has a dreamy house!	La seva nòvia és encantadora! / Té una casa de somni!	Lia koramikino estas revema! / Ŝi havas reveman domon!	Su amica es incantator! / Illa ha un casa phantastic!	14
05409	Common Colloquialisms	Don't mess with me!	Leg dich nicht mit mir an!	¡No te metas conmigo!	Ne m'embête pas	Non farmi incazzare	Não mexa comigo!	No em toquis els nassos!	Ne fuŝu kun mi!	Non me provoca!	Leg dich nicht mit mir an oder ich trete dir in den Arsch	¡No te metas conmigo o te doy una paliza!	Ne m'embête pas, ou je vais te botter le cul	Non farmi arrabbiare, o ti prendo a calci in culo	Não mexa comigo ou eu vou chutar o seu traseiro	Don't mess with me, or I'm gonna kick your ass	No em toquis els nassos o et foteré una pallissa!	Ne fuŝu kun mi, aŭ mi batos vin.	Non me provoca, o io te va batter!	14
05410	Common Colloquialisms	freebie	etwas kostenloses, Gratis-, etwas umsonst	los regalos, algo gratis	les trucs gratos, quelque chose de gratuit	gli omaggi, i campioni gratuiti, i gadget	os brindes	els regals, les coses gratuïtes	senpagaĵoj	dono gratuite	Auf dem Konzert geben sie Sachen umsonst, so wie z.B. T-Shirts!	¡Estan dando regalos como por ejemplo camisetas en el concierto !	Ils donnent des trucs gratos comme des t-shirts au concert !	Stanno regalando degli omaggi tipo t-shirt al concerto!	Eles estão distribuindo brindes, como camisetas, no concerto!	They're giving out freebies like tee-shirts at the concert! 	Al concert regalen coses, com ara samarretes!	Ili disdonas senpagaĵojn kiel t-ĉemizojn ĉe la koncerto!	Illes distribue donos gratuite, como camisettas, al concerto!	14
05411	Common Colloquialisms	geek, nerd	der Streber , der Geek 	empollón, friki	le passionné par l'informatique et les jeux, quelqu'un qui privilégie sa passion à sa vie sociale	il secchione, il fissato	o nerd	el friki (els frikis), el nerd (els nerds)	nerdo	fanatico, studiose eccentric	Mein großer Bruder ist ein Streber. Er verbringt seine ganze Zeit vorm Computer	Mi hermano mayor es un empollón, se pasa todo el día delante del ordenador	Mon grand frère est un intello, il passe tout son temps devant son ordinateur	Mio fratello maggiore è un secchione, passa tutto il suo tempo davanti al computer	Meu irmão é um nerd. Ele passa o tempo todo na frente do seu computador	My older brother is a geek; he spends all his time in front of his computer	El meu germà gran és un friki; passa tot el temps davant de l'ordinador.	Mia pli aĝa frato estas nerdo; li pasigas sian tutan tempon antaŭ sia komputilo.	Mi fratre major es un fanatico del computatores; ille passa tote su tempore ante su computator.	14
05412	Common Colloquialisms	to lose one's mind	den Verstand verlieren	perder la cabeza	perdre la tête, perdre la raison	perdere la testa, perdere la ragione	perder a cabeça	perdre el cap	perdi sian menson	perder le capite	Hast du den Verstand verloren? 	¿Has perdido la cabeza? 	Tu as perdu la tête ? 	Hai perso la testa?	Você perdeu a cabeça?	Have you lost your mind? 	Has perdut el cap?	Ĉu vi perdis vian menson?	Ha tu perdite le capite?	14
05413	Common Colloquialisms	messy	schlampig	desordenada	bordélique, sale	sciattona, disordinata	porcalhona, relaxada	desordenat(ada), deixat(ada)	malorda	disordinate	Dieses Mädchen ist so schlampig. Sie lässt ihren Müll überall rumliegen	Esta chica es muy desordenada. Deja sus trastos por todos lados 	Cette fille est tellement bordélique. Elle laisse ses déchets partout dans l'appartement	Questa ragazza è proprio una sciattona. Lascia la sua robaccia ovunque nell'appartamento	Esta menina é uma porcalhona. Ela deixa seu lixo por todos os lados no apartamento	That girl is so messy. She leaves her trash all over the place	Aquella noia és molt desordenada. Deixa les seves escombraries per tot arreu.	Tiu knabino estas tiel malorda. Ŝi lasas sian rubon ĉie.	Illa puera es multo disordinate. Illa lassa su immunditia ubique.	14
05414	Common Colloquialisms	freak	der Freak 	friki, el tipo raro	quelqu'un qui fait peur	il tipo strambo, il fenomeno da baraccone	a aberração	el friki (els frikis), l'excèntric (els excèntrics), l'excèntrica (les excèntriques)	strangulo	typo bizarre	Dieser Kerl ist so komisch. Ein echter Freak... 	Este tío es muy raro. Es un friki	Ce mec est tellement bizarre. C'est vraiment quelqu'un qui fait peur	Quel tizio è così strambo. È proprio un fenomeno da baraccone	Esse rapaz é tão bizarro. Ele é uma verdadeira aberração	That guy is so weird. He's such a freak	Aquell noi és tan estrany. És un autèntic friki.	Tiu ulo estas tiel stranga. Li estas vera strangulo.	Ille homine es tanto bizarre. Ille es un ver typo bizarre.	14
05415	Common Colloquialisms	We're just chilling here at my house	Wir chillen bei mir zu Hause nur rum	Estamos de tranquis aquí en mi casa	On se détend juste à la maison	Ci rilassiamo qui a casa mia	(Nós) estamos apenas relaxando aqui em casa	Estem de relax aquí a casa meva.	Ni nur malstreĉiĝas ĉi tie ĉe mia domo.	Nos es solmente relaxante hic in mi casa.										14
05416	Common Colloquialisms	I am dropping off my books at the library	Ich gebe meine Bücher in der Bücherei ab.	Llevo mis libros a la biblioteca	Je dépose mes livres à la bibliothèque	Porto i miei libri in biblioteca	Eu vou deixar meu livro na biblioteca	Deixo els meus llibres a la biblioteca.	Mi lasas miajn librojn en la biblioteko.	Io lassa mi libros al bibliotheca.										14
05417	Common Colloquialisms	Try  to keep track  of how much money you've spent (👨‍👩‍👧)	Versucht über das Geld,  das ihr ausgegeben habt , eine Übersicht zu behalten	Intentad controlar cuanto dinero habéis gastado	Essayez de garder une trace de combien d'argent vous avez dépensé (👨‍👩‍👧)	Cercate di tenere conto di quanti soldi avete speso	Tentem controlar quanto dinheiro vocês têm gastado	Intenteu portar un control de quants diners heu gastat.	Provu spuri kiom da mono vi elspezis.	Essaya controlar quante moneta vos ha expendite.										14
05418	Common Colloquialisms	I don't know what we're doing tonight. Let's play it by ear	Ich weiß nicht, was wir heute Abend machen. Wir improvisieren	No sé que haremos esta noche Improvisaremos	Je ne sais pas ce qu'on va faire ce soir. On va improviser	Non so che faremo stasera. Improvvisiamo	(Eu) não sei o que vamos fazer esta noite. Improvisemos!	No sé què farem aquesta nit. Improvisem.	Mi ne scias, kion ni faros ĉi-nokte. Ni improvizu.	Io non sape lo que nos facera iste nocte. Vamos improvisar.										14
05419	Common Colloquialisms	kicks	die Latschen, die Treter	las deportivas	les pompes, les chaussures	le scarpe	o calçado (esportivo)	les sabatilles esportives (les sabatilles), les vambes	piedbatoj (slango por ŝuoj)	calceos de sport	Sieh dir meine neuen Treter an. Das sind Tennisschuhe. 	Mira mis nuevas deportivas, son de tenis	regarde mes nouvelles pompes, c'est des chaussures de tennis	Guarda le mie nuove scarpe, sono da tennis	Veja meu novo calçado; é um tênis	Look at my new kicks; they're tennis shoes.	Mira les meves noves vambes; són de tennis.	Rigardu miajn novajn piedbatojn; ili estas tenisaj ŝuoj.	Reguarda mi nove calceos de sport; illos es calceos de tennis.	14
05420	Common Colloquialisms	to shop 'til you drop	kaufen bis zum Umfallen	comprar hasta agotar existencias	acheter sans compter	comprare fino allo sfinimento	comprar até não poder mais	comprar fins a rebentar	butikumi ĝis vi falos	facer compras usque al exhaustion	Mädels, kommt in unseren Laden und kauft bis zum Umfallen!	¡Señoras, entrar en nuestra tienda y comprar hasta agotar existencias!	Mesdames, venez à notre magasin et achetez sans compter	Signore, venite nel nostro negozio e comprate fino allo sfinimento!	Senhoras, venham a nossa loja e comprem até não poderem mais!	Ladies, come to our store and shop 'til you drop!	Senyores, vinguin a la nostra botiga i comprin fins a rebentar!	Sinjorinoj, venu al nia vendejo kaj butikumu ĝis vi falos!	Senioras, veni a nostre magazin e face compras usque al exhaustion!	14
05421	Common Colloquialisms	to shop around	Angebote vergleichen	comparar los precios	comparer le prix d'un produit dans plusieurs magasins	confrontare i prezzi	rodar pelas lojas	comparar preus	butikumi ĉirkaŭe	comparar le precios	Ich werde die Angebote für Fernseher vergleichen, um den günstigsten zu finden 	Voy a comparar los precios de las tiendas para encontrar la TV más barata	Je vais aller comparer les prix pour trouver la télé la moins chère	Vado a confrontare i prezzi nei negozi per la TV meno costosa	Eu vou rodar pelas lojas para encontrar a TV mais barata	I'm going to shop around for the cheapest TV	Compararé preus per trobar el televisor més barat.	Mi butikumos ĉirkaŭe por la plej malmultekosta televidilo.	Io va comparar le precios pro trovar le television le minus costose.	14
05422	Common Colloquialisms	to get a five finger discount	etw. klauen / einen Fünf-Finger-Rabatt bekommen	robar	faucher, voler, obtenir quelque chose tombé du camion	taccheggiare, rubare	afanar 	pispar, robar	ricevi kvin-fingran rabaton	furer	Jugendliche mögen es, in Geschäften zu klauen 	A los adolescentes les gusta robar en las tiendas	Les adolescents aiment avoir des articles tombés du camion	Agli adolescenti piace taccheggiare nei negozi	Os adolescentes adoram afanar nas lojas	Teenagers like to get a five finger discount at stores	Als adolescents els agrada pispar a les botigues.	Adoleskantoj ŝatas ricevi kvin-fingran rabaton en vendejoj.	Al adolescentes place furer in le botecas.	14
05423	Common Colloquialisms	a «me» day	ein Tag «für mich»	un día «para mi misma(o)»	une journée «pour soi»	una giornata «per sé»	um dia «só para mim»	un dia «per a mi»	mi tago	un die pro me mesme	Ich nehme mir einen Tag «für mich». Lasst mich alle in Ruhe.	Me cojo un día para mi misma, dejarme sola	Je prends une journée pour moi, que tout le monde me laisse tranquille	Mi prendo una giornata tutta per me, lasciatemi in pace	Eu tirei um só dia para mim; todo mundo, deixe-me em paz	I'm having a «me» day; everyone leave me alone.	Em prenc un dia «per a mi»; que tothom em deixi en pau.	Mi havas «mi» tagon; ĉiuj lasu min sola.	Io prende un die pro me mesme; que omnes me lassa in pace.	14
05424	Common Colloquialisms	to window shop	einen Schaufensterbummel  machen	mirar el escaparate	faire du lèche-vitrines	guardare le vetrine dei negozi senza comprare	dar uma olhada (vitrine)	mirar aparadors	fenestro-butikumi	mirar le vitrinas	Ich kaufe nichts. Ich werde nur einen Schaufensterbummel machen 	No compraré nada, sólo miro el escaparate 	Je n'achète rien, je veux juste faire du lèche-vitrines 	Non comprerò niente, voglio solo guardare le vetrine	Eu não vou comprar nada; eu só estou dando uma olhada	I'm not buying anything; I just want to window shop 	No compraré res, només estic mirant aparadors.	Mi ne aĉetas ion; mi nur fenestro-butikumas.	Io non va comprar alco; io vole solmente mirar le vitrinas.	14
05425	Common Colloquialisms	to rock	rocken	mola, divertido	être génial / assurer sur scène	spaccare, essere divertente (di una situazione)	ser/estar show	triomfar, ser genial	roki	esser phantastic	Diese Party rockt! Ich habe eine tolle Zeit 	¡Esta fiesta mola! Me estoy divirtiéndo muchísimo	Cette fête est géniale ! Je passe un super moment	Questa festa spacca! Mi sto divertendo tantissimo	Esta festa está show! Estou me divertindo muito	This party rocks! I'm having an awesome time	Aquesta festa triomfa! M'ho estic passant genial.	Ĉi tiu festo rokas! Mi bonege amuziĝas.	Iste festa es phantastic! Io me diverte enormemente.	14
05426	Common Colloquialisms	to hit up (hit up, hit up) someone	jemanden anrufen	llamar a alguien 	se capter, appeler quelqu'un	fare un fischio, chiamare qualcuno	dar um toque a alguém	donar un toc a algú, trucar	kontakti iun	poner in contacto alicuno	Ruf mich nach der Arbeit an, damit wir feiern gehen können	Llámame cuando salgas del trabajo y así nos vemos	Appelle-moi après le boulot qu'on puisse sortir	Fammi un fischio quando esci da lavoro così usciamo	Me dê um toque após o trabalho, para que possamos sair	Hit me up after you get off work so we can hang out	Dóna'm un toc quan surtis de la feina i així podrem quedar.	Kontaktu min post kiam vi eliros de la laboro, por ke ni povu renkontiĝi.	Pone te in contacto con me post que tu fini le labor, assi que nos pote passar tempore insimul.	14
05427	Common Colloquialisms	to be chicken	ein Schisshase sein	ser un(a) gallina, tener miedo	flipper, avoir peur	farsela sotto, avere paura	ser cagão	ser un gallina	esti kokido	esser gallina; haber medo	Springst du, David, oder bist du ein Schisshase? 	David, ¿saltas o eres un gallina?	David, tu vas sauter ou tu flippes trop ?	David, salti o te la fai sotto?	David, você vai saltar ou é um cagão?	David, are you going to jump, or are you chicken?	David, saltaràs o ets un gallina?	David, ĉu vi saltos, aŭ ĉu vi estas kokido?	David, tu va saltar, o tu es gallina?	14
05428	Common Colloquialisms	a dive bar	die Kneipe 	un bareto, un antro	un boui-boui	una bettola	o boteco	el garito (els garitos), l'antro (els antros)	plonĝa trinkejo	un bar de basse categoria	Lasst uns in die Kneipe gehen, in der die Getränke nicht so teuer sind 	Vayamos a un bareto donde las bebidas son más baratas	Allons dans un boui-boui où les boissons sont pas chères	Andiamo in una bettola dove le bevande non sono costose	Vamos a um boteco onde as bebidas são baratas	Let's go to a dive bar where the drinks are cheap	Anem a un garito on les begudes siguin barates.	Ni iru al plonĝa trinkejo, kie la trinkaĵoj estas malmultekostaj.	Vamos a un bar de basse categoria ubi le bibitas es plus economic.	14
05429	Common Colloquialisms	to take it outside	etwas draußen regeln / etwas vor der Tür klären	ir a hablar fuera, pelearse	aller s'expliquer dehors, se bagarrer	andare a parlarne fuori, litigare	conversar/resolver algo do lado de fora	arreglar-ho a fora	solvi ekstere	ir foras pro parlar; combatter se	Du willst mich beleidigen? Lass uns das vor der Tür klären	Si me quieres insultar, vayamos a hablarlo fuera	Si tu veux m'insulter, viens te battre dehors	Se vuoi insultarmi, andiamo a parlarne fuori	Se você quer me insultar, vamos resolver isso do lado de fora	Since you wanna insult me, let's just take it outside	Com que em vols insultar, arreglem-ho a fora.	Ĉar vi volas insulti min, ni simple solvu ĝin ekstere.	Pois que tu vole insultar me, vamos parlar de illo foras.	14
05430	Informal Greetings	I hear you	Verstehe, Ich weiß was du meinst	Te entiendo	Je te comprends	Ti capisco	(Eu) entendo	T'entenc.	Mi aŭdas vin.	Io te comprende	Ich weiß was du meinst, das Leben kann manchmal hart sein	Te entiendo, la vida es dura a veces	Je te comprends, la vie peut être dure parfois	Ti capisco, la vita è dura a volte	Eu lhe entendo, a vida pode ser difícil às vezes	I hear you, life can be hard sometimes	T'entenc, la vida de vegades pot ser dura.	Mi aŭdas vin, la vivo povas esti malfacila kelkfoje.	Io te comprende, le vita pote esser difficile a vices.	14
05431	Slang & Idioms	a big deal	ein großes Ding	una cosa importante	un événement, une affaire importante	una roba grossa	muito importante	una cosa grossa, una gran cosa	granda afero	un cosa importante	Dieser Wettbewerb ist ein großes Ding!	¡Esta competición es muy importante!	Cette compétition est un événement important !	Questa gara è una roba grossa!	Esta competição é muito importante	This tournament is a big deal!	Aquest torneig és una cosa grossa!	Ĉi tiu turniro estas granda afero!	Iste torneo es multo importante!	14
05432	Slang & Idioms	couch potato	der Couch-Potato , der Stubenhocker 	sedentario	quelqu'un qui passe son temps sur le canapé devant la télé	pigrone teledipendente	o(a) sedentário(a)	el mandrós (els mandrosos), la mandrosa (les mandroses), el sedentari (els sedentaris), la sedentària (les sedentàries)	sofo-terpomo	persona sedentari	Seitdem er seinen Job verloren hat, ist mein Bruder ein echter Stubenhocker geworden.	Desde que ha perdido el trabajo, mi hermano se ha convertido en un sedentario	Depuis qu'il a perdu son boulot, mon frère passe tout son temps sur le canapé	Da quando ha perso il suo lavoro, mio fratello è diventato un pigrone teledipendente	Depois que perdeu seu emprego, meu irmão virou um sedentário	Since he lost his job, my brother has become a couch potato	Des que va perdre la feina, el meu germà s'ha convertit en un mandrós.	De kiam li perdis sian laboron, mia frato fariĝis sofo-terpomo.	Desde que ille ha perdite su empleo, mi fratre ha devenite un persona sedentari.	14
05433	Slang & Idioms	to get one's mind off of things	sich von etwas ablenken	liberar la mente, distraerse	se changer les idées, se libérer l'esprit	distrarsi, svuotare la mente	liberar a mente	distreure's, aclarir la ment	malstreĉi la menson	distraher le mente	Ich finde du solltest rausgehen, um dich von deinen Problemen abzulenken.	Creo que tienes que salir, así podrás liberar la mente de tus problemas	Je pense que tu devrais sortir pour pouvoir te changer les idées et oublier tes problèmes	Penso che dovresti uscire così puoi svuotare la mente dai tuoi problemi	Eu acho que você deveria sair para que você possa liberar a mente de seus problemas	I think you should go out so that you can get your mind off of your problems	Crec que hauries de sortir per poder aclarir la ment dels teus problemes.	Mi pensas, ke vi devus eliri por ke vi povu malstreĉi vian menson de viaj problemoj.	Io crede que tu debe sortir, assi tu potera distraher tu mente de tu problemas.	14
05434	Slang & Idioms	to get to the point	zum Punkt kommen	ir al grano	en venir au fait	venire al punto	ir direto ao ponto	anar al gra	iri rekte al la afero	venir al puncto	Komm zum Punkt. Ich habe nicht den ganzen Tag Zeit, dir zuzuhören	Ve al grano. No tengo todo el día para escucharte	Viens en au fait. Je n'ai pas toute la journée pour t'écouter	Vieni al punto. Non ho tutto il giorno per ascoltarti	Vá direito ao ponto. Eu não tenho o dia todo para escutá-lo(a).	Get to the point. I don't have all day to listen to you	Ves al gra. No tinc tot el dia per escoltar-te.	Iru rekte al la afero. Mi ne havas la tutan tagon por aŭskulti vin.	Veni al puncto. Io non ha tote le die pro ascoltar te.	14
05435	Slang & Idioms	to give someone the runaround	Katz und Maus spielen / jemanden hinhalten	dar vueltas, andarse con rodeos	faire balader quelqu'un, raconter des histoires	far girare a vuoto	enrolar alguém	marejar la perdiu, donar voltes	ĉirkaŭiri	dar responsas evasive	Spielen Sie Katz und Maus mit mir?	¿Me estás haciendo dar vueltas?	Est-ce que vous me faites balader?	Mi stai facendo girare a vuoto?	Você está me enrolando?	Are you giving me the runaround?	M'estàs marejant la perdiu?	Ĉu vi ĉirkaŭiras min?	Tu me da responsas evasive?	14
05436	Slang & Idioms	to see eye-to-eye	derselben Meinung sein	verlo de la misma manera, estar de acuerdo	être sur la même longueur d'onde, se comprendre	vederla allo stesso modo, essere d'accordo	estar em sintonia	estar d'acord, veure les coses de la mateixa manera	vidi okulo-al-okule	esser de accordo	Wir sind nicht immer derselben Meinung, aber wir respektieren uns gegenseitig	No lo vemos siempre de la misma manera, pero nos respetamos	On n'est pas toujours sur la même longueur d'onde, mais on se respecte	Non la vediamo sempre allo stesso modo, ma ci rispettiamo	Nós não estamos sempre em sintonia, mas nos respeitamos	We don't always see eye-to-eye, but we respect each other	No sempre estem d'acord, però ens respectem.	Ni ne ĉiam vidas okulo-al-okule, sed ni respektas unu la alian.	Nos non sempre es de accordo, sed nos respecta le un le altere.	14
05437	Slang & Idioms	to show up (showed up, shown up)	auftauchen	aparecer	se ramener, se montrer	farsi vivo, farsi vedere	aparecer, surgir	aparèixer, presentar-se	aperi	apparer	Meine Ex ist auf der Party aufgetaucht	Mi ex novia se dejó ver en la fiesta	Mon ex-copine s'est ramenée à la fête	La mia ex ragazza si è fatta vedere alla festa	Minha ex-namorada apareceu na festa	My ex-girlfriend showed up at the party	La meva exnòvia va aparèixer a la festa.	Mia eks-koramikino aperis ĉe la festo.	Mi ex-amica appareva al festa	14
05438	Slang & Idioms	The news channel really bashed George Bush last night!	Der Nachrichtensender hat George Bush gestern Abend richtig niedergemacht!	¡El canal de noticias criticó severamente a George Bush ayer por la noche!	La chaine d'actualité a vraiment descendu George Bush hier !	Il canale dell'attualità ha stroncato George Bush ieri sera!	O canal de notícias realmente sentou a lenha em George Bush ontem à noite!	El canal de notícies va criticar durament George Bush ahir a la nit!	La novaĵkanalo vere kritikis George Bush hieraŭ nokte!	Le canal de novas criticava severemente George Bush heri nocte!										14
05439	Slang & Idioms	That student is such a know-it-all. He thinks he's so smart	Dieser Schüler ist so ein Besserwisser. Der glaubt, der wär so intelligent	Este estudiante es un sabelotodo. Se cree muy inteligente	Cet étudiant est vraiment un Monsieur Je-sais-tout. Il se croit tellement intelligent	Questo studente è proprio un so-tutto-io. Pensa di essere così intelligente	Esse estudante é um sabe-tudo. Ele se acha tão inteligente	Aquell estudiant és un setciències. Es creu molt intel·ligent.	Tiu studento estas tia ĉiosciulo. Li pensas, ke li estas tiel lerta.	Iste studente es un ver omnisciente. Ille se crede multo intelligente										14
05440	Slang & Idioms	I took a break for a moment and now I'm picking back up where I left off	Ich habe einen kleinen Moment Pause gemacht und mache da weiter, wo ich aufgehört hab.	He hecho una pausa y ahora lo retomo desde donde lo he dejado	J'ai fait une pause pour un moment et maintenant je reprends là où je me suis arrêté	Ho fatto una pausa per un momento e ora riprendo da dove avevo lasciato	(Eu) fiz uma pausa por um momento e, agora, eu estou  retomando de onde parei	He fet una pausa un moment i ara reprenc on ho havia deixat.	Mi paŭzis momenton kaj nun mi daŭrigas de kie mi ĉesis.	Io faceva un pausa per un momento e ora io reprende ubi io habeva lassate										14
05441	Slang & Idioms	Models are usually stuck up. They think the world revolves around them	Topmodels sind generell eingebildet. Die glauben die Welt drehe sich nur um sie.	Las modelos suelen ser creídas. Piensan que el mundo gira a su alrededor	Les top-modèles sont généralement prétentieuses. Elles pensent que le monde tourne autour d'elles	Le modelle di solito sono presuntuose. Pensano che il mondo giri intorno a loro 	Modelos são geralmente achadas. Pensam que o mundo gira ao redor delas 	Les models solen ser presumides. Pensen que el món gira al seu voltant.	Modeloj kutime estas arogantaj. Ili pensas, ke la mondo rondiras ĉirkaŭ ili.	Modellos es habitualmente arrogante. Illas pensa que le mundo gira circa illas										14
05442	Slang & Idioms	Wow, her voice blew me away	Wow, ihre Stimme hat mich voll umgehauen	Vaya, su voz me ha deslumbrado	Ouah, sa voix m'a époustouflé	Wow, la sua voce mi ha sbalordito	Uau, a voz dela me desconcertou	Vaja, la seva veu em va deixar bocabadat.	Vau, ŝia voĉo forblovis min.	Guau, su voce me ha stupefacite										14
05443	Slang & Idioms	I am going to cash in on the sale coming up	Ich werde mich beim nächsten Schlussverkauf richtig austoben	Voy a aprovechar las próximas rebajas	Je vais profiter des soldes qui approchent	Sto per approfittare dei saldi in arrivo	(Eu) vou tirar proveito  das próximas ofertas	Aprofitaré les properes rebaixes.	Mi profitos la venontajn rabatojn.	Io va profitar del imminente venditas a precio reducite										14
05444	Slang & Idioms	I'm going to go with the blue car. I think it's the right decision	Ich werde das blaue Auto nehmen, ich denke, dass das eine gute Entscheidung ist	Iré con el coche azul. Creo que es una buena decisión (ES), Iré con el carro azul. Creo que es una buena decisión (AL)	Je vais choisir la voiture bleue, je pense que c'est la bonne décision	Sceglierò la macchina blu. Penso sia la decisione giusta	(Eu) vou escolher o carro azul. Acho que é a decisão certa	Tiraré pel cotxe blau. Crec que és la decisió correcta.	Mi elektos la bluan aŭton. Mi pensas, ke tio estas la ĝusta decido.	Io va optar pro le automobile blau. Io pensa que illo es le decision correcte										14
05445	Slang & Idioms	Let me wrap this email up and then I'll call you	Lass mich diese E-Mail fertig schreiben und dann rufe ich dich an	Déjame acabar este email y te llamo	Laisse-moi boucler cet email et je t'appelle	Fammi finire questa email e ti chiamo	Deixe-me terminar este e-mail e lhe chamo	Deixa'm acabar aquest correu electrònic i després et truco.	Lasu min fini ĉi tiun retpoŝton kaj poste mi telefonos al vi.	Lassa me finir iste e-posta e postea io te telephonara										14
05446	Slang & Idioms	I couldn't pay attention to the teacher and I zoned out	Ich konnte meinem Lehrer nicht folgen und habe angefangen zu träumen	No podría prestar atención al profesor y me he distraido	Je ne pouvais pas faire attention au prof et j'ai rêvassé	Non riuscivo a fare attenzione al professore e mi sono distratto	(Eu) não conseguia prestar atenção no professor e me distraí	No podia parar atenció al professor i em vaig distreure.	Mi ne povis atenti la instruiston kaj mi distriĝis.	Io non poteva prestar attention al professor e io me distraheva										14
05447	Slang & Idioms	Let's finish our meeting and we can touch base tomorrow	Beenden wir das Treffen und sprechen uns morgen wieder	Acabemos nuestra reunión y lo hablamos mañana	Finissons notre réunion et on se recontacte demain	Finiamo il nostro incontro e ci risentiamo domani	Terminemos nossa reunião e  conversemos amanhã	Acabem la nostra reunió i demà en parlem.	Ni finu nian kunvenon kaj morgaŭ ni reparolos.	Fini nos nostre reunion e nos pote reprender contacto deman										14
05448	Slang & Idioms	Do you get the joke?	Checkst du den Witz?	¿Has entendido la broma?	Tu comprends la blague ?	Hai capito la battuta?	(Você) entendeu a piada?	Entens la broma?	Ĉu vi komprenas la ŝercon?	Comprende tu le joco?										14
05449	Slang & Idioms	To make a long story short, we broke up	Um es kurz zu machen, wir haben Schluss gemacht	Para no entrar en detalles, hemos roto	Pour ne pas rentrer dans les détails, on a rompu	Per farla breve, ci siamo lasciati	Para encurtar a história, nós terminamos	Per fer curta una història llarga, vam trencar.	Por mallongigi longan rakonton, ni disiĝis.	Pro facer breve un longe historia, nos nos separava										14
05450	Slang & Idioms	Off the top of my head, I don't remember his name	So ganz ohne zu überlegen komme ich nicht auf seinen Namen	Así a bote pronto, no me acuerdo de su nombre	Comme ça sans réfléchir, je ne me rappelle pas son nom	Così su due piedi, non mi ricordo il suo nome	De cabeça, eu não lembro o nome dele 	Així de cop, no recordo el seu nom.	El la supro de mia kapo, mi ne memoras lian nomon.	Sin pensar multo, io non me recorda de su nomine										14
05451	Slang & Idioms	wheels	die Karre , das Auto 	el bólido, el coche, el carro (AL)	la bagnole, la voiture, la caisse	il bolide, la macchina	a máquina, o carro	el cotxàs (els cotxassos), el bòlid (els bòlids)	radoj (slango por aŭto)	automobile	Schau dir mal diese wunderschöne Karre an!	¡Mira que bólido!	Regarde-moi cette magnifique bagnole !	Guarda quel bel bolide!	Veja que bela máquina!	Check out those beautiful wheels!	Mira quin cotxàs!	Rigardu tiujn belajn radojn!	Reguarda ille belle bolide!	14
05452	Slang & Idioms	La-dee-da	Oje	No pues	Oh là là	Caspita	Eita	Ostres!	Ho ve!	ironic	Oje! Du denkst echt, dass du so außergewöhnlich bist	¡Ay, no pues! Te crees muy especial	Eh bien, oh là là ! Tu penses que tu es tellement spécial	Beh, caspita! Pensi di essere tanto speciale	Eita! Você se acha muito especial	Well, la-dee-da! You think you are so special	Ostres! Et penses que ets molt especial.	Nu, ho ve! Vi pensas, ke vi estas tiel speciala.	Ben, ironicamente! Tu te crede multo special	14
05453	Slang & Idioms	burp	der Rülpser 	el eructo	le rot	il rutto	o arroto	l'eructe (els eructes)	rukto	ructo										14
05454	Environment & Ecology	to preserve	bewahren	preservar	préserver	salvaguardare	preservar	preservar	konservi	preservar										14
05455	Environment & Ecology	to discharge	ausstoßen	descargar	décharger	scaricare	descarregar	descarregar	malŝarĝi	discargar										14
05456	Environment & Ecology	solar panel	der Sonnenkollektor , das Solarmodul 	el panel solar	le panneau solaire	il pannello solare	o painel solar	la placa solar (les plaques solars)	suna panelo	pannello solar										14
05457	Environment & Ecology	food chain	die Nahrungskette 	la cadena alimentaria	la chaîne alimentaire	la catena alimentare	a cadeia alimentar	la cadena alimentària (les cadenes alimentàries)	nutroĉeno	catena alimentari										14
05458	Politics & Government	popularity	die Popularität	la popularidad	la popularité	la popolarità, il gradimento	a popularidade	la popularitat	populareco	popularitate										14
05459	Politics & Government	extremist	der Extremist 	el/la extremista	l'extrémiste 	l'estremista 	o(a) extremista	l'extremista (els extremistes)	ekstremisto	extremista										14
05460	Politics & Government	overall majority	die absolute Mehrheit	la mayoría absoluta	la majorité absolue	la maggioranza assoluta	a maioria absoluta	la majoria absoluta	absoluta plimulto	majoritate absolute										14
05461	Politics & Government	dictator	der Diktator 	el dictador	le dictateur	il dittatore	o(a) ditador(a)	el dictador (els dictadors), la dictadora (les dictadores)	diktatoro	dictator										14
05462	Politics & Government	backing, support	die Unterstützung 	el apoyo	le soutien	il sostegno, il seguito	o apoio, o suporte	el suport (els suports), el recolzament (els recolzaments)	subteno	supporto										14
05463	Social Issues	to go on (went on, gone on) welfare	Sozialhilfe beantragen	inscribirse para las ayudas sociales, inscribirse a los beneficios sociales	s'inscrire à l'aide sociale	iscriversi alla previdenza sociale	solicitar assistência social	sol·licitar ajudes socials	peti socialan helpon	inscriber se pro le assistentia social										14
05464	Social Issues	part-time work	die Teilzeitarbeit 	el trabajo a tiempo parcial	le travail à temps partiel	il lavoro part-time	o trabalho de meio período	el treball a temps parcial	partatempa laboro	labor a tempore partial										14
05465	Social Issues	temporary employment, interim work	die Zeitarbeit 	el trabajo temporal	le travail intérimaire	il lavoro temporaneo, il lavoro interinale	o trabalho temporário	el treball temporal	provizora laboro	labor temporari										14
05466	Social Issues	job security	die Arbeitsplatzgarantie 	la seguridad en el empleo	la sécurité de l'emploi	la sicurezza sul lavoro	a segurança do emprego	la seguretat laboral	laborsekureco	securitate del empleo										14
05467	Social Issues	to call 911 (US), to dial 999 (UK)	den Notruf anrufen	llamar a urgencias	appeler les secours	chiamare i soccorsi	chamar a emergência	trucar a emergències	voki la kriznumeron	appellar le numero de urgentia										14
05468	Disasters & Emergencies	to erupt	ausbrechen	entrar en erupción	entrer en éruption	eruttare	entrar em erupção	entrar en erupció	erupcii	erumper										14
05469	Disasters & Emergencies	without a trace	spurlos	sin dejar rastro	sans laisser de traces	senza lasciare tracce	sem deixar vestígios	sense deixar rastre	sen spuro	sin lassar tracia	Er ist spurlos verschwunden	Se fue sin dejar rastro	Il est parti sans laisser de trace	Èpartito senza lasciare tracce	Ele partiu sem deixar vestígios	He left without a trace	Va marxar sense deixar rastre.	Li foriris sen spuro.	Ille partiva sin lassar tracia.	14
05470	Nouns	passion	die Leidenschaft , die Passion 	la pasión	la passion	la passione	a paixão	la passió	pasio	passion										14
05471	Nouns	Iranian	der Iraner 	el(la) iraní	l'Iranien 	l'iraniano	o(a) iraniano(a)	l'iranià (els iranians), l'iraniana (les iranianes)	irano	iraniano										14
05472	Nouns	scam	der Betrug 	el fraude, la estafa	l'escroquerie 	la truffa	a fraude	el frau (els fraus), l'estafa (les estafes)	fraŭdo	fraude										14
05473	Nouns	escape	die Flucht 	el escape, la fuga	l'évasion 	la fuga, l'evasione 	a fuga	l'escapada (les escapades), la fuga (les fugues)	fuĝo	fuga										14
05474	Nouns	mansion	das Herrenhaus , die Villa 	la mansión	le manoir	la villa, il maniero	a mansão	la mansió (les mansions)	palaceto	palatio, casa seniorial										14
05475	Nouns	hydrogen	der Wasserstoff 	el hidrógeno	l'hydrogène 	l'idrogeno	o hidrogênio	l'hidrogen	hidrogeno	hydrogeno										14
05476	Nouns	inauguration	die Einweihung 	la inauguración	l'inauguration 	l'inaugurazione 	a inauguração	la inauguració (les inauguracions)	inaŭguro	inauguration										14
05477	Nouns	darkness	die Dunkelheit 	la oscuridad	l'obscurité 	l'oscurità, il buio	a escuridão	la foscor	mallumo	obscuritate										14
05478	Nouns	orphan	die Waise , das Waisenkind 	el(la) huérfano(a)	l'orphelin 	l'orfano	o órfão, a órfã	l'orfe (els orfes), l'òrfena (les òrfenes)	orfo	orphano										14
05479	Nouns	chemistry	die Chemie 	la química	la chimie	la chimica	a química	la química	kemio	chimia										14
05480	Nouns	scar	die Narbe 	la cicatriz	la cicatrice	la cicatrice	a cicatriz	la cicatriu (les cicatrius)	cikatro	cicatrice										14
05481	Nouns	detention	die Haft , die Inhaftierung 	la detención	la détention	la detenzione	a detenção	la detenció (les detencions)	aresto	detention										14
05482	Nouns	dimension	die Dimension 	la dimensión	la dimension	la dimensione	a dimensão	la dimensió (les dimensions)	dimensio	dimension										14
05483	Nouns	misconduct	das schlechte Benehmen 	la mala conducta	la faute, la mauvaise conduite	il comportamento scorretto	a má conduta	la mala conducta	miskonduto	mal conducta										14
05484	Nouns	flexibility	die Flexibilität 	la flexibilidad	la flexibilité	la flessibilità	a flexibilidade	la flexibilitat	fleksebleco	flexibilitate										14
05485	Nouns	fleet	die Flotte 	la flota	la flotte	la flotta	a frota	la flota (les flotes)	floto	flotta										14
05486	Nouns	mention	die Erwähnung 	la mención	la mention	la menzione, l'accenno	a menção	la menció (les mencions), l'esment (els esments)	mencio	mention										14
05487	Nouns	nicotine	das Nikotin 	la nicotina	la nicotine	la nicotina	a nicotina	la nicotina	nikotino	nicotina										14
05488	Nouns	nun	die Nonne 	la monja	la nonne	la suora	a freira	la monja (les monges)	monaĥino	monacha										14
05489	Nouns	physics	die Physik 	la física	la physique	la fisica	a física	la física	fiziko	physica										14
05490	Nouns	grip	der Griff 	el agarre	la prise	la presa	o aperto	l'agafada (les agafades), l'adherència (les adherències)	teno	prisa										14
05491	Nouns	breakdown (mental collapse)	der Zusammenbruch 	el ataque nervioso	la dépression (mentale)	l'esaurimento nervoso	a depressão, o desânimo	la crisi nerviosa (les crisis nervioses), el col·lapse mental (els col·lapses mentals)	nerva kolapso	collapso nervose										14
05492	Nouns	sequence	die Sequenz 	la secuencia	la séquence	la sequenza	a sequência	la seqüència (les seqüències)	sekvenco	sequentia										14
05493	Nouns	outlet (retail store)	das Outlet, das Einzelhandelsgeschäft 	el outlet	l'outlet, le point de vente, le magasin	l'outlet, il negozio	a loja de varejo	la botiga d'ofertes (les botigues d'ofertes), l'outlet (els outlets)	ellasejo	outlet	Ich habe mir im Outlet Schuhe, ein Hemd und zwei Jeans gekauft.	Compré zapatos, una camisa y dos pares de jeans en el outlet	J'ai acheté des chaussures, une chemise et deux jeans au magasin	Ho comprato scarpe, una camicia e due paia di jeans al negozio	Eu comprei sapatos, uma camisa e dois pares de calças jeans na loja de varejo	I bought shoes, a shirt and two pairs of jeans from the outlet	Vaig comprar sabates, una camisa i dos parells de texans a l'outlet.	Mi aĉetis ŝuojn, ĉemizon kaj du parojn da ĝinzo ĉe la ellasejo.	Io comprava calceos, un camisa e duo pares de jeans in le outlet.	14
05494	Nouns	transformation	die Transformation 	la transformación	la transformation	la trasformazione	a transformação	la transformació (les transformacions)	transformiĝo	transformation	Das war eine echte Transformation für mein Auto! 	¡Fue una real transformación para mi coche!	C'était une vraie transformation pour ma voiture!	È stata una vera trasformazione per la mia auto!	Foi uma real transformação para meu carro!	It was a real transformation for my car! 	Va ser una autèntica transformació per al meu cotxe!	Ĝi estis vera transformiĝo por mia aŭto!	Illo esseva un ver transformation pro mi automobile!	14
05495	Nouns	valley	das Tal 	el valle	la vallée	la valle	o vale	la vall (les valls)	valo	valle										14
05496	Nouns	virtue	die Tugend 	la virtud	la vertu	la virtù	a virtude	la virtut (les virtuts)	virto	virtute										14
05497	Nouns	vitamin	das Vitamin 	la vitamina	la vitamine	la vitamina	a vitamina	la vitamina (les vitamines)	vitamino	vitamina										14
05498	Nouns	shield	der Schild  	el escudo	le bouclier	lo scudo	o escudo	l'escut (els escuts)	ŝildo	scuto										14
05499	Nouns	temper	das Temperament , die Laune 	el carácter	le caractère	il temperamento, il carattere	o caráter, o temperamento	el temperament (els temperaments), el caràcter (els caràcters)	humoro	temperamento										14
05500	Nouns	comedian	der Komödiant 	el(la) comediante	le comédien	il comico	o(a) comediante	el còmic (els còmics), la còmica (les còmiques), l'humorista (els humoristes)	komikisto	comediante										14
05501	Nouns	convoy	der Konvoi 	el convoy	le convoi	il convoglio	o comboio	el comboi (els combois)	konvojo	convio										14
05502	Nouns	flaw	der Fehler , der Defekt 	el defecto, la imperfección	le défaut	il difetto	a falha, o defeito	el defecte (els defectes), la imperfecció (les imperfeccions)	difekto	defecto										14
05503	Nouns	wheelchair	der Rollstuhl 	la silla de ruedas	le fauteuil roulant	la sedia a rotelle	a cadeira de rodas	la cadira de rodes (les cadires de rodes)	radseĝo	sedia a rotas										14
05504	Nouns	format	das Format 	el formato	le format	il formato	o formato	el format (els formats)	formato	formato										14
05505	Nouns	limb (body part)	das Glied 	la extremidad, el miembro	le membre (du corps)	l'arto	o membro (do corpo...)	l'extremitat (les extremitats) (part del cos)	membro (korpoparto)	membro										14
05506	Nouns	mentor	der Mentor 	el mentor	le mentor	il mentore	o(a) mentor(a)	el mentor (els mentors), la mentora (les mentores)	mentoro	mentor	Mein Mentor hilft mir bei meinen Hausaufgaben und beim Sport und generell hilft er mir dabei wichtige Entscheidungen zu treffen.	Mi mentor me ayuda en los deberes y en el deporte y, sobretodo, me ayuda a tomar decisiones importantes.	Mon mentor m'aide pour mes devoirs et le sport, et en général, il m'aide à prendre des décisions importantes.	Il mio mentore mi aiuta nei compiti e nello sport e, soprattutto, mi aiuta a prendere decisioni importanti.	Meu mentor me ajuda com meus deveres e com o esporte e, em geral, ele me ajuda a tomar decisões importantes.	My mentor helps me with my homework and sports, and, overall, he helps me make life decisions.	El meu mentor m'ajuda amb els deures i els esports i, en general, m'ajuda a prendre decisions importants a la vida.	Mia mentoro helpas min pri miaj hejmtaskoj kaj sportoj, kaj, entute, li helpas min fari vivajn decidojn.	Mi mentor me adjuta con mi deberes e con le sportes e, in general, ille me adjuta a prender decisiones de vita.	14
05507	Nouns	thumb	der Daumen 	el pulgar	le pouce	il pollice	o polegar	el polze (els polzes)	dikfingro	pollice										14
05508	Nouns	ritual	das Ritual 	el ritual	le rituel	il rituale	o ritual	el ritual (els rituals)	rito	ritual										14
05509	Nouns	servant	der Diener 	el(la) sirviente(a)	le serviteur	il domestico	o(a) servidor(a)	el servent (els servents), la serventa (les serventes)	servisto	servitor										14
05510	Nouns	summary	die Zusammenfassung 	el resumen	le résumé	il riassunto	o resumo, o sumário	el resum (els resums)	resumo	summario	Erzähl mir nicht die ganze Geschichte, nur eine Zusammenfassung der wichtigsten Geschehnisse. 	No me cuentes toda la historia, sólo un resumen de sus principales eventos. 	Ne me raconte pas toute l'histoire, juste un résumé des évènements principaux. 	Non raccontarmi l'intera storia, solo un riassunto dei suoi eventi principali. 	Não me conte toda a história, apenas um resumo de seus principais eventos. 	Don't tell me the whole story, just a summary of its main events. 	No m'expliquis tota la història, només un resum dels esdeveniments principals.	Ne rakontu al mi la tutan rakonton, nur resumon de ĝiaj ĉefaj eventoj.	Non me narra tote le historia, solmente un summario de su eventos principal.	14
05511	Nouns	overweight	das Übergewicht 	el sobrepeso	le surpoids	il sovrappeso 	o sobrepeso	el sobrepès	tropezo	excesso de peso										14
05512	Nouns	tattoo	das Tattoo 	el tatuaje	le tatouage	il tatuaggio	a tatuagem	el tatuatge (els tatuatges)	tatuo	tatuage										14
05513	Nouns	telescope	das Teleskop 	el telescopio	le télescope	il telescopio	o telescópio	el telescopi (els telescopis)	teleskopo	telescopio										14
05514	Nouns	hallway	der Flur , die Diele , der Korridor 	el vestíbulo	le vestibule	l'ingresso, il corridoio	a entrada, o corredor	el passadís (els passadissos), el vestíbul (els vestíbuls)	koridoro	vestibulo										14
05515	Nouns	medical care, health care	die Gesundheitspflege 	la asistencia médica	les soins médicaux	l'assistenza medica / infermieristica	os cuidados médicos	l'atenció mèdica, l'assistència sanitària	medicina prizorgo	assistentia medical										14
05516	Adjectives	overwhelming	überwältigend	abrumador(a)	écrasant(e)	schiacciante	esmagador(a)	aclaparador(a)	superforta	opprimente										14
05517	Adjectives	artistic	künstlerisch	artístico(a)	artistique	artistico(a)	artístico(a)	artístic(a)	artista	artistic										14
05518	Adjectives	associated	assoziiert, teilhabend	asociado(a)	associé(e)	associato(a)	associado(a)	associat(ada)	asociita	associate										14
05519	Adjectives	classified	klassifiziert	clasificado(a)	classé(e)	segreto(a), riservato(a)	classificado(a)	classificat(ada)	klasifikita	classificate										14
05520	Adjectives	contemporary	zeitgenössisch	contemporáneo(a)	contemporain(e)	contemporaneo(a)	contemporâneo(a)	contemporani(ània)	nuntempa	contemporanee										14
05521	Adjectives	cynical	zynisch	cínico(a)	cynique	cinico(a)	cínico(a)	cínic(a)	cinika	cynic										14
05522	Adjectives	distinguished	vornehm	distinguido(a)	distingué(e)	eminente, distinto(a)	eminente, distinto(a)	distingit(ida)	eminenta	distinguite										14
05523	Adjectives	flawed	fehlerhaft	imperfecto(a)	imparfait(e), défectueux(se)	imperfetto(a), difettoso(a)	imperfeito(a), defeituoso(a)	defectuós(osa), imperfecte(a)	difekta	imperfecte	Diese Arbeit ist auf mehrere Arten fehlerhaft. Die wichtigste davon ist die Rechtschreibung. 	Este texto es imperfecto en muchos aspectos, el más importante de ellos es la ortografía. 	Ce devoir est imparfait de plusieurs manières, la plus importante desquelles est l'orthographe.	Questo testo è imperfetto in molti modi, il più importante dei quali è la sua ortografia.	Este texto é imperfeito de várias maneiras, sendo a mais importante de todas a sua ortografia. 	This paper is flawed in several ways, most important of which is its spelling.	Aquest treball és defectuós en diversos aspectes, el més important dels quals és l'ortografia.	Ĉi tiu papero estas difekta plurmaniere, el kiuj la plej grava estas ĝia ortografio.	Iste texto es imperfecte in plure aspectos, le plus importante del quales es le orthographia.	14
05524	Adjectives	undecided	unentschlossen	indeciso(a)	indécis(e)	indeciso(a)	indeciso(a)	indecís(isa)	nedecidita	indecise										14
05525	Adjectives	intensive	intensiv	intensivo(a)	intensif, intensive	intenso(a), intensivo(a)	intensivo(a)	intensiu(iva)	intensa	intensive	Das Geschäft wurde intensiven Renovierungsarbeiten unterzogen und war kaum wiederzuerkennen.	El negocio ha sido reestructurado de forma intensiva y es casi irreconocible. 	Le magasin a subi une rénovation intensive et était à peine reconnaissable.	Il negozio ha subito un'intensa ristrutturazione ed era a malapena riconoscibile.	A loja sofreu uma renovação intensiva e ficou quase irreconhecível.	The store underwent intensive remodeling and was barely recognizable anymore.	La botiga va patir una remodelació intensiva i gairebé ja no es reconeixia.	La vendejo spertis intensan remodeladon kaj apenaŭ estis plu rekonebla.	Le magazin esseva restructurate de forma intensive e esseva quasi irrecognoscibile.	14
05526	Adjectives	ironic	ironisch	irónico(a)	ironique	ironico(a)	irônico(a)	irònic(a)	ironia	ironic										14
05527	Adjectives	irresponsible	unverantwortlich, verantwortungslos	irresponsable	irresponsable	irresponsabile	irresponsável	irresponsable	nerespondeca	irresponsabile										14
05528	Adjectives	legendary	legendär	legendario(a)	légendaire	leggendario(a)	legendário(a)	llegendari(ària)	legenda	legendari										14
05529	Adjectives	premature	vorzeitig	prematuro(a)	prématuré(e)	prematuro(a)	prematuro(a)	prematur(a)	antaŭtempa	prematur										14
05530	Adjectives	provocative	provokativ, provokant	provocativo(a)	provocant(e)	provocante	provocante	provocador(a), provocatiu(iva)	provoka	provocative										14
05531	Adjectives	endless	endlos	interminable	sans fin	interminabile	interminável	interminable	senfina	interminabile										14
05532	Adverbs	thoroughly	gründlich	a fondo, minuciosamente	à fond, en profondeur	a fondo, minuziosamente	a fundo, profundamente	a fons, minuciosament	profunde	a fundo										14
05533	Adverbs	substantially	erheblich	sustancialmente	substantiellement, considérablement	sostanzialmente	substancialmente	substancialment	substance	substantialmente										14
05534	Adverbs	enormously	enorm	enormemente	énormément	enormemente	enormemente	enormement	enorme	enormemente										14
05535	Adverbs	partially	teilweise	parcialmente	partiellement	parzialmente	parcialmente	parcialment	parte	partialmente										14
05536	Adverbs	reasonably	vernünftig	razonablemente	raisonnablement	ragionevolmente, abbastanza	razoavelmente	raonablement	racie	rationabilemente										14
05537	Adverbs	secretly	heimlich	secretamente	secrètement	segretamente	secretamente	secretament	sekrete	secretemente										14
05538	Verbs	to articulate	(sich) artikulieren	articular	articuler	articolare	articular	articular	artikuli	articular										14
05539	Verbs	to rank	einordnen, klassifizieren	clasificar (bajo cierto orden)	classer, se classer (par place/rang)	classificare (in ordine)	ordenar, classificar (em ordem)	classificar, ordenar	rangigi	classificar										14
05540	Verbs	to constitute	darstellen, ergeben	constituir	constituer	costituire	constituir	constituir	konsistigi	constituer	Das stellt keine Schrift dar: das sieht eher wie irgendwelche Markierungen aus.	Eso no constituye escritura; parecen ser marcas de algún tipo.	Cela ne constitue pas de l'écriture: ça ressemble à des inscriptions quelconques.	Questo non costituisce scrittura: sembrano segni di qualche tipo.	Isso não se constitui como escrita; isso parece marcações de algum tipo.	That does not constitute as writing; it looks like markings of some sort.	Això no constitueix escriptura; semblen ser marques d'algun tipus.	Tio ne konsistigas skribon; ĝi aspektas kiel markoj de ia speco.	Illo non constitue scriptura; illo pare esser marcas de alcun sorta.	14
05541	Verbs	to construct	konstruieren	construir	construire, édifier	costruire, fabbricare	construir, edificar	construir	konstrui	construer										14
05542	Verbs	to unveil	enthüllen	revelar	dévoiler	svelare	revelar, desvendar	revelar, desvetllar	malkaŝi	revelar										14
05543	Verbs	to frame	einrahmen, umrahmen	enmarcar	encadrer	incorniciare	enquadrar	emmarcar	enkadrigi	inquadrar										14
05544	Verbs	to slap	ohrfeigen, einen Klaps geben	cachetear	gifler, claquer	schiaffeggiare	esbofetear	bufetejar	vangi	colpar										14
05545	Verbs	to scramble	mischen, verquirlen	revolver, mezclar	brouiller, mélanger	mescolare	misturar, mesclar	barrejar, remenar	mikskirlu	miscer										14
05546	Verbs	to inherit	erben	heredar	hériter	ereditare	herdar	heretar	heredi	hereditar										14
05547	Verbs	to minimize	minimieren	minimizar	minimiser	minimizzare	minimizar	minimitzar	minimumigi	minimisar										14
05548	Verbs	to panic	in Panik geraten	sentir pánico, aterrorizarse	paniquer	farsi prendere dal panico	entrar em pânico	entrar en pànic	paniki	sentir panico										14
05549	Verbs	to disrupt	stören	perturbar	perturber	disturbare, scombussolare	perturbar	pertorbar	ĝeni	perturbar										14
05550	Verbs	to envision	vorstellen	imaginar, visualizar	imaginer, visualiser	immaginare, visualizzare	prever, imaginar	imaginar, visualitzar	vidi en la menso	imaginar										14
05551	Verbs	to provoke	provozieren	provocar	provoquer	provocare	provocar, atiçar	provocar	provoki	provocar										14
05552	Verbs	to crawl	kriechen	gatear	ramper	trascinarsi, strisciare	rastejar	gatejar, arrossegar-se	rampi	reper										14
05553	Verbs	to yield, to produce (results)	erzeugen, hergeben	rendir	rapporter, produire	fruttare, produrre	render, produzir	produir, rendir (resultats)	produkti (rezultojn)	render										14
05554	Verbs	to overthrow	zu Fall bringen, umstoßen	derribar, derrocar	renverser	rovesciare	derrubar	derrocar	faligi	subverter										14
05555	Verbs	to amount	betragen, sich belaufen auf	ascender	s'élever	ammontare	ascender, subir	ascendir a, sumar	sumiĝi al	ascender	Die Rechnung belief sich auf ungefähr 100€ 	La cuenta ascendió a alrededor de 100 €	L'addition s'élevait à peu près à 100 €	Il conto ammontava a circa 100€	A conta subiu para cerca de 100 €	The bill amounted to about 100 €	El compte va ascendir a uns 100 €.	La fakturo sumiĝis al ĉirkaŭ 100 €.	Le conto ascendeva a circa 100 €.	14
05556	Verbs	to bust	erwischen, schnappen	arrestar	pincer, choper	pizzicare, beccare	prender, aprisionar	enxampar, arrestar	kapti	arrestar	Die Polizei hat gestern eine Bande Drogendealer geschnappt 	La policía arrestó a un grupo de vendedores de droga ayer	La police a chopé une bande de vendeurs de drogue hier	La polizia ha beccato una banda di spacciatori di droga ieri	A polícia prendeu um bando de vendedores de drogas ontem	The police busted a band of drug dealers yesterday	La policia va enxampar una banda de traficants de drogues ahir.	La polico kaptis bandon de drogkomercistoj hieraŭ.	Le policia arrestava heri un banda de venditores de droga.	14
05557	Verbs	to signal	signalisieren	señalar	signaler	segnalare	sinalizar	assenyalar	signali	signalar										14
05558	Verbs	to go around (went around, gone around) /round in circles	im Kreis gehen, sich im Kreis drehen	dar vueltas	tourner en rond	ruotare intorno, girare	arredondar	fer voltes, girar en rodó	rondiri	facer voltas in circulos										14
05559	Verbs	to mislead, to deceive	täuschen, betrügen	engañar	tromper, duper	sviare, trarre in inganno, ingannare	enganar, ludibriar	enganyar, confondre	trompi	deciper, inducer in error										14
05560	Idiomatic Expressions	to sell under the counter	etwas unterm Ladentisch verkaufen	vender de forma ilegal (ES), vender bajo cuerda (AL)	vendre sous le manteau	vendere sotto banco	vender por baixo do pano	vendre sota mà	vendi sub la vendotablo	vender clandestinemente										14
05561	Idiomatic Expressions	They wiped the floor with them	Sie haben sie fertig gemacht	Les dieron una paliza	Ils les ont battus à plate couture	Diedero loro una lezione	Acabaram com eles	els van apallissar, els van deixar KO	Ili viŝis la plankon per ili.	Illes les vinceva completamente										14
05562	Idiomatic Expressions	the final straw	der Tropfen, der das Fass zum Überlaufen bringt	la gota que colma el vaso	la goutte d'eau qui fait déborder le vase	la goccia che fa traboccare il vaso	a última gota	la gota que fa vessar el got	la fina pajlero	le gutta que face disbordar le vaso										14
05563	Idiomatic Expressions	the icing on the cake	das Sahnehäubchen , das i-Tüpfelchen 	la guinda del pastel (ES), la cereza del pastel (AL)	la cerise sur le gâteau	la ciliegina sulla torta	a cereja do bolo	la cirereta del pastís	la glazuro sur la kuko	le ceresia super le torta										14
05564	Idiomatic Expressions	to look for a needle in a haystack	die Nadel im Heuhaufen suchen	como buscar una aguja en un pajar	chercher une aiguille dans une botte de foin	cercare un ago in un pagliaio	procurar uma agulha no palheiro	buscar una agulla en un paller	serĉi kudrilon en fojnamaso	cercar un acicula in un pila de feno										14
05565	Idiomatic Expressions	to shout something from the rooftops	etwas von den Dächern schreien / etwas an die große Glocke hängen	gritar a los cuatro vientos	crier sur tous les toits	gridare qualcosa ai quattro venti	gritar aos quatro ventos	cridar als quatre vents	krii de la tegmentoj	proclamar al quatuor ventos										14
05566	Idiomatic Expressions	to be drowning in work	in Arbeit ertrinken	estar ahogandose en trabajo	être noyé sous le travail	affogare nel lavoro	estar afogado(a) em trabalho	estar negat de feina	droni en laboro	esser submergite de labor										14
05567	Idiomatic Expressions	to put through (put through, put through) the wringer	jemanden in die Mangel nehmen	hacer pasar por un momento dificil	en faire voir de toutes les couleurs	strapazzare qualcuno, mettere sotto torchio	passar por uma situação difícil	fer-li passar les de Caïm a algú	travivi la turmentilon	facer passar per un momento difficile										14
05568	Idiomatic Expressions	to bury the hatchet	das Kriegsbeil begraben	hacer las paces	enterrer la hache de guerre	seppellire l'ascia di guerra	por as diferenças de lado	enterrar la destral de guerra	enterigi la hakilon	facer le pace										14
05569	Idiomatic Expressions	double-edged sword	ein zweischneidiges Schwert	espada de doble filo	épée à double tranchant	una lama a doppio taglio	faca de dois gumes	l'espasa de doble tall	dutranĉa glavo	spada a duple filo										14
05570	Idiomatic Expressions	to have one's head in the clouds	den Kopf in den Wolken tragen	tener la cabeza en las nubes	avoir la tête dans les nuages	avere la testa tra le nuvole	ter a cabeça nas nuvens	tenir el cap als núvols	havi la kapon en la nuboj	haber le capite in le nubes										14
05571	Idiomatic Expressions	to be in (was in / were in, been in) the hot seat	auf der Anklagebank sein	ser el centro de atención, estar en la linea de fuego	être sur la sellette	essere in un posto che scotta	estar em uma saia-justa	estar en el punt de mira, a la corda fluixa	esti en la varma seĝo	esser in le foco del attention										14
05572	Idiomatic Expressions	to bring home the bacon	die Brötchen verdienen	ganarse el pan	gagner son pain, faire bouillir la marmite	portare la pagnotta a casa, guadagnarsi il pane	ganhar o pão de cada dia	portar el pa a casa	alporti hejmen la lardon	ganiar le pan										14
05573	Idiomatic Expressions	to kill two birds with one stone	zwei Fliegen mit einer Klappe schlagen	matar dos pájaros de un tiro	faire d'une pierre deux coups	prendere due piccioni con una fava	matar dois coelhos com uma cajadada	matar dos pardals d'un tret	mortigi du birdojn per unu ŝtono	occider duo aves con un sol colpo										14
05574	Idiomatic Expressions	there is no need to make a fuss	es ist völlig unnötig so ein Theater (daraus) zu machen	no hay necesidad de armar un escándalo	il n'y a pas de quoi en faire une montagne	non c'è bisogno di farne una tragedia	não há necessidade de fazer um teatro (drama)	no n'hi ha per tant	ne necesas fari tumulton	il ha nulle necessitate de facer un scandalo										14
05575	Idiomatic Expressions	to backtrack	einen Rückzieher  machen	cambiar de opinión	faire marche arrière	fare marcia indietro	recuar, voltar atrás	fer-se enrere, recular	retropaŝi	cambiar de opinion										14
05576	Idiomatic Expressions	to pass the buck to someone	jemandem den schwarzen Peter zuschieben	cargar el muerto	faire porter le chapeau à quelqu'un	fare a scaricabarile	passar culpa/responsabilidade para alguém	passar-li el mort a algú	transdoni la respondecon al iu	passar le responsabilitate a alicuno										14
05577	Idiomatic Expressions	to turn a blind eye	bei etwas ein Auge zudrücken	hacer la vista gorda	fermer les yeux (sur quelque chose)	chiudere un occhio su qualcosa	fazer vista grossa	fer els ulls grossos	fermi la okulojn	clauder le oculos a qualcosa										14
05578	Idiomatic Expressions	to make ends meet	über die Runden kommen	llegar a fin de mes	joindre les deux bouts	arrivare alla fine del mese	viver dentro do orçamento	arribar a final de mes	kunigi la finojn	arrivar al fin del mense										14
05579	Idiomatic Expressions	to speak one's mind	seine Meinung sagen	hablar con franqueza	dire ce qu'on pense	dire quello che si pensa	dizer o que pensa	dir el que es pensa	paroli sian opinion	parlar francamente										14
05580	Idiomatic Expressions	to get caught red handed	auf frischer Tat ertappt werden	coger a alguien con las manos en la masa	être pris la main dans le sac	essere colti con le mani nel sacco	pegar em flagrante	enxampar algú amb les mans a la pasta	kapti iun ruĝmana	esser prendite in flagrante delicto										14
05581	Idiomatic Expressions	to owe someone big time	jemandem zu Dank verpflichtet sein	deberle a alguien un gran favor	devoir une fière chandelle	essere in debito con qualcuno	estar em débito com alguém	deure-li un gran favor a algú	ŝuldi al iu grandan favoron	deber a alicuno un grande favor										14
05582	Idiomatic Expressions	it fits him like a glove	es passt ihm wie angegossen	como anillo al dedo	ça lui va comme un gant	gli sta come un guanto	isso cai como uma luva nele	quedar-li com un guant	konveni kiel ganto	convenir a ille como un guanto										14
05583	Idiomatic Expressions	to bring in (brought in, brought in) a little extra cash on the side	sich etwas dazuverdienen	ganar un poco de dinero adicional	arrondir les fins de mois	arrotondare	ganhar um extra	guanyar un sobresou	gajni iom da kroma mono flanke	ganiar un pauc de pecunia additional al latere										14
05584	Idiomatic Expressions	to soften the blow	den Schlag abfedern	suavizar el golpe	pour faire passer la pilule	indorare la pillola	amenizar a situação	daurar la píndola, suavitzar el cop	moligi la baton	mitigar le colpo										14
05585	Idiomatic Expressions	to have other fish to fry	Wichtigeres zu tun haben	tener cosas más importantes que hacer	avoir d'autres chats à fouetter	avere cose più importanti da fare	ter coisas mais importantes para fazer	tenir coses més importants a fer	havi aliajn fiŝojn por friti	haber cosas plus importante a facer										14
05586	Idiomatic Expressions	to have a lump in one's throat	einen Frosch im Hals haben	tener un nudo en la garganta	avoir la gorge serrée	avere un nodo in gola	ter um nó na garganta	tenir un nus a la gola	havi bulon en la gorĝo	haber un nodo in le gorga										14
05587	Idiomatic Expressions	to be full of oneself	sich wichtig nehmen / aufgeblasen sein	ser creído	avoir la grosse tête	essere pieno di sé	ser cheio(a) de si	ser un cregut, estar ple d'un mateix	esti plena de si mem	esser presumptuose										14
05588	Idiomatic Expressions	to bite off more than you can chew	Augen größer als den Magen haben	Comer con la vista, no con la boca	avoir les yeux plus gros que le ventre	fare il passo più lungo della gamba	ter o olho maior que a barriga	tenir els ulls més grans que el pap	mordi pli ol oni povas maĉi	morder plus que on pote masticar										14
05589	Idiomatic Expressions	to have more than one trick up one's sleeve	mehr als eine Karte im Ärmel haben	tener un as bajo la manga	avoir plus d'un tour dans son sac	avere un asso nella manica	ter uma carta na manga	tenir un as a la màniga	havi pli ol unu artifikon en sia maniko	haber plus que un stratagema sub le manica										14
05590	Idiomatic Expressions	to take time to smell the roses	das Leben genießen	disfrutar de la vida	prendre le temps de vivre	godersi la vita	desfrutar da vida	gaudir de la vida, prendre's temps per gaudir de les petites coses	preni tempon por flari la rozojn	prender tempore pro gauder del vita										14
05591	Idiomatic Expressions	to be a lazybones	ein Faulpelz  sein	ser holgazán	avoir un poil dans la main	essere uno sfaticato	ser um(a) preguiçoso(a)	ser un mandrós, un gandul	esti pigrulo	esser pigre										14
05592	Idiomatic Expressions	to run before one can walk	den zweiten Schritt vor dem ersten tun / etwas überstürzen	correr antes de poder andar	brûler des étapes	bruciare le tappe	queimar etapas	començar la casa per la teulada	kuri antaŭ ol oni povas marŝi	currer ante poter ambular										14
05593	Idiomatic Expressions	to talk behind one's back	hinter jemandes Rücken über ihn reden	hablar por la espalda a alguien (ES), hablar a espaldas de alguien (AL)	parler dans le dos de quelqu'un	parlare dietro le spalle di qualcuno	falar de alguém pelas costas	parlar a l'esquena d'algú	paroli malantaŭ ies dorso	parlar detra le dorso de alicuno										14
05594	Idiomatic Expressions	let's call it a night/day	das reicht für heute / Feierabend machen	eso es todo por hoy/esta noche	ça suffit pour ce soir / aujourd'hui	basta per stasera/per oggi	é tudo por hoje à noite/hoje	plegar per avui/aquesta nit	fini por la nokto/tago	fini nos pro hodie/iste nocte										14
05595	Idiomatic Expressions	to be in (was in / were in, been in) good spirits	(in) guter Stimmung sein	estar con buen ánimo	avoir le moral	essere di buonumore	estar para cima	estar de bon humor	esti en bona humoro	esser de bon animo										14
05596	Idiomatic Expressions	to be in (was in / were in, been in) the same boat	im selben Boot sitzen	estar en el mismo barco	être dans le même bateau	essere sulla stessa barca	estar no mesmo barco	estar al mateix vaixell	esti en la sama boato	esser in le mesme barca										14
05597	Idiomatic Expressions	to be under someone's feet	jemandem im Weg sein	estar bajo los pies de alguien	être dans les pattes de quelqu'un	stare tra i piedi	estar sob os pés de alguém	ser una nosa, estar sempre al mig	esti sub ies piedoj	esser sub le pedes de alcuno										14
05598	Idiomatic Expressions	to leave (left, left) someone in stitches	zum Lachen bringen	dejar a alguien partido de la risa	faire rire quelqu'un aux éclats	far ridere a crepapelle	fazer alguém rolar de rir	fer partir de riure a algú	lasi iun en stuporo	facer rider alcuno a crepar										14
05599	Idiomatic Expressions	to be left on the sidelines	an den Rand gedrängt sein / abgeschoben sein	estar al márgen	être mis de côté	essere messo da parte	ser deixado(a) de lado	ser deixat de banda	esti lasita flanke	esser lassate al margine										14
05600	Idiomatic Expressions	hand-picked	handverlesen	elegido a dedo	trié sur le volet	scelto personalmente	escolhido(a) a dedo	triat a dit	mane elektita	seligite personalmente										14
05601	Idiomatic Expressions	to be squeamish	zimperlich sein	ser quisquilloso	être sensible, être dégoûté, être délicat	essere schizzinoso	ser impressionável, ter aversão	ser escrupulós	esti skrupula	esser nimis delicate										14
05602	Idiomatic Expressions	to be walked all over	sich auf den Füßen herumtanzen lassen	dejarse pisotear	se faire marcher sur les pieds	farsi pestare i piedi	ser desrespeitado(a) 	deixar-se trepitjar	esti subpremita	lassar se calcar										14
05603	Idiomatic Expressions	to give a hard time	jemandem das Leben schwer machen	hacerle la vida difícil	faire passer un mauvais quart d'heure	far passare un brutto quarto d'ora	não facilitar a vida de alguém	fer la vida impossible a algú	malfaciligi la vivon por iu	facer le vita difficile a alcuno										14
05604	Idiomatic Expressions	too good to be true	zu schön um wahr zu sein	demasiado bueno para ser verdad	trop beau pour être vrai	troppo bello per essere vero	bom demais para ser verdade	massa bo per ser veritat	tro bona por esti vera	troppo bon pro esser ver										14
05605	Idiomatic Expressions	to throw in (threw in, thrown in) the towel	das Handtuch werfen	tirar (ES), botar (AL) la toalla 	jeter l'éponge	gettare la spugna	jogar a toalha	llençar la tovallola	ĵeti la tukon	jectar le servietta										14
05606	Idiomatic Expressions	It's no use crying over spilt milk	was geschehen ist, ist geschehen	a lo hecho, pecho	ce qui est fait est fait	È inutile piangere sul latte versato	não chore pelo leite derramado	de res no serveix plorar sobre la llet vessada	ne utilas plori pri verŝita lakto	il es inutile plorar super lacte versate										14
05607	Idiomatic Expressions	to be in (was in / were in, been in) someone else's shoes	in der Haut von jemandem stecken	estar en los zapatos de otro	être à la place de quelqu'un	essere nei panni di qualcun'altro	estar na pele de outra pessoa	estar a la pell d'un altre	esti en ies ŝuoj	esser in le loco de un altere persona										14
05608	Idiomatic Expressions	to tone down	seine Ansprüche zurückschrauben	bajar la intensidad	mettre de l'eau dans son vin	smorzare	suavizar	rebaixar el to, moderar-se	malgravigi	moderar										14
05609	Idiomatic Expressions	to not sleep a wink	kein Auge zumachen	no pegar ojo en toda la noche (ES), no pegar el ojo toda la noche (AL)	ne pas fermer l'œil de la nuit	non chiudere occhio	não pregar os olhos à noite	no poder aclucar l'ull	ne dormi palpebrumon	non dormir un oculo										14
05610	Idiomatic Expressions	a stitch in time saves nine	Vorsicht ist besser als Nachsicht	más vale prevenir que curar	mieux vaut prévenir que guérir	un punto in tempo ne risparmia cento	melhor prevenir que remediar	més val prevenir que curar	kudrero en tempo ŝparas naŭ	melior prevenir que curar										14
05611	Idiomatic Expressions	to not ring true	falsch klingen	suena a mentira	sonner faux	suonare falso	soar falso	no sonar bé, semblar fals	ne soni vere	non sonar ver										14
05612	Idiomatic Expressions	to not know which way to turn	nicht mehr wissen, wo einem der Kopf steht	no saber para donde ir	ne pas savoir où donner de la tête	non sapere che pesci pigliare	não saber para onde ir	no saber on anar, estar perdut	ne scii kien turni sin	non saper ubi vader										14
05613	Idiomatic Expressions	it's like talking to a brick wall	gegen eine Wand reden	como hablarle a una pared	autant parler à un mur	è come parlare al muro	é como falar com a parede	és com parlar a una paret	estas kiel paroli al brika muro	esser como parlar a un muro										14
05614	Idiomatic Expressions	to read the riot act	die Leviten lesen	leerle la cartilla a alguien	passer un savon	fare una ramanzina	dar um sermão	llegir la cartilla a algú	legi la tumultleĝon	leger le admonition sever a alicuno										14
05615	Idiomatic Expressions	to bear fruits	Früchte tragen	dar frutos	porter ses fruits	portare frutti	dar frutos	donar fruits	porti fruktojn	dar fructos										14
05616	Idiomatic Expressions	to stand up (stood up, stood up) someone	jemanden sitzen lassen / jemanden versetzen	dejar a alguien plantado(a)	poser un lapin à quelqu'un	dare buca	deixar alguém plantado(a)	deixar plantat a algú	forlasi iun	lassar alcuno plantate	Er hat mich letzte Nacht wieder versetzt.	¡Anoche volvió a dejarme plantado!	Il m'a encore posé un lapin hier soir !	Lui mi ha dato buca di nuovo ieri sera!	Ele me deixou plantada outra vez na noite passada!	He stood me up again last night!	Em va tornar a deixar plantada ahir a la nit.	Li denove forlasis min hieraŭ nokte!	Ille me lassava plantate de novo le nocte passate!	14
05617	Idiomatic Expressions	to miss the boat	der Zug ist abgefahren	perder el tren, perder la ocasión	rater le coche	perdere il tram/treno, perdere l'occasione	perder o trem, deixar o trem passar	perdre el tren, perdre l'oportunitat	maltrafi la boaton	perder le occasion										14
05618	Idiomatic Expressions	to pour salt in the wound	Salz in die Wunde streuen	meter el dedo en la llaga	remuer le couteau dans la plaie	girare il coltello nella piaga	meter o dedo na ferida	posar el dit a la nafra	verŝi salon sur la vundon	mitter sal in le plaga										14
05619	Idiomatic Expressions	to put one's fingers into every pie	seine Nase überall reinstecken	estar metido en todo	se mêler de tout	avere le mani in pasta dappertutto	meter o nariz onde não é chamado(a)	ficar el nas a tot arreu	meti siajn fingrojn en ĉiun torton	esser immiscite in toto										14
05620	Idiomatic Expressions	to break the ice	das Eis brechen	romper el hielo	briser la glace	rompere il ghiaccio	quebrar o gelo	trencar el gel	rompi la glacion	rumper le glacie										14
05621	Idiomatic Expressions	to keep up (kept up, kept up) appearances	den Schein wahren 	mantener las apariencias	sauver les apparences	salvare le apparenze	manter as aparências	mantenir les aparences	subteni aperojn	mantener le apparentias										14
05622	Idiomatic Expressions	to sleep soundly	tief und fest schlafen	dormir profundamente	dormir sur ses deux oreilles	dormire tra due guanciali	dormir tranquilamente	dormir profundament	dormi profunde	dormir profundemente										14
05623	Idiomatic Expressions	crystal clear	glasklar / klar wie Kloßbrühe	claro como el agua	clair comme de l'eau de roche	cristallino	claro como cristal	clar com l'aigua	kristale klara	clar como le aqua										14
05624	Idiomatic Expressions	to twiddle one's thumbs	Däumchen drehen	con los brazos cruzados	se tourner les pouces	girarsi i pollici	cruzar os braços	estar de braços plegats, no fer res	turni siajn dikfingrojn	star con le bracios cruciate										14
05625	Idiomatic Expressions	to live off someone	jemandem auf der Tasche liegen / sich von jemandem durchfüttern lassen	vivir a costa de alguien	vivre aux crochets de quelqu'un	vivere sulle spalle di qualcuno	viver na aba de alguém	viure a costa d'algú	vivi de iu	viver a expensas de alicuno										14
05626	Idiomatic Expressions	to look on the bright side of life	die angenehme Seite (des Lebens) sehen	mirar el lado positivo de la vida	voir la vie du bon côté	guardare il lato positivo della vita	ver o lado bom da vida	mirar el costat positiu de la vida	rigardi la helan flankon de la vivo	reguardar le latere positive del vita										14
05627	Idiomatic Expressions	to live life to the fullest	das Leben in vollen Zügen genießen	vivir la vida al máximo	vivre sa vie à fond	vivere al massimo	viver a vida ao máximo	viure la vida al màxim	vivi la vivon plene	viver le vita al maximo										14
05628	Idiomatic Expressions	easier said than done	leichter gesagt als getan	del dicho al hecho hay un trecho	plus facile à dire qu'à faire	più facile a dirsi che a farsi	mais fácil falar do que fazer	és més fàcil dir-ho que fer-ho	pli facile dirite ol farite	plus facile a dicer que a facer										14
05629	Idiomatic Expressions	time flies	die Zeit vergeht wie im Fluge / wie die Zeit vergeht	el tiempo vuela	le temps passe vite	il tempo vola	o tempo voa	el temps vola	la tempo flugas	le tempore vola										14
05630	Idiomatic Expressions	to go the extra mile	noch einen Schritt weitergehen / noch einen draufsetzen	hacer un esfuerzo adicional	faire un effort supplémentaire	fare uno sforzo in più	fazer um esforço extra	fer un esforç addicional	iri la kroman mejlon	facer un effortio additional										14
05631	Idiomatic Expressions	to all be on the same page	auf derselben Wellenlänge sein	estar todos en la misma onda	Être sur la même longueur d'onde	essere in sintonia	estar todos em sintonia	estar tots en la mateixa ona	esti sur la sama paĝo	esser omnes de accordo										14
05632	Idiomatic Expressions	It is pouring rain	Wie aus Eimern schütten / wie aus Kübeln gießen	está diluviando	Il pleut des cordes	Piove a dirotto/a catinelle	Está caindo um toró	plou a bots i barrals	pluvegas	Il pluve torrentialmente										14
05633	Idiomatic Expressions	That's the last straw!	Jetzt schlägt's dreizehn! / Das schlägt dem Fass den Boden aus!	¡Esa es la gota que colma el vaso!	C'est le comble !	Questa è l'ultima goccia! Questo è il colmo!	Essa é a gota d'água!	això és la gota que fa vessar el got!	tio estas la lasta pajlero!	Isto es le gutta que face disbordar le vaso!										14
05634	Relationships & Dating	The couple constantly gets into it over nothing	Das Paar streitet sich immer wegen nichts	La pareja discute continuamente por nada	Le couple se bagarre tout le temps pour rien	La coppia litiga di continuo per niente	O casal bate-boca constantemente por nada 	La parella es baralla constantment per no res.	La paro konstante kverelas pri nenio.	Le copula se disputa constantemente pro nihil										15
05635	Relationships & Dating	She was going to marry him, but she had a change of heart	Sie wollte ihn heiraten, aber sie hatte einen Sinneswandel	Estaba a punto de casarse pero luego se lo ha pensado	Elle allait l'épouser, mais elle a changé d'avis	Stava per sposarlo ma poi ci ha ripensato	(Ela) estava para casar com ele, mas ela mudou de ideia	Anava a casar-se amb ell, però va canviar d'opinió.	Ŝi edziniĝos al li, sed ŝi ŝanĝis sian opinion.	Illa esseva sur le puncto de maritar se con ille, sed postea illa cambiava de opinion.										15
05636	Relationships & Dating	to make up (made up, made up)	Frieden schließen, sich vertragen	hacer las paces	se réconcilier	fare pace	fazer as pazes	fer les paus	repaciĝi	facer le pace	Ich möchte mich nicht mehr rumschlagen, lass uns Frieden schließen	No quiero discutir más, hagamos las paces	Je ne veux plus me battre, réconcilions-nous	Non voglio più litigare, facciamo pace	Eu não quero mais discutir, vamos fazer as pazes	I don't want to fight anymore, let's make up	No vull discutir més, fem les paus.	Mi ne volas plu batali, ni repaciĝu.	Io non vole plus disputar; face nos le pace.	15
05637	Relationships & Dating	to do someone dirty	jemanden betrügen / jemandem übel mitspielen	jugar sucio, traicionar	tromper, décevoir quelqu'un	farla sporca, tradire qualcuno	trair/decepcionar alguém	jugar brut, trair	malpurigi iun	jocar sordide, trair	Mein Ex hat mich betrogen. Er hat versucht, mit meiner Schwester auszugehen 	Mi ex marido ha jugado sucio: ha intentado salir con mi hermana	Mon ex m'a déçue: il a essayé de sortir avec ma soeur	Il mio ex me l'ha fatta sporca: ha provato ad uscire con mia sorella	Meu ex me decepcionou: ele tentou ficar com minha irmã	My ex did me dirty: he tried to date my sister	El meu ex em va jugar brut: va intentar sortir amb la meva germana.	Mia eksedzo malpurigis min: li provis rendevui kun mia fratino.	Mi ex me ha tractate sordidemente: ille tentava sortir con mi soror.	15
05638	Relationships & Dating	main squeeze	die beste feste Freundin, der beste feste Freund	el amante preferido	la petite copine, le petit copain préféré	l'amante preferito(a)	o(a) namorado(a) preferido(a)	la parella preferida, el favorit (els favorits), la favorita (les favorites)	ĉefa premo	amante preferite	Du weißt, dass du die beste feste Freundin bist 	Ya sabes que eres mi amante preferido	Tu sais que tu es mon petit copain préféré	Sai che sei il mio amante preferito	Você sabe que é meu namorado preferido	You know that you're my main squeeze	Ja saps que ets la meva parella preferida.	Vi scias, ke vi estas mia ĉefa premo.	Tu sape que tu es mi amante preferite.	15
05639	Common Colloquialisms	to have road rage	eine aggressive Fahrweise haben	conducir como un kamikaze, riña de tránsito	conduire comme un chauffard	guidare come un pirata della strada	dirigir de modo irresponsável	la conducció agressiva, la ràbia al volant	voja kolerego	haber furia al volante	Die Leute haben eine aggressive Fahrweise und das kann gefährlich sein 	La gente que conduce como un kamikace puede ser muy peligrosa	Les gens conduisent comme des chauffards et ça peut être dangereux	La gente guida come un pirata della strada e può essere pericoloso	As pessoas dirigem de modo irresponsável, e isso pode ser perigoso	People have road rage and it can be dangerous	La gent té una conducció agressiva i això pot ser perillós.	Homoj havas vojan koleregon kaj ĝi povas esti danĝera.	Le gente ha furia al volante, e isto pote esser periculose.	15
05640	Common Colloquialisms	cash	die Kohle 	suelto, efectivo	l'argent 	i soldi	a grana	els calés, els diners en efectiu	mono	numerario	Habt ihrgenug Kohle, um die Eintrittskarten zu kaufen?	¿Tenéis suficiente suelto para comprar los billetes?	Vous avez assez d'argent pour acheter les billets ?(👨‍👩‍👧)	Avete abbastanza soldi per comprare i biglietti?	Você tem grana suficiente para comprar os tickets?	Do you have enough cash to buy the tickets?(👨‍👩‍👧)	Teniu prou calés per comprar les entrades?	Ĉu vi havas sufiĉe da mono por aĉeti la biletojn?	Ha vos satis de numerario pro comprar le billetes?	15
05641	Common Colloquialisms	ID card	der Perso , der Ausweis 	el documento de identidad o DNI	la carte d'identité	la carta d'identità	RG (carteira de identidade)	el DNI, el carnet d'identitat (els carnets)	ID-karto	documento de identitate	Er hat sich einen falschen Perso machen lassen, um in die Barzu kommen	Se hahecho un DNI falso para poder entrar en el bar	Il a fait une fausse carte d'identité pour pouvoir rentrer dans le bar	Ha fatto una carta d'identità falsa per poter entrare nel bar	Ele fez um RG falso para poder entrar no bar	He made a fake ID to be allowed into the bar	Es va fer un DNI fals per poder entrar al bar.	Li faris falsan ID-karton por esti permesita en la trinkejon.	Ille se ha facite un documento de identitate false pro poter entrar in le bar.	15
05642	Common Colloquialisms	hassle	die Mühe , das Theater 	pesado 	l'embêtement 	la scocciatura	a dor de cabeça	la molèstia (les molèsties), l'enrenou (els enrenous)	ĝeno	molestia	Ist das zu viel Theater? Ist das die Mühe wert? 	¿Es muy pesado? ¿Vale la pena?	C'est un embêtement? Ça en vaut la peine? 	È una scocciatura? Ne vale la pena?	É muita dor de cabeça? Vale a pena?	Is it too much of a hassle? Is it worth the hassle? 	És massa enrenou? Val la pena?	Ĉu tio estas tro da ĝeno? Ĉu valoras la ĝenon?	Es illo troppo moleste? Vale le pena supportar le molestia?	15
05643	Common Colloquialisms	to jack up	in die Höhe treiben	subir	faire grimper, augmenter (inf)	alzare	subir, aumentar	apujar (els preus)	altigi (prezojn)	augmentar	Diese Buchläden trieben ihre Preise in die Höhe 	Estas librerias han subido los precios 	Ces librairies ont fait grimper leurs prix	Queste librerie hanno alzato i loro prezzi	Essas livrarias subiram os preços	These bookstores jacked up their prices 	Aquestes llibreries van apujar els preus.	Ĉi tiuj librovendejoj altigis siajn prezojn.	Iste librerias ha augmentate lor precios.	15
05644	Common Colloquialisms	Oh come on! I've been waiting for 1 hour!	Komm schon! Ich habe eine Stunde gewartet!	¡Vamos! Hace una hora que espero	Oh allez ! J'attends depuis une heure !	Oh andiamo! Aspetto da un'ora	Oh, vamos! Estou esperando há uma 1 hora!	Vinga, home! Fa una hora que espero!	Ho, ek! Mi atendis de unu horo!	Oh, vamos! Io ha attendite durante un hora!										15
05645	Common Colloquialisms	This exam was a piece of cake!	Diese Klausur war ein Kinderspiel!	¡Este exámen fue  pan comido!	Cet examen était un jeu d'enfant !	Questo esame è stato un gioco da ragazzi!	Este exame foi moleza!	Aquest examen ha estat bufar i fer ampolles!	Ĉi tiu ekzameno estis facila kiel torto!	Iste examine esseva un joco de infantes!										15
05646	Common Colloquialisms	What a rip off! That guy charged me $80 for a $50 shirt	Was für eine Abzocke! Der Typ hat mich 80$ für ein T-Shirt bezahlen lassen, das 50$ kostet	¡Que engaño! Este tipo me ha hecho pagar 80$ por una camisa de 50$	Quelle arnaque ! Ce type m'a fait payer 80$ pour une chemise à 50$	Che fregatura! Quel tipo mi ha fatto pagare 80$ per una camicia da 50$	Que assalto! Aquele rapaz me cobrou $80 por uma camisa de $50	Quina estafa! Aquell paio em va cobrar 80 dòlars per una camisa de 50.	Kia trompo! Tiu ulo ŝargis al mi $80 por $50 ĉemizo.	Que fraude! Iste individuo me ha facite pagar $80 pro un camisa de $50.										15
05647	Common Colloquialisms	blow-out sale	ein Mega-Ausverkauf, ein Mega-Sale	gran descuento	une grosse promotion	una svendita esagerata	uma superpromoção	la gran liquidació (les liquidacions), les rebaixes espectaculars	totala elvendo	grande disconto	Bei Gap gibt es ein Mega-Sale auf alle Accessoires 	Gap está haciendo un gran descuento en todos los accesorios	Le Gap est en train de faire une grosse promotion sur tous les accessoires	Da Gap stanno facendo una svendita esagerata di tutti gli accessori	A Gap está fazendo uma superpromoção de todos os acessórios	The Gap is having a blow-out sale on all accessories	A Gap hi ha una gran liquidació en tots els accessoris.	The Gap havas totalan elvendon de ĉiuj akcesoraĵoj.	Gap face un grande disconto super tote le accessorios.	15
05648	Common Colloquialisms	to slash prices	die Preise senken	hacer descuento	démarquer	scontare i prezzi	cortar os preços	rebaixar els preus dràsticament	tranĉi prezojn	reducer drasticamente le precios	Der Schuhladen senkt für alle neuen Artikel die Preise 	La zapatería está haciendo descuentos a los productos nuevos	Le magasin de chaussures fait une démarque sur tous les nouveaux produits	Il negozio di scarpe sta scontando i prezzi sui nuovi prodotti	Aquela loja de calçados cortou os preços de todos os seus novos produtos	The shoe store is slashing prices on all new items	La sabateria està rebaixant dràsticament els preus de tots els articles nous.	La ŝubutiko tranĉas prezojn de ĉiuj novaj artikoloj.	Le magazin de calceos reduce drasticamente le precios de tote le nove articulos.	15
05649	Common Colloquialisms	bargain hunter	der Schnäppchenjäger 	el buscador de gangas	le chasseur de bonnes affaires	il cacciatore di buoni affari	o(a) caçador(a) de ofertas	el caçador de gangues (els caçadors)	rabat-ĉasisto	cercator de occasiones	Marie ist eine Schnäppchenjägerin. Sie hält Ausschau nach Schlussverkäufen	Marie es una buscadora de gangas, va en busca de descuentos	Marie est une chasseuse de bonnes affaires, elle cherche les soldes	Marie è una cacciatrice di buoni affari, va alla ricerca di saldi	Marie é uma caçadora de ofertas; ela busca promoções	Marie is a bargain hunter; she looks for sales	La Marie és una caçadora de gangues; busca les rebaixes.	Marie estas rabat-ĉasisto; ŝi serĉas rabatojn.	Marie es un cercator de occasiones; illa cerca offertas special.	15
05650	Common Colloquialisms	to people watch	Leute beobachten	observar a la gente	regarder les gens (les passants)	guardare le persone	observar as pessoas	observar la gent	observi homojn	observar le gente	Wir gehen in die Cafés um Leute zu beobachten, um die neueste Mode ausfindig zu machen	Vamos a los bares para observar a la gente y descubrir las últimas modas	On va dans les cafés et on regarde passer les gens pour découvrir les dernières modes	Andiamo nei bar a guardare le persone per scoprire le ultime mode	Nós vamos aos cafés e observamos as pessoas para descobrir as últimas modas	We go to cafés and people watch to see the latest fashions	Anem a les cafeteries a observar la gent per veure les últimes modes.	Ni iras al kafejoj kaj observas homojn por vidi la plej novajn modojn.	Nos va a cafeterias pro observar le gente e vider le ultime modas.	15
05651	Common Colloquialisms	to be on (was on / were on, been on) the wrong side of the tracks	Im falschen Viertel sein (ein gefährliches Viertel)	estar en un barrio peligroso	être dans un quartier dangereux	essere in un quartiere pericoloso	estar em um bairro perigoso	estar al barri equivocat (un barri perillós)	esti sur la malĝusta flanko de la reloj	esser in un quartiero periculose	Ich glaube wir sind im falschen Viertel. Lass uns gehen 	Creo que estamos en un barrio peligroso, vámonos 	Je pense qu'on est dans un quartier dangereux, partons	Penso che siamo in un quartiere pericoloso, andiamo via	Eu acho que estamos em um bairro perigoso, vamos embora	I think we're on the wrong side of the tracks; let's go	Crec que estem al barri equivocat, marxem.	Mi pensas, ke ni estas sur la malĝusta flanko de la reloj; ni foriru.	Io pensa que nos es in un quartiero periculose; vamos partir.	15
05652	Common Colloquialisms	middle of nowhere	mitten in der Walachei / mitten im Nirgendwo / am Ende der Welt liegen	en el medio de la nada	un endroit rural; au milieu de nulle part	in mezzo al nulla, un posto sperduto	no meio do nada	al mig del no-res	meze de nenie	in le medio de nusquam	Ich komme aus einer Stadt, die einfach am Ende der Welt liegt 	Soy de un pueblo que se encuentra en el medio de la nada	Je viens d'une ville qui est tout simplement au milieu de nulle part	Vengo da un paese che si trova praticamente in mezzo al nulla	Eu venho de uma cidade que, basicamente, fica no meio do nada	I'm from a town that is basically in the middle of nowhere.	Sóc d'un poble que està bàsicament al mig del no-res.	Mi estas de urbo kiu estas baze meze de nenie.	Io veni de un villa que es essentialmente in le medio de nusquam.	15
05653	Common Colloquialisms	smack dab in the middle	genau in die Mitte, mitten auf	justo en el medio	en plein milieu	proprio nel mezzo	bem no meio	just al bell mig	ĝuste en la mezo	justo in le medio	Da liegt ein Hund mitten auf der Straße	Un perro está estirado justo en medio de la carretera	Un chien est allongé en plein milieu de la rue	Un cane sta sdraiato proprio nel mezzo della strada	Um cachorro está deitado bem no meio da rua	A dog is lying smack dab in the middle of the street	Hi ha un gos estirat just al bell mig de la carretera.	Hundo kuŝas ĝuste en la mezo de la strato.	Un can jace justo in le medio del via.	15
05654	Slang & Idioms	jock	der Sportfanatiker 	obsesionado, adicto (al deporte)	le sportif (péjoratif)	il fissato (per lo sport), lo sportivo (fanatico)	esportistas (pejorativo)	l'esportista (pejoratiu) (els esportistes), el fanàtic de l'esport (els fanàtics)	ĵokeo (sportulo)	un fanatico del sport	Diese Sportfanatiker sind doch alle in sich selbst verliebt!	¡Estos deportistas están obsesionados con ellos mismos!	Ces sportifs sont tous obsédés par eux-mêmes !	Questi sportivi sono tutti ossessionati da se stessi!	Esses esportistas são todos obcecados por si mesmos!	Those jocks are all obsessed with themselves!	Aquests esportistes estan tots obsessionats amb ells mateixos!	Tiuj ĵokeoj ĉiuj estas obseditaj pri si mem!	Ille fanaticos del sport es omnes obsessive de se mesme!	15
05655	Slang & Idioms	a kiss-up / a suck up	ein Schleimer	ser un «pelota» (ES)	un fayot	un lecchino	um(a) puxa-saco	el pilota (els pilotes), el llepaculs (els llepaculs)	lekanto	un adulator	David hat dem Lehrer ein Geschenk mitgebracht, deshalb wird der Junge «Schleimer» genannt.	David le ha traído un regalo al profesor, por eso los chicos la han llamado «pelota»	David a amené un cadeau à la prof, alors les enfants l'ont appelé «fayot»	David ha portato un regalo all'insegnante, perciò i ragazzi l'hanno chiamato «un lecchino»	David trouxe um presente para o professor, então as crianças o chamaram de «puxa-saco»	David brought the teacher a gift, so the kids called him «a kiss-up».	En David li va portar un regal al professor, així que els nens el van anomenar «pilota».	David alportis donacon al la instruisto, do la infanoj nomis lin «lekanto».	David apportava un dono al professor, dunque le pueros le appellava «un adulator».	15
05656	Slang & Idioms	It's off-and-on	Mehr oder weniger	Más o menos, de a ratos	Ça va et ça vient	Va e viene, così così	Varia, mais ou menos	intermitent, de tant en tant	intermita	intermittente; a intervallos	Geht es deinem Vater besser? - Mehr oder weniger. Manchmal scheint es ihm besser zu gehen und an anderen Tagen geht es ihm schlecht	¿Está mejor tu padre? - Más o menos, a veces parece que está bien, otros días está mal	Est ce que ton père va mieux ? - Ça va et ça vient, parfois il semble bien, d'autres jours mal	Tuo padre sta meglio? - Va e viene, a volte sembra bene, altri giorni male	O seu pai está melhor? - Varia. Às vezes, ele parece bem, outros dias ele parece mal	Is your dad doing better? - It's off and on, sometimes he seems good, other days he seems bad	Com està el teu pare? - Va fent, de tant en tant sembla que està bé, altres dies malament.	Ĉu via patro fartas pli bone? - Estas intermite, kelkfoje li ŝajnas bona, aliajn tagojn li ŝajnas malbona.	Es tu patre melior? - A intervallos: a vices ille pare star ben, altere dies ille pare star mal.	15
05657	Slang & Idioms	I got busted while cheating on the exam	Ich wurde beim Schummeln in der Prüfung erwischt	Me han pillado mientras copiaba en el exámen	Je me suis fait attraper pendant que je trichais à l'examen	Mi sono fatto beccare mentre copiavo all'esame	(Eu) fui pego enquanto colava no exame	Em van enxampar copiant a l'examen.	Mi estis kaptita trompante en la ekzameno.	Io esseva prendite in flagrante durante que io copiava in le examine										15
05658	Slang & Idioms	The teacher is speaking, but I'm out of it	Der Lehrer spricht, aber ich bin neben der Spur	El profesor habla pero yo estoy ausente	Le prof parle, mais je suis ailleurs	Il professore parla, ma io sono altrove	O professor está falando, mas eu estou no mundo da lua	El professor parla, però jo estic als núvols.	La instruisto parolas, sed mi estas for de ĝi.	Le professor parla, ma io es absente.										15
05659	Slang & Idioms	I'm psyched for the upcoming Dave Matthews Band concert	Ich bin ganz aus dem Häuschen wegen dem nächsten Dave Matthews Band Konzert	Me estoy volviendo loco por el próximo concierto de la Dave Matthews Band	Je suis surexcité à l'idée du prochain concert de Dave Matthews Band	Sto impazzendo per il prossimo concerto della Dave Matthews Band	(Eu) estou empolgado com o próximo concerto da Dave Matthews Band	Estic súper emocionat pel pròxim concert de la Dave Matthews Band.	Mi estas ekscitita por la venonta koncerto de la Dave Matthews Band.	Io es multo enthusiasmate pro le proxime concerto del Dave Matthews Band.										15
05660	Slang & Idioms	I know I messed up, but please forgive me	Ich weiß, dass ich Mist gebaut habe, aber vergib mir bitte	Sé que la he liado, pero por favor perdóname (ES), Sé que la embarré, pero por favor perdóname (AL)	Je sais que j'ai déconné, mais s'il te plaît pardonne-moi	So che ho fatto un casino, ma per favore perdonami	(Eu) sei que fiz confusão, mas me perdoe, por favor	Sé que l'he cagat, però si us plau, perdona'm.	Mi scias, ke mi fuŝis, sed bonvolu pardoni min.	Io sape que io ha errate, ma per favor pardona me.										15
05661	Slang & Idioms	I had a bad day, but that takes the cake !	Ich hatte einen schlechten Tag, aber das schießt den Vogel ab!	¡He tenido un mal día, pero esto ya es el colmo !	J'ai passé une mauvaise journée, mais ça c'est le pompon !	Ho avuto una brutta giornata, ma questo è il colmo !	(Eu) tive um dia ruim, mas isso já é demais !	He tingut un mal dia, però això ja és el súmmum!	Mi havis malbonan tagon, sed tio estas la pinto!	Io habeva un mal die, ma isto es le culmine!										15
05662	Slang & Idioms	The journalist runs his idea for an article by his editor 	Der Journalist zeigt dem Verleger seine Artikelidee.	El periodista explica al editor su idea para un artículo	Le journaliste montre à l'éditeur son idée pour un article	Il giornalista spiega all'editore la sua idea per un articolo	O jornalista apresentou ao editor sua ideia para um artigo	El periodista presenta la seva idea per a un article al seu editor.	La ĵurnalisto prezentas sian ideon por artikolo al sia redaktoro.	Le jornalista presenta a su redactor su idea pro un articulo.										15
05663	Slang & Idioms	How many French people buy a car every year? Give me a ballpark figure	Wie viele Franzosen kaufen jedes Jahr ein Auto? Gib mir eine ungefähre Zahl	¿Cuántos franceses compran un coche/carro cada año? Dame una cifra aproximada	Combien de Français achètent une voiture chaque année ? Donnez-moi un chiffre approximatif	Quanti francesi comprano un'auto ogni anno? Dammi una cifra approssimativa	Quantos franceses compram um carro a cada ano? Me dê um número aproximado	Quants francesos compren un cotxe cada any? Dona'm una xifra aproximada.	Kiom da francoj aĉetas aŭton ĉiujare? Donu al mi proksimuman ciferon.	Quante franceses compra un automobile cata anno? Da me un cifra approximate.										15
05664	Slang & Idioms	This record is so good! You guys are going to make a killing 	Dieses Album ist super! Sie werden viel Geld machen	¡Este álbum está genial! Chicos, os váis a forrar (ES), ¡Este álbum está genial! Chicos, ustedes van a hacer una fortuna	Cet album est super ! Vous allez gagner beaucoup d'argent	Questo album è grandioso! Ragazzi, farete un sacco di soldi	Este álbum está ótimo!  Rapazes, vocês vão fazer rios de dinheiro	Aquest disc és boníssim! Fareu un dineral.	Ĉi tiu disko estas tiel bona! Vi gajnos multe da mono.	Iste album es tanto bon! Vos va ganiar un fortuna.										15
05665	Slang & Idioms	to get the runaround	von Pontius zu Pilatus geschickt werden / von A nach B geschickt werden	ir de un lado para el otro	faire courir, renvoyer d'un bureau/d'une personne à un/e autre	far andare da un lato all'altro, far girare a vuoto	ser enrolado(a)	marejar la perdiu	ricevi la ĉirkaŭiron	ir de un loco al altere	Jedes Mal wenn ich die Regierung anrufe, schickt man mich von Pontius zu Pilatus	Cada vez que llamo al gobierno, me hacen ir de un lado para el otro	À chaque fois que j'appelle le gouvernement, je me fais balader d'un bureau à un autre	Ogni volta che chiamo il governo, mi fanno girare a vuoto	Cada vez que eu ligo para o governo, sou enrolado	Everytime I call the government, I get the runaround	Cada vegada que truco al govern, em maregen la perdiu.	Ĉiufoje kiam mi telefonas al la registaro, mi ricevas la ĉirkaŭiron.	Cata vice que io appella le governamento, illes me face ir de un loco al altere.	15
05666	Slang & Idioms	fat cat	der Bonze 	el pez gordo	le gros richard, le bourge	il riccone	o mandachuva	el peix gros (els peixos grossos)	granda kato	grande pisce	Die Bonzen, die über die Wall Street regieren, sind einfach gierig!	¡Los peces gordos que dirigen Wall Street son muy codiciosos!	Les gros richards qui règnent sur Wall Street sont gourmands !	I ricconi che governano Wall Street sono troppo avidi!	Os mandachuvas que comandam Wall Street são muito gananciosos!	The fat cats that run Wall Street are too greedy!	Els peixos grossos que dirigeixen Wall Street són massa cobdiciosos!	La grandaj katoj kiuj regas Wall Street estas tro avidaj!	Le grande pisces que dirige Wall Street es troppo avide!	15
05667	Politics & Government	campaign funding	die Kampagnenfinanzierung , die Finanzierung der Kampagne	el financiamiento de campaña	le financement de campagne	la raccolta fondi per la campagna elettorale	o financiamento de campanha	el finançament de campanya	kampanja financado	financiamento de campania										15
05668	Social Issues	craftsman	der Handwerker 	el artesano	l'artisan 	l'artigiano	o artesão, a artesã	l'artesà (els artesans), l'artesana (les artesanes)	metiisto	artisano										15
05669	Nouns	dispute	der Konflikt 	la disputa	le conflit, la discussion	la disputa, la discussione	a disputa	la disputa (les disputes), el conflicte (els conflictes)	disputo	disputa										15
05670	Nouns	workshop	der Workshop , die Werkstatt 	el taller	l'atelier 	l'officina	o workshop, a oficina	el taller (els tallers)	laborejo	officina										15
05671	Nouns	feed	das Futter  (Tier)	el alimento para animales	l'alimentation (animale) 	il foraggio, il mangiare	a ração	el pinso (animal) (els pinsos)	furaĝo (besto)	forrage										15
05672	Nouns	ancestor	der Vorfahr 	el(la) antepasado(a)	l'ancêtre 	l'antenato	o(a) ancestral	l'avantpassat (els avantpassats), l'avantpassada (les avantpassades)	prapatro	antecessor										15
05673	Nouns	electronics	die Elektronik 	la electrónica	l'électronique 	l'elettronica	a eletrônica	l'electrònica	elektroniko	electronica										15
05674	Nouns	burial	die Bestattung , die Beerdigung 	el entierro	l'enterrement 	la sepoltura	o enterro	l'enterrament (els enterraments), la sepultura (les sepultures)	entombigo	interramento										15
05675	Nouns	ordeal	die Probe 	la prueba	l'épreuve	la traversia, l'esperienza difficile	o teste	la prova (les proves), el calvari (els calvaris)	suferado	proba										15
05676	Nouns	examiner	der Prüfer 	el(la) examinador(a)	l'examinateur 	l'esaminatore, l'esaminatrice	o(a) examinador(a)	l'examinador (els examinadors), l'examinadora (les examinadores)	ekzamenanto	examinator										15
05677	Nouns	excess	das Übermaß , die Übertreibung 	el exceso	l'excès 	l'eccesso	o excesso	l'excés (els excessos)	troo	excesso										15
05678	Nouns	hike	die Exkursion 	la excursión	la randonnée, l'excursion 	l'escursione 	a excursão	l'excursió (les excursions), la caminada (les caminades)	ekskurso	excursion	Wir haben eine Exkursion durchdie Alpen gemacht und sind mehr als 300 km gelaufen!	Fuimos en una excursión por los Alpes, ¡caminando más de trescientos kilometros!	Nous sommes allés en randonnée dans les Alpes et avons marché sur plus de trois cents kilomètres !	Siamo andati in escursione sulle Alpi, abbiamo camminato per più di trecento chilometri!	Nós fizemos uma excursão pelos Alpes, caminhamos por mais de trezentos quilômetros!	We went on a hike through the Alps, walking over three hundred kilometers!	Vam anar d'excursió pels Alps, caminant més de tres-cents quilòmetres!	Ni faris ekskurson tra la Alpoj, promenante pli ol tricent kilometrojn!	Nos faceva un excursion per le Alpes, ambulante plus de tres centos kilometros!	15
05679	Nouns	beast	das Biest 	la bestia	la bête	la bestia	a besta	la bèstia (les bèsties)	besto	bestia										15
05680	Nouns	loop	die Schleife , die Schlaufe 	el bucle	la boucle	il cappio	o laço	el bucle (els bucles), el llaç (els llaços)	buklo	bucla										15
05681	Nouns	hood	die Kapuze 	la capucha	la capuche	il cappuccio	o capuz	la caputxa (les caputxes)	kapuĉo	cappucio										15
05682	Nouns	hunting	die Jagd , das Jagen 	la caza	la chasse	la caccia	a caça	la caça	ĉasado	venation										15
05683	Nouns	sitcom	die Sitcom 	la sitcom	une série télé	la sitcom	a comédia	la comèdia de situació (les comèdies), la sitcom (les sitcoms)	situacia komedio	comedia de situation										15
05684	Nouns	restraint	die Einschränkung 	el control, la restricción	la retenue, la contrainte	la limitazione, le restrizioni 	a restrição	la restricció (les restriccions), la contenció	sindeteno	restriction										15
05685	Nouns	counterpart	das Gegenstück 	el homólogo, la contraparte (AL)	la contrepartie, l'homologue	la controparte, l'omologo	a contraparte	l'homòleg (els homòlegs), l'homòloga (les homòlogues), la contrapartida (les contrapartides)	kontraŭparto	homologo	Ich brauche dieses Metallteil und sein Gegenstück, um den Rahmen auf beiden Seiten zu ebnen.	Necesito este pedazo de metal y su homólogo para poder emparejar el marco en ambos lados.	J'ai besoin de cette pièce et de sa contrepartie pour égaliser la structure des deux côtés.	Ho bisogno di questo pezzo di metallo e della sua controparte per fare la struttura regolare su entrambi i lati.	Eu preciso desta peça e de sua contraparte para nivelar a estrutura de ambos os lados.	I need this piece of metal and its counterpart in order to make the frame even on both sides.	Necessito aquesta peça de metall i la seva contrapartida per poder anivellar el marc per ambdós costats.	Mi bezonas ĉi tiun metalpecon kaj ĝian kontraŭparton por fari la kadron ebena ambaŭflanke.	Io necessita iste pecia de metallo e su homologo pro poter render le marco uniforme a ambe lateres.	15
05686	Nouns	curve	die Kurve 	la curva	la courbe	la curva	a curva	la corba (les corbes), el revolt (els revolts)	kurbo	curva										15
05687	Nouns	curiosity	die Neugier(de) 	la curiosidad	la curiosité	la curiosità	a curiosidade	la curiositat	scivolemo	curiositate										15
05688	Nouns	fiber	die Faser 	la fibra	la fibre	la fibra	a fibra	la fibra (les fibres)	fibro	fibra										15
05689	Nouns	frog	der Frosch 	la rana	la grenouille	la rana	o(a) sapo(a)	la granota (les granotes)	rano	rana										15
05690	Nouns	bookstore, bookshop	der Buchladen 	la librería	la librairie	la libreria	a livraria	la llibreria (les llibreries)	librovendejo	libreria										15
05691	Nouns	jaw	der Kiefer 	la mandíbula	la mâchoire	la mascella	a mandíbula	la mandíbula (les mandíbules)	makzelo	mandibula										15
05692	Nouns	mistress	die Mätresse , die Geliebte , die Herrin 	la amante	la maîtresse	la padrona, l'amante 	a amante	l'amant (els amants), la mestressa (les mestresses)	amatino	amante										15
05693	Nouns	sleeve	der Ärmel 	la manga	la manche	la manica	a manga	la màniga (les mànigues)	maniko	manica										15
05694	Nouns	bulk	die Masse , das Volumen 	el volumen	la masse, le volume	il volume, la massa	a massa, o volume	el gruix (els gruixos), el volum (els volums)	amplekso	volumine										15
05695	Nouns	measurement	die Messung 	la medida	la mesure	la misura, la misurazione	a medida	la mesura (les mesures), el mesurament (els mesuraments)	mezurado	mesura										15
05696	Nouns	norm	die Norm 	la norma	la norme	la norma	a norma	la norma (les normes)	normo	norma										15
05697	Nouns	sorrow	der Kummer 	la pena, la tristeza	la peine, le chagrin	la pena, la tristezza	a mágoa, o sofrimento	la pena, la tristesa	malĝojo	tristessa										15
05698	Nouns	sting	der Stich 	la picadura	la piqûre (d'insecte)	il pungiglione, la puntura	a picada	la picada (les picades), la fiblada (les fiblades)	piko	piccatura										15
05699	Nouns	probability	die Wahrscheinlichkeit 	la probabilidad	la probabilité	la probabilità	a probabilidade	la probabilitat (les probabilitats)	probablo	probabilitate										15
05700	Nouns	sensation	die Sensation 	la sensación	la sensation	la sensazione	a sensação	la sensació (les sensacions)	sento	sensation										15
05701	Nouns	siren	die Sirene 	la sirena	la sirène	la sirena	a sirene	la sirena (les sirenes)	sireno	sirena										15
05702	Nouns	witch	die Hexe 	la bruja	la sorcière	la strega	a bruxa	la bruixa (les bruixes)	sorĉistino	maga										15
05703	Nouns	specialty	die Spezialität 	la especialidad	la spécialité	la specialità	a especialidade	l'especialitat (les especialitats)	specialaĵo	specialitate										15
05704	Nouns	betrayal	der Verrat 	la traición	la trahison	il tradimento	a traição	la traïció (les traïcions)	perfido	traition										15
05705	Nouns	transaction	die Transaktion 	la transacción	la transaction	la transazione 	a transação	la transacció (les transaccions)	transakcio	transaction	Die Transaktion war einfach: Ich gab ihm das Geld und er gab mir das Brennholz. 	La transacción fue fácil: le di el dinero y el me dio la leña para hacer fuego.	La transaction était simple: je lui ai donné l'argent et il m'a donné le bois de chauffage.	La transazione fu semplice: gli diedi il denaro e lui mi diede la legna da ardere.	A transação foi simples: eu dei a ele o dinheiro, e ele me deu a lenha.	The transaction was simple: I gave him the money, and he gave me the firewood.	La transacció va ser senzilla: li vaig donar els diners i ell em va donar la llenya.	La transakcio estis simpla: mi donis al li la monon, kaj li donis al mi la brullignon.	Le transaction esseva simple: io le dava le moneta, e ille me dava le ligno de foco.	15
05706	Nouns	sweat	der Schweiß 	la transpiración, el sudor	la transpiration	il sudore	a transpiração	la suor	ŝvito	sudor										15
05707	Nouns	badge	der Badge , die Marke 	la insignia	le badge	il distintivo	o distintivo	l'insígnia (les insígnies), el distintiu (els distintius)	insigno	insignia										15
05708	Nouns	bush	der Busch 	el arbusto	le buisson	il cespuglio	o mato	l'arbust (els arbustos), el matoll (els matolls)	arbusto	arbusto										15
05709	Nouns	calculation	die (Be)Rechnung 	el cálculo	le calcul	il calcolo	o cálculo	el càlcul (els càlculs)	kalkulo	calculo										15
05710	Nouns	catalogue	der Katalog 	el catálogo	le catalogue	il catalogo	o catálogo	el catàleg (els catàlegs)	katalogo	catalogo										15
05711	Nouns	cart	der Einkaufswagen 	el carrito	le chariot	il carretto	o carrinho, a carroça	el carretó (els carretons)	ĉareto	carretta										15
05712	Nouns	clown	der Clown 	el payaso	le clown	il pagliaccio	o palhaço	el pallasso (els pallassos)	klaŭno	clown										15
05713	Nouns	settler	der Siedler 	el colonizador	le colon, le colonisateur	il colonizzatore	o colono	el colonitzador (els colonitzadors), el colon (els colons)	setlanto	colonisator										15
05714	Nouns	merchant	der Kaufmann , der Händler 	el(la) comerciante	le marchand	il commerciante	o(a) comerciante	el comerciant (els comerciants)	komercisto	commerciante										15
05715	Nouns	contempt	die Verachtung 	el desprecio	le mépris	il disprezzo	o desprezo	el menyspreu, el desdeny	malestimo	contempto										15
05716	Nouns	serviceman	der Soldat 	el(la) militar	le militaire	il militare	o(a) militar	el militar (els militars)	militisto	militar										15
05717	Nouns	nest	das Nest 	el nido	le nid	il nido	o ninho	el niu (els nius)	nesto	nido										15
05718	Nouns	butterfly	der Schmetterling  	la mariposa	le papillon	la farfalla	a borboleta	la papallona (les papallones)	papilio	papilion										15
05719	Nouns	paragraph	der Absatz , der Abschnitt , der Paragraf (Jur.) 	el párrafo	le paragraphe	il paragrafo	o parágrafo	el paràgraf (els paràgrafs)	paragrafo	paragrapho										15
05720	Nouns	square	der Platz 	la plaza	le parc, la place	la piazza	o parque, a praça	la plaça (les places)	placo	placia										15
05721	Nouns	forgiveness	die Vergebung 	el perdón	le pardon	il perdono	o perdão	el perdó	pardono	pardono										15
05722	Nouns	receipt	die Quittung 	el recibo	le reçu	la ricevuta	o recibo	el rebut (els rebuts)	kvitanco	recepta										15
05723	Nouns	regulator	der Regulator	el(la) regulador(a)	le régulateur	il regolatore	o(a) regulador(a)	el regulador (els reguladors)	reguligilo	regulator	Der Regulator sorgt dafür, dass das Wasser nicht zu heiß oder zu kalt wird. 	El regulador hace que el agua no sea demasiado caliente o demasiado fría. 	Le régulateur vérifie que l'eau ne devienne pas trop chaude ou trop froide.	Il regolatore assicura che l'acqua non diventi troppo calda o troppo fredda.	O regulador faz com que a água não se torne muito quente ou muito fria.	The regulator makes sure the water doesn't become too hot or too cold.	El regulador s'assegura que l'aigua no estigui ni massa calenta ni massa freda.	La reguligilo certigas, ke la akvo ne fariĝas tro varma aŭ tro malvarma.	Le regulator face que le aqua non deveni troppo calide o troppo frigide.	15
05724	Nouns	salary, pay, wages	das Gehalt	el salario	le salaire	la busta paga	o salário	el salari (els salaris), el sou (els sous)	salajro	salario										15
05725	Nouns	bucket	der Eimer 	el balde	le seau	il secchio	o balde	la galleda (les galledes)	sitelo	situla										15
05726	Nouns	eyebrow	die Augenbraue 	la ceja	le sourcil	il sopracciglio 	a sobrancelha	la cella (les celles)	brovo	supercilio										15
05727	Nouns	memory	die Erinnerung 	el recuerdo	le souvenir	il ricordo	a recordação, a lembrança	el record (els records)	memoro	memoria										15
05728	Nouns	rug, carpet	der Teppich 	el tapete	le tapis	il tappeto	o tapete	la catifa (les catifes)	tapiŝo	tapete										15
05729	Nouns	terrain	das Gelände , das Terrain	el terreno	le terrain	il terreno	o terreno	el terreny (els terrenys)	tereno	terreno										15
05730	Nouns	violin	die Violine , die Geige 	el violín	le violon	il violino	o violino	el violí (els violins)	violono	violino										15
05731	Nouns	thug	der Schlägertyp , der Rüpel , der Rowdy 	el(la) bruto(a)	le voyou	il teppista	o(a) bandido(a)	el brètol (els brètols), el bergant (els bergants)	brutulo	bruto										15
05732	Nouns	brake	die Bremse 	el freno	le frein	il freno	o freio	el fre (els frens)	bremso	freno										15
05733	Nouns	mathematics	die Mathematik 	la matemática	les mathématiques	la matematica	a matemática	les matemàtiques	matematiko	mathematica										15
05734	Adjectives	sour	sauer	agrio(a)	aigre	aspro(a), acre	azedo(a)	agre(a)	acida	acide										15
05735	Adjectives	disastrous	desaströs	desastroso(a)	désastreux, désastreuse	disastroso(a)	desastroso(a)	desastrós(osa)	katastrofa	disastrose										15
05736	Adjectives	relaxed	locker, erholt	relajado(a)	détendu(e)	rilassato(a)	relaxado(a)	relaxat(ada)	malstreĉita	relaxate										15
05737	Adjectives	worthy	es wert sein	digno(a)	digne	degno(a)	digno(a)	digne(a)	inda	digne										15
05738	Adjectives	educated	gebildet	educado(a), culto(a)	éduqué(e), instruit(e)	istruito(a), colto(a)	instruído(a)	educat(ada), culte(a)	klera	educate	Er ist ein gebildeter und weiser Mann 	Es un hombre educado y sabio	Il est un homme instruit et sage 	È un uomo istruito e saggio	Ele é um homem instruído e sábio	He is an educated and wise man	És un home educat i savi.	Li estas klera kaj saĝa viro.	Ille es un homine educate e sage.	15
05739	Adjectives	experimental	experimentell	experimental	expérimental(e)	sperimentale	experimental	experimental	eksperimenta	experimental	Dies ist ein experimentelles Medikament: wir sind uns der Wirkung nicht sicher. 	Esta es medicina experimental; no estamos seguros cuáles serán los efectos.	C'est unmédicament expérimental: nous ne sommes pas sûrs quels en seront les effets. 	Questa è una medicina sperimentale: non siamo sicuri di quali saranno gli effetti.	Este é um medicamento experimental; nós não sabemos quais serão os efeitos.	This is experimental medicine; we aren't sure what the effects will be. 	Aquesta és una medicina experimental; no estem segurs de quins seran els efectes.	Ĉi tio estas eksperimenta medicino; ni ne certas, kiaj estos la efikoj.	Isto es medicina experimental; nos non es certe quales essera le effectos.	15
05740	Adjectives	external	extern	externo(a)	externe	esterno(a)	externo(a)	extern(a)	ekstera	externe										15
05741	Adjectives	freezing	eisig	gélido / congelado	glacial(e)	gelido(a)	glacial	gelat(ada), gèlid(a)	frostanta	gelide, congelante										15
05742	Adjectives	unconscious	unbewusst, ohnmächtig	inconsciente	inconscient(e)	svenuto(a)	inconsciente, desacordado(a)	inconscient, desmaiat(ada)	senkonscia	inconsciente										15
05743	Adjectives	lesser	geringer	menor	moindre	minore	menor, menos	menor, inferior	malpli granda	minor										15
05744	Adjectives	noble	nobel	noble	noble	nobile	nobre	noble	nobla	nobile										15
05745	Adjectives	operational	operationell	operacional	opérationnel(le)	operativo(a)	operacional	operacional	funkcia	operational										15
05746	Adjectives	pale	blass	pálido(a)	pâle	pallido(a)	pálido(a)	pàl·lid(a)	pala	pallide										15
05747	Adjectives	phenomenal	phänomenal	fenomenal	phénoménal(e)	fenomenale	fenomenal	fenomenal	fenomena	phenomenal										15
05748	Adjectives	scheduled	geplant	programado(a)	prévu(e)	programmato(a), fissato(a)	previsto(a)	programat(ada), previst(a)	planita	programmate										15
05749	Adjectives	probable	wahrscheinlich	probable	probable	probabile	provável	probable	verŝajna	probabile	Es ist wahrscheinlich, dass es heute Nacht stürmt, zumindest laut dem, was in den Nachrichten gesagt wird	Es probable que la tormenta llegue esta noche, al menos según lo que dice el noticiero	Il est probable que la tempête arrive ce soir, pour ce que les informations en disent du moins	È probabile che la tempesta arriverà stanotte, almeno in base a quanto dice il notiziario	É provável que a tempestade chegue hoje à noite, pelo menos, segundo o que os noticiários dizem	It's probable that the storm will come tonight, according to the news, at least	És probable que la tempesta arribi aquesta nit, almenys segons les notícies.	Estas verŝajne, ke la ŝtormo venos ĉi-nokte, laŭ la novaĵoj, almenaŭ.	Il es probabile que le tempesta arrivara iste nocte, al minus secundo lo que dice le emission de novas.	15
05750	Adjectives	renewed	erneuert	renovado(a)	renouvelé(e)	rinnovato(a)	renovado(a)	renovat(ada)	renovigita	renovate										15
05751	Adjectives	liable, responsible	verantwortlich	responsable	responsable	responsabile	responsável, confiável	responsable	respondeca	responsabile										15
05752	Adjectives	straightforward	direkt	sencillo(a), directo(a)	simple, direct(e)	diretto(a), chiaro(a)	simples, direto(a)	directe(a), senzill(a)	rekta	simple, directe										15
05753	Adjectives	outgoing	extrovertiert	extrovertido(a)	extraverti(e)	estroverso	extrovertido(a)	extravertit(ida)	ekstrovertita	extrovertite										15
05754	Adjectives	added, extra	zusätzlich	añadido(a)	supplémentaire	aggiunto(a), aggiuntivo(a)	suplementar	addicional, extra	aldona	addite, extra										15
05755	Adjectives	technological	technologisch	tecnológico(a)	technologique	tecnologico(a)	tecnológico(a)	tecnològic(a)	teknologia	technologic										15
05756	Adjectives	tense	angespannt	tenso(a)	tendu(e)	teso(a)	tenso(a)	tens(a)	streĉa	tense	Die Situation war angespannt; keine der Parteien war willig, aufzugeben. 	La situación era tensa: ninguna de las partes estaba dispuesta a ceder. 	La situation était tendue: aucun côté n'était enclin à abandonner.	La situazione era tesa: nessuna parte era disposta a cedere.	A situação era tensa; nenhum dos lados estava disposto a desistir.	The situation was tense; neither side was willing to give up. 	La situació era tensa; cap de les dues parts estava disposada a cedir.	La situacio estis streĉa; neniu flanko volis cedi.	Le situation esseva tense; necun del partes esseva disposite a ceder.	15
05757	Adjectives	unanimous	einstimmig	unánime	unanime	unanime	unânime	unànime	unuanima	unanime	Die Entscheidung war einstimmig; keinTeilnehmer war dagegen.	La decisión fue unánime; ni un solo miembro estaba en desacuerdo.	La décision fût unanime, pas un seul membre n'était contre.	La decisione fu unanime, non un solo membro dissentì.	A decisão foi unânime; nenhum membro discordou.	The decision was unanimous; not a single member disagreed.	La decisió va ser unànime; ni un sol membre hi va estar en desacord.	La decido estis unuanima; neniu membro malkonsentis.	Le decision esseva unanime; non un sol membro esseva in disaccordo.	15
05758	Adverbs	concerning	bezüglich	con respecto a	concernant	circa, riguardo a	no que diz respeito...	pel que fa a, respecte a	koncerne	concernente										15
05759	Adverbs	exclusively	ausschließlich	exclusivamente	exclusivement	esclusivamente	exclusivamente	exclusivament	ekskluzive	exclusivemente										15
05760	Adverbs	formerly	früher	anteriormente	autrefois	in passato, precedentemente	anteriormente, antigamente	antigament	antaŭe	anteriormente										15
05761	Adverbs	ample, abundant	weit, reichlich	amplio	beaucoup de, abondant	ampio	amplo	ample(a), abundant	abunda	ample, abundante	Wir haben reichlichen Essensvorrat	Tenemos un amplio suministro de alimentos	Nous avons une abondante réserve de nourriture	Abbiamo un'ampia riserva di cibo	Temos um amplo fornecimento de alimentos	We have ample food supplies 	Tenim un ampli subministrament d'aliments.	Ni havas abundan manĝaĵprovizon.	Nos ha ample provisiones de alimentos.	15
05762	Adverbs	positively	positiv, bestimmt	positivamente	positivement	positivamente, decisamente	positivamente	positivament	pozitive	positivemente										15
05763	Adverbs	profoundly	zutiefst	profundamente	profondément	profondamente	profundamente	profundament	profunde	profundemente										15
05764	Adverbs	remarkably	bemerkenswert	notablemente	remarquablement	notevolmente	notavelmente	notablement	rimarkinde	notabilemente										15
05765	Adverbs	simultaneously	simultan, gleichzeitig	simultáneamente	simultanément	simultaneamente	simultaneamente	simultàniament	samtempe	simultaneemente										15
05766	Verbs	to license	eine Lizenz erteilen	licenciar	accorder une license	concedere una licenza	licenciar	llicenciar, autoritzar	licenci	licentiar										15
05767	Verbs	to empower, authorize	ermächtigen, autorisieren	empoderar, fortalecer	introniser, autoriser	dare potere, autorizzare	dar poder, autorizar	apoderar, autoritzar	rajtigi	autorisar	Die Wähler allein können jemanden zum Präsidenten ermächtigen 	Sólo los votantes pueden empoderar a alguien con la presidencia	Seul les électeurs peuvent introniser quelqu'un président	Solo i votanti possono dare a qualcuno il potere della presidenza	Apenas os eleitores podem dar a alguém poder de presidência 	Only the voters can empower somebody with the presidency	Només els votants poden apoderar algú amb la presidència.	Nur la voĉdonantoj povas rajtigi iun per la prezidanteco.	Solmente le votantes pote investir alicuno con le presidentia.	15
05768	Verbs	to brush	bürsten	cepillar	brosser	scopare, spazzolare	escovar	raspallar	brosi	brossar										15
05769	Verbs	to tick, to check	ankreuzen	hacer tic	cocher	spuntare	ticar, marcar	marcar amb una creu, fer un tic	marki	facer tic										15
05770	Verbs	to color	kolorieren, färben	colorear	colorier	colorare	colorir	acolorir, pintar	kolorigi	colorar										15
05771	Verbs	to complicate	erschweren	complicar	compliquer	complicare	complicar	complicar	kompliki	complicar										15
05772	Verbs	to effect	durchführen	efectuar	effectuer	effettuare	efetuar	efectuar	efektivigi	effectuar										15
05773	Verbs	to cash 	einkassieren	cobrar dinero	encaisser (de l'argent à un client)	incassare	cobrar (dinheiro de um cliente)	cobrar (diners)	enkasi (monon)	incassar										15
05774	Verbs	to exhaust	erschöpfen	agotar	épuiser	esaurire, stremare	esgotar	esgotar	elĉerpi	exhaurir										15
05775	Verbs	to equip	ausstatten, ausrüsten	equipar	équiper	equipaggiare	equipar	equipar	ekipi	equipar										15
05776	Verbs	to fan, to air out	fächern	abanicar, ventilar	éventer	sventolare, fare aria	atiçar	ventar, ventilar	ventoli	ventilar										15
05777	Verbs	to congratulate	gratulieren	felicitar	féliciter	congratularsi	felicitar	felicitar	gratuli	felicitar	Das ganze Hotelteamhat uns zu unserem Hochzeitstag gratuliert	Todo el equipo del hotel nos ha felicitado por nuestro aniversario de bodas	Toute l'équipe de l'hôtel nous a félicités pour notre anniversaire de mariage	Tutto lo staff dell'hotel si è congratulato con noi per il nostro anniversario di matrimonio	Toda a equipe do hotel nos felicitou pelo nosso aniversário de casamento	The whole hotel staff congratulated us on our wedding anniversary	Tot l'equip de l'hotel ens va felicitar pel nostre aniversari de casament.	La tuta hotela personaro gratulis nin pro nia geedziĝa datreveno.	Tote le personal del hotel nos felicitava pro nostre anniversario de nuptias.	15
05778	Verbs	to whip	peitschen	azotar	fouetter	frustare	chicotear	fuetejar	vipi	fustigar										15
05779	Verbs	to bash	verhauen, verprügeln	golpear	cogner, frapper	sbattere, sfondare	golpear	colpejar	bati	colpar										15
05780	Verbs	to warrant, to guarantee	garantieren	garantizar	garantir	giustificare, garantire	garantir	garantir	garantii	garantir										15
05781	Verbs	to imitate	imitieren, nachahmen	imitar	imiter	imitare	imitar	imitar	imiti	imitar										15
05782	Verbs	to incorporate	einbeziehen, einschließen	incorporar	incorporer	incorporare	incorporar	incorporar	enkorpigi	incorporar	Unsere Gesellschaft schließt zahlreiche Aspekte der Medizin ein und kombiniert sie zu einer außergewöhnlichen Dienstleistung.	Nuestra empresa incorpora muchos aspectos de la medicina, combinándolos en un servicio excepcional.	Notre société incorpore de nombreux aspects de la médecine, les combinant en un service exceptionnel.	La nostra società incorpora molti aspetti della medicina, combinandoli in un servizio eccezionale.	Nossa empresa incorpora muitos aspectos da medicina, combinando-os em um serviço excepcional.	Our company incorporates many aspects of medicine, combining them into one outstanding service.	La nostra empresa incorpora molts aspectes de la medicina, combinant-los en un servei excepcional.	Nia kompanio enkorpigas multajn aspektojn de medicino, kombinante ilin en unu elstaran servon.	Nostre compania incorpora multe aspectos del medicina, combinante los in un servicio exceptional.	15
05783	Verbs	to instruct	beibringen	instruir	instruire	istruire	instruir	instruir	instrukcii	instruer										15
05784	Verbs	to pressure	unter Druck setzen	presionar	faire pression	fare pressione	pressionar, fazer pressão	pressionar	premi	exercer pression super										15
05785	Verbs	to unleash	auslösen (Explosion, Emotionen), loslassen, von der Leine lassen	desencadenar, desatar	déchaîner (émotions), détacher	sguinzagliare	soltar, desencadear	desencadenar, deixar anar	liberigi	discatenar, disligar										15
05786	Verbs	to contend	kämpfen	luchar	lutter	contendere, lottare	lutar	lluitar, competir	lukti	luctar										15
05787	Verbs	to chew	kauen	masticar	mâcher	masticare	mastigar	mastegar	maĉi	masticar										15
05788	Verbs	to stage	aufführen	poner en escena	mettre en scène	inscenare, rappresentare	encenar	escenificar, representar	surscenigi	poner in scena										15
05789	Verbs	to end	beenden, enden	finalizar, poner fin	mettre fin, terminer	terminare, mettere fine a	terminar, rescindir	acabar, finalitzar	fini	finir										15
05790	Verbs	to modify	modifizieren, ändern	modificar	modifier	modificare	modificar, alterar	modificar	modifi	modificar	Wir mussten die Pläne ändern nachdem es geschneit hat.	Tuvimos que modificar los planes después de que nevó	Nous avons dû modifier les projets après qu'il avait neigé	Abbiamo dovuto modificare i piani dopo che ha nevicato.	Nós tivemos de modificar os planos depois que nevou	We had to modify the plans after it had snowed.	Vam haver de modificar els plans després que nevés.	Ni devis modifi la planojn post kiam neĝis.	Nos debeva modificar le planos post que il habeva nivate.	15
05791	Verbs	to dislike	nicht mögen	desagradar	ne pas aimer	non piacere	desgostar	desagradar	malŝati	displacer										15
05792	Verbs	to neglect	vernachlässigen	descuidar, abandonar	négliger	trascurare	negligenciar	descuidar, negligir	negletti	negliger										15
05793	Verbs	to rate	bewerten	evaluar, clasificar	noter, évaluer	valutare	avaliar, dar nota	avaluar, qualificar	taksi, noti	evalutar										15
05794	Verbs	to command	befehlen	ordenar	ordonner	comandare, ordinare	ordenar, comandar	ordenar, manar	komandi	commandar										15
05795	Verbs	to deprive	entziehen, vorenthalten	privar	priver	privare	privar	privar de	senigi je	privar										15
05796	Verbs	to reconcile	(sich) vertragen	reconciliar	réconcilier	riconciliare	reconciliar	reconciliar-se	repaciĝi	reconciliar										15
05797	Verbs	to rewrite	neu schreiben	reescribir	réécrire	riscrivere	reescrever	reescriure	reskribi	rescriber										15
05798	Verbs	to regain	wiedererlangen, zurückbekommen	recobrar	regagner	riguadagnare	reconquistar	recuperar	regajni	recuperar	Nachdem er gestolpert ist, hat er schnell seine Balance wiedererlangt und ist weiter gelaufen.	Después de haberse tropezado, recobró su equilibrio y siguió caminando.	Après avoir titubé, il a regagné son équilibre et a continué à marcher.	Dopo aver inciampato, ha riguadagnato il suo equilibrio e continuato a camminare.	Depois de tropeçar, ele recuperou o equilíbrio e continuou andando.	After stumbling, he regained his balance and kept walking.	Després de travelar, va recuperar ràpidament l'equilibri i va continuar caminant.	Stumblinte, li regajnis sian ekvilibron kaj daŭrigis marŝi.	Post haber impingite, ille recuperava su equilibrio e continuava a ambular.	15
05799	Verbs	to render	etwas erbringen, machen	dejar, rendir (algo)	rendre, laisser	rendere, lasciare	deixar	deixar, convertir	fari	render	Seine Worte haben mich sprachlos gemacht.	Sus palabras me han dejado mudo	Ses mots m'ont laissé sans voix	Le sue parole mi hanno lasciato senza voce.	Suas palavras me deixaram sem palavras	His words rendered me speechless	Les seves paraules em van deixar mut.	Liaj vortoj faris min senvorta.	Su parolas me rendeva mute.	15
05800	Verbs	to withstand	widerstehen	aguantar	résister à	resistere a	resistir a	resistir, aguantar	rezisti al	supportar										15
05801	Verbs	to trash (destroy)	zerstören	despedazar	saccager	smontare	destruir	destrossar, fer miques	detrui	dispeciar										15
05802	Verbs	to drown	ertrinken, überfluten	ahogar	se noyer	affogare, annegare	afogar	ofegar-se, inundar	droni	suffocar										15
05803	Verbs	to brag	angeben, prahlen	presumir, alardear	se vanter	vantarsi	gabar(-se)	presumir, vantar-se	fanfaroni	vantar se										15
05804	Verbs	to substitute	ersetzen, austauschen	sustituir	substituer	sostituire	substituir	substituir	anstataŭigi	substituer										15
05805	Verbs	to surf	surfen	hacer surf	surfer	fare surf, navigare su internet	surfar	fer surf	surfi	facer surf										15
05806	Verbs	to twist	verdrehen	retorcer	tordre	torcere, deformare	torcer (algo)	torçar, retorçar	tordi	torquer										15
05807	Verbs	to bloom	blühen 	florecer	fleurir	fiorire	florescer	florir	flori	florescer										15
05808	Idiomatic Expressions	to give the go-ahead	grünes Licht geben	dar el visto bueno	donner le feu vert	dare il via libera	dar sinal verde	donar el vistiplau	doni la verdan lumon	dar le approbation										15
05809	Idiomatic Expressions	to keep one's feet on the ground	bodenständig bleiben	tener los pies en el suelo (ES), tener los pies sobre la tierra (AL)	garder les pieds sur terre	tenere i piedi per terra	manter os pés no chão	mantenir els peus a terra	teni siajn piedojn sur la tero	mantener le pedes sur le terra										15
05810	Idiomatic Expressions	to have a grudge against someone	einen Pik auf jemanden haben / Groll gegen jemanden hegen	guardar rencor contra alguien	avoir une dent contre quelqu'un	avere il dente avvelenato contro qualcuno	guardar rancor de alguém	guardar rancor a algú	havi rankoron kontraŭ iu	guardar rancor contra alcuno										15
05811	Idiomatic Expressions	don't bite the hand that feeds you	säge nicht am Ast, auf dem du sitzt / beiße nicht in die Hand, die dich füttert	no muerdas la mano que te alimenta	ne crache pas dans la soupe	non sputare nel piatto in cui mangi, non mordere la mano che ti nutre	não cuspa no prato que você come	no mosseguis la mà que et dóna menjar	ne mordu la manon, kiu nutras vin	non morde le mano que te alimenta										15
05812	Idiomatic Expressions	under the heel	unter dem Pantoffel	bajo el control	sous la botte	sotto il dominio di	sob o domínio de	sota el domini de, sotmès a	sub la kalkano de	sub le controlo										15
05813	Idiomatic Expressions	to know the tricks of the trade	die Kniffe des Berufes kennen	saber los secretos del oficio	connaître les ficelles du métier	conoscere i trucchi del mestiere	conhecer os segredos da profissão	conèixer els trucs de l'ofici	koni la artifikojn de la metio	saper le secretos del officio										15
05814	Idiomatic Expressions	to bear the brunt of something	die Hauptlast von etwas tragen	llevarse la peor parte de algo	faire les frais de quelque chose	sostenere il peso di qualcosa	levar a pior em algo	emportar-se la pitjor part d'alguna cosa	porti la ĉefan ŝarĝon de io	supportar le parte le plus difficile de alique										15
05815	Idiomatic Expressions	to drive the point home	etwas klar machen	enfatizar una idea	enfoncer le clou	chiarire il concetto	fazer valer o ponto de vista	deixar les coses clares	marteli la punkton hejmen	sublinear un idea										15
05816	Idiomatic Expressions	to have something on one's mind	etwas auf dem Herzen haben	tener algo en mente	être préoccupé	avere un peso sul cuore, avere dei pensieri	estar com algo na cabeça	tenir alguna cosa al cap	havi ion en la menso	haber alique in mente										15
05817	Idiomatic Expressions	to have a heart of gold	ein Herz aus Gold haben	tener un corazón de oro	avoir un coeur d'or	avere un cuore d'oro	ter um coração de ouro	tenir un cor d'or	havi oran koron	haber un corde de auro										15
05818	Idiomatic Expressions	to do two things at once	zwei Sachen auf einmal machen	hacer dos cosas a la vez	courir deux lièvres à la fois	fare due cose contemporaneamente	fazer duas coisas ao mesmo tempo	fer dues coses alhora	fari du aferojn samtempe	facer duo cosas al mesme tempore										15
05819	Idiomatic Expressions	to shoot down (shot down, shot down) in flames	jemanden schonungslos angreifen	derribar	tirer à boulets rouges	stroncare, fare nero qualcuno	colocar alguém para baixo	fer miques, criticar durament	pafi en flamoj	abatter										15
05820	Idiomatic Expressions	to be put to the test	auf die Probe gestellt werden	estar puesto a prueba	être mis à l'épreuve	essere messo alla prova	ser colocado(a) à prova	ser posat a prova	esti metita al la provo	esser ponite a prova										15
05821	Idiomatic Expressions	to go alone	(etwas) im Alleingang machen	ir solo	faire cavalier seul	fare il solitario	ir sozinho(a)	anar per lliure	iri sola	ir sol										15
05822	Idiomatic Expressions	every cloud has a silver lining	auf Regen folgt Sonne	no hay mal que dure cien años	après la pluie, le beau temps	dopo la pioggia arriva il sole	depois da tempestade, vem a bonança	després de la tempesta ve la calma	ĉiu nubo havas arĝentan randon	post cata mal veni un ben										15
05823	Idiomatic Expressions	to set the world on fire	die Welt aus den Angeln heben / Großes leisten	revolucionar el mundo	changer la face du monde	rivoluzionare il mondo	colocar o mundo de cabeça para baixo	revolucionar el món	ekbruligi la mondon	revolutionar le mundo										15
05824	Idiomatic Expressions	to not be the sharpest tool in the box	nicht das hellste Licht im Hafen sein / dusselig sein	no ser el más listo de la clase	ne pas être le plus intelligent, ne pas avoir inventé l'eau chaude	non essere una cima	não ser um dos mais inteligentes	no ser el més llest de la classe	ne esti la plej akra ilo en la skatolo	non esser le plus intelligente del classe										15
05825	Idiomatic Expressions	to not see the light at the end of the tunnel	kein Licht am Ende des Tunnels sehen	no ver la luz al final del túnel	ne pas voir le bout du tunnel	non vedere la luce alla fine del tunnel	não ver luz no fim do túnel	no veure la llum al final del túnel	ne vidi la lumon ĉe la fino de la tunelo	non vider le lumine al fin del tunnel										15
05826	Idiomatic Expressions	to get back (got back, gotten back) on one's feet	wieder auf die Beine kommen	valerse por uno mismo	reprendre du poil de la bête	rimettersi in piedi	dar a volta por cima	recuperar-se, tornar a posar-se dret	reveni sur siajn piedojn	retornar a esser independente										15
05827	Idiomatic Expressions	to get back (got back, gotten back) into the swing of things	wieder in etwas reinkommen	volver a coger el ritmo	se remettre dans le bain	ributtarsi in pista	entrar novamente no ritmo 	tornar a agafar el ritme	reveni en la svingon de aferoj	reprender le rhythmo										15
05828	Idiomatic Expressions	the game is up	aus die Maus / das Spiel ist aus	el juego llegó a su fin	c'est fichu	i giochi sono finiti	a brincadeira acabou	el joc s'ha acabat	la ludo estas finita	le joco es finite										15
05829	Idiomatic Expressions	to beat around (beat around, beaten around) the bush	um den heißen Brei herumreden	irse (ES) , andar (AL) por las ramas	tourner autour du pot	girare intorno al punto	não ir direto ao ponto	anar-se'n per les branques	ĉirkaŭiri la arbuston	parlar circum le subjecto										15
05830	Idiomatic Expressions	to drag one's feet	trödeln	arrastrar los pies	traîner les pieds	tirarla per le lunghe	empurrar com a barriga	arrossegar els peus, fer el ronsa	treni siajn piedojn	procrastinar										15
08723	Computer Hardware	hard drive 	die Festplatte	el disco duro 	le disque dur	l'hard disk	o disco rígido	el disc dur (els discs durs)	malmola disko	disco dur										14
08724	Computer Hardware	DVD player	der DVD-Spieler	el lector de DVD	le lecteur de DVD	il lettore DVD	o leitor de DVD	el reproductor de DVD (els reproductors de DVD)	DVD-legilo	lector de DVD										14
08725	Computer Hardware	USB key	der USB-Schlüssel	la memoria USB	la clef USB	la chiave USB	o dispositivo USB	la clau USB, el llapis de memòria	USB-poŝmemorilo	memoria USB										14
08726	Computer Basics	local area network	das lokale Netzwerk	la red de área local	le réseau local	la rete locale	a rede local	la xarxa d'àrea local	loka reto	rete de area local										14
08727	Computer Basics	knowledge base	die Grundkenntnisse	la base de conocimientos	la base de connaissance	la conoscenza di base	a base de conhecimento	la base de coneixement	sciobazo	base de cognoscentias										14
08728	Computer Basics	connectivity	die Verbindungsfähigkeit 	la conectividad	la connectivité	la connettività	a conectividade	la connectivitat	konektebleco	connectivitate										14
08729	Computer Basics	offline	offline	fuera de línea	hors ligne	offline	off-line	fora de línia	senrete, eksterreta	foras de linea										14
08730	Computer Basics	update	updaten	la actualización, actualizar	la mise à niveau, la mise à jour	l'aggiornamento	a atualização	l'actualització, actualitzar	ĝisdatigo, ĝisdatigi	actualisation, actualisar										14
08731	Computer Basics	spreadsheet (e.g.. Excel)	die Tabelle (z.B. Excel)	la hoja de cálculo (ej. Excel)	le tableur (ex. Excel)	il foglio di calcolo (ad es. Excel)	a planilha (ex.: Excel)	el full de càlcul (p. ex. Excel)	kalkultabelo (ekz. Excel)	folio de calculo										14
08732	Computer Basics	word processor (e.g. Word)	die Textverarbeitung (z.B. Word)	el procesador de texto (ej.Word)	le traitement de texte (ex. Word)	il processore di testo (es. Word)	o processador de texto (ex.: Word)	el processador de text (p. ex. Word)	tekstoprilaborilo (ekz. Word)	processor de texto										14
08733	Computer Basics	to reset	zurücksetzen	restablecer	remettre à zéro	resettare	restaurar	restablir	restarigi	restabilir										14
08734	Computer Basics	to restart	neu starten	reiniciar	relancer, redémarrer	riavviare	reiniciar	reiniciar	restartigi, relanĉi	reinitiar										14
08735	Computer Basics	scrolling	das Scrollen	el desplazamiento	le défilement	lo scorrimento	a rolagem	el desplaçament, l'scrolling	rulado	displaciamento										14
08736	Computer Basics	to display	anzeigen	visualizar	afficher, visualiser	visualizzare	exibir, mostrar	mostrar, visualitzar	montri	visualisar										14
08737	Computer Basics	editor (software)	der Editor (Software)	el editor (software)	l'éditeur (logiciel)	l'editor (programma)	o editor (software)	l'editor (programari)	redaktilo (programaro)	editor										14
08738	Computer Basics	data	die Daten	los datos	les données	i dati	os dados	les dades	datumoj	datos										14
08740	Computer Basics	highlighting	das Markieren	el resaltado	le marquage, le surlignage	la sottolineatura	o destaque	el ressaltat	substrekado, markado	sublineamento										15
08741	Computer Basics	background	der Hintergrund	el fondo	l'arrière-plan	lo sfondo	o fundo	el fons	fono	fundo										15
08742	Computer Basics	freeware	Freeware	el programa gratuito (de dominio público)	le logiciel gratuit	il programma gratuito	o software gratuito	el programari gratuït	senpaga programaro, freeware	programma gratuite										15
