ID	Category	EN	DE	ES	FR	IT	PT	CA	EO	IA	txt_de	txt_es	txt_fr	txt_it	txt_pt	txt_en	txt_ca	txt_eo	txt_ia	Level
01876	Everyday Phrases	Good luck	Viel Glück	Buena suerte	Bonne chance	Buona fortuna	Boa sorte	Bona sort	Bonan ŝancon	Bon fortuna										6
01877	Adjectives	cautious	vorsichtig	cauteloso(a), prudente	prudent(e)	prudente	prudente	cautelós(a), prudent	singarda	prudente	Jamy ist vorsichtig, wenn er fährt.	Jamy es muy prudente cuando conduce	Jamy est prudent quand il conduit	Jamy è prudente quando guida	Jamy é prudente quando dirige	Jamy is cautious when he drives	En Jamy és prudent quan condueix.	Jamy estas singarda kiam li stiras.	Jamy es prudente quando ille conduce.	6
01878	Adjectives	confused	verwirrt, perplex	confundido(a), perplejo(a)	confus(e), perplexe	confuso, perplesso	confuso(a), perplexo(a)	confós(a), perplex(a)	konfuzita, perpleksa	confundite	Ich bin perplex über das Verhalten dieses Mannes	Estoy confundido por el comportamiento de este hombre	Je suis perplexe face au comportement de cet homme	Sono confuso dal comportamento di quest'uomo	Estou perplexo com o comportamento deste homem	I am confused by this man's behavior	Estic confós pel comportament d'aquest home.	Mi estas konfuzita pro la konduto de ĉi tiu viro.	Io es confundite per le comportamento de iste homine.	6
01879	Adjectives	frightened	verängstigt	asustado(a)	effrayé(e)	spaventato(a)	assustado(a)	espantat(ada)	timigita	espaventate	Sie war so verängstigt, als wir sie retteten	Estaba muy asustada cuando la rescatamos	Elle était tellement effrayée quand nous l'avons secourue	Quando l'abbiamo soccorsa era molto spaventata	Ela estava muito assustada quando nós a resgatamos.	She was so frightened when we rescued her	Estava molt espantada quan la vam rescatar.	Ŝi estis tiel timigita kiam ni savis ŝin.	Illa esseva si espaventate quando nos la salvava.	6
01880	Adjectives	rude	unhöflich	grosero(a)	grossier, grossière	maleducato(a)	grosseiro(a)	groller(a)	malĝentila	grossier	Du musst nicht so unhöflich sein, du könntest netter sein.	No tienes que ser tan grosero, podrías ser más amable	Tu n'as pas besoin d'être aussi grossier, tu pourrais être plus gentil	Non hai bisogno di essere così maleducato, potresti essere più gentile	Você não precisa ser tão grosseiro; você poderia ser mais gentil	You don't have to be so rude, you could be nicer	No has de ser tan groller, podries ser més amable.	Vi ne devas esti tiel malĝentila, vi povus esti pli agrabla.	Tu non debe esser si grossier; tu poterea esser plus amabile.	6
01881	Adjectives	unusual	ungewöhnlich	inusual	inhabituel	insolito	incomum	inusual, poc comú	nekutima	inusual	Hast du etwas Ungewöhnliches bemerkt?	¿Has notado algo inusual?	Tu n'as rien remarqué d'inhabituel ?	Non hai notato niente di insolito?	Você não notou nada de incomum?	Didn't you notice anything unusual?	Has notat alguna cosa inusual?	Ĉu vi rimarkis ion nekutiman?	Non ha tu notate alique inusual?	6
01882	Adjectives	own	eigene(r)(s)	propio (posesión)	propre (possession)	proprio (possesso)	próprio(a)	propi(a)	propra	proprie	Das Restaurant macht sein eigenes Bier	Este restaurante fabrica su propia cerveza	Ce restaurant fabrique sa propre bière	Questo ristorante fabbrica la sua birra	Este restaurante fabrica sua própria cerveja	This restaurant makes its own beer	Aquest restaurant fa la seva pròpia cervesa.	Ĉi tiu restoracio faras sian propran bieron.	Iste restaurante face su proprie bira.	6
01883	Adjectives	fresh (food)	frisch (Essen)	fresco (alimentos)	frais, fraîche (aliment)	fresco (cibo)	fresca (comida)	fresc (menjar)	freŝa (manĝaĵo)	fresc	Ich wollte die Suppe mit frischem Gemüse machen	Quería hacer sopa con verduras frescas	Je voulais faire de la soupe avec des légumes frais	Volevo fare una zuppa con delle verdure fresche	Eu queria fazer sopa com verduras frescas	I wanted to make the soup with fresh vegetables	Volia fer sopa amb verdures fresques.	Mi volis fari la supon kun freŝaj legomoj.	Io voleva facer le suppa con legumines fresc.	6
01884	Adjectives	delighted, thrilled	erfreut	encantado(a)	ravi(e)	estasiato(a), felicissimo(a)	feliz, encantado(a)	encantat(ada)	ravita	incantate	Meine Mutter ist über deinen Besuch erfreut.	Mi madre está encantada con tu visita.	Ma mère est ravie de ta visite.	Mia madre è felicissima per la tua visita.	Minha mãe ficou encantada com a sua visita.	My mother is delighted by your visit	La meva mare està encantada amb la teva visita.	Mia patrino estas ravita pro via vizito.	Mi matre es incantate per tu visita.	6
01885	Adjectives	further	mehr, zusätzlich	más, suplementario(a)	plus de, supplémentaire	oltre, ulteriore	mais	més, addicional	plia	ulterior	Ich werde Sie mit mehr Informationen anrufen.	Te llamaré para darte más información.	Je vous appellerai pour vous donner plus d'informations.	La chiamerò per darle ulteriori informazioni.	Eu vou ligar pra você para lhe dar mais informações.	I will call you to give you further information	Et trucaré per donar-te més informació.	Mi vokos vin por doni al vi pliajn informojn.	Io te telephonara pro dar te information ulterior.	6
01886	Adjectives	whole	voll, ganz	entero(a)	entier, entière	intero(a)	inteiro, todo	sencer(a)	tuta	integre	Die Schlange verschlang die ganzeMaus	La serpiente se tragó al ratón entero	Le serpent a avalé la souris entière	Il serpente ha inghiottito il topo intero	A cobra engoliu o rato inteiro	The snake swallowed the mouse whole	La serp es va empassar el ratolí sencer.	La serpento englutis la tutan muson.	Le serpente inglutiva le mus integre.	6
01887	Adjectives	tidy	ordentlich	ordenado(a)	rangé(e), ordonné(e)	ordinato(a)	organizado(a)	ordenat(ada)	bonorda	ordinate	Sie möchte, dass ich meinen Schreibtisch immer ordentlichhalte.	Ella quiere que mantenga mi escritorio ordenado todo el tiempo	Elle veut que je garde mon bureau rangé tout le temps.	Lei vuole che io tenga la mia scrivania sempre ordinata.	Ela quer que eu mantenha minha escrivaninha organizada o tempo todo.	She wants me to keep my desk tidy at all times	Ella vol que mantingui el meu escriptori ordenat tot el temps.	Ŝi volas, ke mi tenu mian skribotablon bonorda ĉiam.	Illa vole que io mantene mi bureau ordinate in omne momento.	6
01888	Adjectives	male	männlich (Geschlecht)	hombre, macho 	mâle 	maschio .	homem, macho 	mascle (els mascles)	vira	mascule										6
01889	Adjectives	female	weiblich (Geschlecht)	Mujer, hembra 	femelle 	femmina .	mulher, fêmea 	femella (les femelles)	ina	femina										6
01890	Adjectives	masculine	männlich (Eigenschaften eines Mannes)	masculino(a) 	masculin(e) 	maschile 	masculino(a) 	masculí(na)	vireca	masculin										6
01891	Adjectives	feminine	feminin (Eigenschaften einer Frau)	femenino(a) 	féminin(e) 	femminile 	feminino(a) 	femení(na)	ineca	feminin										6
01892	Adjectives	cursed	verflucht, verdammt	maldito(a)	maudit(e)	maledetto(a)	maldito(a), desgraçado(a)	maleït(ïda)	fia	maledicte	Verdammte Diebe!	¡Malditos ladrones!	Maudits voleurs!	Maledetti ladri !	Malditos ladrões!	Cursed thieves!	Maleïts lladres!	Fiaj ŝtelistoj!	Maledicte fures!	6
01893	Adjectives	correct, right	richtig, korrekt	correcto(a)	correct(e)	corretto(a)	correto(a)	correcte(a)	korekta	correcte	Die Antwort ist korrekt	La respuesta es correcta	La réponse est correcte	La risposta è corretta.	A resposta está correta	The answer is correct	La resposta és correcta.	La respondo estas korekta.	Le responsa es correcte.	6
01894	Adjectives	gentle, sweet	sanft	baja, dulce, suave	doux (douce)	dolce	baixa	dolç(a), suau	milda	dulce, suave	Die Mutter des Kindes singt ihm ein Lied mit sanfter Stimme, um es zu beruhigen	La madre del niño le canta una canción en voz baja para calmarlo	La mère de l'enfant lui chante une chanson d'une voix douce pour le calmer	La madre del bambino gli canta una canzone con voce dolce per calmarlo	A mãe do bebê canta uma música em voz baixa para acalmá-lo	The child's mother sings him a song with a gentle voice to soothe him	La mare del nen li canta una cançó amb veu dolça per calmar-lo.	La patrino de la infano kantas al li kanton per milda voĉo por trankviligi lin.	Le matre del infante le canta un cantion con un voce suave pro calmar le.	6
01895	Adjectives	pregnant	schwanger	embarazada	enceinte	incinta	grávida	embarassada	graveda	pregnante	Wusstest du, dass Helens Schwester schwanger ist?	¿Sabías que la hermana de Helen está embarazada?	Savais-tu que la sœur de Helen est enceinte ?	Sapevi che la sorella di Helen è incinta?	Você sabia que a irmã da Helen está grávida?	Did you know that Helen's sister is pregnant?	Sabies que la germana de l'Helena està embarassada?	Ĉu vi sciis, ke la fratino de Helena estas graveda?	Sapeva tu que le soror de Helen es pregnante?	6
01896	Adjectives	special	besonders, der/die/das Besondere, speziell	especial	spécial(e)	speciale	especial	especial	speciala	special	Heute haben wir einen besonderen Gast	Hoy tenemos un invitado especial	Nous recevons aujourd'hui un invité spécial	Oggi riceviamo un invitato speciale	Hoje temos um convidado especial	We have a special guest today	Avui tenim un convidat especial.	Hodiaŭ ni havas specialan gaston.	Nos ha un hospite special hodie.	6
01897	Adjectives	cool, fresh	frisch, kühl	fresco(a)	frais (fraîche)	fresco(a)	fresco(a)	fresc(a)	freŝa, malvarmeta	fresc	Es ist zu heiß, ich brauche frisches Wasser.	Hace demasiado calor, necesito agua fresca.	Il fait trop chaud, j'ai besoin d'eau fraîche.	Fa troppo caldo, ho bisogno di acqua fresca.	Está muito calor, preciso de água fresca.	It's too hot out. I need cool water	Fa massa calor, necessito aigua fresca.	Estas tro varme. Mi bezonas malvarmetan akvon.	Il fa calide extra. Io besonia aqua fresc.	6
01898	Adjectives	big, large, tall	groß	grande, extenso(a)	grand(e)	grande	grande	gran	granda	grande	Ich lebe in einer großen Stadt	Yo vivo en una ciudad grande	J'habite dans une grande ville	Abito in una grande città.	Eu vivo em uma cidade grande	I live in a big city	Visc en una ciutat gran.	Mi loĝas en granda urbo.	Io habita in un citate grande.	6
01899	Adjectives	serious (grave)	ernst, schlimm, schwerwiegend 	grave	grave	serio(a), grave	grave	greu	grava	grave	Das Dorf hat aufgrund der Überflutung schwerwiegenden Schaden erlitten	El pueblo sufrió graves daños por las inundaciones	Le village a subi de graves dommages à cause des inondations	Il villaggio ha subito dei gravi danni a causa delle inondazioni.	O vilarejo sofreu danos graves devido às inundações.	The village suffered serious damage due to flooding	El poble va patir danys greus a causa de les inundacions.	La vilaĝo suferis gravan damaĝon pro la inundado.	Le village pativa damnos grave pro le inundationes.	6
01900	Adjectives	impossible	unmöglich	imposible	impossible	impossibile	impossível	impossible	neebla	impossibile	Das ist unmöglich!	¡Es imposible!	C'est impossible !	È impossibile!	Isso é impossível!	It's impossible!	És impossible!	Estas neeble!	Il es impossibile!	6
01901	Adjectives	bad	schlecht	malo(a)	mauvais	cattivo(a)	ruim, mau	dolent(a)	malbona	mal	Ich habe schlechte Nachrichten für dich	Tengo malas noticias para ti.	J'ai de mauvaises nouvelles pour toi	Ho delle cattive notizie per te.	Eu tenho más notícias para você	I have bad news for you	Tinc males notícies per a tu.	Mi havas malbonajn novaĵojn por vi.	Io ha mal novas pro te.	6
01902	Adjectives	normal	normal	normal	normal(e)	normale	normal	normal	normala	normal	Es ist normal Zweifel zu haben	Es normal tener dudas	C'est normal de douter	È normale avere dubbi	É normal ter dúvidas	It's normal to have doubts	És normal tenir dubtes.	Estas normale havi dubojn.	Il es normal haber dubitas.	6
01903	Adjectives	popular	beliebt, populär	popular	populaire	popolare	popular	popular	populara	popular	Marina ist das beliebteste Mädchender Schule	Marina es la chica más popular de la escuela	Marina est la fille la plus populaire de l'école	Marina è la ragazza più popolare della scuola.	Marina é a menina mais popular da escola	Marina is the most popular girl at the school	La Marina és la noia més popular de l'escola.	Marina estas la plej populara knabino en la lernejo.	Marina es le puera le plus popular in le schola.	6
01904	Adjectives	holy	heilig	santo(a)	saint(e), sacré(e)	santo(a)	santo(a)	sant(a)	sankta	sancte	Jerusalem ist eine heilige Stadt für Juden, Christen und Muslime.	Jerusalén es una ciudad santa para judíos, cristianos y musulmanes	Jérusalem est une ville sainte pour les Juifs, les chrétiens et les musulmans	Gerusalemme è una città santa per gli ebrei, i cristiani e i musulmani	Jerusalém é uma cidade sagrada para os judeus, os cristãos e os muçulmanos	Jerusalem is a holy city for Jews, Christians, and Muslims	Jerusalem és una ciutat santa per a jueus, cristians i musulmans.	Jerusalemo estas sankta urbo por judoj, kristanoj kaj islamanoj.	Jerusalem es un citate sancte pro judeos, christianos e musulmanes.	6
01905	Adjectives	single, alone, lone	allein, einsam	solo(a), solitario(a)	seul(e), solitaire	solo(a), solitario(a)	sozinho(a), solitário(a)	sol(a)	sola	sol	Er ist allein, du kannst mit ihm reden	Está solo, puedes ir a hablar con él	Il est seul, tu peux aller lui parler	È solo, puoi andare a parlargli.	Ele está sozinho, você pode ir falar com ele.	He's alone, you can go talk to him	Està sol, pots anar a parlar amb ell.	Li estas sola, vi povas iri paroli kun li.	Ille es sol; tu pote vader a parlar con ille.	6
01906	Adjectives	urgent	dringend	urgente	urgent(e)	urgente	urgente	urgent	urĝa	urgente	Es ist eine dringende Aufgabe.	Es una tarea urgente	C'est une tâche urgente	È un compito urgente.	É uma tarefa urgente	It is an urgent task	És una tasca urgent.	Ĝi estas urĝa tasko.	Isto es un carga urgente.	6
01907	Adjectives	empty	leer	vacío(a)	vide	vuoto(a)	vazio(a)	buit(da)	malplena	vacue	Er wirft die leere Flasche in den Mülleimer.	Él tira la botella vacía a la basura	Il jette la bouteille vide à la poubelle	Getta la bottiglia vuota nel secchio.	Ele joga a garrafa vazia na lixeira	He throws the empty bottle in the trashcan	Llença l'ampolla buida a les escombraries.	Li ĵetas la malplenan botelon en la rubujon.	Ille jecta le bottilia vacue in le cassa de immunditia.	6
01908	Verbs	to drop	fallen lassen 	dejar caer	faire tomber, laisser tomber	fare cadere	derrubar	deixar caure	faligi	lassar cader	Ich habe den Teller auf den Boden fallen lassen	Dejé caer un plato en el piso	J'ai laissé tomber l'assiette sur le sol	Feci cadere il piatto sul pavimento	Eu derrubei o prato no chão	I dropped the plate on the floor	Vaig deixar caure un plat a terra.	Mi faligis la teleron sur la plankon.	Io lassava cader le platto super le pavimento.	6
01909	Verbs	to light [lit, lit] 	anzünden	encender	allumer	accendere	acender	encendre	ekbruligi	accender	Es war kalt, daher haben wir ein Feuer angezündet.	Hacía frío, así que encendimos una hoguera.	Il faisaitfroid, alors nous avons allumé un feu.	Faceva freddo, quindi abbiamo acceso un fuoco	Fazia frio, então, acendemos o fogo	It was cold, so we lit a fire	Feia fred, així que vam encendre una foguera.	Estis malvarme, do ni ekbruligis fajron.	Il faceva frigido, dunque nos accendeva un foco.	6
01910	Verbs	to choose [chose, chosen]  	auswählen	elegir	choisir	scegliere	escolher	escollir, triar	elekti	eliger	Mir gefällt die Farbe nicht, die er für sein Auto ausgesucht hat.	No me gusta el color que ha escogido para su coche	Je n'aime pas la couleur qu'il a choisi pour sa voiture.	Non mi piace il colore che lui ha scelto per la sua macchina.	Eu não gosto da cor que ele escolheu para o seu carro.	I don't like the color he chose for his car	No m'agrada el color que ha escollit per al seu cotxe.	Mi ne ŝatas la koloron, kiun li elektis por sia aŭto.	Io non ama le color que ille ha eligite pro su automobile.	6
01911	Verbs	to raise (movement)	heben  (Bewegung)	levantar (movimiento)	lever (mouvement)	alzare (movimento)	levantar (movimento) 	aixecar (moviment)	levi (movo)	levar	Alle, die die Steuern erhöhenwollen, heben (bitte) Ihre Hand.	Levanten la mano todo los que quieran aumentar los impuestos	Levez la main, tous ceux qui veulent augmenter les impôts	Alzino la mano tutti quelli che vogliono aumentare le tasse	Levantem a mão todos aqueles que querem aumentar os impostos	Raise your hand, all those who want to raise taxes	Aixequeu la mà tots els que vulgueu apujar els impostos.	Levu vian manon, ĉiuj, kiuj volas altigi la impostojn.	Levate vostre mano, omnes qui vole augmentar le impostos.	6
01912	Verbs	to research	recherchieren, forschen	investigar, buscar	rechercher, faire des recherches sur	ricercare, fare ricerche	pesquisar	investigar, cercar	esplori, esploradi	investigar	Wir mussten Künstler recherchieren, die viele Farben nutzten	Tuvimos que buscar artistas que usaran mucho color	On devait rechercher les artistes qui utilisent beaucoup de couleurs.	Abbiamo dovuto fare ricerche su artisti che usarono molti colori	Tivemos que pesquisar artistas que usassem muitas cores	We had to research artists who used a lot of colors	Vam haver d'investigar artistes que utilitzaven molt de color.	Ni devis esplori artistojn, kiuj uzis multe da koloro.	Nos debeva investigar artistas qui usava multe colores.	6
01913	Verbs	to grab	(sich) nehmen	coger, agarrar	prendre, saisir	prendere, afferrare	pegar	agafar	kapti, preni	prender	Du kannst (dir) ein Bier aus dem Kühlschrank nehmen	Puedes coger una cerveza de la nevera	Tu peux prendre une bière dans le frigo.	Puoi prendere una birra dal frigo	Você pode pegar uma cerveja na geladeira.	You can grab a beer in the fridge.	Pots agafar una cervesa de la nevera.	Vi povas preni bieron el la fridujo.	Tu pote prender un bira in le refrigerator.	6
01914	Verbs	to miss (failure)	verpassen	perderse (algo), dejar pasar (una oportunidad)	rater, manquer	fallire, mancare	perder (uma oportunidade)	perdre's (alguna cosa)	maltrafi (malsukceso)	mancar	Er hat den Start des Rennens verpasst	Él se perdió el comienzo de la carrera	Il a raté le début de la course	Ha mancato l'inizio della corsa	Ele perdeu o começo da corrida	He missed the beginning of the race	Es va perdre el començament de la cursa.	Li maltrafis la komencon de la vetkuro.	Ille mancava le initio del cursa.	6
01915	Verbs	to film	filmen	grabar, rodar (vídeo)	filmer	filmare	filmar	filmar, gravar	filmi	filmar	Sie haben die ganze Szene gefilmt	Han rodado toda la escena	Ils ont filmé toute la scène	Hanno filmato tutta la scena	Eles filmaram a cena toda	They filmed thewhole scene	Han filmat tota l'escena.	Ili filmis la tutan scenon.	Illes ha filmate tote le scena.	6
01916	Verbs	to act (behavior)	sich verhalten	comportarse, actuar	se comporter	comportarsi	agir	comportar-se, actuar	konduti	comportar se	Du verhältst dich komisch	Estás actuando raro	Tu te comportes bizarrement	Ti stai comportando in modo strano	Você está agindo de forma estranha	You're acting weird	T'estàs comportant de manera estranya.	Vi kondutas strange.	Tu te comporta bizarremente.	6
01917	Verbs	to bother	stören	molestar	déranger	infastidire	incomodar	molestar	ĝeni	molestar	Ich hoffe, es stört dich nicht	Espero que no te moleste	J'espère que ça ne te dérange pas	Spero che ciò non ti infastidisca	Espero que isso não o(a) incomode	I hope it doesn't bother you	Espero que no et molesti.	Mi esperas, ke tio ne ĝenas vin.	Io spera que illo non te molesta.	6
01918	Verbs	to move (house, apartment)	umziehen (Haus, Wohnung)	mudarse	déménager	traslocare	mudar-se 	mudar-se (de casa)	translokiĝi	mutar domicilio	Er hätte in eine neue Wohnung umziehen können	Podría haberse mudado a un apartamento nuevo	Il aurait pu déménager dans un nouvel appartement.	Avrebbe potuto traslocare in un nuovo appartamento	Ele poderia ter se mudado para um novo apartamento.	He could have moved to a new apartment.	Podria haver-se mudat a un apartament nou.	Li povus translokiĝi al nova apartamento.	Ille poterea haber se mutate a un nove appartamento.	6
01919	Verbs	to mind	von etwas gestört werden	importar	être dérangé par	dispiacersi	importar-se, incomodar-se	importar, molestar	ĝeni	importar	Stört es dich, wenn ich rauche?	¿Te importa si fumo?	Est-ce que ça te dérange si je fume ?	Ti dispiace se fumo?	Você se importa se eu fumar?	Do you mind if I smoke?	T'importa si fumo?	Ĉu ĝenas vin, se mi fumas?	Esque te importa si io fuma?	6
01920	Verbs	It must be...	Das muss... sein	Debe ser	Ce doit être...	Deve essere...	Deve ser...	Deu ser...	Devas esti...	debe esser	Das muss ihres sein	Debe ser de ella	Ce doit être le sien	Deve essere di lei	Este deve ser o dela	It must be hers	Deu ser seu.	Ĝi devas esti ŝia.	Illo debe esser de illa.	6
01921	Verbs	to keep company	Gesellschaft leisten	hacer compañía	tenir compagnie	tenere compagnia	fazer companhia	fer companyia	akompani	facer compania	Meine Mutter hat mir Gesellschaft geleistet, als ich im Krankenhaus war	Mi madre me hizo compañía mientras estaba en el hospital	Ma mère m'a tenu compagnie quand j'étais à l'hôpital	Mia madre mi ha tenuto compagnia quando ero in ospedale	Minha mãe me fez companhia quando eu estava no hospital	My mother kept me company when I was at the hospital	La meva mare em va fer companyia mentre era a l'hospital.	Mia patrino akompanis min kiam mi estis en la hospitalo.	Mi matre me faceva compania quando io esseva in le hospital.	6
01922	Verbs	to have enough	genug haben	tener suficiente	en avoir assez	averne abbastanza	já chega (estar farto(a)	tenir-ne prou	havi sufiĉe	haber satis	Ich hatte genug!	¡He tenido suficiente!	J'en ai eu assez !	Ne ho avuto abbastanza!	Já chega!	I've had enough!	N'he tingut prou!	Mi havis sufiĉe!	Io ha habite satis!	6
01923	Verbs	to pay attention	aufpassen, aufmerksam sein	prestar atención, escuchar	prêter attention, écouter	fare attenzione, ascoltare	prestar atenção	parar atenció, escoltar	atenti	prestar attention	Ok, passt auf!	Ok, ¡presta atención!	Ok, écoute bien !	Ok, fa' attenzione!	OK, preste atenção!	Ok, pay attention !	D'acord, para atenció!	Bone, atentu!	Ok, presta attention!	6
01924	Verbs	to owe	jemandem etwas schulden	deber algo a alguien	devoir quelque chose à quelqu'un	dovere qualcosa a qualcuno, essere in debito con qualcuno	dever (alguma coisa a alguém)	deure (diners)	ŝuldi	deber	Er hat nicht über das Geld gesprochen, das er mir schuldet	No ha hablado del dinero que me debe	Il n'a pas parlé de l'argent qu'il me doit	Non ha parlato dei soldi che mi deve	Ele não falou sobre o dinheiro que me deve	He didn't talk about the money he owes me	No ha parlat dels diners que em deu.	Li ne parolis pri la mono, kiun li ŝuldas al mi.	Ille non ha parlate del pecunia que ille me debe.	6
01925	Verbs	to intend, to mean	vorhaben	tener intención de	avoir l'intention de	avere intenzione di, intendere	ter a intenção de	tenir la intenció de, voler dir	intenci	intender	Ich hatte nicht vor, es zu tun.	No tenía intención de hacerlo	Je n'avais pas l'intention de le faire.	Non avevo intenzione di farlo.	Não tive a intenção de fazer isso.	I didn't intend to do it.	No tenia intenció de fer-ho.	Mi ne intencis fari tion.	Io non intendeva facer lo.	6
01926	Verbs	to manage	managen, leiten	ocuparse de, gestionar	gérer, s'occuper de	gestire, occuparsi	gerenciar, tomar conta	gestionar, encarregar-se de	administri	gerer	Helene wird die Kunstgalerie managen	Elena se ocupará de la galería de arte.	Helen s'occupera de la galerie d'art.	Helen gestirà la galleria d'arte.	A Helen vai gerenciar galeria de arte.	Helen will manage the art gallery	L'Helena gestionarà la galeria d'art.	Helena administros la artgalerion.	Helena gerera le galeria de arte.	6
01927	Verbs	to review	überprüfen	revisar	revoir, relire	rivedere (esaminare)	revisar	revisar	revizii	revider	Die Verlängerung gibt mir Zeit Ihre Bewerbung zu überprüfen	Este plazo me da tiempo para revisar su solicitud.	Ce délai me donne du temps pour relire votre candidature.	Questa proroga mi dà tempo per rivedere la vostra candidatura.	Essa prorrogação me dá tempo para revisar o seu pedido.	This extension gives me time to review your application	Aquesta pròrroga em dóna temps per revisar la seva sol·licitud.	Ĉi tiu plilongigo donas al mi tempon por revizii vian kandidatiĝon.	Iste extension me da tempore pro revider vostre application.	6
01928	Verbs	to see again, to meet again	wieder treffen	volver a ver	(se) revoir	rivedere	reencontrar, rever (alguém)	tornar a veure	revidi	revider	Ich treffe heute Nachmittag meinen ehemaligen Lehrer für eine Privatstunde wieder.	Volveré a ver a mi antiguo profesor esta tarde para una clase particular.	Je revois mon ancien professeur cet après-midi pour un cours particulier.	Rivedo il mio vecchio professore oggi pomeriggio per un corso privato.	Eu vou reencontrar meu antigo professor esta tarde para uma aula particular.	I am seeing my former teacher again this afternoon for a private lesson	Tornaré a veure el meu antic professor aquesta tarda per a una classe particular.	Mi revidos mian iaman instruiston ĉi-posttagmeze por privata leciono.	Io revidera mi ancian professor iste postmeridie pro un lection private.	6
01929	Verbs	to climb	klettern	subirse, trepar	grimper	arrampicarsi	subir, escalar 	enfilar-se, grimpar	grimpi	rampar	Ich will nicht, dass mein Sohn auf Bäume klettert.	No quiero que mi hijo se suba a los árboles.	Je ne veux pas que mon fils grimpe aux arbres.	Non voglio che mio figlio si arrampichi sugli alberi.	Não quero que meu filho suba em árvores.	I don't want my son to climb trees	No vull que el meu fill s'enfili als arbres.	Mi ne volas, ke mia filo grimpu arbojn.	Io non vole que mi filio rampa in arbores.	6
01930	Verbs	to deserve	verdienen	merecer	mériter	meritare	merecer	merèixer	meriti	meritar	Paul verdient es nicht, so behandelt zu werden.	Paul no merece ser tratado así.	Paul ne mérite pas d'être traité comme ça.	Paul non merita di essere tratto così.	Paul não merece ser tratado dessa forma.	Paul doesn't deserve to be treated like that	En Pau no es mereix ser tractat així.	Paŭlo ne meritas esti traktata tiel.	Paulo non merita esser tractate assi.	6
01931	Verbs	to fill up	füllen (vollfüllen)	rellenar	remplir (entièrement)	riempire (completamente)	encher (completamente)	omplir (del tot)	plenigi	replenar										6
01932	Verbs	to disobey	ungehorsam sein, nicht gehorchen	desobedecer	désobéir	disobbedire	desobedecer	desobeir	malobeei	disobedir	Jedes Mal, wenn ich ihn in den Park mitnehme, ist dieser Junge ungehorsam	Este niño me desobedece cada vez que lo llevo al parque	Ce garçon me désobéit chaque fois que je l'emmène au parc	Questo giovanotto mi disobbedisce ogni volta che lo porto al parco	Este menino me desobedece cada vez que eu o levo ao parque	Thisboy disobeys me every time I take him to the park	Aquest nen em desobeeix cada vegada que el porto al parc.	Ĉi tiu knabo malobeas min ĉiufoje, kiam mi portas lin al la parko.	Iste puero me disobedi cata vice que io le duce al parco.	6
01933	Verbs	to guess	(er-)raten 	adivinar	deviner	indovinare	adivinhar	endevinar	diveni	divinar	Du wirst niemals erraten was heute auf der Arbeit passiert ist	Nunca vas a adivinar lo que pasó hoy en el trabajo	Tu ne devineras jamais ce qui est arrivé au travail aujourd'hui	Non indovinerai mai cosa è successo al lavoro oggi	Você nunca vai adivinhar o que aconteceu hoje no trabalho.	You'll never guess what happened at work today	No endevinaràs mai el que ha passat avui a la feina.	Vi neniam divenos, kio okazis ĉe la laboro hodiaŭ.	Tu nunquam divinara lo que occurreva hodie al labor.	6
01934	Verbs	to warn	warnen	advertir	avertir	avvertire	advertir	advertir	averti	advertir	Ich habe ihn gewarnt, er bekam eine Warnung.	Yo le advertí, él fue advertido	Je l'ai averti, il a été averti	Io l'ho avvertito, lui è stato avvertito	Eu o adverti, ele foi advertido	I warned him, he got a warning.	Jo el vaig advertir, va rebre un advertiment.	Mi avertis lin, li ricevis averton.	Io le advertiva; ille recipeva un advertimento.	6
01935	Verbs	to repair, to fix	reparieren	arreglar, reparar	réparer	riparare	consertar, reparar	reparar, arreglar	ripari	reparar	Ich habe den Fernseher selbst repariert	Yo mismo reparé el televisor	J'ai réparé la télé moi-même	Ho riparato la TV da solo	Eu mesmo consertei a televisão	I fixed the TV (by) myself	Jo mateix vaig reparar el televisor.	Mi mem riparis la televidilon.	Io mesme reparava le televisor.	6
01936	Verbs	to assassinate, to murder	umbringen 	asesinar	assassiner	assassinare, uccidere	assassinar	assassinar	murdi	assassinar	Er wird ihn umbringen, er ist ein Mörder.	Él va a asesinarlo, es un asesino	Il va l'assassiner, c'est un assassin.	Lo ucciderà, è un assassino	Ele vai assassiná-lo, é um assassino	He is going to murder him, he is a murderer	Ell l'assassinarà, és un assassí.	Li murdos lin, li estas murdisto.	Ille va assassinar le; ille es un assassino.	6
01937	Verbs	to frighten, to scare	erschrecken 	asustar	effrayer	spaventare	assustar	espantar	timigi	espaventar	Die Hunde sind wegen des Feuerwerks erschrocken.	Los perros están asustados con los fuegos artificiales	Les chiens sont effrayés par les feux d'artifice	I cani sono spaventati dai fuochi d'artificio	Os cachorros estão assustados com os fogos de artifício	The dogs are frightened by the fireworks	Els gossos estan espantats pels focs artificials.	La hundoj estas timigitaj pro la artfajraĵoj.	Le canes es espaventate per le focos artificial.	6
01938	Verbs	to attack	angreifen , attackieren 	atacar	attaquer	attaccare	atacar	atacar	ataki	attaccar	Dieser Hund hat mich angegriffen!	¡Ese perro me atacó!	Ce chien m'a attaqué !	Questo cane mi ha attaccato!	Esse cachorro me atacou!	That dog attacked me!	Aquell gos em va atacar!	Tiu hundo atakis min!	Ille can me attaccava!	6
01939	Verbs	to kiss	küssen	besar	embrasser	baciare	beijar	petonejar, besar	kisi	basiar	Sie hat mich geküsst und ihr Kuss war sehr sinnlich.	Ella me besó, su beso fue muy sensual	Elle m'a embrassé, et son baiser était très sensuel	Lei mi ha baciato, il suo bacio era molto sensuale	Ela me beijou, seu beijo foi muito sensual	She kissed me, it was a very sensual kiss	Ella em va besar i el seu petó va ser molt sensual.	Ŝi kisis min, ŝia kiso estis tre sensuala.	Illa me basiava; su basio esseva multo sensual.	6
01940	Verbs	to joke	scherzen	bromear	blaguer, plaisanter	scherzare	brincar, fazer piada	fer broma	ŝerci	jocar	Ich kann nicht sagen, ob er scherzt	No puedo decir si el está bromeando	Je ne peux pas dire s'il est en train de blaguer	Non posso dire se sta scherzando	(Eu) não sei se ele está brincando.	I can't tell if he's joking	No puc saber si està fent broma.	Mi ne povas diri ĉu li ŝercas.	Io non pote determinar si ille joca.	6
01941	Verbs	to fall [fell, fallen]	fallen 	caer	tomber, chuter	cadere	cair	caure	fali	cader	Mein Computer ist auf den Boden gefallen	Mi ordenador se cayó al piso	Mon ordinateur est tombé par terre	Il mio computer è caduto a terra	Meu computador caiu no chão	My computer fell on the floor	El meu ordinador va caure a terra.	Mia komputilo falis sur la plankon.	Mi computator cadeva al pavimento.	6
01942	Verbs	to charge, to load	aufladen 	cargar	charger, recharger	caricare	recarregar	carregar	ŝargi	cargar	Ich muss mein Handy aufladen, die Batterie ist fast leer	Necesito cargar el teléfono, la batería se está acabando	J'ai besoin de recharger mon téléphone, la batterie est presque à plat	Ho bisogno di caricare il mio telefono, la batteria è quasi a terra	Eu preciso recarregar meu celular, a bateria está quase no fim	I need to charge my phone up, the battery is almost flat	He de carregar el mòbil, la bateria està gairebé esgotada.	Mi bezonas ŝargi mian telefonon, la baterio estas preskaŭ malplena.	Io debe cargar mi telephono; le batteria es quasi discargate.	6
01943	Verbs	to hang [hung, hung]	aufhängen	colgar	accrocher, pendre	appendere	pendurar	penjar	pendigi	appender	Er hängt seine Jacke auf dem Kleiderständer auf	Él cuelga su chaqueta en el perchero.	Il accroche sa veste au porte-manteau	Appende la sua giacca all'appendiabiti.	Ele pendura sua jaqueta no cabide	He hangs his jacket on the coat rack	Ell penja la seva jaqueta al penjador.	Li pendigas sian jakon sur la arko.	Ille appende su jachetta al portamantello.	6
01944	Verbs	to comment (on)	kommentieren	comentar	commenter	commentare	comentar	comentar	komenti	commentar	Ich kommentiere seine Bemerkung.	Comento su comentario	Je commente son commentaire	Commento il suo commento	Comento seu comentário	I am commenting on his commentary	Comento el seu comentari.	Mi komentas lian komenton.	Io commenta super su commentario.	6
01945	Verbs	to compare	vergleichen 	comparar	comparer	paragonare	comparar	comparar	kompari	comparar	Ich habe verglichen, und es war ein ehrlicher Vergleich.	He comparado, fue una comparación honesta.	J'ai comparé, c'était une comparaison honnête	Ho paragonato, ed è un paragone onesto.	Eu comparei, foi uma comparação honesta	I compared, it was an honest comparison	He comparat, i ha estat una comparació honesta.	Mi komparis, tio estis honesta komparo.	Io comparava; illo esseva un comparation honeste.	6
01946	Verbs	to drive [drove, driven]	fahren 	conducir	conduire	guidare (un veicolo)	dirigir	conduir	veturi, stiri	conducer	Du fährst zu schnell, das ist gefährlich!	¡Conduces demasiadorápido, es peligroso!	Tu conduis trop vite, c'est dangereux !	Guidi troppo veloce, è pericoloso!	Você dirige rápido demais, isso é perigoso!	You drive too fast, it's dangerous!	Condueixes massa ràpid, és perillós!	Vi stiras tro rapide, tio estas danĝera!	Tu conduce troppo rapidemente; il es periculose!	6
01947	Verbs	to trust	(ver)trauen	confiar	faire confiance	fidar(si)	confiar	confiar	fidi	confider	Ich traue ihm nicht	No confío en él	Je ne lui fais pas confiance	Non mi fido di lui	Eu não confio nele	I don't trust him	No confio en ell.	Mi ne fidas lin.	Io non confide in ille.	6
01948	Verbs	to confirm	bestätigen	confirmar	confirmer	confermare	confirmar	confirmar	konfirmi	confirmar	Können Sie das bitte schriftlich bestätigen?	¿Puede confirmarme eso por escrito, por favor?	Pouvez-vous confirmer cela par écrit s'il vous plaît?	Può confermarmi questo per iscritto, per piacere?	Você pode confirmar isso por escrito, por favor?	Can you confirm that in writing please?	Pot confirmar-ho per escrit, si us plau?	Ĉu vi povas konfirmi tion skribe, bonvolu?	Pote vos confirmar isto per scripto, per favor?	6
01949	Verbs	to comfort	trösten	consolar	consoler	consolare	consolar	consolar	konsoli	consolar	Sie ist sehr traurig, du solltest sie trösten	Ella está muytriste, deberías consolarla	Elle est très triste, tu devrais la consoler	È molto triste, dovresti consolarla	Ela está muito triste, você deveria consolar ela.	She is very sad, you should comfort her	Està molt trista, l'hauries de consolar.	Ŝi estas tre malĝoja, vi devus konsoli ŝin.	Illa es multo triste; tu deberea consolar la.	6
01950	Verbs	to build [built, built]	bauen	construir	construire (un bâtiment)	costruire	construir	construir	konstrui	construer	Sie haben ein Haus auf dem Lande gebaut	Ellos construyeron una casa en el campo	Ils ont construit une maison à la campagne	Hanno costruito una casa in campagna	Eles construíram uma casa no interior	They built a house in the countryside	Van construir una casa al camp.	Ili konstruis domon en la kamparo.	Illes construeva un casa in le campania.	6
01951	Verbs	to contact	kontaktieren	contactar	contacter	contattare	contatar	contactar	kontakti	poner in contacto	Ich muss die Fluggesellschaft kontaktieren	Necesito contactar la aerolínea	Je dois contacter la compagnie aérienne	Ho bisogno di contattare la compagnia aerea	(Eu) preciso contatar a companhia de aviação	I need to contact the airline	He de contactar amb l'aerolínia.	Mi bezonas kontakti la flugkompanion.	Io necessita poner in contacto le compania aeree.	6
01952	Verbs	to continue	weitermachen	continuar	continuer	continuare	continuar	continuar	daŭrigi	continuar	Ich werde mit demSprachstudiuman der Universität weitermachen.	Voy a continuar estudiando idiomas en la universidad	Je vais continuer à étudier les langues à l'université	Continuerò a studiare le lingue all'università	Eu vou continuar estudando línguas na universidade	I will continue studying languages at university	Continuaré estudiant idiomes a la universitat.	Mi daŭrigos studi lingvojn en la universitato.	Io continuara a studiar linguas al universitate.	6
01953	Verbs	to control	kontrollieren	controlar	contrôler	controllare	controlar	controlar	kontroli	controlar	Ich kontrolliere die Maschine mit meinem Computer	Yo controlo la máquina con mi ordenador	Je contrôle la machine avec mon ordinateur	Controllo la macchina con il mio computer	Eu controlo a máquina com o meu computador	I control the machine with my computer	Jo controlo la màquina amb el meu ordinador.	Mi kontrolas la maŝinon per mia komputilo.	Io controla le machina con mi computator.	6
01954	Verbs	to correct 	korrigieren	corregir 	corriger	correggere	corrigir	corregir	korekti	corriger	Der Lehrer hat meine Aussprachefehler korrigiert	El profesor corrigió mis errores de pronunciación	Le professeur a corrigé mes erreurs de prononciation	Il professore ha corretto i miei errori di pronuncia	O professor corrigiu meus erros de pronúncia	The teacher corrected my pronunciation mistakes	El professor va corregir els meus errors de pronunciació.	La instruisto korektis miajn elparolajn erarojn.	Le professor corrigeva mi errores de pronunciation.	6
01955	Verbs	to feed [fed, fed] 	füttern, ernähren	dar de comer	nourrir	dare da mangiare a, nutrire	alimentar, dar de comer	donar de menjar, alimentar	manĝigi	alimentar	Hast du den Hund heute gefüttert?	¿Diste de comer al perro hoy?	Tu as nourri le chien aujourd'hui ?	Hai dato da mangiare al cane oggi?	Você alimentou o seu cachorro hoje?	Have you fed the dog today?	Has donat de menjar al gos avui?	Ĉu vi manĝigis la hundon hodiaŭ?	Ha tu alimentate le can hodie?	6
01956	Verbs	to declare	deklarieren, erklären	declarar	déclarer	dichiarare	declarar	declarar	deklari	declarar	Die Regierung hat erklärt, dass die Einkommenssteuer abgeschafftwird	El gobierno ha declarado la eliminación de impuestos sobre la renta	Le gouvernement a déclaré la suppression de l'impôt sur le revenu	Il governo ha dichiarato l'eliminazione dell'imposta sul reddito	O governo declarou a eliminação do imposto de renda	The government declared the elimination of the income tax	El govern ha declarat l'eliminació de l'impost sobre la renda.	La registaro deklaris la eliminon de la enspezimposto.	Le governamento ha declarate le elimination del imposto super le renta.	6
01957	Verbs	to discover	entdecken	descubrir	découvrir	scoprire	descobrir	descobrir	malkovri	discoperir	Ein neuer Dinosaurier wurde in Russland entdeckt	Un nuevo dinosaurio ha sido descubierto en Rusia	Un nouveau dinosaure a été découvert en Russie	Un nuovo dinosauro è stato scoperto in Russia	Um novo dinossauro foi descoberto na Rússia	A new dinosaur has been discovered in Russia	S'ha descobert un nou dinosaure a Rússia.	Nova dinosaŭro estis malkovrita en Rusio.	Un nove dinosauro ha essite discoperite in Russia.	6
01958	Verbs	to wish, to desire	wünschen	desear	désirer, souhaiter	desiderare, augurare	desejar	desitjar	deziri	desiderar	Ich wünsche mir Weltfrieden	Deseo la paz en el mundo	Je souhaite la paix dans le monde	Desidero la pace nel mondo	Eu desejo a paz mundial	I wish for world peace	Desitjo la pau al món.	Mi deziras mondan pacon.	Io desidera le pace in le mundo.	6
01959	Verbs	to waste	verschwenden	desperdiciar	gaspiller	sprecare	desperdiçar	malgastar	malŝpari	dissipar	Verschwende nicht das Wasser, das ist eine Verschwendung.	No desperdicies el agua, es un desperdicio	Ne gaspille pas l'eau, c'est un gaspillage	Non sprecare l'acqua, è uno spreco	Não desperdicie a água, é um desperdício	Don't waste water; it's a waste	No malgastis l'aigua, és un malbaratament.	Ne malŝparu akvon; tio estas malŝparo.	Non dissipa le aqua; illo es un dispendio.	6
01960	Verbs	to destroy	zerstören	destruir	détruire	distruggere	destruir	destruir	detrui	destruer	Es wurden viele Häuser während des Erdbebens zerstört	Hubo muchas casas destruidas en el terremoto	Il y a eu beaucoup de maisons détruites dans le tremblement de terre	Ci furono molte case distrutte dal terremoto	Houve muitas casas destruídas pelo terremoto	There were a lot of houses destroyed in the earthquake	Hi va haver moltes cases destruïdes en el terratrèmol.	Estis multaj domoj detruitaj en la tertremo.	Il habeva multe casas destruite in le tremor de terra.	6
01961	Verbs	to hate	hassen	odiar, detestar	détester	odiare	odiar, detestar	odiar	malami	detestar	Ich hasse es montagmorgens zur Arbeit zu gehen	Detesto ir al trabajo el lunes por la mañana	Je déteste aller au travail le lundi matin	Odio andare a lavoro il lunedì mattina	Eu odeio ir trabalhar na segunda-feira pela manhã	I hate going to work on a Monday morning	Odio anar a treballar els dilluns al matí.	Mi malamas iri labori lundon matene.	Io detesta vader al labor le matino de lunedi.	6
01962	Verbs	to draw [drew, drawn]	zeichnen	dibujar 	dessiner	disegnare	desenhar	dibuixar	desegni	designar	Sieh' dir das Bild an, das ich gezeichnet habe	Mira el dibujo que dibujé	Regarde le dessin que j'ai dessiné	Guarda il disegno che ho disegnato	Olhe o desenho que eu desenhei	Look at the picture I drew	Mira el dibuix que he fet.	Rigardu la bildon, kiun mi desegnis.	Reguarda le imagine que io ha designate.	6
01963	Verbs	to apologize	sich entschuldigen	disculparse	s'excuser	scusarsi	desculpar-se	disculpar-se	pardonpeti	excusar se	Ich möchte mich für mein Verhalten von vorhin entschuldigen.	Quisiera disculparme por mi comportamiento anterior.	J'aimerais m'excuser pour mon comportement antérieur.	Vorrei scusarmi per il mio comportamento precedente.	Eu gostaria de pedir desculpas pelo meu comportamento anterior. 	I'd like to apologize for my behavior earlier	M'agradaria disculpar-me pel meu comportament d'abans.	Mi ŝatus pardonpeti pro mia konduto antaŭe.	Io volerea excusar me pro mi comportamento anterior.	6
01964	Verbs	to doubt	zögern, zweifeln	dudar	douter	dubitare	duvidar	dubtar	dubi	dubitar	Ich zweifle nicht daran, dass du das machen kannst	No dudo de que túlo puedas hacer	Je ne doute pas que tu puisses y arriver	Non dubito che tu possa farlo	Eu não tenho duvida que você pode fazer isso.	I don't doubt that you can do it	No dubto que ho puguis fer.	Mi ne dubas, ke vi povas fari tion.	Io non dubita que tu pote facer lo.	6
01965	Verbs	to miss (someone)	vermissen	extrañar (a alguien)	manquer (à une personne)	mancare (una persona)	sentir falta, sentir saudade	trobar a faltar	sopiri	mancar	Ich vermisse dich. Du fehlst mir.	Te extraño	Tu me manques	Tu mi manchi	Sinto falta de você	I miss you	Et trobo a faltar.	Mi sopiras vin.	Tu me manca.	6
01966	Verbs	to choose [chose, chosen], to pick	auswählen, aussuchen	elegir, escoger	choisir	scegliere	escolher	escollir, triar	elekti	eliger, seliger	Ich habe einige Kleidungsstücke für heute Abend ausgesucht	He elegido alguna ropa para esta noche	J'ai choisi des vêtements pour ce soir	Ho scelto dei vestiti per questa sera	Eu escolhi uma roupa para hoje à noite	I've picked some clothes for tonight	He escollit roba per aquesta nit.	Mi elektis kelkajn vestaĵojn por ĉi-nokte.	Io ha eligite alcun vestimentos pro iste nocte.	6
01967	Verbs	to praise, to congratulate	loben, beglückwünschen, gratulieren	elogiar, felicitar	faire l'éloge de, féliciter	elogiare, congratularsi (con qualcuno)	elogiar	elogiar, felicitar	laŭdi	laudar, felicitar	Er wurde für sein Gemälde gelobt.	Él fue elogiado por su pintura	On a fait l'éloge de sa peinture / Il a été félicité pour sa peinture	Fu elogiato per il suo dipinto	Ele foi elogiado por sua pintura	He was praised for his painting	Va ser elogiat per la seva pintura.	Li estis laŭdita pro sia pentraĵo.	Ille esseva laudate pro su pictura.	6
01968	Verbs	to push	schieben 	empujar	pousser	spingere	empurrar	empènyer	puŝi	impeller	Das Autospringt nicht an. Kannstdumir helfen es in die Garage zu schieben?	El coche no arranca, ¿puedes ayudarme a empujarlo hasta el garaje?	La voiture ne démarre pas, peux-tu m'aider à la pousser dans le garage ?	L'auto non si accende, puoi aiutarmi a spingerla nel garage?	O carro não pega, você pode me ajudar a empurrar ele para dentro da garagem?	The car won't start, can you help me push it into the garage?	El cotxe no arrenca, em pots ajudar a empènyer-lo fins al garatge?	La aŭto ne startas, ĉu vi povas helpi min puŝi ĝin en la garaĝon?	Le auto non se pone in marcha; pote tu adjutar me a impeller lo in le garage?	6
01969	Verbs	to hide [hid, hidden]	verstecken	esconder	cacher	nascondere, nascondersi	esconder	amagar	kaŝi	celar	Ich glaube er versteckt sich bis sie sich beruhigt	Pienso que él se está escondiendo hasta que ella se calme	Je pense qu'il se cache jusqu'à ce qu'elle se calme	Penso che lui si nasconderà fino a quando lei non si sarà calmata	Eu acho que ele está se escondendo, até que ela se acalme	I think he's hiding until she calms down	Crec que s'està amagant fins que ella es calmi.	Mi pensas, ke li kaŝas sin ĝis ŝi trankviliĝos.	Io pensa que ille se cela usque a que illa se calma.	6
01970	Verbs	to explode	explodieren	estallar	exploser	esplodere	explodir	explotar	eksplodi	exploder	Die Bombe explodiertein der Nähe	La bomba estalló cerca de aquí	La bombe a explosé près d'ici	La bomba è esplosa qui vicino	A bomba explodiu perto daqui	The bomb exploded nearby	La bomba va explotar a prop.	La bombo eksplodis proksime.	Le bomba explodeva hic proxime.	6
01971	Verbs	to exist	existieren	existir	exister	esistere	existir	existir	ekzisti	exister	Hier existieren drei verschiedene Möglichkeiten	Existen tres posibilidades diferentes	il existe trois possibilités différentes	Esistono tre differenti possibilità	Existem três diferentes possibilidades	There exist three different possibilities	Existeixen tres possibilitats diferents.	Ekzistas tri malsamaj eblecoj.	Il existe tres possibilitates differente.	6
01972	Verbs	to explore	(er)forschen, erkunden	explorar	explorer	esplorare	explorar	explorar	esplori	explorar	Ich mag es, mich von den Touristenpfaden zu entfernen, um ruhigere Orte zu erforschen	Me gusta alejarme de las zonas turísticas para explorar lugares más tranquilos	J'aime m'éloigner des pièges à touristes et explorer des coins plus tranquilles	Mi piace allontanarmi dai percorsi turistici ed esplorare angoli più tranquilli	Eu gosto de evitar as armadilhas turísticas e explorar lugares mais calmos	I like to get away from the tourist traps and explore quieter places	M'agrada allunyar-me de les zones turístiques per explorar llocs més tranquils.	Mi ŝatas foriri de la turismaj kaptiloj kaj esplori pli kvietajn lokojn.	Me place distantiar me del zonas touristic e explorar locos plus tranquille.	6
01973	Verbs	to fail	scheitern 	perder, fracasar	échouer	non passare, fallire	perder, fracassar	fracassar	malsukcesi	fracassar	Er ist gescheitert, sein Misserfolg belastet ihn sehr	Él ha fracasado y vive muy mal este fracaso.	Il a échoué, il vit très mal cet échec	Lui ha fallito, vive molto male il suo fallimento	Ele perdeu, ele vive chateado pelo seu fracasso	He failed; his failure made him upset	Ha fracassat, i viu molt malament aquest fracàs.	Li malsukcesis; lia malsukceso tre ĉagrenas lin.	Ille fracassava; su fracasso le rendeva contristate.	6
01974	Verbs	to guide, to lead [led, led]	führen, leiten	guiar, llevar	guider, mener	guidare, accompagnare	guiar, conduzir	guiar	gvidi	guidar	Lass mich dich durch das Verfahren führen	Déjame guiarte a través del proceso	Laisse moi te guider au travers du processus	Lascia che ti guidi attraverso il processo	Me deixa te guiar através do processo.	Let me guide you through the process	Deixa'm guiar-te a través del procés.	Lasu min gvidi vin tra la procezo.	Lassa me guidar te a transverso del processo.	6
01975	Verbs	to freeze [froze, frozen]	zufrieren 	congelar	geler	congelarsi	gelar, congelar	gelar-se	frostiĝi	congelar	Der See ist zugefroren, wir können Schlittschuhlaufen gehen	¡El lago se congeló, podemos ir a patinar!	Le lac a gelé, on peut faire du patinage	Il lago si è congelato, possiamo andare a pattinare!	O lago congelou, podemos ir patinar.	The lake has frozen over, we can go skating!	El llac s'ha gelat, podem anar a patinar!	La lago frostiĝis, ni povas iri sketadi!	Le laco ha gelate; nos pote vader patinar!	6
01976	Verbs	to prevent	vermeiden 	prevenir, evitar	empêcher, éviter	prevenire, evitare	prevenir, evitar	prevenir, evitar	preventi, eviti	prevenir	Die Mauer ist da um eine Überflutung der Stadt zu vermeiden	El muro está allí para prevenir la inundación en la ciudad	Le mur est là pour empêcher l'inondation de la ville	Il muro è là per evitare l'inondazione della città	O muro está la para prevenir a inundação da cidade	The wall is there to prevent the town from being flooded	La paret hi és per prevenir la inundació de la ciutat.	La muro estas tie por preventi la inundon de la urbo.	Le muro es ibi pro impedir que le citate sia inundate.	6
01977	Verbs	to insult	beleidigen	insultar, ofender	insulter	insultare, offendere	insultar, ofender	insultar, ofendre	insulti	insultar	Er war sehr beleidigend	Él era muy ofensivo	Il était très insultant	Lui era molto offensivo	(Ele) foi muito insultante	He was very insulting	Ell era molt ofensiu.	Li estis tre insultema.	Ille esseva multo offensive.	6
01978	Verbs	to invent	erfinden 	inventar	inventer	inventare	inventar	inventar	inventi	inventar	Weisst du wer das Telefon erfunden hat?	¿Sabes quién inventó el teléfono?	Sais-tu qui a inventé le téléphone ?	Sai chi ha inventato il telefono?	Você sabe quem inventou o telefone?	Do you know who invented the telephone?	Saps qui va inventar el telèfon?	Ĉu vi scias, kiu inventis la telefonon?	Esque tu sape qui inventava le telephono?	6
01979	Verbs	to swear [swore, sworn], to promise	schwören 	jurar, prometer	jurer, promettre	giurare, promettere	jurar, prometer	jurar, prometre	ĵuri	jurar, promitter	Ich schwöre es, ich habe deinen letzten Schokoladenriegel nicht gegessen!	¡Te juro que no comí tu última barra de chocolate!	Je te jure, je n'ai pas mangé ta dernière barre de chocolat !	Giuro che non ho mangiato la tua ultima stecca di cioccolata!	Eu juro que não comi a última barra de chocolate!	I swear I didn't eat your last chocolate bar!	Ho juro, no em vaig menjar la teva última barreta de xocolata!	Mi ĵuras, ke mi ne manĝis vian lastan ĉokoladstangon!	Io jura que io non ha mangiate tu ultime barra de chocolate!	6
01980	Verbs	to raise (quantity)	erhöhen (eine Menge)	subir, aumentar (cantidad)	lever, augmenter (quantité)	aumentare (quantità)	aumentar (quantidade)	apujar, augmentar (quantitat)	altigi (kvanto)	augmentar	Die Regierung wird dieses Jahr die Steuern erhöhen	El gobierno subirá los impuestos este año	Le gouvernement augmentera les impôts cette année	Il governo aumenterà le tasse quest'anno	O governo aumentará os impostos este ano	The government will raise taxes this year	El govern apujarà els impostos aquest any.	La registaro altigos la impostojn ĉi-jare.	Le governamento augmentara le impostos iste anno.	6
01981	Verbs	to achieve	realisieren, erreichen	lograr	réaliser, atteindre	realizzare, conseguire	realizar, conseguir	aconseguir	atingi	attinger	Es wurde mit sehr viel harter Arbeit realisiert	Se logró con mucho trabajo duro	Cela a été réalisé avec beaucoup de travail acharné	È stato realizzato con molto duro lavoro	Isso foi conseguido com muito trabalho duro	It was achieved with a lot of hard work	Es va aconseguir amb molta feina dura.	Ĝi estis atingita per multe da malfacila laboro.	Illo esseva attingite con multe labor ardue.	6
01982	Verbs	to wear [wore, worn]	tragen  (Kleidung)	llevar, vestir	porter (un vêtement), s'habiller	indossare, portare	vestir	portar (roba)	porti (vestaĵojn)	portar	Müssen wir eine offizielle Kleidung tragen?	¿Necesitamos llevarropa formal?	Avons-nous besoin de porter des vêtements formels?	Dobbiamo indossare abiti formali?	Nós precisamos vestir roupas formais?	Do we need to wear formal clothes?	Hem de portar roba formal?	Ĉu ni devas porti formalajn vestaĵojn?	Esque nos debe portar vestimentos formal?	6
01983	Verbs	to obey / disobey	gehorchen / ungehorsam sein; nicht gehorchen	obedecer / desobedecer	obéir / désobéir	obbedire / disobbedire	obedecer / desobedecer	obeir / desobeir	obeei / malobeei	obedir / disobedir	Kinder müssen Ihren Eltern gehorchen	Los niños deben obedecer a sus padres	Les enfants doivent obéir à leurs parents	I bambini devono obbedire ai loro genitori	As crianças devem obedecer seus pais	Children must obey their parents	Els nens han d'obeir els seus pares.	Infanoj devas obei siajn gepatrojn.	Le infantes debe obedir a lor parentes.	6
01984	Verbs	to force, to oblige	zwingen 	forzar, obligar	forcer, obliger	obbligare, forzare	forçar, obrigar	forçar, obligar	devigi, trudi	fortiar, obligar	Sein Freund hat Ihn gezwungen hinauszugehen.	Su amigo le obligó a salir	Son ami l'a forcé à sortir	Il suo amico lo ha obbligato a uscire.	Seu amigo o obrigou a sair	His friend forced him to leave	El seu amic el va obligar a sortir.	Lia amiko devigis lin foriri.	Su amico le fortiava a partir.	6
01985	Verbs	to observe	beobachten; observieren	observar	observer	osservare	observar	observar	observi	observar	Sie müssen aus der Nähe beobachten, um zu sehen, wie er das macht	Necesita observar de cerca para ver cómo lo hace	Vous devez observer de près pour voir comment il le fait	Deve osservare da vicino per vedere come lo fa	Você precisa observar de perto para ver como fazer isso	You need to observe closely to see how he does it	Cal observar de prop per veure com ho fa.	Vi devas observi atente por vidi kiel li faras tion.	Tu debe observar de proxime pro vider como ille lo face.	6
01986	Verbs	to occupy	besetzen 	ocupar	occuper	occupare	ocupar	ocupar	okupi	occupar	Die Toilette ist im Augenblick besetzt  	El baño está ocupado por el momento	Les toilettes sont occupées pour le moment	Il bagno è occupato al momento	O banheiro está ocupado no momento	The toilet is occupied at the moment	El bany està ocupat en aquest moment.	La necesejo estas okupita nun.	Le toilette es occupate al momento.	6
01987	Verbs	to organize (US), to organise (UK)	organisieren	organizar	organiser	organizzare	organizar, arrumar	organitzar	organizi	organisar	Ich möchte eine Konferenz organisieren	Quisiera organizar una conferencia	Je voudrais organiser une conférence	Vorrei organizzare una conferenza	Eu gostaria de organizar uma conferência	I would like to organize (US) organise (UK) a conference	Voldria organitzar una conferència.	Mi ŝatus organizi konferencon.	Io volerea organisar un conferentia.	6
01988	Verbs	to stick [stuck, stuck]	kleben	pegar (con pegamento)	coller	incollare, attaccare	grudar, colar	enganxar (amb cola)	glui	collar	Ich muss ein Poster an die Wand kleben	Necesito pegar un póster en la pared	J'ai besoin de coller un poster sur le mur	Ho bisogno di attaccare un poster al muro	(Eu) preciso colar um pôster na parede	I need to stick a poster on the wall	He d'enganxar un pòster a la paret.	Mi bezonas glui afiŝon sur la muron.	Io debe collar un affiche al muro.	6
01989	Verbs	to paint	malen , streichen 	pintar	peindre	dipingere (per i quadri), imbiancare (per le pareti)	pintar	pintar	pentri	pinger	Ich male oft Bilder.  Ich muss die Wände meines neuen Hauses streichen.	A menudo pinto cuadros Tengo que pintar (los muros de) mi nuevo hogar	Je peins souvent des tableaux Je dois peindre (les murs de) ma nouvelle maison	Dipingo spesso dei quadri.Devo imbiancare (le pareti de) la mia nuova casa	Eu pinto quadros frequentemente  Eu tenho que pintar (as paredes da) minha nova casa	I often paint picturesI must paint (the walls of) my new house	Sovint pinto quadres. He de pintar les parets de casa meva nova.	Mi ofte pentras bildojn. Mi devas pentri la murojn de mia nova domo.	Io sovente pinge picturas. Io debe pinger le muros de mi nove domo.	6
01990	Verbs	to put on (put on, put on) (clothes)	anziehen (Kleidung) 	ponerse 	mettre (des vêtements)	mettere (dei vestiti)	vestir, colocar (roupa)	posar-se (roba)	surmeti (vestaĵojn)	poner se	Ich werde mein neues Hemd anziehen	Voy a ponerme la camisa nueva	Je vais mettre ma nouvelle chemise	Metterò la camicia nuova	(Eu) vou colocar minha camisa nova	I'll put on my new shirt	Em posaré la camisa nova.	Mi surmetos mian novan ĉemizon.	Io va poner mi camisa nove.	6
01991	Verbs	to worry	sich sorgen; sich über etwas Gedanken machen	preocuparse	s'inquiéter, se préoccuper	preoccuparsi	inquietar-se, preocupar-se	preocupar-se	zorgi	preoccupar se	Ich sorge mich um sie	Me preocupo por ella	Je m'inquiète pour elle	Mi preoccupo per lei	(Eu) me preocupo com ela	I'm worried about her	Em preocupo per ella.	Mi zorgas pri ŝi.	Io me preoccupa pro illa.	6
01992	Verbs	to progress	Fortschritte machen	progresar, avanzar	progresser	progredire	progredir	progressar	progresi	progreder	Er hat große Fortschritte gemacht, seit er die Lehrer gewechselt hat	Ha progresado mucho desde que cambió de profesor	Il a beaucoup progressé depuis qu'il a changé de professeur	È progredito molto da quando ha cambiato professore	Ele progrediu muito depois que trocou de professor	He has progressed a lot since he switchedteachers	Ha progressat molt des que va canviar de professor.	Li multe progresis de kiam li ŝanĝis instruistojn.	Ille ha progredite multo desde que ille cambiava de professor.	6
01993	Verbs	to recognize (US), to recognise (UK)	(wieder)erkennen 	reconocer	reconnaître	riconoscere	reconhecer	reconèixer	rekoni	recognoscer	Ich erkenne keine von diesen Straßen wieder	No reconozco ninguna de estas calles	Je ne reconnais aucune de ces rues	Non riconosco nessuna di queste strade	Eu não reconheço alguma dessas ruas.	I don't recognize (US) / recognise (UK) any of these streets	No reconec cap d'aquests carrers.	Mi ne rekonas iun ajn el ĉi tiuj stratoj.	Io non recognosce ulle de iste stratas.	6
01994	Verbs	to recover	sich erholen	recuperarse	récupérer	riprendersi, recuperare	recuperar	recuperar-se	resaniĝi	recuperar se	Ich bin immer noch dabei mich von der letzten Nacht zu erholen, was für eine Party!	Todavía me estoy recuperando de la noche anterior, ¡qué fiesta!	Je suis encore en train de récupérer de la nuit dernière, quelle fête !	Mi sto ancora riprendendo dalla notte scorsa, che festa!	Eu ainda estou me recuperando da noite passada, que festa!	I'm still recovering from last night, what a party!	Encara m'estic recuperant de la nit anterior, quina festa!	Mi ankoraŭ resaniĝas post la hieraŭa nokto, kia festo!	Io ancora me recupera de heri nocte; que festa!	6
01995	Verbs	to resign	kündigen	dimitir, renunciar	démissionner	dimettersi	demitir-se, renunciar	dimitir, renunciar	demisii	dimitter	Er hat letzte Woche seinen Job gekündigt.	Él renunció a su trabajo la semana pasada	Il a démissionné de son travail la semaine dernière	Si è dimesso dal suo lavoro la settimana scorsa	Ele se demitiu do seu trabalho na semana passada.	He resigned from his job last week	Va dimitir de la seva feina la setmana passada.	Li demisiis de sia laboro la pasintsemajne.	Ille dimitteva de su empleo le septimana passate.	6
01996	Verbs	to resist	widerstehen 	resistir	résister	resistere	resistir	resistir	rezisti	resister	Ich kann der Schokolade nicht widerstehen!	¡No puedo resistirme al chocolate!	Je ne peux pas résister au chocolat !	Non posso resistere alla cioccolata!	Eu não posso resistir a chocolate.	I can't resist chocolate!	No puc resistir la xocolata!	Mi ne povas rezisti ĉokoladon!	Io non pote resister al chocolate!	6
01997	Verbs	to solve	lösen	resolver	résoudre	risolvere	resolver	resoldre	solvi	solver	DasProblem ist einfach zu lösen.	Es un problema fácil de resolver	C'est un problème facile à résoudre	È un problema facile da risolvere	É um problema fácil de resolver	It's an easy problem to solve	És un problema fàcil de resoldre.	Estas facila problemo por solvi.	Il es un problema facile a solver.	6
01998	Verbs	to respect	respektieren	respetar	respecter	rispettare	respeitar	respectar	respekti	respectar	Ich respektiere die Leute nicht, die mich nicht respektieren	No respeto las personas que no me respetan	Je ne respecte pas les gens qui me manquent de respect	Non rispetto le persone che non mi rispettano	Não respeito as pessoas que não me respeitam	I do not respect people who have no respect for me	No respecto la gent que no em respecta.	Mi ne respektas homojn, kiuj ne respektas min.	Io non respecta le personas qui non ha respecto pro me.	6
01999	Verbs	to breathe	atmen	respirar	respirer	respirare	respirar	respirar	spiri	respirar	Ich kann bei all diesem Rauch nicht richtig atmen	No puedo respirar bien con todo este humo	Je ne peux pas respirer correctement avec toute cette fumée	Non posso respirare correttamente con tutto questo fumo	Eu não posso respirar corretamente com toda essa fumaça	I can't breathe properly with all this smoke	No puc respirar bé amb tot aquest fum.	Mi ne povas spiri bone kun ĉiu ĉi tiu fumo.	Io non pote respirar ben con tote iste fumo.	6
02000	Verbs	to break [broke, broken]	zerbrechen 	quebrar, romper 	casser, briser	rompere, sfasciare	quebrar	trencar	rompi	rumper	Ich habe meinen Laptop zerbrochen, als ich ihn auf den Bodenfallen ließ.	Rompí mi ordenador portátil dejándolo caer al suelo	J'ai cassé mon ordinateur portable en le laissant tomber par terre	Ho rotto il mio computer portatile facendolo cadere a terra	Eu quebrei meu laptop derrubando ele no chão	I broke my laptop dropping it on the floor	Vaig trencar el meu portàtil en deixar-lo caure a terra.	Mi rompis mian tekkomputilon faligante ĝin sur la plankon.	Io rumpeva mi computator portabile lassante lo cader al pavimento.	6
02001	Verbs	to jump	springen 	saltar	sauter	saltare	pular	saltar	salti	saltar	Kannst du hochspringen und den Ast berühren?	¿Puedes saltar y tocar esa rama?	Tu peux sauter et toucher cette branche ?	Puoi saltare e toccare quel ramo?	(Você) pode pular e tocar nesse galho?	Can you jump up and touch that branch?	Pots saltar i tocar aquella branca?	Ĉu vi povas salti supren kaj tuŝi tiun branĉon?	Pote tu saltar in alto e toccar ille ramo?	6
02002	Verbs	to feel [felt, felt] 	sich fühlen	sentirse 	se sentir	sentirsi	sentir-se	sentir-se	senti sin	sentir	Ich fühle mich gut heute!	¡Me siento bien hoy!	Je me sens bien aujourd'hui !	Mi sento bene oggi!	Me sinto bem hoje!	I feel good today!	Em sento bé avui!	Mi sentas min bone hodiaŭ!	Io me senti ben hodie!	6
02003	Verbs	to dream [dreamed, dreamed (US) / dreamt, dreamt (UK)] 	träumen	soñar	rêver	sognare	sonhar	somiar	sonĝi	soniar	Ich habe letzte Nacht geträumt und mein Traum war sehr komisch	Soñé anoche y mi sueño fue muy extraño	J'ai rêvé cette nuit, et mon rêve était très bizarre	Questa notte ho sognato e il mio sogno fu molto strano	Esta noite sonhei e meu sonho foi muito estranho	I dreamed last night, and my dream was very strange	Vaig somiar ahir a la nit i el meu somni va ser molt estrany.	Mi sonĝis hieraŭ nokte, kaj mia sonĝo estis tre stranga.	Io soniava le nocte passate, e mi sonio esseva multo estranie.	6
02004	Verbs	to smile	lächeln	sonreír	sourire	sorridere	sorrir	somriure	rideti	surrider	Dieses Foto bringt mich zum lächeln.	Esta foto me hace sonreír	Cette photo me fait sourire	Questa foto mi fa sorridere	Esta foto me faz sorrir	This photo makes me smile	Aquesta foto em fa somriure.	Ĉi tiu foto ridetigas min.	Iste photo me face surrider.	6
02005	Verbs	to suffer	leiden 	sufrir	souffrir 	soffrire	sofrer	patir	suferi	suffrer	Er hat nach seinem Unfall sehr gelitten.	Él ha sufrido mucho después de su accidente.	Il a beaucoup souffert après son accident.	Lui ha sofferto molto dopo il suo incidente.	Ele sofreu muito depois de seu acidente.	He has suffered a lot since his accident	Ha patit molt després del seu accident.	Li multe suferis post sia akcidento.	Ille ha suffrite multo post su accidente.	6
02006	Verbs	to suppose, to assume	annehmen 	suponer	supposer	supporre	supor	suposar	supozi	supponer	Ich nehme an, dass ich geimpft werden muss, bevor ich zum Amazonasfahre.	Supongo que tengo que vacunarme antes de viajar al Amazonas	Je suppose que je dois me faire vacciner avant d'aller en Amazonie	Suppongo che devo vaccinarmi prima di andare in Amazzonia	Suponho que tenho que me vacinar antes de viajar para Amazonas	I suppose I need to get vaccinated before traveling to the Amazon	Suposo que m'he de vacunar abans de viatjar a l'Amazones.	Mi supozas, ke mi devas vakciniĝi antaŭ ol vojaĝi al la Amazono.	Io suppone que io debe vaccinar me ante viagiar al Amazonas.	6
02007	Verbs	to hold [held, held]	halten 	agarrar , coger	tenir	tenere (con la mano)	segurar	agafar, sostenir	teni	tener	Kannst du für eine Sekunde mein Getränk halten, bitte?	¿Puedes agarrar mi bebida un segundo, por favor?	Tu peux tenir mon verre une seconde s'il te plaît ?	Puoi tenere la mia bibita un secondo per piacere?	Você pode segurar minha bebida por um segundo, por favor?	Can you hold my drink for a second, please?	Pots agafar la meva beguda un segon, si us plau?	Ĉu vi povas teni mian trinkaĵon dum sekundo, bonvolu?	Pote tu tener mi bibita per un secunda, per favor?	6
02008	Verbs	to pull	ziehen 	tirar	tirer	tirare	puxar	estirar	tiri	tirar	Das Kind zieht an der Tür, anstatt sie zu drücken	El joven tira de la puerta en lugar de empujarla.	Le jeune tire la porte au lieu de la pousser.	Il giovane tira la porta invece di spingerla.	O jovem puxa a porta ao invés de empurrá-la.	The child pulls on the door instead of pushing it	El nen estira la porta en lloc d'empènyer-la.	La infano tiras la pordon anstataŭ puŝi ĝin.	Le infante tira le porta in loco de pulsar lo.	6
02009	Verbs	to transport	transportieren	transportar	transporter	trasportare	transportar	transportar	transporti	transportar	Sie werden die Lebensmittelin einem LKW transportieren	Ellos van a transportar la comida en un camión	Ils vont transporter la nourriture dans un camion	Trasporteranno il cibo in un camion	Eles vão transportar a comida por caminhão	They'll transport the food on a truck (US) / lorry (UK)	Transportaran el menjar en un camió.	Ili transportos la manĝaĵon per kamiono.	Illes transportara le alimento in un camion.	6
02010	Verbs	to use	benutzen, verwenden	usar	utiliser	usare	usar	utilitzar, usar	uzi	usar	Kann ich dein Telefon benutzen, bitte?	¿Puedo usar tu teléfono por favor?	Je peux utiliser ton téléphone s'il te plaît ?	Posso usare il tuo telefono per piacere?	Posso usar seu telefone , por favor?	Can I use your phone please?	Puc utilitzar el teu telèfon, si us plau?	Ĉu mi povas uzi vian telefonon, bonvolu?	Pote io usar tu telephono, per favor?	6
02011	Verbs	to be worth	wert sein	valer	valoir	valere	valer	valer	valori	valer	Dieses Haus ist seinen Preis nicht wert	Esta casa no vale el precio	Cette maison ne vaut pas le prix	Questa casa non vale il prezzo	Essa casa não vale seu preço	This house is not worth the price	Aquesta casa no val el preu que té.	Ĉi tiu domo ne valoras la prezon.	Iste casa non vale le precio.	6
02012	Verbs	to fly [flew, flown]	fliegen 	volar 	voler (dans le ciel)	volare	voar	volar	flugi	volar	Manchmal, würde ich gerne fliegen wie ein Vogel	A veces, me gustaría volar como un pájaro	Parfois, j'aimerais voler comme un oiseau	A volte, mi piacerebbe volare come un uccello	As vezes, eu gostaria de voar como um pássaro	Sometimes I wish I could fly like a bird	De vegades, m'agradaria volar com un ocell.	Foje mi ŝatus flugi kiel birdo.	A vices io volerea poter volar como un ave.	6
02013	Nouns	idiot	der Idiot 	el(la) idiota	l'idiot(e)	l'idiota	o(a) idiota	l'idiota (els idiotes)	idioto	idiota	Er ist ein Idiot, wenn er das denkt	Es un idiota si así lo cree	C'est un idiot s'il pense ainsi	È un idiota se pensa così.	Ele é um idiota, se pensa assim.	He is an idiot if he thinks that	És un idiota si pensa així.	Li estas idioto se li pensas tiel.	Ille es un idiota si ille crede isto.	6
02014	Nouns	chill	die Kälte 	el frío	le froid, le frais	il freddo	o frio, o fresco	el fred	malvarmo	frigido	Die Kälte des Winters hat die Wärme des Sommers ersetzt	El frío del invierno sustituyó al calor del verano	Le froid de l'hiver a remplacé la chaleur de l'été	Il freddo dell'inverno ha sostituito il caldo dell'estate	O frio do inverno substituiu o calor do verão	The chill of winter has replaced the warmth of summer	El fred de l'hivern ha substituït la calor de l'estiu.	La malvarmo de la vintro anstataŭigis la varmon de la somero.	Le frigido del hiberno ha substituite le calor del estate.	6
02015	Nouns	treasure	der Schatz 	el tesoro	le trésor	il tesoro	o tesouro	el tresor (els tresors)	trezoro	thesauro	Er fandeinen Schatz in seinem Garten	Él encontró un tesoro en su jardín	Il a trouvé un trésor dans son jardin	Ha trovato un tesoro nel suo giardino	Ele encontrou um tesouro em seu jardim	He found a treasure in his garden	Va trobar un tresor al seu jardí.	Li trovis trezoron en sia ĝardeno.	Ille trovava un thesauro in su jardin.	6
02016	Nouns	choice	die Wahl	la elección	le choix	la scelta	a escolha	l'elecció (les eleccions)	elekto	selection	Er hat keine gute Wahl getroffen.	Su elección no ha sido la correcta	Il n'a pas fait le bon choix	Lui non ha fatto la scelta giusta	Ele não fez a escolha correta	He did not make the right choice	La seva elecció no ha estat la correcta.	Li ne faris la ĝustan elekton.	Ille non faceva le selection correcte.	6
02017	Nouns	lady	die Dame	la dama	la dame	la signora	a moça, a senhora	la dama (les dames)	damo	dama	Eine Dame möchte mir dir sprechen	Una dama quiere hablar contigo.	Une dame veut te parler.	Una signora vuole parlare con te	Uma moça quer falar com você.	A lady wants to talk to you.	Una dama vol parlar amb tu.	Damo volas paroli kun vi.	Un dama vole parlar con te.	6
02018	Nouns	feeling	das Gefühl	el sentimiento	le sentiment	il sentimento	sentimento, sensação	el sentiment (els sentiments)	sento	sentimento	Ich würde sagen, dass du Gefühle für sie hast	Diría que tienes sentimientos por ella	Je dirais que tu as des sentiments pour elle	Direi che hai dei sentimenti per lei	Eu diria que você gosta dela	I would say that you have feelings for her	Diria que tens sentiments per ella.	Mi dirus, ke vi havas sentojn por ŝi.	Io dicerea que tu ha sentimentos pro illa.	6
02019	Nouns	solution	die Lösung	la solución	la solution	la soluzione	a solução	la solució (les solucions)	solvo	solution	Ich habe keine Lösung für dieses Problem gefunden	Nohe encontrado ninguna solución a este problema	Je n'ai trouvé aucune solution à ce problème	Non ho trovato alcuna soluzione a questo problema	Eu não encontrei nenhuma solução para esse problema	I didn't find any solution to this problem	No he trobat cap solució a aquest problema.	Mi ne trovis solvon al ĉi tiu problemo.	Io non ha trovate ulle solution a iste problema.	6
02020	Nouns	business	die Angelegenheiten	los asuntos	les affaires 	gli affari	os negócios / a conta	l'assumpte (els assumptes)	afero	affaires	Das sind nicht deine Angelegenheiten, das geht dich nichts an	Eso no es asunto tuyo	Ce ne sont pas tes affaires	Non sono affari tuoi	Não é da sua conta	That's none of your business	Això no és assumpte teu.	Tio ne estas via afero.	Isto non es affaire tue.	6
02021	Nouns	mailbox	der Briefkasten , der Postkasten 	el buzón	la boîte aux lettres	la cassetta delle lettere	a caixa de correio	la bústia (les bústies)	leterkesto	cassa postal	Es ist Post im Briefkasten.	Hay correo en el buzón.	Il y a du courrier dans la boîte aux lettres.	C'è della posta nella cassetta delle lettere.	Tem correspondência na caixa de correio.	There is mail in the mailbox	Hi ha correu a la bústia.	Estas poŝto en la leterkesto.	Il ha posta in le cassa postal.	6
02022	Nouns	watch	die Armbanduhr 	el reloj de mano	la montre	l'orologio (da polso)	o relógio (de pulso)	el rellotge (de polsera) (els rellotges)	brakhorloĝo	horologio de pulso	Weißt du wie spät es ist? Ich finde meine Armbanduhr nicht	¿Tienes hora? No encuentro mi reloj.	Aurais-tu l'heure ? Je ne trouve pas ma montre.	Sai che ore sono? Non trovo il mio orologio.	Você sabe que horas são? Não encontro meu relógio.	Do you know what time it is? I can't find my watch.	Saps quina hora és? No trobo el meu rellotge.	Ĉu vi scias kioma horo estas? Mi ne povas trovi mian brakhorloĝon.	Sape tu que hora il es? Io non pote trovar mi horologio de pulso.	6
02023	Nouns	text	der Text	el texto	le texte	il testo	o texto	el text (els textos)	teksto	texto	Er hat den gesamten Text geschrieben	Él escribió todo el texto	Il a écrit tout le texte	Lui ha scritto tutto il testo	Ele escreveu o texto todo	He wrote the whole text	Ell va escriure tot el text.	Li skribis la tutan tekston.	Ille scribeva le integre texto.	6
02024	Nouns	story (to tell a story)	die Geschichte  (eine Geschichte erzählen)	la historia (contar una historia)	l'histoire (raconter une histoire)	la storia (raccontare una storia)	a história (contar uma história)	la història (per explicar) (les històries)	rakonto	historia	Jean erzählt den Kindern eine Geschichte	Jean les cuenta una historia a los niños.	Jean raconte une histoire aux enfants.	Jean racconta una storia ai bambini.	Jean conta uma história às crianças.	Jean tells the children a story	En Jean explica una història als nens.	Jean rakontas rakonton al la infanoj.	Jean conta un historia al infantes.	6
02025	Nouns	history (school subject)	die Geschichte  (als Schulfach)	la historia (asignatura en la escuela)	l'histoire  (apprise à l'école)	la storia (imparata a scuola)	a história (aprendida na escola)	la història (assignatura) (les històries)	historio (fako)	historia	Mein Lieblingsfach in der Schule war Geschichte	Mi asignatura favorita en la escuela era historia	Ma matière préférée à l'école était l'histoire	La mia materia preferita a scuola era storia	Minha matéria favorita na escola era história	My favorite subject in school was history	La meva assignatura preferida a l'escola era història.	Mia plej ŝatata fako en la lernejo estis historio.	Mi subjecto favorite in le schola esseva historia.	6
02026	Nouns	letter (character)	der Buchstabe  (ABC)	la letra	la lettre (caractère)	la lettera (carattere)	a letra	la lletra (caràcter) (les lletres)	litero	littera										6
02027	Nouns	decision	die Entscheidung 	la decisión	la décision	la decisione	a decisão	la decisió (les decisions)	decido	decision	Es war eine schwere Entscheidung, aber ich kündige nächsten Monat	Ha sido una decisión difícil, pero voy a dejar mi trabajo el próximo mes	C'était une décision difficile, mais je vais quitter mon travail le mois prochain	È stata una decisione dura ma lascerò il mio lavoro il mese prossimo	Foi uma decisão difícil, mas eu vou deixar meu trabalho no mês que vem	It was a tough decision, but I will leave my job next month	Ha estat una decisió difícil, però deixaré la meva feina el mes que ve.	Estis malfacila decido, sed mi forlasos mian laboron venontmonate.	Illo esseva un decision difficile, ma io lassara mi empleo le mense proxime.	6
02028	Nouns	action 	die Tat  	la acción	l'action 	l'azione	a ação	l'acció (les accions)	ago	action	Mir sind Taten lieber als Worte.	Prefiero la acción a las palabras	Je préfère l'action aux paroles	Preferisco le azioni alle parole	Eu prefiro a ação às palavras	I prefer action over words	Prefereixo l'acció a les paraules.	Mi preferas agon ol vortojn.	Io prefere le action al parolas.	6
02029	Nouns	authority 	die Autorität 	la autoridad 	l'autorité 	l'autorità	a autoridade	l'autoritat (les autoritats)	aŭtoritato	autoritate	Dieser Mann hat eine natürliche Autorität.	Este hombre tiene autoridad natural.	Cet homme a une autorité naturelle.	Quest'uomo ha un'autorità naturale.	Esse homem tem uma autoridade natural.	That man has a natural authority	Aquest home té una autoritat natural.	Tiu viro havas naturan aŭtoritaton.	Iste homine ha un autoritate natural.	6
02030	Nouns	jail, prison	das Gefängnis 	la cárcel 	la prison	la prigione	a prisão	la presó (les presons)	malliberejo	carcere	Er wird morgen aus dem Gefängnis entlassen	Tiene que salir de la cárcel mañana.	Il doit sortir de prison demain.	Deve uscire di prigione domani.	Ele deve sair da prisão amanhã.	He will get out of prison tomorrow	Ha de sortir de la presó demà.	Li devas eliri el malliberejo morgaŭ.	Ille sortira del carcere deman.	6
02031	Nouns	letter, card (postcard or playing card) 	der Brief , die Karte  (Postkarte oder Spielkarte)	la carta, la tarjeta (postal o de juego)  	la lettre, la carte (postale, ou à jouer)	la lettera, la cartolina, la carta da gioco	a carta, a carta de baralho, o cartão (postal) 	la carta (les cartes)	letero, karto	carta	Wir schicken dir eine Karte, wenn wir in Berlin ankommen	Te enviaremos una tarjeta postal cuando lleguemos a Berlín	Nous t'enverrons une carte quand nous serons à Berlin.	Ti spediremo una cartolina quando saremo a Berlino.	Lhe enviaremos um cartão quando estivermos em Berlim.	We'll send you a card when we arrive in Berlin	T'enviarem una carta quan arribem a Berlín.	Ni sendos al vi karton kiam ni alvenos en Berlinon.	Nos te inviara un carta postal quando nos arrivara a Berlin.	6
02032	Nouns	company 	die Gesellschaft 	la compañía 	la compagnie	la compagnia	a companhia	la companyia (les companyies)	kompanio	compania	Er ist sehr nett, er hat mir den ganzen Tag Gesellschaft geleistet	Él es muy simpático, me hizo compañía todo el día	Il est très sympa, il m'a tenu compagnie toute la journée	È molto simpatico, mi ha tenuto compagnia tutto il giorno	Ele é muito simpático, ele me fez companhia o dia todo	He is very nice, he kept me company all day	Ell és molt simpàtic, em va fer companyia tot el dia.	Li estas tre simpatia, li akompanis min la tutan tagon.	Ille es multo sympathic; ille me faceva compania durante tote le die.	6
02033	Nouns	coast 	die Küste 	la costa 	la côte (point de rencontre de la terre et de la mer)	la costa	a costa, o litoral	la costa (les costes)	marbordo	costa	Er lebt an der Küste	Él vive en la costa.	Il habite sur la côte.	Lui abita sulla costa.	Ele vive no litoral.	He lives on the coast	Ell viu a la costa.	Li loĝas ĉe la marbordo.	Ille vive al costa.	6
02034	Nouns	cross 	das Kreuz 	la cruz 	la croix	la croce	a cruz	la creu (les creus)	kruco	cruce	Manchmal findet man Kreuze auf Bäumen	A veces encontrarás cruces en los árboles	On voit parfois des croix sur les arbres.	A volte sugli alberi si vedono croci.	Às vezes vemos cruzes nas árvores.	Sometimes you will find crosses on trees	De vegades trobaràs creus als arbres.	Foje vi trovos krucojn sur arboj.	A vices tu trovara cruces sur le arbores.	6
02035	Nouns	notebook 	das Heft 	el cuaderno 	le cahier	il quaderno	o caderno	el quadern (els quaderns)	kajero	quaderno	Ich schreibe in mein Heft	Escribo en mi cuaderno	J'écris dans mon cahier.	Scrivo nel mio quaderno.	Eu escrevo em meu caderno.	I write in my notebook	Escric al meu quadern.	Mi skribas en mia kajero.	Io scribe in mi quaderno.	6
02036	Nouns	class 	die Klasse 	la clase	la classe	la classe, la lezione	a aula (da escola)	la classe (les classes)	klaso	classe	Ich habe diesen Jungen in der Matheklasse kennengelernt	He conocido a este chico en mi clase de matemáticas	J'ai rencontré ce garçon dans ma classe de mathématiques	Ho conosciuto quel ragazzo alla mia lezione di matematica	Conheci aquele menino na minha aula de matemática	I met that boy in my math class.	Vaig conèixer aquest noi a la meva classe de matemàtiques.	Mi renkontis tiun knabon en mia matematika klaso.	Io incontrava ille puero in mi classe de mathematica.	6
02037	Nouns	effect	die Wirkung 	el efecto 	l'effet 	l'effetto	o efeito	l'efecte (els efectes)	efiko	effecto	Das ist seltsam, Sonnenbestrahlung hat auf seine Haut keine Wirkung	Es extraño, la exposición al sol no tiene efectos en su piel	C'est étrange, l'exposition au soleil n'a pas d'effets sur sa peau	È strano, l'esposizione al sole non ha effetto sulla sua pelle	É estranho, a exposição ao sol não tem efeito na pele dele	It's strange, exposure to the sun has no effect on his skin	És estrany, l'exposició al sol no té efectes sobre la seva pell.	Estas strange, sunekspozicio ne havas efikon sur lia haŭto.	Es bizarre: le exposition al sol non ha effecto sur su pelle.	6
02038	Nouns	example 	das Beispiel 	el ejemplo 	l'exemple 	l'esempio	o exemplo	l'exemple (els exemples)	ekzemplo	exemplo	Geben Sie mir ein Beispiel.	Dame un ejemplo.	Donnez-moi un exemple.	Fammi un esempio.	Dê-me um exemplo.	Give me an example	Dona'm un exemple.	Donu al mi ekzemplon.	Da me un exemplo.	6
02039	Nouns	success  	der Erfolg	el éxito  	le succès	il successo	o êxito, o sucesso	l'èxit (els èxits)	sukceso	successo	Diese Frau hat viel Erfolg in Ihrer Arbeit	Esta mujer tiene mucho éxito en su trabajo.	Cette femme a beaucoup de succès dans son travail.	Questa donna ha molto successo nel suo lavoro.	Essa mulher tem muito sucesso no seu trabalho.	That woman has had a lot of success in her career	Aquesta dona té molt d'èxit a la seva feina.	Tiu virino havas multe da sukceso en sia kariero.	Iste femina ha habite multo successo in su carriera.	6
02040	Nouns	glasses	die Brille 	las gafas 	les lunettes 	gli occhiali	os óculos	les ulleres	okulvitroj	oculares	Sie braucht eine Brille, um zu sehen.	Necesita gafas para ver	Elle a besoin de lunettes pour voir.	Ha bisogno degli occhiali per vedere.	Ela precisa de óculos para enxergar.	She needs glasses to see	Necessita ulleres per veure-hi.	Ŝi bezonas okulvitrojn por vidi.	Illa necessita oculares pro vider.	6
02041	Nouns	tax 	die Steuer 	el impuesto 	l'impôt , la taxe	l'imposta, la tassa	o imposto	l'impost (els impostos), la taxa (les taxes)	imposto	imposto	Wir müssen Steuern zahlen.	Tenemos que pagar impuestos.	Nous devons payer des impôts.	Dobbiamo pagare le tasse.	Devemos pagar impostos.	We have to pay taxes	Hem de pagar impostos.	Ni devas pagi impostojn.	Nos debe pagar impostos.	6
02042	Nouns	letter (document)	der Brief 	la carta	la lettre (document)	la lettera (documento)	a carta (o documento)	la lletra (document) (les lletres)	letero (dokumento)	littera	Der Brief ist im Umschlag	La carta está en elsobre	La lettre est dans l'enveloppe	La lettera è nella busta	A carta está no envelope	The letter is in the envelope	La lletra és al sobre.	La letero estas en la koverto.	Le littera es in le inveloppe.	6
02043	Nouns	line 	die Linie 	la línea 	la ligne	la linea	a linha	la línia (les línies)	linio	linea	Folgen Sie der weißen Linie bis zum Ausgang	Sigue la línea blanca hasta la salida	Suivez la ligne blanche jusqu'à la sortie	Segui la linea bianca fino all'uscita	Siga a linha branca até a saída	Follow the white line all the way to the exit	Segueix la línia blanca fins a la sortida.	Sekvu la blankan linion ĝis la elirejo.	Seque le linea blanc usque al sortita.	6
02044	Nouns	office 	das Büro 	la oficina , el despacho	le bureau	l'ufficio	o escritório	l'oficina (les oficines), el despatx (els despatxos)	oficejo	officio	Ihr Büro ist neben meinem	Su oficina está al lado de la mía.	Son bureau est à côté du mien.	Il suo ufficio è di lato al mio.	O seu escritório é ao lado do meu.	Her office is next to mine	La seva oficina és al costat de la meva.	Ŝia oficejo estas apud la mia.	Su officio es juxta le mie.	6
02045	Nouns	order	der Befehl 	la orden 	l'ordre 	l'ordine	a ordem	l'ordre (els ordres)	ordono	ordine	Der Polizist erteilte uns den Befehl zu gehen.	El policía nos dio la orden de partir	Le policier nous a donné l'ordre de partir	Il poliziotto ci ha dato l'ordine di andar via	O policial nos deu a ordem para partir	The police officer gave us the order to leave	El policia ens va donar l'ordre de marxar.	La policisto donis al ni la ordonon foriri.	Le policiero nos dava le ordine de partir.	6
02046	Nouns	pedestrian	der Fußgänger 	el peatón	le piéton	il pedone	o pedestre	el vianant (els vianants)	piediranto	passante	Der Fußgänger überquerte die Straße	El peatón cruzó la calle	Le piéton a traversé la route	Il pedone attraversava la strada	O pedestre atravessou a rua	The pedestrian crossed the street	El vianant va creuar el carrer.	La piediranto transiris la straton.	Le passante transversava le strata.	6
02047	Nouns	prize, award	der Preis , die Auszeichnung 	el premio	le prix, la récompense	il premio	o prêmio	el premi (els premis)	premio	premio	Er hat einen Wissenschafts-Preis gewonnen	Él ha ganado un premio científico.	Il a gagné un prix scientifique.	Ha vinto un premio scientifico.	Ele ganhou um prêmio científico.	He won a scientific award	Ha guanyat un premi científic.	Li gajnis sciencan premion.	Ille ha ganiate un premio scientific.	6
02048	Nouns	point, period (US), full stop (UK)	der Punkt   (Satz)	el punto (frase)	le point (phrase)	il punto (frase)	o ponto (frase)	el punt (frase) (els punts)	punkto (frazo)	puncto	Es gibt keinen Punkt am Ende dieses Satzes	No hay punto al final de esta frase	Il n'y a pas de point à la fin de cette phrase	Non c'è il punto alla fine di questa frase	Não tem ponto no final desta frase	There isn't a period (US) / full stop (UK) at the end of this sentence	No hi ha punt al final d'aquesta frase.	Ne estas punkto ĉe la fino de ĉi tiu frazo.	Il non ha un puncto al fin de iste phrase.	6
02049	Nouns	reality	die Realität , die Wirklichkeit 	la realidad 	la réalité	la realtà	a realidade	la realitat	realeco	realitate	Du musst der Realität ins Auge sehen!	Tienes que aceptar la realidad	Regardons la réalité en face !	Guardiamo in faccia la realtà!	Você tem que encarar a realidade!	You need to face reality!	Has d'acceptar la realitat!	Vi devas alfronti la realecon!	Tu debe affrontar le realitate!	6
02050	Nouns	queen	die Königin 	la reina	la reine	la regina	a rainha	la reina (les reines)	reĝino	regina	Elisa ist heute Nacht die Königin der Party	Esta noche Elisa es la reina de la fiesta	Elisa est la reine de la fête ce soir.	Elisa è la regina della festa stasera.	Elisa é a rainha da festa esta noite.	Elisa is the queen of the party tonight	L'Elisa és la reina de la festa aquesta nit.	Elisa estas la reĝino de la festo ĉi-nokte.	Iste nocte Elisa es le regina del festa.	6
02051	Nouns	king 	der König 	el rey 	le roi	il re	o rei	el rei (els reis)	reĝo	rege	In Frankreich gibt es keinen König mehr	Ya no existe un rey en Francia	Il n'y a plus de roi en France	Non c'è più un re in Francia	Não existe mais rei na França	There is no longer a king in France	A França ja no hi ha rei.	Ne plu estas reĝo en Francio.	Il non ha plus un rege in Francia.	6
02052	Nouns	insurance 	die Versicherung 	el seguro 	l'assurance 	l'assicurazione	o seguro	l'assegurança (les assegurances)	asekuro	assecurantia	Er muss seine Versicherung anrufen, um das Problem zu lösen.	Tiene que llamar a su seguro para solucionar el problema.	Il doit appeler son assurance pour régler le problème.	Deve chiamare la sua assicurazione per risolvere il problema.	Ele deve chamar o seguro para resolver o problema.	He needs to call his insurance company to sort out the problem	Ha de trucar a la seva assegurança per solucionar el problema.	Li bezonas voki sian asekurkompanion por solvi la problemon.	Ille debe telephonar a su compania de assecurantia pro resolver le problema.	6
02053	Nouns	stamp	die Briefmarke 	el sello	le timbre	il francobollo	o selo	el segell (els segells)	poŝtmarko	timbro postal	Er braucht eine Briefmarke, um seinen Brief zu verschicken.	Necesita un sello para enviar la carta	Il a besoin d'un timbre pour envoyer sa lettre.	Ha bisogno di un francobollo per inviare la sua lettera.	Ele precisa de um selo para enviar sua carta.	He needs a stamp to mail his letter	Necessita un segell per enviar la seva carta.	Li bezonas poŝtmarkon por sendi sian leteron.	Ille necessita un timbro postal pro inviar su littera per posta.	6
02054	Nouns	envelope 	der Briefumschlag 	el sobre 	l'enveloppe 	la busta (da lettere)	o envelope	el sobre (els sobres)	koverto	inveloppe	Ich brauche einen Briefumschlag, um meinen Brief abzusenden	Necesito un sobre para mandar mi carta	J'ai besoin d'une enveloppe pour envoyer ma lettre	Mi serve una busta per spedire la mia lettera	(Eu) preciso de um envelope para enviar minha carta	I need an envelope to send my letter	Necessito un sobre per enviar la meva carta.	Mi bezonas koverton por sendi mian leteron.	Io necessita un inveloppe pro mandar mi littera.	6
02055	Nouns	tobacco 	der Tabak 	el tabaco 	le tabac	il tabacco	o tabaco	el tabac	tabako	tabaco	Er raucht Tabak.	Él fuma tabaco.	Il fume du tabac.	Lui fuma tabacco.	Ele fuma tabaco.	He smokes tobacco	Ell fuma tabac.	Li fumas tabakon.	Ille fuma tabaco.	6
02056	Nouns	quantity	die Anzahl , die Menge 	la cantidad	la quantité	la quantità	a quantidade	la quantitat (les quantitats)	kvanto	quantitate	Sie kaufteneine großeMenge Kirschen	Compraron una gran cantidad de cerezas.	Ils ont acheté une grande quantité de cerises.	Hanno comprato una gran quantità di ciliegie.	Eles compraram uma grande quantidade de cerejas.	They bought a large quantity of cherries.	Van comprar una gran quantitat de cireres.	Ili aĉetis grandan kvanton da ĉerizoj.	Illes comprava un grande quantitate de ceresias.	6
02057	Nouns	area	der Bereich , die Fläche 	la zona, el área	la zone, l'aire 	l'area, la zona	a área	l'àrea (les àrees), la zona (les zones)	areo	area	Gehnicht in diesen Bereich, es ist gefährlich.	No vayas a esa zona. Es peligroso.	Ne va pas dans cette zone, c'est dangereux.	Non andare in quella zona, è pericoloso.	Não vá para essa área. É perigoso.	Don't go into that area, it's dangerous.	No vagis a aquella zona, és perillós.	Ne iru en tiun areon, estas danĝere.	Non entra in ille area; illo es periculose.	6
02058	Nouns	attention	die Achtung , die Aufmerksamkeit 	la atención	l'attention , la considération	l'attenzione	a atenção, a consideração	l'atenció, la consideració	atento	attention	Sie hatte die Aufmerksamkeit aller	Ella tenía toda la atención del público.	Elle avait toute l'attention du public.	Lei aveva tutta l'attenzione del pubblico.	Ela tinha toda a atenção do público.	She held everyone's attention	Ella tenia l'atenció de tothom.	Ŝi havis la atenton de ĉiuj.	Illa reteneva le attention de omnes.	6
02059	Nouns	basket	der Korb 	la cesta (E), la canasta (AL)	le panier, la corbeille	il cestino	a cesta	la cistella (les cistelles)	korbo	corbe	Er legte die Äpfel in den Korb.	Puso las manzanas en la cesta	Il a mis les pommes dans le panier.	Mise le mele nel cestino.	Ele colocou as maçãs na cesta.	He put the apples in the basket	Va posar les pomes a la cistella.	Li metis la pomojn en la korbon.	Ille poneva le pomos in le corbe.	6
02060	Nouns	battle	die Schlacht 	la batalla	la bataille	la battaglia	a batalha	la batalla (les batalles)	batalo	battalia	Er gewann eine Schlacht, aber nicht den Krieg.	Ganó una batalla, pero no la guerra	Il a gagné une bataille, mais pas la guerre.	Ha vinto una battaglia ma non la guerra.	Ele ganhou uma batalha, mas não a guerra.	He won a battle, but not the war	Va guanyar una batalla, però no la guerra.	Li gajnis batalon, sed ne la militon.	Ille ganiava un battalia, sed non le guerra.	6
02061	Nouns	button	der Knopf 	el botón	le bouton	il bottone	o botão	el botó (els botons)	butono	button	An seinem Hemdfehlt ein Knopf	Falta un botón en la camisa	Il manque un bouton sur la chemise	Manca un bottone alla camicia	Falta um botão na camisa	There's a button missing on the shirt	A la seva camisa li falta un botó.	Mankas butono sur la ĉemizo.	Il manca un button in le camisa.	6
02062	Nouns	cause	die Ursache , der Grund , der Anlass 	la causa	la cause	la causa	a causa	la causa (les causes)	kaŭzo	causa	Wir kennen die Ursache des Unfalls nicht	No conocemos la causa del accidente.	Nous ne connaissons pas la cause de l'accident.	Non conosciamo la causa dell'incidente.	Não sabemos a causa do acidente.	We don't know the cause of the accident	No coneixem la causa de l'accident.	Ni ne konas la kaŭzon de la akcidento.	Nos non sape le causa del accidente.	6
02063	Nouns	circle	der Kreis 	el círculo	le cercle	il cerchio	o círculo	el cercle (els cercles)	cirklo	circulo	Die Schüler zeichnen Kreise in ihre Hefte	Los estudiantes hacen círculos en sus cuadernos.	Les élèves font des cercles dans leurs cahiers.	Gli studenti fanno dei cerchi sui loro quaderni.	Os estudantes fazem círculos em seus cadernos.	The students draw circles in their notebooks	Els estudiants fan cercles als seus quaderns.	La studentoj desegnas cirklojn en siaj kajeroj.	Le studentes designa circulos in lor quadernos.	6
02064	Nouns	clock	die (Wand)Uhr 	el reloj (de pared)	l'horloge 	l'orologio (da parete)	o relógio (de parede)	el rellotge (de paret) (els rellotges)	horloĝo (mura)	horologio	Ich bin unterhalb der Uhr am Eingang des Bahnhofs	Estoy debajo del reloj en la entrada de la estación	Je suis en-dessous de l'horloge à l'entrée de la gare	Sono sotto l'orologio all'entrata della stazione	Estou embaixo do relógio da entrada da estação de trem	I'm under the clock at the entrance to the train station	Estic sota el rellotge a l'entrada de l'estació.	Mi estas sub la horloĝo ĉe la enirejo de la stacidomo.	Io es sub le horologio al entrata del station ferroviari.	6
02065	Nouns	crowd	die Menschenmenge 	la multitud, la muchedumbre	la foule	la folla	a multidão	la multitud (les multituds)	homamaso	multitude	Es gibt eine riesige Menschenmenge im Laden.	Hay una gran multitud en la tienda.	Il y a une foule immense au magasin.	C'è una folla immensa nel negozio.	Há uma multidão imensa na loja.	There is a huge crowd in the store	Hi ha una gran multitud a la botiga.	Estas grandega homamaso en la vendejo.	Il ha un enorme multitude in le magazin.	6
02066	Nouns	device	das Gerät , der Apparat 	el aparato	l'appareil 	l'apparecchio	o aparelho	l'aparell (els aparells)	aparato	apparato	Ich möchte dieses Gerät ersetzen, es funktioniert nicht mehr	Me gustaría sustituir este aparato, ya no funciona	Je voudrais remplacer cet appareil, il ne fonctionne plus	Voglio sostituire questo apparecchio, non funziona più	Quero substituir este aparelho; ele não funciona mais	I want to replace this device; it doesn't work anymore	M'agradaria substituir aquest aparell, ja no funciona.	Mi volas anstataŭigi ĉi tiun aparaton; ĝi ne plu funkcias.	Io volerea substituer iste apparato; illo non functiona plus.	6
02067	Nouns	document	das Dokument 	el documento	le document	il documento	o documento	el document (els documents)	dokumento	documento	Dieses Dokument ist streng geheim	Este documento es confidencial	Ce document est top secret.	Questo documento è top secret.	Este documento é ultrassecreto.	This document is top secret	Aquest document és altament confidencial.	Ĉi tiu dokumento estas plej sekreta.	Iste documento es summe secret.	6
02068	Nouns	dust	der Staub 	el polvo (suciedad)	la poussière	la polvere 	a poeira	la pols	polvo	pulvere	Ich bin allergisch gegen Staub	Soy alérgico al polvo.	Je suis allergique à la poussière.	Sono allergico alla polvere.	Eu sou alérgico a poeira.	I'm allergic to dust	Sóc al·lèrgic a la pols.	Mi estas alergia al polvo.	Io es allergic al pulvere.	6
02069	Nouns	emotion	das Gefühl 	la emoción	l'émotion 	l'emozione	a emoção	l'emoció (les emocions)	emocio	emotion	Kinder haben oft Probleme damit, ihre Gefühlezu kontrollieren	A los niños a menudo les resulta difícil controlar sus emociones	Les enfants ont souvent du mal à gérer leurs émotions.	I bambini spesso hanno difficoltà a gestire le loro emozioni.	As crianças geralmente têm dificuldade para controlar suas emoções.	Children often have trouble controlling their emotions	Als nens sovint els costa controlar les seves emocions.	Infanoj ofte havas problemojn por kontroli siajn emociojn.	Infantes sovente ha difficultate a controlar lor emotiones.	6
02070	Nouns	enemy	der Feind 	el enemigo	l'ennemi 	il nemico	o inimigo	l'enemic (els enemics)	malamiko	inimico	Pass auf, dass du dir keine Feinde machst	Ten cuidado de no hacer enemigos.	Attention de ne pas te faire d'ennemis.	Attento a non farti dei nemici.	Cuidado para não fazer inimigos.	Be careful not to make enemies	Vigila de no fer enemics.	Atentu ne fari malamikojn.	Sia caute a non facer inimicos.	6
02071	Nouns	environment	die Umwelt 	el medio ambiente	l'environnement 	l'ambiente	o meio ambiente	el medi ambient	medio	ambiente	Wir müssen die Umwelt schützen.	Debemos proteger el medio ambiente.	Nous devons protéger l'environnement.	Dobbiamo proteggere l'ambiente.	Nós precisamos proteger o meio ambiente.	We must protect the environment	Hem de protegir el medi ambient.	Ni devas protekti la medion.	Nos debe proteger le ambiente.	6
02072	Nouns	event	das Ereignis 	el evento, el acontecimiento	l'événement , la manifestation	l'evento	o evento	l'esdeveniment (els esdeveniments)	evento	evento	Die Geburt eines Kindes, ist ein glückliches Ereignis	El nacimiento de un bebé es un acontecimiento feliz	La naissance d'un enfant est un heureux événement.	La nascita di un figlio è un evento felice.	O nascimento de um bebê é um evento feliz	The birth of a child is a happy event	El naixement d'un nen és un esdeveniment feliç.	La naskiĝo de infano estas feliĉa evento.	Le nascentia de un infante es un evento felice.	6
02073	Nouns	evil	das Übel 	el mal	le mal	il male	o mal	el mal	malbono	mal	Dieser Mann ist das pure Übel	Este hombre es el mal personificado	Cet homme est le mal en personne.	Quest'uomo è il male in persona.	Este homem é o mal em pessoa.	This man is pure evil	Aquest home és el mal personificat.	Ĉi tiu viro estas pura malbono.	Iste homine es le mal personificate.	6
02074	Nouns	figure (number)	die Ziffer 	la cifra, el número	le chiffre	la cifra	o algarismo	la xifra (les xifres)	cifero	cifra							xifra (número)	cifero (nombro)		6
02075	Nouns	future	die Zukunft 	el futuro	le futur	il futuro	o futuro	el futur	estonteco	futuro	Lebe nicht in der Zukunft, lebe in der Gegenwart	No vivas en el futuro. Vive en el presente.	Ne vis pas dans le futur, vis dans le présent.	Non vivere nel futuro, vivi nel presente.	Não viva no futuro. Viva no presente.	Don't live in the future; live in the present	No visquis en el futur; viu en el present.	Ne vivu en la estonteco; vivu en la nuntempo.	Non vive in le futuro; vive in le presente.	6
02076	Nouns	gallon	die Gallone  (GB = 4,546 litres, US = 3,785 litres)	el galón  (GB = 4.546 litros, US = 3.785 litros).	le gallon (GB = 4.546 litres, US = 3.785 litres)	il gallone (GB = 4.546 litri, US = 3.785 litri)	o galão (UK = 4.546 litros, US = 3.785 litros)	el galó (els galons)	galjono	gallon	In den Vereinigten Staaten kauft man Benzin in Gallonen	En Estados Unidos la gasolina se paga por galones	L'essence s'achète au gallon aux États-Unis	La benzina si paga al gallone negli Stati Uniti	Compra-se combustível por galão nos Estados Unidos	You buy gas by the gallon in the United States	Als Estats Units, la benzina es compra per galons.	Vi aĉetas benzinon per galjonoj en Usono.	In le Statos Unite on compra gasolina per gallon.	6
02077	Nouns	grass	das Gras 	el césped, la hierba	l'herbe 	l'erba	a grama	la gespa	herbo	herba	Sie legt sich ins Gras	Ella se tiende en el césped.	Elle s'allonge dans l'herbe.	Lei si sdraia sull'erba.	Ela se deita na grama.	She lies down on the grass	Ella s'estira a la gespa.	Ŝi kuŝas sur la herbo.	Illa se allonga super le herba.	6
02078	Nouns	hole	das Loch 	el agujero	le trou	il buco	o buraco	el forat (els forats)	truo	foramine	Pass auf, dass dunicht in das Loch fällst	Ten cuidado de no caerte en el agujero.	Attention de ne pas tomber dans le trou.	Attenzionea non cadere nel buco.	Cuidado para não cair no buraco.	Be careful not to fall into the hole	Ves amb compte de no caure al forat.	Atentu ne fali en la truon.	Sia caute de non cader in le foramine.	6
02079	Nouns	hope	die Hoffnung 	la esperanza	l'espoir 	la speranza	a esperança	l'esperança	espero	sperantia	Verlier nicht die Hoffnung, es ist nicht vorbei	No pierdas la esperanza, no ha terminado	Ne perds pas espoir, ce n'est pas fini.	Non perdere la speranza, non è finita.	Não perca a esperança; isso ainda não acabou.	Don't lose hope; it isn't over	No perdis l'esperança; encara no s'ha acabat.	Ne perdu esperon; ĝi ne estas finita.	Non perde le sperantia; illo non es finite.	6
02080	Nouns	human	der Mensch 	el humano	l'humain 	l'(essere) umano	o humano	l'humà (els humans)	homo	humano	Menschen unterscheiden sich von Tieren	Los humanos son diferentes de los animales	Les humains sont différents des animaux.	Gli umani sono diversi dagli animali.	Os humanos são diferentes dos animais.	Humans are different from animals	Els humans són diferents dels animals.	Homoj estas malsamaj ol bestoj.	Le humanos es differente del animales.	6
02081	Nouns	humor (US), humour (UK)	der Humor 	el humor	l'humour 	l'umorismo	o humor	l'humor	humuro	humor	Er hat keinen Sinn für Humor	No tiene sentido del humor	Il n'a aucun humour	Non ha alcun senso dell'umorismo.	Ele não tem nenhum senso de humor	He has no sense of humor	No té sentit de l'humor.	Li ne havas humursenton.	Ille non ha senso del humor.	6
02082	Nouns	insect, bug (inf.)	das Insekt 	el insecto	l'insecte 	l'insetto	o inseto	l'insecte (els insectes)	insekto	insecto	Er liebt Insekten	Es un amante de los insectos.	C'est un amoureux des insectes.	È un amante degli insetti.	É um amante dos insetos.	He loves insects	A ell li encanten els insectes.	Li amas insektojn.	Ille ama le insectos.	6
02083	Nouns	island	die Insel 	la isla	l'île 	l'isola	a ilha	l'illa (les illes)	insulo	insula	Ich ging auf die Insel.	He ido a la isla.	Je suis allé sur l'île.	Sono andato sull'isola.	Eu fui à ilha.	I went onto the island	Vaig anar a l'illa.	Mi iris sur la insulon.	Io ha ite al insula.	6
02084	Nouns	article, item	der Artikel , das Element 	el artículo, el ítem	l'article , l'élément 	l'articolo	o artigo, o item	l'article (els articles), l'ítem (els ítems)	artikolo, ero	articulo	Dieser Shop bietet 10% Rabatt beim Kauf von 5 oder mehr Artikeln	Esta tienda ofrece un 10% de descuento por comprar más de 5 artículos	Ce magasin offre une réduction de 10% pour l'achatde 5 articles ou plus	Questo negozio offre un 10% di sconto con l'acquisto di 5 o più articoli	Esta loja oferece um desconto de 10% para compras de 5 itens ou mais	This store offers a 10% discount for a purchase of 5 or more items	Aquesta botiga ofereix un 10% de descompte en la compra de 5 o més articles.	Ĉi tiu vendejo ofertas 10% da rabato por aĉeto de 5 aŭ pli da artikoloj.	Iste magazin offere un disconto de 10% pro un compra de 5 o plus articulos.	6
02085	Nouns	level	das Niveau ; das/der Level 	el nivel	le niveau	il livello	o nível	el nivell (els nivells)	nivelo	nivello	Er will sein Englischniveau verbessern	Quiere mejorar su nivel de inglés	Il veut améliorer son niveau d'anglais.	Vuole migliorare il suo livello di inglese.	Ele quer melhorar seu nível de inglês.	He wants to improve his English level	Vol millorar el seu nivell d'anglès.	Li volas plibonigi sian anglan nivelon.	Ille vole meliorar su nivello de anglese.	6
02086	Nouns	list	die Liste 	la lista	la liste	l'elenco, la lista	a lista	la llista (les llistes)	listo	lista	Elsa hat eine Liste von Dingen gemacht, die sie tun muss.	Elsa hizo una lista de tareas pendientes.	Elsa a fait une liste de choses à faire.	Elsa ha fatto una lista di cose da fare.	Elsa fez uma lista de tarefas pendentes.	Elsa made a list of things to do	L'Elsa ha fet una llista de coses per fer.	Elsa faris liston de farendaĵoj.	Elsa faceva un lista de cosas a facer.	6
02087	Nouns	memory	das Gedächtnis 	la memoria	la mémoire	la memoria	a memória	la memòria (les memòries)	memoro	memoria	Er hat sein Gedächtnis verloren	Él ha perdido la memoria.	Il a perdu la mémoire.	Lui ha perso la memoria.	Ele perdeu a memória.	He lost his memory	Ha perdut la memòria.	Li perdis sian memoron.	Ille ha perdite su memoria.	6
02088	Nouns	message	die Nachricht 	el mensaje	le message	il messaggio	a mensagem	el missatge (els missatges)	mesaĝo	message	Ich bin nicht erreichbar, bitte hinterlassen Sie eine Nachricht.	No estoy disponible. Déjame un mensaje, por favor.	Je ne suis pas disponible, laissez-moi un message s'il vous plaît.	Non sono disponibile, lasciatemi un messaggio per favore.	Não estou disponível. Por favor, deixe uma mensagem.	I'm not available, please leave a message	No estic disponible, si us plau, deixeu un missatge.	Mi ne estas disponebla, bonvolu lasi mesaĝon.	Io non es disponibile; per favor, lassa un message.	6
02089	Nouns	mind, spirit	der Verstand , der Geist 	la mente, el espíritu	l'esprit 	la mente, lo spirito	a mente, o espírito	la ment (les ments), l'esperit (els esperits)	menso, spirito	mente, spirito	Er war physisch bei uns, aber sein Geist war woanders	Estaba con nosotros físicamente, pero su mente estaba en otro lugar	Il était avec nous physiquement, mais son esprit était ailleurs.	Stava con noi fisicamente ma la sua mente era altrove.	Ele estava conosco fisicamente, mas seu espírito estava em outro lugar.	He was with us physically, but his mind was somewhere else	Estava amb nosaltres físicament, però la seva ment era en un altre lloc.	Li estis kun ni fizike, sed lia menso estis aliloke.	Ille esseva con nos physicamente, ma su mente esseva in un altere loco.	6
02090	Nouns	model	das Modell 	el modelo	le modèle	il modello	o modelo	el model (els models)	modelo	modello	Kannst du mir sagen, welches Handy-Modell du hast?	¿Me podrías decir qué modelo de teléfono tienes?	Pouvez-vous me donner le modèle de votre téléphone ?	Puoi dirmi il modello del tuo telefono?	Você poderia me dizer o modelo do seu telefone?	Could you tell me the model of your phone?	Em podries dir quin model de telèfon tens?	Ĉu vi povus diri al mi la modelon de via telefono?	Poterea tu dicer me le modello de tu telephono?	6
02091	Nouns	muscle	der Muskel 	el músculo	le muscle	il muscolo	o músculo	el múscul (els músculs)	muskolo	musculo	Die Zunge ist ein Muskel	La lengua es un músculo	La langue est un muscle.	La lingua è un muscolo.	A língua é um músculo.	The tongue is a muscle	La llengua és un múscul.	La lango estas muskolo.	Le lingua es un musculo.	6
02092	Nouns	mystery	das Geheimnis , das Rätsel 	el misterio	le mystère	il mistero	o mistério	el misteri (els misteris)	mistero	mysterio	Es ist kein Geheimnis, sie ist einfach talentiert	No hay misterio, simplemente es buena	Il n'y a pas de mystère, elle est juste douée	Non è un mistero, è semplicemente talentuosa	Não tem mistério. Ela simplesmente é talentosa.	It's no mystery, she's just talented	No hi ha misteri, simplement és talentosa.	Ne estas mistero, ŝi simple estas talenta.	Il non es un mysterio, illa es simplemente talentose.	6
02093	Nouns	nation	die Nation , das Volk 	la nación	la nation	la nazione	a nação	la nació (les nacions)	nacio	nation	Die Nationen unterzeichneten einen Friedensvertrag.	Las naciones firmaron un tratado de paz	Les nations ont fait un pacte de paix.	Le nazioni hanno firmato un trattato di pace.	As nações firmaram um tratado de paz.	The nations signed a peace treaty	Les nacions van signar un tractat de pau.	La nacioj subskribis pacan traktaton.	Le nationes signava un tractato de pace.	6
02094	Nouns	native	der Eingeborene , der Einheimische 	el nativo	le natif	il nativo, l'autoctono	o nativo	el nadiu (els nadius), la nadiva (les nadives)	indiĝeno	nativo	Die Einheimischen dieser Insel erhalten einen Rabatt auf Flüge in die Hauptstadt	Los nativos de estas islas tienen descuento en los vuelos a la capital	Les natifs de cette îleont une réduction sur les vols vers la capitale	I nativi di quest'isola hanno uno sconto sui voli per la capitale	Os nativos desta ilha têm desconto nos voos para a capital	Natives of this island get a discount on flights to the capital	Els nadius d'aquesta illa tenen descompte en els vols a la capital.	Indiĝenoj de ĉi tiu insulo ricevas rabaton por flugoj al la ĉefurbo.	Le nativos de iste insula recipe un disconto sur le volos al capital.	6
02095	Nouns	object	das Objekt 	el objeto	l'objet 	l'oggetto	o objeto	l'objecte (els objectes)	objekto	objecto	Wofür wird dieses Objekt verwendet?	¿Para qué sirve este objeto?	À quoi sert cet objet ?	A cosa serve questo oggetto?	Para que serve este objeto?	What is this object used for?	Per a què serveix aquest objecte?	Por kio utilas ĉi tiu objekto?	A que servi iste objecto?	6
02096	Nouns	offensive	die Offensive 	la ofensiva	l'offensive 	l'offensiva	a ofensiva	l'ofensiva (les ofensives)	ofensivo	offensiva	Sie haben die Offensive gestartet	Han lanzado una ofensiva	Ils ont lancé l'offensive.	Hanno lanciato l'offensiva.	Eles lançaram uma ofensiva.	They launched the offensive	Han llançat l'ofensiva.	Ili lanĉis la ofensivon.	Illes ha lanceate un offensiva.	6
02097	Nouns	opposite	das Gegenteil 	lo contrario, lo opuesto	le contraire, l'inverse 	il contrario	o contrário, o oposto	el contrari (els contraris), l'oposat (els oposats)	malo	contrario	Er denkt das Gegenteil von dem, was er sagt	Piensa lo contrario de lo que dice	Il pense le contraire de ce qu'il dit	Pensa il contrario di quello che dice	Ele pensa o oposto do que diz	He thinks the opposite of what he says	Pensa el contrari del que diu.	Li pensas la malon de tio, kion li diras.	Ille pensa le contrario de lo que ille dice.	6
02098	Nouns	page	die Seite 	la página	la page	la pagina	a página	la pàgina (les pàgines)	paĝo	pagina	Schlagen Sie Ihre Bücher auf Seite 53 auf.	Abrid vuestros libros por la página 53	Ouvrez vos livres à la page 53.	Aprite i libri a pagina 53.	Abram seus livros na página 53.	Open your books to page 53	Obriu els llibres per la pàgina 53.	Malfermu viajn librojn al paĝo 53.	Aperi vostre libros al pagina 53.	6
02099	Nouns	peace	der Frieden 	la paz	la paix	la pace	a paz	la pau	paco	pace	Ich hoffe, dass eines Tages Frieden in diesem Land einkehrt	Espero que algún día haya paz eneste país	J'espère qu'il y aura la paix un jour dans ce pays	Spero che un giorno ci sarà la pace in questo paese	Espero queum dia hajapaz neste país	I hope that one day there will be peace in this country	Espero que algun dia hi hagi pau en aquest país.	Mi esperas, ke iun tagon estos paco en ĉi tiu lando.	Io spera que un die il habera pace in iste pais.	6
02100	Nouns	period	die Periode , der Zeitraum 	la época, el periodo	la période, l'époque 	il periodo, l'epoca	o período, a época	el període (els períodes), l'època (les èpoques)	periodo, epoko	periodo	Es war eine Periodegroßer Entdeckungen	Era la época de los grandes descubrimientos	C'était l'époque des grandes découvertes	Era il periodo delle grande scoperte	Era a época das grandes descobertas	It was a period of great discovery	Era l'època dels grans descobriments.	Tio estis periodo de grandaj malkovroj.	Illo esseva un periodo de grande discopertas.	6
02101	Nouns	pilot	der Pilot 	el piloto	le pilote	il pilota	o piloto	el pilot (els pilots)	piloto	pilota	Er ist ein guter Flugzeug-Pilot	Es un buen piloto de avión	C'est un bon pilote d'avion	È un bravo pilota d'aereo	Ele é um bom piloto de aviões	He is a good airplane pilot	És un bon pilot d'avió.	Li estas bona aviadilpiloto.	Ille es un bon pilota de avion.	6
02102	Nouns	power	die Macht , der Einfluss 	el poder, la influencia	le pouvoir, l'influence 	il potere, l'influenza	o poder, a influência	el poder	potenco	poter	Die Menschen wollen oft Macht	La gente a menudo ansía poder	Les hommes veulent souvent le pouvoir	Gli uomini spesso vogliono il potere	As pessoas com frequência anseiam pelo poder	People often want power	La gent sovint anhela el poder.	Homoj ofte volas potencon.	Le gente sovente desidera le poter.	6
02103	Nouns	reason	der Grund , die Vernunft 	la razón	la raison	la ragione	a razão	la raó (les raons)	kialo	ration	Es gibt einen Grund für sein Verhalten	Hay una razón detrás desu comportamiento.	Il y a une raison à son comportement.	C'è una ragione per il suo comportamento.	Há uma razão para o comportamento dele.	There is a reason for his behavior.	Hi ha una raó darrere del seu comportament.	Estas kialo por lia konduto.	Il ha un ration pro su comportamento.	6
02104	Nouns	relation	die Beziehung 	la relación	la relation	la relazione	a relação	la relació (les relacions)	rilato	relation	Heute sind die Beziehungen zwischen Frankreich und Deutschland freundschaftlich.	Hoy día las relaciones entre Francia y Alemania son amistosas	Les relations entre la France et l'Allemagne sont aujourd'hui amicales	Le relazioni tra Francia e Germania oggi sono amichevoli	Hoje em dia, as relações entre a França e a Alemanha são amistosas	Today, relations between France and Germany are good	Avui dia, les relacions entre França i Alemanya són bones.	Hodiaŭ, rilatoj inter Francio kaj Germanio estas bonaj.	Hodie, le relationes inter Francia e Germania es bon.	6
02105	Nouns	law	das Recht  (das Gesetz )	el derecho (la ley)	le droit (la loi)	il diritto (la legge)	o direito (a lei)	el dret (la llei) (els drets)	juro (leĝo)	derecto	Mein Vater hat Rechtstudiert bevor er zum Militär ging.	Mi padre estudió derecho antes de entrar en el ejército	Mon père a étudié le droit avant d'entrer dans l'armée	Mio padre ha studiato diritto prima di entrare nell'esercito	Meu pai estudou Direito antes de entrar para o exército	My father studied law before going into the army	El meu pare va estudiar dret abans d'entrar a l'exèrcit.	Mia patro studis juron antaŭ ol eniri la armeon.	Mi patre studiava derecto ante entrar in le armea.	6
02106	Nouns	school	die Schule 	la escuela, el colegio	l'école 	la scuola	a escola, o colégio	l'escola (les escoles)	lernejo	schola	Die Kinder gehen in die Schule	Los niños van a la escuela.	Les enfants vont à l'école.	I bambini vanno a scuola.	As crianças vão para a escola.	The children go to school.	Els nens van a l'escola.	La infanoj iras al lernejo.	Le infantes va al schola.	6
02107	Nouns	science	die Wissenschaft 	la ciencia	la science	la scienza	a ciência / ciências	la ciència	scienco	scientia	Elsa mag Wissenschaft genauso gern wie Sprachen	A Elsa le gusta la ciencia tanto como los idiomas.	Elsa aime autant la science que les langues.	Elsa ama sia la scienza che le lingue.	Elsa gosta tanto de ciências quanto de idiomas.	Elsa likes science as much as languages.	A l'Elsa li agrada la ciència tant com els idiomes.	Elsa ŝatas sciencon tiom, kiom lingvojn.	Elsa ama le scientia tanto como le linguas.	6
02108	Nouns	stapler	das Heftgerät, der Tacker	la engrapadora	l'agrafeuse	la cucitrice	o grampeador	la grapadora	stapligilo	graffator	Ich brauche ein Heftgerät für diese Dokumente.	Necesito una engrapadora para estos documentos.	J'ai besoin d'une agrafeuse pour ces documents.	Ho bisogno di una cucitrice per questi documenti.	Eu preciso de um grampeador para estes documentos.	I need a stapler for these documents.	Necessito una grapadora per a aquests documents.	Mi bezonas stapligilon por ĉi tiuj dokumentoj.	Io necessita un graffator pro iste documentos.	6
02109	Nouns	way, manner	die Art , die Manier , die Weise 	la manera	la manière	il modo, la maniera	a maneira, o jeito	la manera (les maneres)	maniero	maniera	Er hat eine seltsame Art zu sprechen.	Tiene una manera extraña de hablar	Il a une étrange manière de parler.	Ha uno strano modo di parlare.	Ele tem um jeito estranho de falar.	He has a strange way of speaking.	Té una manera estranya de parlar.	Li havas strangan manieron paroli.	Ille ha un maniera estranie de parlar.	6
02110	Nouns	weapon	die Waffe 	el arma	l'arme 	l'arma	a arma	l'arma (les armes)	armilo	arma	Er hatte keine Waffe bei sich, als der Räuber ihn verletzte.	No llevaba armas cuando el ladrón lo hirió.	Il ne portait pas d'arme quand le voleur l'a blessé.	Non aveva armi quando il ladro lo ha ferito.	Ele não estava carregando uma arma quando o ladrão o feriu.	He was not carrying a weapon when the robber hurt him.	No portava cap arma quan el lladre el va ferir.	Li ne portis armilon kiam la rabisto vundis lin.	Ille non portava un arma quando le fur le vulnerava.	6
02111	Nouns	weight	das Gewicht 	el peso	le poids	il peso	o peso	el pes (els pesos)	pezo	peso	Ich achte auf mein Gewicht	Estoy controlando mi peso	Je fais attention à mon poids.	Faccio attenzione al mio peso.	Estou cuidando do meu peso.	I am watching my weight.	Estic vigilant el meu pes.	Mi atentas mian pezon.	Io controla mi peso.	6
02112	Nouns	silence	die Stille 	el silencio	le silence	il silenzio	o silêncio	el silenci	silento	silentio	Ein bißchen Stille ist etwas Gutes	Un poco de silencio es bueno	Un peu de silence fait du bien	Un po' di silenzio fa bene	Um pouco de silêncio é bom	A little silence is a good thing	Una mica de silenci és bo.	Iom da silento estas bona afero.	Un pauc de silentio es un bon cosa.	6
02113	Nouns	accent	der Akzent 	el acento	l'accent 	l'accento	o sotaque	l'accent (els accents)	akĉento	accento	Jeder Mensch hat einen anderen Akzent	Cada persona tiene un acento diferente.	Chaque personne a un accent différent.	Ogni persona ha un accento diverso.	Cada pessoa tem um sotaque diferente.	Each person has a different accent.	Cada persona té un accent diferent.	Ĉiu persono havas malsaman akĉenton.	Cata persona ha un accento differente.	6
02114	Food & Dining	tray	das Tablett	la bandeja (de la comida)	le plateau (pour la nourriture)	il vassoio	a bandeja	la safata (les safates) (per a la menjar)	pleto	tabuliero										6
02115	Food & Dining	snack	die Zwischenmahlzeit, der Snack	la merienda 	le goûter	la merenda	o lanche, a merenda	el berenar (els berenars)	manĝeto	merenda	Es ist Zeit für einen Snack	Es hora de tomar la merienda	C'est l'heure de prendre le goûter	È ora di fare merenda	Está na hora de fazer um lanche	It's time to have a snack	És l'hora de berenar.	Estas tempo por manĝeto.	Es hora de prender le merenda.	6
02116	Cooking	to bake	backen	hornear	cuisiner, faire cuire au four	cuocere in forno	assar	enfornar	baki	cocer al furno	Möchtest du den Kuchen probieren, den ich gerade gebacken habe?	¿Quieres probar el bizcocho que acabo de hornear?	Tu veux goûter le gateau que je viens de cuisiner ?	Vuoi assaggiare la torta che ho appena cotto?	Quer experimentar o bolo que eu acabei de assar?	Do you want to taste the cake I just baked?	Vols tastar el pastís que acabo de fer al forn?	Ĉu vi volas gustumi la kukon, kiun mi ĵus bakis?	Vole tu gustar le torta que io ha justo cocite al furno?	6
02117	Cooking	kettle	der Wasserkocher	el hervidor	la bouilloire	il bollitore	a chaleira	el bullidor d'aigua (els bullidors d'aigua)	kaldrono	caldiera										6
02118	Cooking	to add	hinzufügen	agregar, añadir	ajouter	aggiungere	adicionar	afegir, agregar	aldoni	adder										6
02119	Cooking	frying pan	die Pfanne 	la sartén (para freir)	la poêle	la padella (per friggere)	a frigideira	la paella (les paelles)	pato	patella							paella (per fregir)	pato (por friti)		6
02120	Cooking	saucepan	der Topf 	la olla, la cacerola	la casserole	la pentola	a panela	la cassola (les cassoles), l'olla (les olles)	kaserolo	casserola										6
02121	Cooking	lid	der Deckel 	la tapa	le couvercle	il coperchio	a tampa	la tapa (les tapes)	kovrilo	coperculo										6
02122	Cooking	freezer 	das Tiefkühlfach , der Gefrierschrank 	el congelador	le congélateur	il congelatore	o congelador	el congelador (els congeladors)	frostujo	congelator										6
02123	Food	broth, stock	die Brühe 	el caldo	le bouillon 	il brodo	o caldo	el brou (els brous)	buljono	bouillon										6
02124	Food	almonds	die Mandeln 	las almendras	les amandes 	le mandorle	as amêndoas	les ametlles	migdaloj	amandolas										6
02125	Food	mayonnaise	die Mayonnaise 	la mayonesa	la mayonnaise 	la maionese	a maionese	la maionesa	majonezo	mayonnaise										6
02126	Food	honey	der Honig 	la miel	le miel 	il miele	o mel	la mel	mielo	melle										6
02127	Meat & Seafood	grilled meat	das gegrillte Fleisch 	la carne a la parrilla, el churrasco	la viande grillée	la carne alla griglia	a carne grelhada	la carn a la graella	rostita viando	carne rostite										6
02128	Meat & Seafood	tenderloin	das Filet 	el solomillo	le filet (de viande)	il filetto	o filé mignon	el filet (els filets)	fileo	filetto										6
02129	Meat & Seafood	goat	die Ziege 	la cabra	la chèvre	la capra	a cabra	la cabra (les cabres)	kapro	capra										6
02130	Meat & Seafood	duck	die Ente 	el pato	le canard	l'anatra	o pato	l'ànec (els ànecs)	anaso	anate										6
02131	Vegetables	cauliflower	der Blumenkohl 	la coliflor	le chou-fleur 	il cavolfiore	a couve-flor	la coliflor (les coliflors)	florbrasiko	cauliflor										6
02132	Vegetables	turnip	die (weiße) Rübe 	el nabo	le navet 	la rapa	o nabo	el nap (els naps)	rapo	rapa										6
02133	Vegetables	leek	der Lauch 	el puerro	le poireau 	il porro	o alho-poró	el porro (els porros)	poreo	porro										6
02134	Vegetables	bell pepper (sweet)	die Paprika ; die Paprikaschote 	el pimentón	le poivron	il peperone	o pimentão	el pebrot (els pebrots)	kapsiko	pimento dulce										6
02135	Vegetables	radish	das Radieschen	el rábano	le radis 	il ravanello	o rabanete	el rave (els raves)	rafano	raphano										6
02136	Vegetables	lentils	die Linsen	las lentejas	les lentilles 	le lenticchie	as lentilhas	les llenties	lentoj	lentes										6
02137	Fruits	passion fruit	die Passionsfrucht , die Maracuja 	el maracuyá	le fruit de la passion	il frutto della passione, la maracuja	o maracujá	el maracujà, la fruita de la passió	pasifrukto	fructo de passion										6
02138	Fruits	grapefruit	die Pampelmuse , die Grapefruit 	el pomelo, la toronja	le pamplemousse	il pompelmo	o pomelo, a toranja	l'aranja (les aranges), el pomelo (els pomelos)	pampelmuso	pomelo										6
02139	Spices & Condiments	mustard	der Senf 	la mostaza	la moutarde 	la senape	a mostarda	la mostassa	mustardo	mustarda										6
02140	Hotel	Is there parking?	Gibt es einen Parkplatz?	¿Hay un estacionamiento?	Il y a un parking?	C'è un parcheggio?	Há um estacionamento?	Hi ha aparcament?	Ĉu estas parkejo?	Ha il un parcamento?										6
02141	Hotel	Where can I leave my valuables?	Wo kann ich meine Wertgegenstände lassen?	¿Dónde puedo guardar mis objetos de valor?	Où puis-je laisser mes objets de valeur?	Dove posso lasciare i miei oggetti di valore?	Onde posso guardar meus objetos de valor?	On puc deixar els meus objectes de valor?	Kie mi povas lasi miajn valoraĵojn?	Ubi pote io lassar mi objectos de valor?										6
02142	Hotel	Are there any messages for me?	Gibt es Nachrichten für mich?	¿Hay algunos mensajes para mi?	Il y a des messages pour moi?	Ci sono dei messaggi per me?	Há algumas mensagens para mim?	Hi ha algun missatge per a mi?	Ĉu estas iuj mesaĝoj por mi?	Ha il messages pro me?										6
02143	Hotel	Could you please call me a taxi for nine o'clock?	Könnten Sie mir bitte ein Taxi für 9 Uhr rufen? 	¿Podría pedirme un taxi para las nueve, por favor?	Pourriez-vous m'appeler un taxi pour neuf heures s'il vous plaît?	Potrebbe chiamarmi un taxi per le nove per piacere	Poderia chamar um taxi para mim para as nove por favor?	Podria demanar-me un taxi per a les nou, si us plau?	Ĉu vi bonvolus voki taksion por mi por la naŭa horo?	Poterea vos per favor appellar un taxi pro me pro le novem horas?										6
02144	Home & Furniture	bedside table	der Nachttisch 	la mesita de noche	la table de nuit 	il comodino	a mesa de cabeceira	la tauleta de nit (les tauletes de nit)	noktotabulo	tabula de nocte										6
02145	Home & Furniture	desk	der Schreibtisch 	el escritorio	le bureau (meuble)	la scrivania	a escrivaninha	l'escriptori (els escriptoris)	skribotablo	scriptorio										6
02146	Household chores	to make the bed 	das Bett machen	hacer / tender la cama 	faire le lit	fare il letto	arrumar a cama	fer el llit	fari la liton	facer le lecto										6
02147	Personal care	to comb one's hair 	sich kämmen	peinarse 	se peigner	pettinarsi	pentear-se	pentinar-se	kombi sin	pectinar se										6
02148	Transportation	He’ll be arriving on the last train	Er wird mit dem letzten Zug ankommen	Él llegará en el último tren	Il arrivera par le dernier train	Arriverà con l'ultimo treno	Ele vai chegar no último trem	Arribarà en l'últim tren	Li alvenos per la lasta trajno	Il arrivara in le ultime traino										6
02149	Transportation	Could you save a spot for me?	Könnten Sie mir einen Platz freihalten?	¿Podría guardarme un sitio (un puesto)?	Pourriez-vous me garder une place ?	Potrebbe conservarmi un posto?	Poderia guardar um lugar para mim?	Podries guardar-me un lloc?	Ĉu vi povus rezervi lokon por mi?	Poterea vos reservar un placia pro me?										6
02150	Transportation	No, you must pay the taxi driver once you get to your destination	Nein, Sie müssen den Taxifahrer bei der Ankunft am Zielort bezahlen.	No, debe pagar al taxista una vez que llegue a su destino	Non, vous devez payer le chauffeur de taxi lorsque vous êtes arrivé à votre destination	No, deve pagare il tassista quando arriva alla sua destinazione	Não, você deve pagar o taxista quando chegar a seu destino	No, ha de pagar al taxista un cop arribi al seu destí	Ne, vi devas pagi la taksiiston kiam vi alvenos al via celo	No, vos debe pagar le taxista un vice que vos arriva a vostre destination										6
02151	Directions & Location	closer	näher (dran)	más cerca	plus proche	più vicino	mais perto	més a prop	pli proksima	plus proxime	Wir sind näher an der Wahrheit (dran).	Estamos más cerca de la verdad.	Nous sommes plus proche de la vérité.	Siamo più vicini alla verità	Nós estamos mais perto da verdade.	We are closer to the truth.	Estem més a prop de la veritat.	Ni estas pli proksimaj al la vero.	Nos es plus proxime al veritate.	6
02152	Directions & Location	near	in der Nähe von	cerca de	à proximité de	vicino a	perto de	a prop de	proksime de	proxime a	Das Krankenhaus ist in der Nähe von deinem Zuhause.	El hospital está cerca de donde vives	L'hôpital est à proximité de là où tu habites.	L'ospedale è vicino a dove vivi	O hospital é perto de onde você mora.	The hospital is near where you live.	L'hospital és a prop d'on vius.	La hospitalo estas proksime de kie vi loĝas.	Le hospital es proxime a ubi tu vive.	6
02153	Directions & Location	city hall, town hall	das Rathaus	el ayuntamiento	la mairie, l'hôtel de ville 	il comune	a prefeitura	l'ajuntament (els ajuntaments)	urbodomo	le domo municipal	Wir haben im Rathaus geheiratet.	Nos hemos casado en el ayuntamiento	Nous nous sommes mariés à la mairie.	Ci siamo sposati in comune.	Nós nos casamos na prefeitura.	We got married at city hall	Ens hem casat a l'ajuntament.	Ni geedziĝis en la urbodomo.	Nos nos maritava in le domo municipal.	6
02154	Transportation	parking garage	die Tiefgarage	el aparcamiento (edificio)	le parking (à étage)	il garage, il parcheggio (a piani)	o estacionamento (edifício)	el garatge (els garatges), l'aparcament (els aparcaments)	parkumejo	garage de stationamento										6
02155	Transportation	I got a speeding ticket	Ich bekam einen Strafzettel wegen Geschwindigkeitsüberschreitung	Me han puesto una multa por exceso de velocidad	J'ai eu une amende pour excès de vitesse	Ho avuto una multa per eccesso di velocità	Levei uma multa por excesso de velocidade	M'han posat una multa per excés de velocitat	Mi ricevis monpunon pro trorapideco	Io recipeva un mulcta pro excesso de velocitate										6
02156	Car Maintenance	Where can I find the nearest mechanic?	Wo kann ich den nächstgelegenen Mechaniker finden?	¿Dónde puedo encontrar al mecánico más cercano?	Où puis-je trouver le mécanicien le plus proche?	Dove posso trovare il meccanico più vicino?	Onde eu posso encontrar o mecânico mais próximo?	On puc trobar el mecànic més proper?	Kie mi povas trovi la plej proksiman mekanikiston?	Ubi pote io trovar le mechanico le plus proxime?										6
02157	Car Maintenance	My car broke down	Mein Auto hat eine Panne	Mi automóvil (coche) está averiado	Ma voiture est tombée en panne	La mia auto è in panne	Meu carro quebrou	El meu cotxe s'ha avariat	Mia aŭto paneis	Mi automobile es avariate										6
02158	Car Maintenance	It is making a strange noise	Es macht ein komisches Geräusch	Hace un ruido raro	Ça fait un bruit bizarre	Fa un rumore strano	Faz um barulho estranho	Fa un soroll estrany	Ĝi faras strangan bruon	Illo face un ruito estranie										6
02159	Car Maintenance	trunk (US), boot (UK)	der Kofferraum 	el maletero 	le coffre (de la voiture)	il bagagliaio	o porta-malas	el maleter (els maleters)	bagaĵujo	le coffro										6
02160	Car Maintenance	license plate	das Autokennzeichen 	la (placa de) matrícula 	la plaque d'immatriculation	la targa	a placa do carro	la matrícula (les matrícules)	numerplato	le placa de immatriculation										6
02161	Travel	to go/pass through security	durch die Sicherheitskontrolle gehen	pasar por el control de seguridad 	passer par le contrôle de sécurité	passare i controlli di sicurezza	passar pelo controle de segurança	passar pel control de seguretat	trapasi la sekureckontrolon	passar per le controlo de securitate										6
02162	Travel	window (of a plane)	das (kleine runde) Fenster (vom Flugzeug)	la ventanilla (avíon)	le hublot	il finestrino	a janela (do avião)	la finestreta (avió) (les finestretes)	fenestreto (aviadilo)	le fenestra de avion										6
02163	Travel	complimentary drink	das Gratisgetränk 	la bebida gratis / ofrecida	la boisson offerte	la bibita offerta	a bebida grátis	la beguda de cortesia (les begudes de cortesia)	senpaga trinkaĵo	le bibita gratuite										6
02164	Shopping	It's a good price	Das ist ein guter Preis	Es un buen precio	C'est un bon prix	È un buon prezzo	É um bom preço	És un bon preu	Ĝi estas bona prezo	Es un bon precio										6
02165	Shopping	box	die Schachtel	la caja (recipiente)	la boîte (récipient)	la scatola, il cartone	a caixa (recipiente)	la caixa (les caixes)	skatolo	le cassa							caixa (recipient)	skatolo (ujo)		6
02166	Shopping	I would like a piece of cake	Ich hätte gern ein Stück Kuchen	Quisiera un pedazo (un trozo) de pastel (AL: torta)	Je voudrais une part de gâteau	Vorrei una porzione di torta	(Eu) gostaria de um pedaço de bolo	Voldria un tros de pastís	Mi ŝatus pecon da kuko	Io volerea un pecia de torta										6
02167	Shopping	bill, invoice	die (Ab)Rechnung 	la cuenta, la factura	la note, la facture	il conto, la bolletta	a conta, a fatura	el compte (els comptes), la factura (les factures)	fakturo	le conto, le factura	Als eine Geste der Dankbarkeit, erlauben Sie mir bitte die Rechnung für das Abendessen zu bezahlen	Como gesto de agradecimiento, por favor permíteme pagar la cuenta de la cena	En signe de gratitude, permettez-moi de payer la note de notre dîner	Come gesto di gratitudine, per favore permettimi di pagare il conto della nostra cena	Como um gesto de gratidão, por favor, permita-me pagar a conta de nosso jantar	As a gesture of gratitude, please allow me to pay the bill for our dinner	Com a gest de gratitud, si us plau, permeti'm pagar el compte del sopar.	Kiel gesto de dankemo, bonvolu permesi al mi pagi la fakturon por la vespermanĝo.	Como gesto de gratitude, per favor permitte me pagar le conto pro nostre cena	6
02168	Shopping	to fit someone (clothes)	jemandem passen (Kleidung)	quedar bien (ropa)	aller à quelqu'un (vêtement)	andare bene (un abito)	caber em alguém (roupas)	quedar bé (roba)	taŭgi al iu (vestaĵoj)	star ben a alicuno (vestimentos)	Ich denke, seine Kleidung wird dir passen	Creo que su ropa te quedará bien.	Je pense que ses vêtements t'iront bien.	Penso che i suoi vestiti ti andranno bene	Acho que as roupas dele vão caber em você.	I think his clothes will fit you.	Crec que la seva roba et quedarà bé.	Mi pensas, ke liaj vestaĵoj taŭgos al vi.	Io crede que su vestimentos te stara ben.	6
02169	Shopping	plastic bag	die Plastiktüte 	la bolsa de plástico	le sac plastique	la busta di plastica	o saco plástico	la bossa de plàstic (les bosses de plàstic)	plasta sako	sacco de plastico										6
02170	Shopping	baseball cap	die Baseball-Mütze 	gorra de béisbol	la casquette de baseball	il cappellino da baseball	o boné de baseball	la gorra de beisbol (les gorres de beisbol)	basbala ĉapo	berretto de baseball										6
02171	Colors	multicolored (US), multicoloured (UK)	bunt	multicolor	multicolore	multicolore	colorido	multicolor	multkolora	multicolor										6
02172	Craft	jewel	das Schmuckstück (plur. die Schmuckstücke)	la joya	le bijou	il gioiello	joia	la joia (les joies)	juvelo	joiel										6
02173	Craft	ceramics 	die Keramik 	la cerámica 	la céramique	la ceramica	a cerâmica	la ceràmica	ceramiko	ceramica										6
02174	Banking	to pay back (paid back, paid back)	zurückzahlen	devolver el dinero, reembolsar	rembourser	rimborsare, ripagare	pagar, reembolsar	tornar (diners), reemborsar	repagi	reimbursar	Du kannst es mir nächste Woche zurückzahlen	Puedes devolverme el dinero la semana que viene	Tu peux me rembourser la semaine prochaine	Puoi rimborsarmi la prossima settimana	Você pode me pagar na semana que vem	You can pay me back next week	Em pots tornar els diners la setmana que ve.	Vi povas repagi min venontsemajne.	Tu pote reimbursar me le septimana proxime.	6
02175	Banking	teller (US), bank cashier (UK)	der(die) Kassierer(in) 	el cajero(a)	le caissier(ère)	il(la) cassiere(a)	o(a) caixa 	el caixer (els caixers), la caixera (les caixeres)	kasisto	cassero de banca										6
02176	Banking	checkbook (US), cheque book (UK)	das Scheckheft 	la chequera 	le chéquier	il libretto degli assegni	o talão de cheque	el talonari de xecs (els talonaris de xecs)	ĉekaro	libretto de cheques										6
02177	Banking	(bank) account	das (Bank)Konto 	la cuenta (de banco) 	le compte (en banque)	il conto (in banca)	a conta (no banco)	el compte (bancari) (els comptes)	(banka) konto	conto bancari										6
02178	Banking	to lend [lent, lent]	leihen , verleihen 	prestar 	prêter	prestare (dare in prestito)	emprestar	prestar, deixar	pruntedoni	prestar	Ich habe ihm meinen Stift geliehen, und er hat ihn mir noch nicht zurückgegeben.	Le presté mi bolígrafo y todavía no me lo ha devuelto	Je lui ai prêté mon stylo et il ne me l'a toujours pas rendu.	Gli ho prestato la mia penna, ma non me l'ha ancora ridata.	Emprestei minha caneta pra ele, mas ele ainda não me devolveu.	I lent him my pen, and he still hasn't given it back	Li vaig prestar el meu bolígraf i encara no me l'ha tornat.	Mi pruntedonis al li mian skribilon kaj li ankoraŭ ne redonis ĝin.	Io le prestava mi penna, e ille ancora non me lo ha rendite.	6
02179	Banking	to deposit (money)	einzahlen	depositar (dinero)	déposer (de l'argent)	fare un deposito (di soldi)	depositar (dinheiro)	dipositar (diners)	deponi (monon)	depositar moneta										6
02180	Rentals	I would like to rent a motorbike	Ich würde gerne ein Motorrad mieten	Quisiera alquilar una moto	J'aimerais louer une moto	Vorrei noleggiare una moto(cicletta)	Gostaria de alugar uma moto	Voldria llogar una moto	Mi ŝatus lui motorciklon	Io volerea locar un motocycletta										6
02181	Rentals	How much does it cost to rent a bike for one hour?	Wie viel kostet es, ein Fahrrad für eine Stunde zu mieten?	¿Cuánto cuesta alquilar una bicicleta por una hora?	Combien ça coûte de louer un vélo pour une heure?	Quanto costa noleggiare una bicicletta per un'ora?	Quanto custa alugar uma bicicleta por uma hora?	Quant costa llogar una bicicleta per una hora?	Kiom kostas lui biciklon por unu horo?	Quanto costa locar un bicycletta per un hora?										6
02182	Rentals	Can I rent a horse for two hours?	Kann ich ein Pferd für zwei Stunden mieten?	¿Puedo alquilar un caballo por dos horas?	Je peux louer un cheval pour deux heures?	Posso noleggiare un cavallo per due ore?	Posso alugar um cavalo por duas horas?	Puc llogar un cavall per dues hores?	Ĉu mi povas lui ĉevalon por du horoj?	Pote io locar un cavallo per duo horas?										6
02183	Rentals	Do you rent out diving equipment? [equipment is invariable]	Vermieten Sie Taucherausrüstungen?	¿Alquiláis equipos de buceo? (ES)¿Alquilan equipos de buceo? (AL) 	Vous louez des équipements de plongée?	Noleggiate l'attrezzatura subacquea?	Alugam equipamento de mergulho?	Lloguen equips de busseig?	Ĉu vi luas subakvan ekipaĵon?	Vos loca equipamento de immersion?										6
02184	Tourism	state (geography)	der Staat	estado (geografía)	l'état (géographie)	lo stato (geografia)	o estado (geografia)	l'estat (geografia) (els estats)	ŝtato (geografio)	stato	Es gibt 50 Staaten in den Vereinigten Staaten	Hay 50 estados en los Estados Unidos	Il y a 50 états aux États-Unis	Ci sono 50 stati negli Stati Uniti	Há 50 estados nos Estados Unidos	There are 50 states in the United States	Hi ha 50 estats als Estats Units.	Estas 50 ŝtatoj en Usono.	Il ha 50 statos in le Statos Unite.	6
02185	Tourism	skyscraper	der Wolkenkratzer	el rascacielos	le gratte-ciel	grattacielo	o arranha-céu	el gratacel (els gratacels)	nubskrapulo	grattacelo	Es gibt viele Firmen mit Büros in diesem Wolkenkratzer	Hay muchas empresas con oficinas en ese rascacielos	Il y a de nombreuses entreprises ayant des bureaux dans ce gratte-ciel	Ci sono molte aziende con uffici in quel grattacielo	Muitas empresas têm escritórios naquele arranha-céu	There are many companies with offices in that skyscraper	Hi ha moltes empreses amb oficines en aquest gratacel.	Estas multaj kompanioj kun oficejoj en tiu nubskrapulo.	Il ha multe companias con officios in ille grattacelo.	6
02186	Art & Museums	I like (someone's) artwork	Ich mag das Werk von ....	Me gusta la obra de...	J'aime l'oeuvre de ...	Mi piace l'opera di...	Eu gosto da obra de...	M'agrada l'obra de...	Mi ŝatas la artaĵon de...	Me place le obra de...										6
02187	Nature	Is this an endangered species?	Ist das eine vom Aussterben bedrohte Art?	¿Esta es una especie en peligro de extinción?	C'est une espèce menacée?	È una specie in pericolo d'estinzione?	Esta é uma espécie em extinção?	És una espècie en perill d'extinció?	Ĉu ĉi tio estas endanĝerigita specio?	Esque isto es un specie in periculo de extinction?										6
02188	Nature	What kind of animal/plant is this?	Was ist das für ein Tier/eine Pflanze?	¿Qué animal/planta es este/esta?	C'est quoi comme animal/plante?	Che animale/pianta è?	Que animal/planta é esse(a)?	Quin tipus d'animal/planta és aquest?	Kia besto/planto estas ĉi tio?	Que sorta de animal/planta es isto?										6
02189	Nature	stream, creek	der Bach 	el arroyo	le ruisseau	il ruscello	o riacho , o córrego	el rierol (els rierols), la riera (les rieres)	rivereto	rivetto										6
02190	Nature	lightning	der Blitz 	el rayo	l'éclair, la foudre	il fulmine	o raio	el llamp (els llamps), el llampec (els llampecs)	fulmo	fulmine										6
02191	Nature	bird	der Vogel 	el pájaro	l'oiseau 	l'uccello 	o pássaro	l'ocell (els ocells)	birdo	ave										6
02192	Animals	parrot	der Papagei 	el loro	le perroquet 	il pappagallo	o papagaio	el lloro (els lloros)	papago	papagai										6
02193	Animals	snake	die Schlange 	la serpiente	le serpent	il serpente	a serpente	la serp (les serps)	serpento	serpente										6
02194	Animals	spider	die Spinne 	la araña	l'araignée	il ragno	a aranha	l'aranya (les aranyes)	araneo	aranea										6
02195	Farm	fresh air  	die frische Luft	el aire puro  	l'air pur 	l'aria fresca	o ar puro	l'aire pur	freŝa aero	aere pur										6
02196	Farm	farmer 	der Landwirt 	el agricultor, el granjero	l'agriculteur , le fermier	l'agricoltore, il fattore	o agricultor	el pagès (els pagesos), l'agricultora (les agricultores)	farmisto	agricultor										6
02197	Entertainment	entertainment	die Unterhaltung (Freizeit)	el entretenimiento	le loisir, le divertissement	il divertimento	o lazer, o passatempo	l'entreteniment (els entreteniments)	distro	divertimento										6
02198	Entertainment	magazine 	die Zeitschrift , das Magazin 	la revista 	la revue, le magazine	la rivista	a revista	la revista (les revistes)	revuo	revista										6
02199	Entertainment	What movies (US) / films (UK) are playing at the movie theater (US) / cinema (UK) today?	Welche Filme gibt es heute im Kino?	¿Qué películas hay en cine hoy?	Quels films il y a au cinéma aujourd'hui ?	Che film ci sono al cinema oggi?	Quais filmes tem no cinema hoje?	Quines pel·lícules fan avui al cinema?	Kiuj filmoj estas en la kinejo hodiaŭ?	Que filmes es projectate in le cinema hodie?										6
02200	Entertainment	What's playing at the theater? 	Was wird im Theater gespielt?	¿Qué hay en el teatro?	Qu'est-ce qui se joue au théâtre ?	Che c'è al teatro?	O que está em cartaz no teatro?	Què fan al teatre?	Kio ludas en la teatro?	Que se presenta in le theatro?										6
02201	Entertainment	I've already seen it	Ich habe es schon gesehen	Ya lo he visto	Je l'ai déjà vu	L'ho già visto	Eu já vi	Ja ho he vist	Mi jam vidis ĝin	Io lo ha jam vidite.										6
02202	Entertainment	Are there subtitles?	Gibt es Untertitel?	¿Hay subtítulos?	Il y a des sous-titres ?	Ci sono i sottotitoli?	Tem legendas?	Hi ha subtítols?	Ĉu estas subtekstoj?	Il ha subtitulos?										6
02203	Entertainment	How long is it? [for example: a show, a performance]	Wie lange dauert es?	¿Cuánto tiempo dura?	Ça dure combien de temps ?	Quanto tempo dura?	Quanto tempo dura?	Quant de temps dura?	Kiom longe ĝi daŭras?	Quanto tempore dura illo?										6
02204	Entertainment	What is your favorite kind of music?	Was ist deine Lieblingsmusik?	¿Cuál es tu tipo de música favorita?	Quel est ton genre de musique préféré ?	Qual è il tuo tipo di musica preferito?	Qual é o seu tipo favorito de música?	Quin és el teu tipus de música preferit?	Kio estas via plej ŝatata muzikspeco?	Qual es tu typo favorite de musica?										6
02205	Entertainment	Who is your favorite author?	Wer ist dein Lieblingsautor?	¿Quién es tu autor preferido?	Qui (Quel) est ton auteur préféré ?	Chi è il tuo autore preferito?	Quem é o seu autor preferido?	Qui és el teu autor preferit?	Kiu estas via plej ŝatata aŭtoro?	Qui es tu autor favorite?										6
02206	Sports	I like watching sports on TV	Ich schaue gern Sport im Fernsehen	Me gusta ver deporte en la televisión	J'aime regarder le sport à la télévision	Mi piace guardare lo sport alla televisione	(Eu) gosto de ver esporte na televisão	M'agrada veure esports a la televisió	Mi ŝatas spekti sportojn en televido	Me place spectar sportes al television.										6
02207	Sports	We would like to go to a football/soccer game	Wir würden gern zu einem Fußballspiel gehen 	Nos gustaría ir a un partido de fútbol	On aimerait aller à un match de foot	Ci piacerebbe andare ad una partita di calcio	Nós gostaríamos de ir a uma partida de futebol	Ens agradaria anar a un partit de futbol	Ni ŝatus iri al futbalmatĉo	Nos volerea ir a un partita de football.										6
02208	Sports	Who's playing?	Wer spielt?	¿Quién juega?	Qui joue ?	Chi gioca?	Quem joga?	Qui juga?	Kiu ludas?	Qui joca?										6
02209	Sports	Do you want to play?	Willst du spielen?	¿Quieres jugar ?	Tu veux jouer ?	Vuoi giocare?	Quer jogar?	Vols jugar?	Ĉu vi volas ludi?	Vole tu jocar?										6
02210	Sports	Can I play? 	Kann ich mitspielen?	¿Puedo jugar?	Je peux jouer ?	Posso giocare?	Posso jogar?	Puc jugar?	Ĉu mi povas ludi?	Pote io jocar?										6
02211	Sports	Pass it to me!	Spiel ihn zu mir!	¡Pásamelo!	Passe-le-moi !	Passamelo!	Me passa!	Passa-me-la!	Pasu ĝin al mi!	Passa lo a me!										6
02212	Sports	One point for you	Ein Punkt für dich	Un punto para ti	Un point pour toi	Un punto per te	Um ponto para você	Un punt per a tu	Unu poento por vi	Un puncto pro te										6
02213	Sports	effort	die Bemühung , die Anstrengung 	el esfuerzo	l'effort 	lo sforzo	o esforço	l'esforç (els esforços)	peno	effortio										6
02214	Outdoor Activities	outdoors	draußen, im Freien	al aire libre 	en plein air	all'aria aperta	ao ar livre	a l'aire lliure	ekstere	al aere libere	Meine Kinder spielen jeden Tag draußen	Mis hijos juegan al aire libre todos los días	Mes enfants jouent en plein air tous les jours	I miei figli giocano all'aria aperta tutti i giorni	Meus filhos brincam ao ar livre diariamente	My children play outdoors every day	Els meus fills juguen a l'aire lliure cada dia	Miaj infanoj ludas ekstere ĉiutage	Mi infantes joca al aere libere cata die	6
02215	Hiking & Trekking	hiking	die Wanderung	el senderismo	la randonnée	l'escursionismo	a caminhada	el senderisme	migrado	excursionismo										6
02216	Introductions & Socializing	I’m here on a business trip	Ich bin hier auf Geschäftsreise	Estoy aquí por un viaje de negocios	Je suis ici en voyage d'affaires	Sono qui in viaggio di affari	(Eu) estou aqui em uma viagem de negócios	Sóc aquí per un viatge de negocis	Mi estas ĉi tie por afervojaĝo	Io es hic in un viage de affaires										6
02217	Introductions & Socializing	I came with some friends	Ich bin mit einigen Freunden gekommen	Yo vine con unos amigos	Je suis venu avec quelques amis	Sono venuto con alcuni amici	(Eu) vim com uns amigos	Vaig venir amb uns amics	Mi venis kun kelkaj amikoj	Io veniva con alcun amicos										6
02218	Nightlife & Social Plans	What's happening around here tonight?	Was ist heute Abend hier in der Gegend los?	¿Qué hay por aquí esta noche?	Qu'est-ce qu'il se passe dans le coin ce soir?	C'è qualcosa nei dintorni stasera?	O que rola por aqui hoje à noite?	Què hi ha per aquí aquesta nit?	Kio okazas ĉi-vespere ĉi tie?	Que occurre circa hic iste nocte?										6
02219	Nightlife & Social Plans	Where are the nightclubs?	Wo sind die Nachtclubs?	¿Dónde están las discotecas?	Où sont les boîtes de nuit ?	Dove sono i locali notturni? 	Onde ficam as boates?	On són les discoteques?	Kie estas la noktokluboj?	Ubi es le discothecas?										6
02220	Nightlife & Social Plans	I feel like going to a bar	Ich habe Lust in eine Bar zu gehen	Tengo ganas de ir a un bar	J'ai envie d'aller dans un bar	Ho voglia di andare al bar	(Eu) tenho vontade de ir a um bar	Tinc ganes d'anar a un bar	Mi emas iri al trinkejo	Io ha le desiro de vader a un bar										6
02221	Nightlife & Social Plans	I can pick you up at your house	Ich kann dich bei dir zu Hause abholen	Puedo recogerte en tu casa	Je peux venir te chercher chez toi 	Posso venire a prenderti a casa tua	(Eu) posso pegar você em sua casa	Puc passar a recollir-te per casa teva	Mi povas preni vin ĉe via domo	Io pote prender te a tu casa										6
02222	Nightlife & Social Plans	Let's go to see a movie (US) / a film (UK)	Lass uns einen Film ansehen	Vamos a ver una película	Allons voir un film	Andiamo a vedere un film	(Nós) vamos ver um filme	Anem a veure una pel·lícula	Ni iru spekti filmon	Vamos vider un film										6
02223	Parties & Socializing	to come over (came over, come over)	vorbeikommen	pasarse (por casa de alguien), dejarse caer	passer (chez quelqu'un)	passare (a trovare)	vir (à sua casa)	passar per (casa d'algú)	viziti	passar per le casa de alicuno	Meine Schulfreunde sind gestern vorbeigekommen	Mis amigos de la escuela se pasaron ayer	Mes camarades de classe sont passés hier	I miei amici di scuola sono passati ieri	Meus amigos da escola vieram aqui em casa ontem	My friends from school came over yesterday	Els meus amics de l'escola van passar ahir.	Miaj lernejaj amikoj vizitis hieraŭ.	Mi amicos del schola passava per mi casa heri	6
02224	Parties & Socializing	Do you want to come have a drink with us?	Willst du mit uns etwas trinken gehen?	¿Quieres venir con nosotros a tomar una copa?	Tu veux venir avec nous pour boire un verre?	Vuoi venire con noi a bere qualcosa?	Quer vir conosco beber algo? (Quer vir conosco tomar algo?) 	Vols venir a prendre una copa amb nosaltres?	Ĉu vi volas veni trinki kun ni?	Vole tu venir con nos a prender un bibita?										6
02225	Parties & Socializing	What's your favorite cocktail?	Was ist dein Lieblingscocktail?	¿Cuál es tu cóctel preferido?	Quel est ton cocktail préféré?	Qual è il tuo cocktail preferito?	Qual é o seu coquetel preferido?	Quin és el teu còctel preferit?	Kio estas via plej ŝatata koktelo?	Qual es tu cocktail preferite?										6
02226	Parties & Socializing	What song would you like to listen to?	Welches Lied würdest du gern hören?	¿Qué canción te gustaría escuchar?	Quelle chanson aimerais-tu écouter?	Che canzone ti piacerebbe ascoltare?	Que música você gostaria de escutar?	Quina cançó t'agradaria escoltar?	Kiun kanton vi ŝatus aŭskulti?	Qual canto te placerea ascoltar?										6
02227	Parties & Socializing	I like this music	Ich mag diese Musik	Me gusta esta música	J'aime cette musique	Mi piace questa musica	Eu gosto dessa música	M'agrada aquesta música	Mi ŝatas ĉi tiun muzikon	Iste musica me place										6
02228	Parties & Socializing	I want to learn to dance like that	Ich will so tanzen lernen	Quiero aprender a bailar así	Je veux apprendre à danser comme ça	Voglio imparare a ballare così	Quero aprender a dançar assim	Vull aprendre a ballar així	Mi volas lerni danci tiel	Io vole apprender a dansar assi										6
02229	Parties & Socializing	I like dancing with you	Ich tanze gerne mit dir	Me gusta bailar contigo	J'aime bien danser avec toi	Mi piace ballare con te	Eu gosto de dançar contigo	M'agrada ballar amb tu	Mi ŝatas danci kun vi	Me place dansar con te										6
02230	Parties & Socializing	Have you got a light?	Hast du Feuer?	¿Tienes fuego ?	Tu as du feu?	Hai da accendere?	Tem fogo?	Tens foc?	Ĉu vi havas fajron?	Ha tu un accenditor?										6
02231	Parties & Socializing	I don't do drugs	Ich nehme keine Drogen	No consumo drogas	Je ne prends pas de drogue	Non prendo droga	Não uso drogas	No consumeixo drogues	Mi ne uzas drogojn	Io non usa drogas										6
02232	Expressions & Emotions	to be mad at someone	auf jemanden sauer/wütend sein	estar enfadado(a) con alguien	être fâché contre quelqu'un	essere arrabbiato con qualcuno	estar bravo(a) com alguém	estar enfadat(da) amb algú	koleri kontraŭ iu	esser irate contra alicuno	Siehst du, was du getan hast? Jetzt ist sie sauer auf mich	¿Ves lo que has hecho? Ahora ella está enfadada conmigo	Tu vois ce que tu as fait ? Maintenant, elle est fâchée contre moi	Hai visto cosa hai fatto? Adesso è arrabbiata con me	Viu o que você fez? Agora, ela está brava comigo	See what you did? Now she's mad at me	Veus el que has fet? Ara ella està enfadada amb mi.	Ĉu vi vidas, kion vi faris? Nun ŝi koleras kontraŭ mi.	Vide lo que tu ha facite? Ora illa es irate contra me.	6
02233	Expressions & Emotions	It's wonderful	Das ist wundervoll/wunderbar	Es maravilloso	C'est merveilleux	È meraviglioso	É maravilhoso	És meravellós	Estas mirinde	Il es meraviliose										6
02234	Expressions & Emotions	I'm angry	Ich bin verärgert	Estoy enfadado(a) (ES), Estoy enojado(a) (AL)	Je suis en colère	Sono arrabbiato(a)	Estou com raiva	Estic enfadat(da)	Mi koleras	Io es irate										6
02235	Expressions & Emotions	I'm not feeling very well	Ich fühle mich nicht sehr gut	No me encuentro muy bien	Je ne me sens pas très bien	Non mi sento bene	(Eu) não estou me sentindo muito bem	No em trobo gaire bé	Mi ne sentas min tre bone	Io non me senti multo ben										6
02236	Flirting Phrases	May I ask you out for a drink?	Darf ich dich auf ein Getränk einladen?	¿Puedo invitarte a una copa?	Je peux t'inviter à boire un verre ?	Posso invitarti a bere un drink?	Posso te convidar para uma bebida?	Puc convidar-te a una copa?	Ĉu mi rajtas inviti vin al trinkaĵo?	Pote io invitar te a prender un bibita?										6
02237	Flirting Phrases	I love your eyes	Ich mag deine Augen	Me gustan (me encantan) tus ojos	J'adore tes yeux	Mi piacciono i tuoi occhi	Gosto dos seus olhos	M'agraden els teus ulls	Mi ŝatas viajn okulojn	Io adora tu oculos										6
02238	Flirting Phrases	I love your smile	Ich mag dein Lächeln	Me gusta (me encanta) tu sonrisa	J'adore ton sourire	Mi piace il tuo sorriso	Gosto do seu sorriso	M'agrada el teu somriure	Mi ŝatas vian rideton	Io adora tu surriso										6
02239	Flirting Phrases	Can I kiss you?	Darf ich dich küssen?	¿Te puedo besar?	Je peux t'embrasser?	Posso darti un bacio?	Posso te beijar?	Et puc fer un petó?	Ĉu mi povas kisi vin?	Pote io basiar te?										6
02240	Love & Romance	groom  	der Bräutigam 	el novio (en la boda)	le marié	lo sposo	o noivo 	el nuvi (els nuvis) (al casament)	fianĉo	sponso										6
02241	Love & Romance	wedding	die Hochzeit	la boda	le mariage (cérémonie)	il matrimonio	o casamento (cerimônia)	el casament (els casaments), la boda (les bodes)	geedziĝo	nuptias										6
02242	Love & Romance	Do you love me?	Liebst du mich?	¿Me quieres? (ES), ¿Me amas? (AL)	Tu m'aimes ?	Mi ami?	Você me ama?	M'estimes?	Ĉu vi amas min?	Tu ama me?										6
02243	Love & Romance	my love	mein Liebling	mi amor	mon amour	amore mio	meu amor	amor meu	mia amo	mi amor										6
02244	Love & Romance	husband  	der (Ehe)Mann 	el esposo, el marido	l'époux , le mari	il marito	o esposo, o marido	el marit (els marits), l'espòs (els esposos)	edzo	marito										6
02245	Travel Farewells	It was a pleasure to meet you	Es war ein Vergnügen dich zu treffen	Fue un placer conocerte	C'était un plaisir de te rencontrer	È stato un piacere incontrarti	Foi um prazer conhecer você	Va ser un plaer conèixer-te	Estis plezuro renkonti vin	Esseva un placer incontrar te.										6
02246	Travel Farewells	We had a lot of fun!	Wir hatten viel Spaß!	¡Nos divertimos mucho!	On s'est bien amusé!	Ci siamo divertiti molto!	Nos divertimos muito!	Ens ho vam passar molt bé!	Ni multe amuziĝis!	Nos nos amusava multo!										6
02247	Travel Farewells	I had a good time 	Ich habe eine gute Zeit verbracht	Me divertí	J'ai passé un bon moment	Mi sono divertito molto	(Eu) me diverti	M'ho vaig passar bé	Mi bone amuziĝis	Io passava un bon tempore.										6
02248	Travel Farewells	I hope that you will come visit me someday	Ich hoffe, dass Sie mich eines Tages besuchen kommen	Espero que vengas a visitarme algún día 	J'espère que vous allez venir me rendre visite un jour 	Spero che mi farà visita un giorno 	(Eu) espero que você venha me visitar um dia	Espero que vinguis a visitar-me algun dia	Mi esperas, ke vi iam venos viziti min	Io spera que tu venira visitar me un die.										6
02249	Travel Farewells	If you ever want to come visit me, you are welcome	Wenn du mich irgendwann besuchen kommen willst, bist du herzlich willkommen	Si quieres venir a visitarme, eres bienvenido(a)	Si jamais tu veux me rendre visite, tu es le(a) bienvenu(e)	Se un giorno vuoi farmi visita, sarai il(la) benvenuto(a)	Se você quiser me visitar um dia, será bem-vindo(a)	Si mai vols venir a visitar-me, ets benvingut(da)	Se vi iam volas viziti min, vi estas bonvena	Si unquam tu vole venir visitar me, tu es benvenite.										6
02250	Travel Farewells	Thanks for your invitation	Danke für deine Einladung	Gracias por tu invitación	Merci pour ton invitation	Grazie per il tuo invito	Obrigado(a) por seu convite	Gràcies per la teva invitació	Dankon pro via invito	Gratias pro tu invitation.										6
02251	Travel Farewells	I hope to see you again soon	Ich hoffe dich bald wiederzusehen	Espero volver a verte pronto	J'espère te revoir bientôt	Spero di rivederti presto	(Eu) espero rever você em breve	Espero tornar-te a veure aviat	Mi esperas revidi vin baldaŭ	Io spera vider te de novo tosto										6
02252	Conversation Starters	What's up?	Was gibt's? Was geht (ab)?	¿Qué tal?	Qu'est-ce qu'il y a ? Quoi de neuf ?	Cosa c'é?, Come va la vita?	E aí?	Què passa?	Kio okazas?	Como va?	Was gibt's Doktor?	¿Qué tal, doctor?	Quoi de neuf, docteur ?	Come va la vita, dottore?	E aí, doutor?	What's up, doc?	Què passa, doctor?	Kio okazas, doktoro?	Como va, doctor?	6
02253	Phrases of Speech	unfortunately	leider	por desgracia, desafortunadamente	malheureusement	sfortunatamente, purtroppo	infelizmente	per desgràcia, desafortunadament	bedaŭrinde	infortunatemente	Leider gibt es keinen Platz mehr für uns.	Desafortunadamente, no hay más espacio para nosotros.	Malheureusement, il n'y a plus de place pour nous.	Sfortunatamente non c'è più spazio per noi	Infelizmente, não há mais lugar pra nós	Unfortunately, there is no more room for us.	Per desgràcia, no hi ha més lloc per a nosaltres.	Bedaŭrinde, ne plu estas loko por ni.	Infortunatemente, il non ha plus spatio pro nos.	6
02254	Phrases of Speech	That sounds like	Das klingt wie.../ Das hört sich an wie...	Parece	Cela semble (comme), cela ressemble à	(Ciò) sembra	Parece	Sembla...	Tio sonas kiel...	Il pare	Das klingt wie eine gute Idee	Parece una buena idea	Cela semble une bonne idée	Sembra una buona idea	Parece uma boa idéia	That sounds like a good idea	Sembla una bona idea.	Tio sonas kiel bona ideo.	Il pare un bon idea.	6
02255	Conversational Fillers	indeed	tatsächlich	efectivamente, en efecto, ciertamente	en effet	infatti, effettivamente	de fato, realmente	en efecte, certament	efektive	effectivemente	Du wusstest es damals nicht, aber sie war tatsächlich immer deine Freundin	No lo sabías entonces, pero era ciertamentetu amiga desde el principio	Tu ne le savais pas à l'époque, mais elle était en effet ton amie depuis le début	All'epoca non lo sapevi, ma effettivamente è stata tua amica fin dall'inizio.	Naquela época, você não sabia, mas ela realmente foi sua amiga o tempo todo	You didn't know it then, but she was indeed your friend all along	No ho sabies llavors, però en efecte era la teva amiga des del principi.	Vi ne sciis tion tiam, sed ŝi ja estis via amikino de la komenco.	Tu non lo sapeva alora, sed illa esseva effectivemente tu amica desde le principio.	6
02256	Conversational Fillers	By the way...	Übrigens...	Por cierto,...	Au fait...	A proposito...	A propósito...	Per cert,...	Cetere,...	A proposito...	Übrigens, was das Wochenende anbelangt, hat mein Chef mir freigegeben	Por cierto, respecto a este fin de semana, mi jefe me ha dejado libre	Au fait, pour ce week-end, mon boss me l'a laissé	A proposito, riguardo questo fine settimana, il mio capo me l'ha lasciato libero	A propósito, com relação a este fim de semana, meu chefe me liberou	By the way, regarding this weekend, my boss has given it off for me	Per cert, pel que fa a aquest cap de setmana, el meu cap m'ha donat festa.	Cetere, pri ĉi tiu semajnfino, mia estro donis al mi liberan tagon.	A proposito, concernente iste fin de septimana, mi chef me ha date tempore libere.	6
02257	Conversational Fillers	Well...	Na ja..., Tja...	Bueno...	Eh bien, bon...	Beh...	Bem...	Bé...	Nu...	Bon...	Na ja, ich wollte gehen, aber ich denke, ich werde bleiben.	Bueno, me estaba yendo pero creo que me quedaré	Eh bien, j'allais partir, mais j'imagine que je vais rester	Beh, stavo per uscire, ma immagino che rimarrò	Bem, eu estava partindo, mas acho que vou ficar	Well, I was going to leave, but I guess I'll stay	Bé, estava a punt de marxar, però crec que em quedaré.	Nu, mi estis forironta, sed mi supozas, ke mi restos.	Bon, io intendeva partir, ma io suppone que io restara.	6
02258	Conversational Fillers	as..., since...	da ...	visto que..., ya que...	vu que..., puisque...	visto che...	já que... 	ja que..., atès que...	ĉar..., pro tio ke...	viste que..., pois que...	Ich denke, ich gehe jetzt zu meinem Vater, da die Schlange sich nicht bewegt/nicht kürzer wird.	Creo que iré donde mi padre ahora, visto que la cola no avanza.	Je pense à aller chez mon père maintenant, vu que la queue n'avance pas.	Penso di andare adesso da mio padre visto che la fila non si muove.	Estou pensando em ir pra casa do meu pai agora, já que a fila não anda.	I'm thinking of going to my father's now, as the line is not moving	Crec que aniré a casa del meu pare ara, ja que la cua no avança.	Mi pensas iri al mia patro nun, ĉar la vico ne moviĝas.	Io pensa vader nunc a casa de mi patre, viste que le cauda non avantia.	6
02259	Conversational Fillers	though	allerdings	sin embargo, pero	cependant, mais, par contre	tuttavia, però	mas, no entanto	tanmateix, però	tamen	tamen	Das Wetter könnte allerdings ein Problem sein	El tiempo podría ser un problema, sin embargo.	Le temps pourrait être un problème, par contre.	Il tempo potrebbe essere un problema, però.	O clima poderia ser um problema, no entanto.	The weather could be a problem, though	El temps podria ser un problema, tanmateix.	La vetero povus esti problemo, tamen.	Le tempore poterea esser un problema, tamen.	6
02260	Conversational Fillers	currently, presently	zurzeit, derzeit	actualmente	actuellement	attualmente, al momento	atualmente	actualment	nuntempe	actualmente	Ich arbeite zurzeit für die Regierung	Trabajo para el gobierno actualmente	Je travaille actuellement pour le gouvernement.	Lavoro per il governo attualmente.	Eu trabalho para o governo atualmente.	I work for the government currently	Actualment treballo per al govern.	Mi nuntempe laboras por la registaro.	Io labora actualmente pro le governamento.	6
02261	Conversational Fillers	in fact, actually	in der Tat, eigentlich	de hecho, en realidad	en fait	in effetti, in verità	na verdade	de fet, en realitat	fakte	de facto, in realitate	Das Englische wurde in der Tat stark vom Französischen beeinflusst.	De hecho, el inglés fue fuertemente influenciado por el francés	En fait, l'anglais a été fortement influencé par le français	In effetti, l'inglese è stato pesantemente influenzato dal francese	Na verdade, o inglês foi fortemente influenciado pelo francês	In fact, English was heavily influenced by French	De fet, l'anglès va ser fortament influenciat pel francès.	Fakte, la angla estis forte influita de la franca.	De facto, le anglese esseva fortemente influentiate per le francese.	6
02262	Correction & Clarification	How do you write that? 	Wie schreibt man das?	¿Cómo se escribe?	Comment ça s'écrit ?	Come si scrive ?	Como se escreve? 	Com s'escriu?	Kiel oni skribas tion?	Como se scribe isto?										6
02263	Correction & Clarification	How do you say ...?	Wie sagt man ...?	¿Cómo se dice... ?	Comment dit-on ... ?	Come si dice... ?	Como se diz...?	Com es diu...?	Kiel oni diras...?	Como se dice...?	Wie sagt man «Schuhe» in dieser Sprache?	¿Cómo se dice «zapatos» en este idioma?	Comment dit-on « chaussures»dans cette langue ?	Come si dice «scarpe» in questa lingua?	Como se diz «sapatos» nesta língua?	How do you say «shoes» in this language?	Com es diu «sabates» en aquest idioma?	Kiel oni diras «ŝuoj» en ĉi tiu lingvo?	Como se dice «scarpas» in iste lingua?	6
02264	Correction & Clarification	Let me put it another way	Lass es mich auf eine andere Art ausdrücken	Déjame decirlo de otra manera	Laisse-moi le dire d'une autre façon	Lasciami dirlo in modo diverso	Deixe-me dizer de outra maneira	Deixa-m'ho dir d'una altra manera	Lasu min diri ĝin alimaniere	Lassa me dicer lo de un altere maniera										6
02265	Correction & Clarification	Oops, I got confused with...	Ups, ich habe ...  mit ... verwechselt	Ups, me confundí con...	Oups, j'ai confondu avec...	Ops, ho confuso con...	Ops, me confundi com...	Vaja, m'he confós amb...	Ho, mi konfuzis kun...	Ups, io me confundeva con...										6
02266	Correction & Clarification	Please don't hesitate to correct my mistakes, it helps me a lot	Bitte scheu dich nicht davor meine Fehler zu korrigieren, das hilft mir sehr	No dudes en corregir mis errores por favor, me ayuda mucho	N'hésite pas à corriger mes erreurs s'il te plaît, cela m'aide beaucoup	Per piacere, non esitare a correggere i miei errori, mi aiuta molto	Não hesite em corrigir meus erros, por favor, isso me ajuda muito	Si us plau, no dubtis a corregir els meus errors, m'ajuda molt	Bonvolu ne heziti korekti miajn erarojn, tio multe helpas min	Per favor, non hesita a corriger mi errores; illo me adjuta multo										6
02267	Agreeing Disagreeing	I also think that...	Ich denke auch, dass...	Yo también pienso que...	Je pense aussi que...	Penso anche che...	Eu também penso que...	Jo també penso que...	Mi ankaŭ pensas, ke...	Io etiam pensa que...										6
02268	Agreeing Disagreeing	That isn't true at all	Das ist überhaupt nicht wahr	No es para nada cierto	Ce n'est pas vrai du tout	Questo non è affatto vero	Isso realmente não é verdade	Això no és cert en absolut	Tio tute ne veras	Isto non es del toto ver										6
02269	Agreeing Disagreeing	I don't think so	Das glaube ich nicht (Ich denke nicht )	Pienso que no	Je ne pense pas	Non credo (let. Non penso)	Eu acho que não	Crec que no	Mi ne pensas tiel	Io pensa que no										6
02270	Parts of the Body	ear	das Ohr 	la oreja	l'oreille (les oreilles)	l'orecchio (le orecchie)	a orelha	l'orella (les orelles)	orelo	aure										6
02271	Parts of the Body	hairs (on the body)	die Haare (am Körper)	los pelos	les poils 	i peli	os pêlos	els pèls (del cos)	korpaj haroj	pilos										6
02272	Parts of the Body	skin	die Haut 	la piel	la peau	la pelle	a pele	la pell (les pells)	haŭto	pelle										6
02273	Personality Traits	nice, kind	nett, freundlich	amable	aimable, gentil(le)	gentile	amável	amable	afabla, bonkora	amabile										6
02274	Personality Traits	pleasant	angenehm	agradable	agréable	gradevole	agradável	agradable	agrabla	agradabile										6
02275	Personality Traits	unpleasant	unangenehm	desagradable	désagréable	sgradevole	desagradável	desagradable	malagrabla	disagradabile										6
02276	Personality Traits	lazy 	faul	perezoso(a) 	paresseux(se)	pigro(a)	preguiçoso(a)	gandul(a), mandrós(a)	pigra	pigre										6
02277	Personality Traits	hard-working 	fleißig	trabajador(a) (adjectivo)	travailleur (adjectif)	diligente, lavoratore (aggettivo)	trabalhador, trabalhadora	treballador(a)	laborema	laboriose										6
02278	Personality Traits	passionate 	leidenschaftlich	apasionado(a)	passionné(e) 	appassionato(a)	apaixonado(a)	apassionat(ada)	pasia	passionate										6
02279	Personality Traits	creative 	kreativ	creativo(a)	créatif(ve)	creativo(a)	criativo(a)	creatiu(va)	kreema	creative										6
02280	Personality Traits	energetic 	energisch	enérgico(a)	énergique	energico(a)	enérgico(a)	enèrgic(a)	energia	energetic										6
02281	Personality Traits	humble 	bescheiden	humilde 	humble	umile	humilde	humil	humila	humile										6
02282	Personality Traits	naive 	naiv	ingenuo(a)	naïf (naïve)	ingenuo(a)	ingênuo(a)	ingenu(a)	naiva	ingenue										6
02283	Personality Traits	loyal 	loyal	leal 	loyal(e)	leale	leal	lleial	loiala	loyal										6
02284	Personality Traits	extrovert	extrovertiert	extrovertido(a) 	extraverti(e) 	estroverso(a)	extrovertido(a)	extravertit(ida)	ekstroverta	extrovertite										6
02285	Personality Traits	honest 	ehrlich	honesto(a)	honnête	onesto(a)	honesto(a)	honest(a)	honesta	honeste										6
02286	Feelings & Emotions	relieved	erleichtert	aliviado(a)	soulagé(e)	sollevato(a)	aliviado(a)	alleujat(ada)	malpezigita	alleviate										6
02287	Feelings & Emotions	moved, touched	gerührt, betroffen	conmovido(a) 	ému(e), touché(e)	commosso(a)	comovido(a)	commogut(uda)	kortuŝita	commovite										6
02288	Feelings & Emotions	excited	aufgeregt	emocionado(a), excitado(a)	excité(e), enthousiaste	emozionato(a)	animado(a)	emocionat(ada)	ekscitita	excitate										6
02289	Feelings & Emotions	angry 	wütend	enfadado(a) 	en colère	arrabbiato, in collera	brabo(a), bravo(a)	enfadat(ada)	kolera	irate										6
02290	Clothes & Accessories	This shirt is wrinkled; you should iron it	Dieses Hemd ist zerknittert, du solltest es bügeln.	Esta camisa está arrugada, deberías plancharla	Cette chemise est froissée, tu devrais la repasser	Questa camicia è sgualcita, dovresti stirarla	Esta camisa está amassada, você deveria repassá-la	Aquesta camisa està arrugada; l'hauries de planxar	Ĉi tiu ĉemizo estas sulkigita; vi devus gladi ĝin	Iste camisa es rugose; tu deberea repassar la										6
02291	Clothes & Accessories	coat 	der Mantel 	el  abrigo  	le manteau	il cappotto	o casaco	l'abric (els abrics)	mantelo	mantello										6
02292	Clothes & Accessories	raincoat	die Regenjacke 	el impermeable 	l'imperméable 	l'impermeabile	a capa de chuva	l'impermeable (els impermeables)	pluvmantelo	impermeabile										6
02293	Clothes & Accessories	scarf  [plur. scarves or scarfs]	der Schal 	la bufanda 	l'écharpe 	la sciarpa	o cachecol	la bufanda (les bufandes)	ŝalo	fascia de collo										6
02294	Hair & Beauty	How long will I have to wait?	Wie lange werde ich warten müssen?	¿Cuánto tiempo tendré que esperar?	Combien de temps devrai-je attendre ?	Quanto tempo dovrò aspettare?	Quanto tempo terei que esperar?	Quant de temps hauré d'esperar?	Kiom longe mi devos atendi?	Quanto tempore debera io attender?										6
02295	Hair & Beauty	sideburns (hair)	die Koteletten	las patillas	les pattes (cheveux)	le basette (capelli)	as costeletas	les patilles (cabells)	vangharoj	favoritos										6
02296	Hair & Beauty	scissors	die Schere 	las tijeras	les ciseaux	le forbici	a tesoura	les tisores	tondilo	cisorios										6
02297	Family Members	wife [plur. wives]	die (Ehe)Frau 	la esposa, la mujer	l'épouse , la femme	la sposa, la moglie	a esposa, a mulher	l'esposa (les esposes), la muller (les mullers)	edzino	uxor										6
02298	Family Members	nephew	der Neffe 	el sobrino	le neveu 	il nipote (di zii)	o sobrinho	el nebot (els nebots)	nevo	nepote										6
02299	Family Members	niece	die Nichte  	la sobrina	la nièce 	la nipote (di zii)	a sobrinha	la neboda (les nebodes)	nevino	nepta										6
02300	Family Members	father-in-law	der Schwiegervater 	el suegro (padre del esposo o de la esposa)	le beau-père (père du conjoint)	il suocero (padre del marito o della moglie)	o sogro	el sogre (els sogres)	bopatro	patre affin										6
02301	Family Members	stepfather	der Stiefvater 	el padrastro	le beau-père (nouveau mari)	il patrigno	o padrastro	el padrastre (els padrastres)	duonpatro	patrastro										6
02302	Family Members	mother-in-law	die Schwiegermutter 	la suegra (madre del esposo o de la esposa)	la belle-mère (mère du conjoint)	la suocera (madre del marito o della moglie)	a sogra	la sogra (les sogres)	bopatrino	matre affin										6
02303	Family Members	stepmother	die Stiefmutter 	la madrastra	la belle-mère (nouvelle épouse)	la matrigna	a madrasta	la madrastra (les madrastres)	duonpatrino	matrastra										6
02304	Time & Frequency	last night	gestern Abend, gestern Nacht	ayer por la noche, anoche	hier soir	ieri sera, ieri notte	ontem à noite	ahir a la nit	hieraŭ nokte	heri nocte										6
02305	Weather Conditions	It’s been raining non-stop for two days now	Es hat nun seit zwei Tagen ununterbrochen geregnet.	Ha estado lloviendo sin parar durante dos días	Ça fait maintenant deux jours qu'il pleut sans arrêt	Sta piovendo ininterrottamente da due giorni ormai	Está chovendo sem parar há dois dias	Fa dos dies que plou sense parar	Pluvas senĉese de du tagoj	Il ha pluvite sin intermission durante duo dies										6
02306	Phone Usage	answering machine 	der Anrufbeantworter 	el contestador 	le répondeur	la segreteria telefonica	a secretária eletrônica	el contestador automàtic (els contestadors automàtics)	respondilo	responditor automatic										6
02307	Internet Usage	to surf the internet	im Internet surfen	navegar por Internet 	surfer sur internet	navigare su internet	navegar pela internet	navegar per Internet	navigi en la interreto	navigar per le Internet										6
02308	Internet Usage	.com (dot com)	.com (Punkt com)	.com (punto com) 	.com (point com)	.com (punto com) 	.com (ponto com)	.com (punt com)	.com (punkto com)	.com (puncto com)										6
02309	Internet Usage	attachment	der Anhang 	el archivo adjunto 	la pièce jointe	il file allegato	o arquivo anexo	l'arxiu adjunt (els arxius adjunts)	aldonaĵo	annexo										6
02310	Internet Usage	link	der Link 	el enlace 	le lien 	il collegamento, il link	o link	l'enllaç (els enllaços)	ligilo	ligamine										6
02311	Internet Usage	to download	herunterladen (eine Datei)	descargar, bajar (un archivo)	télécharger (un fichier)	scaricare (un file)	baixar (um arquivo)	descarregar, baixar (un arxiu)	elŝuti (dosieron)	discargar										6
02312	Computer Hardware	blog	der Blog 	el blog	le blog	il blog	o blog	el blog (els blogs)	blogo	blog										6
02313	Computer Hardware	to type	tippen (auf einer Tastatur)	escribir (en un teclado), mecanografiar	taper (sur un clavier)	scrivere (con una tastiera), digitare	digitar (em um teclado)	teclejar, picar (en un teclat)	tajpi	dactylographar	Vielleicht tippt sie an ihrem Computer	Quizás está escribiendo en su ordenador	Peut-être est-elle en train de taper sur son ordinateur	Forse sta scrivendo al computer	Talvez ela esteja digitando em seu computador	Maybe she's typing on her computer	Potser està teclejant al seu ordinador.	Eble ŝi tajpas sur sia komputilo.	Forsan illa dactylographa in su computator.	6
02314	Computer Hardware	laptop	der Laptop 	el ordenador portátil	l'ordinateur portable 	il portatile, il computer portatile	o laptop	el portàtil (els portàtils)	tekkomputilo	computator portabile										6
02315	Computer Hardware	computer  	der Computer 	el ordenador, la computadora	l'ordinateur 	il computer	o computador	l'ordinador (els ordinadors)	komputilo	computator										6
02316	Computer Hardware	screen 	der Bildschirm 	la pantalla 	l'écran 	lo schermo	o monitor	la pantalla (les pantalles)	ekrano	schermo										6
02317	Computer Hardware	mouse [plur. mice]	die Maus 	el ratón 	la souris	il mouse	o mouse	el ratolí (els ratolins)	muso	mus										6
02318	Computer Hardware	file	die Datei 	el archivo, el fichero 	le fichier	il file	o arquivo	l'arxiu (els arxius), el fitxer (els fitxers)	dosiero	archivo										6
02319	Computer Hardware	to print	drucken	imprimir	imprimer	stampare	imprimir	imprimir	presi	imprimer										6
02320	Emergencies	trouble	die Schwierigkeit, der Stress	problema, dificultad	l'ennui , la difficulté	la difficoltà, il problema	problemas	el problema (els problemes), la dificultat (les dificultats)	problemo	problema	Ich möchte keinen Stress	No quiero problemas	Je ne veux pas d'ennui	Non voglio problemi	Eu não quero problemas	I don't want any trouble	No vull problemes.	Mi ne volas problemon.	Io non vole problemas.	6
02321	Medical Situations	to heal	heilen, verheilen 	curar	guérir	guarire	curar	curar, guarir	resanigi	sanar	Mein Kopf ist vollkommen geheilt.	Mi cabeza está totalmente curada.	Ma tête est complètement guérie.	La mia testa è completamente guarita.	Minha cabeça está completamente curada.	My head is completely healed	El meu cap està completament curat.	Mia kapo estas tute resanigita.	Mi capite es completemente sanate.	6
02322	Medical Situations	to treat (medical)	versorgen	tratar, curar	soigner	curare	tratar (cuidado médico)	tractar (mèdic)	kuraci (medicine)	tractar	Du musst diesen Schnitt schnell versorgen, bevor er sich infiziert.	Debes tratar este corte rápidamente antes de que se infecte.	Il faut que tu soignes rapidement cette coupure avant qu'elle ne s'infecte.	Devi curare rapidamente questo taglio prima che si infetti.	Você precisa tratar esse corte rapidamente, antes que ele infeccione.	You have to treat this cut quickly before it gets infected	Has de tractar aquest tall ràpidament abans que s'infecti.	Vi devas rapide kuraci ĉi tiun tranĉon antaŭ ol ĝi infektiĝos.	Tu debe tractar iste vulnere rapidemente ante que illo se infecta.	6
02323	Medical Situations	sore	schmerzhaft, weh tun	doloroso, doler	douloureux, faire mal	doloroso, fare male	doer, estar dolorido(a)	adlorit(ida), fer mal	dolora	dolorose	Ich kann nicht mehrlaufen, meine Beine tun weh	Ya no puedo correr, me duelen las piernas.	Je ne peux plus courir, mes jambes me font mal.	Non posso più correre, mi fanno male le gambe.	Não consigo mais correr. Minhas pernas doem.	I can't run anymore, my legs are sore	Ja no puc córrer, em fan mal les cames.	Mi ne plu povas kuri, miaj kruroj estas doloraj.	Io non pote plus currer; mi gambas dole.	6
02324	Medical Situations	Where is the nearest pharmacy?	Wo ist die nächste Apotheke?	¿Dónde está la farmacia más cercana?	Où est la pharmacie la plus proche?	Dov'è la farmacia più vicina?	Onde fica a farmácia mais próxima?	On és la farmàcia més propera?	Kie estas la plej proksima apoteko?	Ubi es le pharmacia le plus proxime?										6
02325	Medical Situations	I'm going to the hospital	Ich gehe/fahre ins Krankenhaus	Voy al hospital 	Je vais à l'hôpital	Vado all'ospedale	Vou ao hospital	Vaig a l'hospital	Mi iras al la hospitalo	Io va al hospital.										6
02326	Medical Situations	to injure, to hurt [hurt, hurt]	verletzen; wehtun	herir, doler	blesser, faire mal	ferire	ferir, doer	ferir, fer mal	vundi	vulnerar; doler										6
02327	Medical Situations	fever 	das Fieber 	la fiebre	la fièvre	la febbre	a febre	la febre (les febres)	febro	febre										6
02328	Medical Situations	to catch a cold	sich erkälten	coger un resfriado	attraper froid	prendere freddo, prendere il raffreddore	estar resfriado, estar gripado	refredar-se	malvarmumi	prender un rheuma										6
02329	Medical Situations	flu	die Grippe 	la gripe	la grippe	l'influenza (malattia)	a gripe	la grip (les grips)	gripo	influenza										6
02330	Medical Situations	allergy	die Allergie 	la alergia	l'allergie 	l'allergia	a alergia	l'al·lèrgia (les al·lèrgies)	alergio	allergia										6
02331	Medical Situations	sunstroke	der Sonnenstich 	la insolación	l'insolation 	l'insolazione	a insolação	la insolació (les insolacions)	sunfrapo	insolation										6
02332	Medical Situations	to be burnt	verbrannt sein	estar quemado	être brûlé(e)	essere bruciato(a)	estar queimado(a)	estar cremat(ada)	esti bruligita	esser comburite										6
02333	Medical Situations	to cough	husten	toser	tousser	tossire	tossir	tossir	tusi	tussir										6
02334	Medical Situations	blood	das Blut 	la sangre	le sang	il sangue	o sangue	la sang	sango	sanguine										6
02335	Medical Situations	doctor	der Arzt, die Ärztin, der Doktor 	el médico, la médica	le médecin	il dottore, la dottoressa	o médico, a médica	el metge (els metges), la metgessa (les metgesses)	kuracisto	medico										6
02336	Medical Situations	nurse	der Krankenpfleger ; die Krankenschwester 	el(la) enfermero(a)	l'infirmier , l'infirmière 	l'infermiere(a)	o(a) enfermeiro(a)	l'infermer (els infermers), la infermera (les infermeres)	flegisto	infirmero										6
02337	Medical Situations	hospital	das Krankenhaus 	el hospital	l'hôpital	l'ospedale	o hospital	l'hospital (els hospitals)	hospitalo	hospital										6
02338	Prepositions	among	unter (innerhalb einer Gruppe)	entre	parmi	tra 	entre	entre	inter	inter	Wir werden jemanden unter diesen Bewerbern auswählen	Elegiremos a alguien entre estas candidaturas.	Nous allons choisir quelqu'un parmi ces candidats.	Sceglieremo qualcuno tra questi candidati.	Vamos escolher alguém entre as pessoas que se inscreveram.	We'll pick someone among those applicants.	Triarem algú entre aquests candidats.	Ni elektos iun inter tiuj kandidatoj.	Nos eligera alcuno inter ille candidatos.	6
02339	Prepositions	towards	hin(zu), auf ... zu	hacia	vers	verso	em direção a	cap a	al	verso	Er geht auf das Hotel zu	El se dirige hacia el hotel	Il se dirige vers l'hôtel	Si dirige verso l'albergo	Ele se dirige em direção ao hotel	He is heading towards the hotel	Ell es dirigeix cap a l'hotel.	Li iras al la hotelo.	Ille se dirige verso le hotel.	6
02340	Prepositions	according to	laut (einer Angabe), nach (einer Angabe) (im Sinne von «entsprechend der Information»)	según	selon	secondo	segundo	segons	laŭ	secundo	Der Karte nach ist das Krankenhaus dort	Según el mapa, el hospital está en esa dirección	Selon la carte, l'hôpital est par là	Secondo la mappa, l'ospedale è in questa direzione	Segundo o mapa, o hospital é por ali	According to the map, the hospital is that way	Segons el mapa, l'hospital és allà.	Laŭ la mapo, la hospitalo estas tie.	Secundo le carta, le hospital es in ille direction.	6
02341	Common Connectors	apart	auseinander	aparte	à part	a parte	separado(a)	a part	aparte	aparte										6
02342	Common Connectors	around	(um...) herum	alrededor de, por, en torno a	autour	intorno (a), in giro (per)	em volta	al voltant de	ĉirkaŭ	circa	Wir schauen in der Wohnung herum	Miramos por el apartamento.	Nous regardons autour de l'appartement.	Guardiamo in giro per l'appartamento.	Nós olhamos em volta do apartamento.	We look around the apartment.	Mirem per l'apartament.	Ni rigardas ĉirkaŭ la apartamento.	Nos reguarda circa in le appartamento.	6
02343	Common Connectors	totally	total	totalmente	totalement	totalmente	totalmente	totalment	tute	totalmente										6
02344	Common Connectors	several	mehrere	varios	plusieurs	vario	diversos(as)	diversos(es)	pluraj	plure	Helen geht in die Küche und stellt mehrere Dinge auf den Tisch	Helen va a la cocina y pone varias cosas sobre la mesa	Helen va dans la cuisine et met plusieurs choses sur la table	Helen va in cucina e mette varie cose sul tavolo	Helen vai à cozinha e coloca diversas coisas sobre a mesa	Helen goes into the kitchen and puts several things on the kitchen table	L'Helena va a la cuina i posa diverses coses sobre la taula.	Helena iras en la kuirejon kaj metas plurajn aferojn sur la kuirejan tablon.	Helen va in le cocina e pone plure cosas super le tabula del cocina.	6
02345	Common Connectors	truly	wirklich	realmente, de verdad	réellement	veramente	realmente	de veritat, realment	vere	vermente	Das tut mir wirklich Leid	Lamento realmente esto	Je suis réellement désolé pour ça	Sono veramente desolato per questo	Eu realmente lamento por isso	I'm truly sorry about that	Em sap greu de veritat.	Mi vere bedaŭras tion.	Io vermente regretta isto.	6
02346	Common Connectors	like this, this way	auf diese Weise	así	ainsi	così	assim	així	tiel	assi	Ich verstehe nicht, warum er auf diese Weise reagiert.	No entiendo por qué está reaccionando así.	Je ne comprends pas pourquoi il réagit ainsi.	Non capisco perché reagisce così.	Eu não entendo por que ele está reagindo assim.	I don't understand why he's reacting like this	No entenc per què reacciona així.	Mi ne komprenas kial li reagas tiel.	Io non comprende proque ille reage assi.	6
02347	Common Connectors	across	durch	a través de, a lo largo de	à travers	attraverso	através de	a través de	trans	trans	Ich würde gern durch Südamerikareisen.	Me gustaría viajar a lo largo de Sur América.	J'aimerais voyager à travers l'Amérique du Sud	Mi piacerebbe viaggiare attraverso l'America del Sud	Eu gostaria de viajar através da América do Sul.	I'd like to travel across South America.	M'agradaria viatjar a través de Sud-amèrica.	Mi ŝatus vojaĝi trans Sudamerikon.	Io volerea viagiar trans America del Sud.	6
02348	Irregular Verbs	to swear [swore, sworn] 	schwören	jurar	jurer	giurare	jurar	jurar	ĵuri	jurar	Mein Sohn schwor, dass er es nicht getan hat!	¡Mi hijo ha jurado que él nohizo nada!	Mon fils a juré qu'il n'a rien fait !	Mio figlio ha giurato che non ha fatto nulla!	Meu filho jurou que não foi ele!	My son swore he didn't do it!	El meu fill va jurar que no ho va fer!	Mia filo ĵuris, ke li ne faris tion!	Mi filio jurava que ille non lo habeva facite!	6
02349	Verbal Phrases	to do my best	mein Bestes tun	dar lo mejor de mí	faire de mon mieux	fare del mio meglio	dar o melhor de mim	fer el possible	fari mian plejeblon	facer mi melior										6
02350	Verbal Phrases	to do business with	mit jemandem Geschäfte machen	hacer negocios con	faire des affaires avec	fare affari con	fazer negócios com	fer negocis amb	fari negocojn kun	facer negotios con										6
02351	Verbal Phrases	to do the shopping	einkaufen gehen	hacer las compras	faire les courses	fare acquisti	fazer as compras	anar a comprar	butikumi	facer le compras										6
02352	Verbal Phrases	to make a decision	eine Entscheidung treffen	tomar una decisión	prendre une décision, décider	prendere una decisione, decidere	tomar uma decisão	prendre una decisió	fari decidon	prender un decision										6
02353	Verbal Phrases	to make a mistake	einen Fehler machen	cometer un error	faire une erreur	fare un errore	cometer um erro	cometre un error	fari eraron	committer un error										6
02354	Verbal Phrases	to make coffee	Kaffee machen	hacer un café	faire du café	fare il caffè	fazer um café	fer un cafè	fari kafon	facer caffe										6
02355	Verbal Phrases	to make a good / bad impression	einen guten/schlechten Eindruck  machen	dar una buena / mala impresión	faire bonne/mauvaise impression	fare una buona / cattiva impressione	causar uma boa/má impressão	fer una bona / mala impressió	fari bonan / malbonan impreson	facer un bon / mal impression										6
02356	Verbal Phrases	to make a phone call	einen Anruf tätigen	hacer una llamada	passer un coup de fil	fare una telefonata	fazer uma chamada	fer una trucada	fari telefonvokon	facer un appello telephonic										6
02357	Computer Basics	software	die Software , das (Computer)Programm 	el software, el programa	le logiciel	il software, il programma	o software	el programari, el software	programaro	software										6
02358	Education Terms	finals	die Abschlussprüfungen (Pl.)	exámenes finales	les examens de fin d'année	gli esami finali	as provas finais	els exàmens finals	finaj ekzamenoj	examines final										6
02359	Informal Greetings	What's up? What's happenin'? (casual)	Was geht (ab)? Was läuft? (informell)	¿Qué tal?, ¿Qué pasa? (informal)	Quoi de neuf ? Qu'est-ce que tu racontes ? (familier)	Che succede? Come va?	Como vão as coisas? (informal)	Què passa?	Kio okazas?	Que passa?	Hallo alle zusammen. Was geht?	Hola a todos, ¿Qué tal?	Salut tout le monde. Quoi de neuf?	Ciao a tutti. Che succede?	Olá, todo mundo. Como vão as coisas?	Hey, everybody. What's happenin'?	Hola a tothom. Què passa?	Saluton al ĉiuj. Kio okazas?	Holla a omnes. Que passa?	6
02360	Informal Greetings	guy (informal) 	der Typ, der Kerl (informell)	el tipo, el tío (SP)	le mec, le type	il tizio, il ragazzo	cara	el tio (informal)	ulo (neformala)	typo	Er ist ein guter Kerl	Es un buen tipo.	C'est un bon mec	È un bravo ragazzo	Ele é um cara legal	He's a good guy	És un bon tio.	Li estas bona ulo.	Ille es un bon typo.	6
02361	Environment & Ecology	to spread [spread, spread] (news)	verbreiten (Inhalte, Nachrichten)	difundir (noticias)	répandre (des informations)	diffondere (contenuti, notizie)	difundir, espalhar (notícias, informações)	difondre (notícies)	disvastigi (novaĵojn)	diffunder										6
02362	Politics & Government	ballot paper	der Stimmzettel 	la papeleta de votación	le bulletin de vote	la scheda elettorale	a cédula eleitoral	la papereta de votació (les paperetes de votació)	balotilo	bulletin de voto										6
02363	Politics & Government	to launch a party	eine Partei aufstellen	formar un partido	créer un parti	fondare un partito	formar um partido	formar un partit	lanĉi partion	formar un partito										6
02364	Politics & Government	regime	das Regime 	el régimen	le régime politique	il regime	o regime político	el règim (els règims)	reĝimo	regime										6
02365	Politics & Government	controversy	die Polemik , die Debatte	la polémica	la polémique	il dibattito, la controversia	a polêmica	la polèmica (les polèmiques)	polemiko	controversia										6
02366	Politics & Government	opposition	die Opposition	la oposición	l'opposition 	l'opposizione 	a oposição	l'oposició (les oposicions)	opozicio	opposition										6
02367	Social Issues	society	die Gesellschaft	la sociedad (grupo de individuos)	la société (groupe d'individu)	la società (gruppo di individui)	a sociedade (grupo de indivíduos)	la societat (les societats)	socio	societate										6
02368	News & Media	production	die Produktion 	la producción	la production	la produzione (radio, tv)	a produção	la producció (les produccions)	produktado	production										6
02369	News & Media	broadcast journalism	der Fernsehjournalismus 	el periodismo televisivo	le journalisme de télévision	il giornalismo radiotelevisivo	o jornalismo televisivo	el periodisme televisiu	televida ĵurnalismo	jornalismo televisive										6
02370	News & Media	review	die Kritik , die Rezension 	la crítica	la critique	la recensione	a crítica	la crítica (les crítiques), la ressenya (les ressenyes)	recenzo	critica										6
02371	News & Media	broadcast, program	die Übertragung , die Sendung 	la emisión, el programa	l'émission  (TV, radio)	la trasmissione radiotelevisiva	a transmissão, o programa	l'emissió (les emissions), el programa (els programes)	elsendo, programo	emission, programma										6
02372	News & Media	viewer	der Fernsehzuschauer	el telespectador	le téléspectateur	il telespettatore	o(a) telespectador(a)	el teleespectador (els teleespectadors), la teleespectadora (les teleespectadores)	televidanto	telespectator										6
02373	Nouns	writing	die Schrift 	la escritura	l'écriture 	la scrittura	a escrita	l'escriptura	skribado	scriptura										6
02374	Adjectives	urban	städtisch	urbano(a)	urbain(e)	urbano(a)	urbano(a)	urbà(na)	urba	urban										6
02375	Adverbs	on average	durchschnittlich	en promedio (AL), de media (ESP)	en moyenne	in media	em média	de mitjana	averaĝe	in media										6
02376	Social Situations	Nice day, isn't it?	Ein schöner Tag, nicht?	Bonito día, ¿no?	Belle journée n'est-ce pas ?	Bella giornata, vero?	Belo dia, não é?	Bon dia, oi?	Bela tago, ĉu ne?	Belle die, non?										6
02377	Sports	medal	die Medaille 	la medalla	la médaille	la medaglia	a medalha	la medalla (les medalles)	medalo	medalia										6
02378	Sports	bronze (olympic medal)	die Bronze  (olympische Medaille)	el bronce (medalla olímpica)	le bronze (médaille olympique)	il bronzo (medaglia olimpica)	o bronze (medalha olímpica)	el bronze (medalla olímpica)	bronzo (olimpika medalo)	bronzo										6
02379	Sports	silver (olympic medal)	das Silber  (olympische Medaille)	la plata (medalla olímpica)	l'argent  (médaille olympique)	l'argento (medaglia olimpica)	prata (medalha olímpica)	la plata (medalla olímpica)	arĝento (olimpika medalo)	argento										6
02380	Sports	podium	das Podium 	el podio	le podium	il podio	o pódio	el podi (els podis)	podio	le podio										6
02381	Sports	winner	der(die) Sieger(in) 	el ganador, la ganadora	le vainqueur	il vincitore, la vincitrice	o vencedor, o campeão	el guanyador (els guanyadors), la guanyadora (les guanyadores)	venkinto	le vincitor										6
02382	Sports	flag 	die Fahne , die Flagge 	la bandera 	le drapeau	la bandiera	a bandeira	la bandera (les banderes)	flago	le bandiera										6
02383	Sports	judge	der Richter 	el juez	le juge	il giudice	o juiz (esporte)	el jutge (els jutges), la jutgessa (les jutgesses)	juĝisto	le judice										6
02384	Sports	to light the Olympic flame	das olympische Feuer anzünden	encender el pebetero olímpico	allumer la flamme olympique	accendere la fiamma olimpica	acender a chama olímpica	encendre la flama olímpica	ekbruligi la olimpikan flamon	accender le flamma olympic										6
02385	Sports	Olympic flame	das olympische Feuer	la llama olímpica	la flamme olympique	la fiamma olimpica	a chama olímpica	la flama olímpica (les flames olímpiques)	olimpika flamo	le flamma olympic										6
02386	Sports	Faster, Higher, Stronger (the Olympic motto)	Schneller, höher, stärker (das olympische Motto)	Más rápido, más alto, más fuerte (el lema de los Juegos Olímpicos)	Plus vite, plus haut, plus fort (la devise olympique)	Più veloce, più in alto, più forte (il motto olimpico)	Mais rápido, mais alto, mais forte (o lema olímpico)	Més ràpid, més alt, més fort (el lema olímpic)	Pli rapide, pli alte, pli forte (la olimpika devizo)	Plus rapide, plus alte, plus forte										6
02387	Sports	Olympic hymn	die olympische Hymne 	el himno olímpico	l'hymne olympique 	l'inno olimpico	o hino olímpico	l'himne olímpic (els himnes olímpics)	olimpika himno	le hymno olympic										6
02388	Sports	mascot	das Maskottchen 	la mascota	la mascotte	la mascotte	o mascote	la mascota (les mascotes)	maskoto	le mascotte										6
02389	Sports	qualifications (sporting event)	die Qualifikationen (f) (Sportereignis)	las cualificaciones (evento deportivo)	les qualifications (événement sportif)	le qualificazioni (evento sportivo)	as qualificações (esporte)	les qualificacions (esdeveniment esportiu)	kvalifikoj (sporta evento)	le qualificationes										6
02390	Sports	disqualified	disqualifiziert	descalificado	disqualifié	squalificato	desqualificado	desqualificat(ada)	malkvalifikita	disqualificate										6
02391	Sports	The Paralympic Games	die Paralympischen Spiele	Los Juegos Paralímpicos	Les Jeux Paralympiques	Le Paralimpiadi, i Giochi paralimpici	Os Jogos Paraolímpicos	els Jocs Paralímpics	La Paralimpikoj	le Jocos paralympic										6
02392	Sports	Olympic village	das Olympiadorf	la Villa Olímpica	le village olympique	il villaggio olimpico	a vila olímpica	la Vila Olímpica (les Viles Olímpiques)	Olimpika Vilaĝo	villa olympic										6
02393	Sports	competitor	der Gegner 	el concursante	le compétiteur	l'avversario	o competidor	el competidor (els competidors), la competidora (les competidores)	konkuranto	concurrente										6
02394	Sports	athlete	der(die) Athlet(in)	el atleta	l'athlète 	l'atleta 	o atleta	l'atleta (els atletes)	atleto	athleta										6
02395	Sports	host city	die Gastgeberstadt 	la ciudad anfitriona	la ville hôte	la città ospitante	a cidade sede	la ciutat amfitriona (les ciutats amfitriones)	gastiganta urbo	citate hospite										6
02396	Sports	The most important thing is not winning but taking part (Pierre de Coubertin)	Dabei sein ist alles (lit. das Wichtigste ist nicht das Gewinnen, sondern die Teilnahme) (Pierre de Coubertin)	Lo esencial no es ganar, sino participar (Pierre de Coubertin)	L'essentiel n'est pas de gagner mais de participer (Pierre de Coubertin)	L'importante non è vincere ma partecipare (Pierre de Coubertin)	O importante não é ganhar, mas sim participar. (Pierre de Coubertin)	El més important no és guanyar, sinó participar (Pierre de Coubertin)	La plej grava afero ne estas venki sed partopreni (Pierre de Coubertin)	Le plus importante non es vincer, ma participar (Pierre de Coubertin)									Le plus importante non es vincer, ma participar (Pierre de Coubertin)	6
02397	Sports	national team	die Nationalmannschaft 	el equipo nacional	l'équipe nationale	la squadra nazionale	a equipe nacional	la selecció nacional (les seleccions nacionals)	nacia teamo	equipa national										6
02398	Sports	chronometer	das Chronometer 	el cronómetro	le chronomètre	il cronometro	o cronômetro	el cronòmetre (els cronòmetres)	kronometro	chronometro										6
02399	Basics	wanna (want to)	ich will	quiero	j'veux	voglio	quero	vull	volas (slango por «want to»)	voler	Ja, das ist genau das, was ich machen will!	¡Sí, es exactamente lo que quiero hacer!	Oui, c'est exactement ce que j'veux faire !	Sì, è esattamente quello che voglio fare!	Sim, isso é exatamente o que eu quero fazer!	Yes, that's exactly what I wanna do!	Sí, és exactament el que vull fer!	Jes, tio estas ĝuste kion mi volas fari!	Si, illo es exactemente lo que io vole facer!	6
02400	Basics	the sweetest	der/die Beste	el(la) más adorable, dulce	le(la) plus adorable	il(la) più adorabile, dolce	um amor, o(a) mais querido(a)	el/la més dolç(a)	la plej dolĉa	le plus dulce	Du bist der/die Beste!	¡Eres la más dulce!	Tu es le plus adorable !	Sei la più dolce!	Você é um amor!	You're the sweetest!	Ets la més dolça!	Vi estas la plej dolĉa!	Tu es le plus dulce!	6
02401	Basics	in the middle of	mitten in	en mitad de	au milieu de 	nel mezzo di	no meio de	al mig de	en la mezo de	in le medio de	Mein Telefon klingelt mitten in unserem Gespräch	Me suena el teléfono en mitad de nuestra conversación.	Mon téléphone sonne au millieu de notre  conversation	Il mio telefono squilla nel mezzo della nostra conversazione	Meu telefone toca no meio da nossa conversa.	My phone rings in the middle of our conversation.	El meu telèfon sona al mig de la nostra conversa.	Mia telefono sonoras meze de nia konversacio.	Mi telephono sona in le medio de nostre conversation.	6
02402	Basics	Give me a minute	Gib mir eine Minute	Dame un minuto	Donne-moi une minute	Dammi un minuto	Me dê um minuto	Dóna'm un minut	Donu al mi minuton	Da me un minuta	Gib mir eine Minute, um darüber nachzudenken	Dame un minuto para pensar en ello	Donne-moi une minute pour y réfléchir	Dammi un minuto per pensarci	Me dê um minuto para pensar sobre isso	Give me a minute to think about it	Dóna'm un minut per pensar-hi.	Donu al mi minuton por pripensi tion.	Da me un minuta pro pensar super illo.	6
02403	Communication	personal, personally	persönlich	personal, personalmente	personnel, personnellement	personalmente	pessoalmente	personal, personalment	persona, persone	personal, personalmente										6
02404	Communication	Oh my gosh!	Oh mein Gott!	¡Dios mío!	Oh mon Dieu !	Oh mio dio!	Oh, meu Deus!	Déu meu!	Ho, mia Dio!	Oh, Deo mie!										6
02405	Communication	perfectly	völlig (im Sinne von perfekt)	perfectamente, totalmente	parfaitement	perfettamente	totalmente, perfeitamente	perfectament	perfekte	perfectemente	Ich bin völlig gesund	Estoy totalmente sano.	Je suis en parfaite santé	Sono perfettamente in salute.	Eu estou perfeitamente saudável	I'm perfectly healthy	Estic perfectament sa.	Mi estas perfekte sana.	Io es perfectemente san.	6
02406	Communication	to post (online)	posten (online)	publicar (online)	publier (en ligne)	pubblicare (online)	publicar (online)	publicar (en línia)	afiŝi (rete)	publicar (in linea)										6
02407	Communication	comment	der Kommentar 	el comentario	le commentaire	il commento	o comentário	el comentari (els comentaris)	komento	le commentario										6
02408	Communication	to take notes	sich Notizen machen	tomar nota	prendre des notes	prendere appunti	anotar, tomar notas	prendre notes	preni notojn	prender notas	Ich habe mir Notizen gemacht	He estado tomando nota	J'ai pris des notes	Ho preso appunti	Eu tenho tomado notas	I've been taking notes	He estat prenent notes.	Mi prenis notojn.	Io ha prendite notas.	6
02409	Basics	average	mittelmäßig, durchschnittlich	media	moyen	media	(na) média	la mitjana	averaĝa	media	Meine Noten sind nur durchschnittlich.	Mis notas son como la media.	J'ai des notes juste moyennes	I miei voti sono solo nella media.	Minhas notas	My grades are just average.	Les meves notes són només mitjanes.	Miaj notoj estas nur averaĝaj.	Mi notas es justo in le media.	6
02410	Basics	to judge	urteilen, (jemanden) verurteilen	juzgar	juger	giudicare	julgar	jutjar	juĝi	judicar										6
02411	Positive Attitudes	offer	das Angebot	la oferta	l'offre	l'offerta	a oferta	l'oferta (les ofertes)	oferto	le offerta	Das ist ein sehr grosszügiges Angebot, aber...	Es una oferta muy generosa, pero...	C'est une offre très généreuse, mais...	È un'offerta davvero generosa, ma...	Essa é uma oferta muito generosa, mas...	That's a very generous offer but…	És una oferta molt generosa, però...	Tio estas tre malavara oferto sed...	Illo es un offerta multo generose, sed...	6
02412	Positive Attitudes	to relax	sich entspannen, relaxen	relajarse	se relaxer	rilassarsi	relaxar	relaxar-se	malstreĉiĝi	relaxar se										6
02413	Personal Interaction	to handle	(mit etwas) umgehen können	hacerse cargo de algo, ocuparse de algo	se charger de, s'occuper de quelque chose	gestire (qualcosa), occuparsi di qualcosa	dar conta de, lidar com	encarregar-se de, ocupar-se de	prizorgi	occupar se de	Ich kann damit umgehen, weisst du	Yo puedo hacerme cargo, ya sabes.	Je peux m'en occuper, tu sais.	La posso gestire io, lo sai.	Eu dou conta, como você sabe.	I can handle it, you know.	Jo me n'encarrego, saps.	Mi povas prizorgi tion, vi scias.	Io pote occupar me de illo, tu sape.	6
02414	Personal Interaction	to pretend	so tun als ob	fingir, disimular	faire semblant	fingere, fare finta	fingir, fazer de conta	fingir, fer veure	ŝajnigi	finger	Es ist ok David, du musst nicht so tun als ob.	Está bien, David, no tienes por qué fingir.	C'est bon, David, tu n'es pas obligé de faire semblant.	Va bene, David, non devi fingere.	Tudo bem, David, você não tem que fingir.	It's OK, David, you don't have to pretend.	Està bé, David, no cal que fingeixis.	Estas bone, David, vi ne devas ŝajnigi.	Il es ben, David, tu non debe finger.	6
02415	Personal Interaction	progress	der Fortschritt	El progreso	le progrès, l'évolution	il progresso	o progresso	el progrés	progreso	progresso										6
02416	Personal Interaction	to ruin	(etwas) ruinieren, (etwas) kaputtmachen	arruinar	ruiner	rovinare	estragar, arruinar	arruïnar	ruinigi	ruinar	Dieser Mann wird deine Zukunft ruinieren	¡Ese hombre va a arruinarte el futuro!	Cet homme va ruiner ton avenir !	Quest'uomo ti rovinerà il futuro!	Esse homem vai arruinar o seu futuro!	This man is going to ruin your future!	Aquest home arruïnarà el teu futur!	Ĉi tiu viro ruinigos vian estontecon!	Iste homine va ruinar tu futuro!	6
02417	Everyday Objects	stuff (informal)	das Zeug (informell)	cosas (informal)	les affaires (familier)	cose, roba (informale)	coisas (informal), utensílios	les coses (informal)	aĵoj (neformala)	cosas	Ich habe all mein Koch-Zeug ausgeräumt und es geputzt.	He quitado todas mis cosas de cocina y he limpiado...	J'ai sorti toutes mes affaires de cuisine et je les ai nettoyées.	Ho tolto tutte le mie cose di cucina e ho pulito.	Eu tirei e limpei todos os meus utensílios de cozinha. 	I moved out all my cooking stuff and I cleaned it.	He tret totes les meves coses de cuina i les he netejat.	Mi elmovis ĉiujn miajn kuiraĵojn kaj purigis ilin.	Io ha retirate tote mi cosas de cocina e lo ha nettate.	6
02418	Everyday Objects	crap (vulgar)	der Mist, die Scheisse (vulgär)	mierda (vulgar)	merde (vulgaire)	merda (volgare)	merda (vulgar)	la merda (vulgar)	merdo (vulgara)	merda										6
02419	Business Basics	to apply (for something)	(etwas) beantragen	solicitar, pedir 	postuler, faire une demande	fare richiesta	solicitar, pedir	sol·licitar, demanar	peti (ion)	sollicitar	Wir werden einen Kredit beantragen müssen	Tendremos que solicitar un préstamo.	Nous devrons faire une demande de prêt.	Dovremo fare richiesta per un prestito.	Nós teremos que pedir um empréstimo.	We'll have to apply for a loan.	Haurem de sol·licitar un préstec.	Ni devos peti prunton.	Nos debera sollicitar un presto.	6
02420	Finance Vocabulary	entire amount	der gesamte Betrag, die gesamte Summe	la suma entera	la somme entière	l'intero ammontare	o valor total 	la suma total	la tuta sumo	le summa integre	Offensichtlich können wir nicht den gesamten Betrag aus eigener Tasche bezahlen	Evidentemente, no podemos financial la suma entera...	Evidemment, nous ne pouvons pas financer la somme entière de notre poche.	Ovviamente non possiamo finanziare l'intero ammontare di tasca nostra.	Naturalmente, não podemos pagar o valor total do nosso próprio bolso.	Obviously we can't finance the entire amount we need out of pocket.	Evidentment, no podem finançar la suma total...	Evidente, ni ne povas financi la tutan sumon el nia propra poŝo.	Obviemente, nos non pote financiar de nostre proprie tasca le summa integre que nos necessita.	6
02421	Finance Vocabulary	visitor	der Besucher	el visitante	le visiteur	il visitatore	o visitante	el visitant (els visitants)	vizitanto	le visitante										6
02422	General Terms	application	der Antrag	la solicitud	le dossier (de candidature)	la candidatura	a documentação (para um pedido de financiamento)	la sol·licitud (les sol·licituds)	kandidatiĝo	le application	Wir müssen die Bank mit unserem Antragwirklich beeindrucken	Sin duda, tenemos que impresionar al banco con nuestra solicitud	Nous devons vraiment impressionner la banque avec notre dossier.	Dobbiamo davvero impressionare la banca con la nostra candidatura.	Nós temos que impressionar o banco com nossa documentação.	We really have to impress the bank with our application.	Realment hem d'impressionar el banc amb la nostra sol·licitud.	Ni vere devas impresi la bankon per nia kandidatiĝo.	Sin dubita, nos debe impressionar le banco con nostre application.	6
02423	General Terms	deadline	die Deadline, der Stichtag	el plazo	la date butoir	la scadenza (data)	o prazo	la data límit (les dates límit), el termini (els terminis)	limdato	le termino	Die Deadline rückt näher	El plazo se agota.	La date butoir s'approche.	La scadenza si sta avvicinando.	O prazo está terminando.	The deadline is coming up.	S'acosta la data límit.	La limdato alproksimiĝas.	Le termino se approxima.	6
02424	Daily Actions	intentional	absichtlich	intencional, deliberado	délibéré, intentionnel	voluto, intenzionale	de propósito, intencional 	intencionat, deliberat	intenca	intentional, deliberate	Ich kann nicht anders, als mich zu fragen, ob das absichtlich war oder nicht...	No puedo evitar preguntarme si ha sido intencional o...	Je ne peux pas m'empêcher de me demander si c'était délibéré ou pas...	Non posso fare a meno di chiedermi se è stato intenzionale o no...	Não consigo deixar de me perguntar se foi de propósito ou não...	I can't help but wonder if that was intentional or not...	No puc evitar preguntar-me si va ser intencionat o no...	Mi ne povas ne scivoli ĉu tio estis intenca aŭ ne...	Io non pote evitar de demandar me si illo esseva intentional o non...	6
02425	Daily Actions	to reach (a person)	(jemanden) erreichen	alcanzar (a una persona)	joindre (une personne)	raggiungere (una persona)	entrar em contato (com alguém)	contactar (amb una persona)	atingi (personon)	attinger un persona										6
02426	Everyday Life	to focus on	sich auf etwas konzentrieren, fokussieren auf	concentrarse en	se concentrer sur	concentrarsi	se concentrar (em alguma coisa)	centrar-se en, focalitzar-se en	koncentriĝi pri	concentrar se sur	Wir sollten uns im Moment wahrscheinlich auf das Geschäft konzentrieren	Debería concentrarse en la empresa por ahora.	On devrait probablement se concentrer sur l'entreprise pour le moment.	Per ora dovremmo concentrarci sugli affari.	Nós provavelmente deveríamos nos concentrar no negócio, por enquanto.	We should probably focus on the business for now.	Probablement hauríem de centrar-nos en el negoci per ara.	Ni verŝajne devus koncentriĝi pri la komerco nun.	Nos probabilemente deberea concentrar nos sur le interprisa pro nunc.	6
02427	Everyday Life	to hire	anheuern	contratar	embaucher	assumere (lavoro)	contratar	contractar	dungi	contractar	Wir werden wahrscheinlich einen Innenarchitekten anheuern müssen	Probablemente tengamos que contratar a un diseñador de interiores.	Nous devrons probablement embaucher un décorateur d'intérieur.	Probabilmente dovremo assumere un arredatore.	Nós provavelmente teremos que contratar um designer de interiores.	We'll probably need to hire an interior designer.	Probablement haurem de contractar un dissenyador d'interiors.	Ni verŝajne devos dungi internan dezajniston.	Nos probabilemente debera contractar un designator de interiores.	6
02428	Everyday Life	shift	die Schicht (Arbeit)	el turno (de trabajo)	équipe (travail)	turno	turno (de trabalho)	el torn (de feina) (els torns)	skipo	torno	Wir brauchen sie für Spätschichten.	Necesitamos que estén disponibles para los turnos de noche.	Nous avons besoin qu'ils soient disponibles comme équipes du soir.	Abbiamo bisogno che siano disponibili per i turni tardi.	Precisamos que eles estejam disponíveis para os últimos turnos.	We need them to be available for late shifts.	Necessitem que estiguin disponibles per als torns de nit.	Ni bezonas, ke ili estu disponeblaj por malfruaj skipoj.	Nos necessita que illes sia disponibile pro le tornos de nocte.	6
02429	Everyday Life	judgment	das Urteil	el juicio	le jugement, le discernement	il giudizio 	a capacidade de decisão, o juízo	el judici, el discerniment	juĝo	judicio	Ich traue seinem Urteil nicht	Simplemente no me fío de su juicio.	Je ne fait tout simplement pas confiance à son jugement.	È solo che non mi fido del suo giudizio.	Eu simplesmente não confio na sua capacidade de decisão.	I just don't trust his judgment.	Simplement no confio en el seu judici.	Mi simple ne fidas lian juĝon.	Io simplemente non me fide de su judicio.	6
02430	Everyday Life	I’ve got this!	Ich kümmere mich darum	¡Yo me ocupo!	Je m'en occupe!	Ci penso io!	Deixe comigo!	Jo me n'encarrego!	Mi prizorgos tion!	Io me occupa de isto!										6
02431	Everyday Life	to be up (was up / were up, been up) to something	(etwas) tun, mit etwas beschäftigt sein	estar maquinando (algo)	fabriquer, manigancer quelque chose	essere intento a fare qualcosa	estar fazendo alguma coisa	estar tramant alguna cosa	fari ion	esser a machinar alcun cosa	Lass mich nachsehen, was Helene gerade im Wohnzimmer so tut.	Veamos qué está maquinando Elena...	Voyons voir ce que Helen est en train de fabriquer dans le salon.	Fammi vedere cos'è intenta fare Helen in salotto.	Deixe-me ver o que a Helen está fazendo na sala de estar.	Let me see what Helen is up to in the living room.	A veure què està tramant l'Helena a la sala d'estar.	Lasu min vidi, kion Helena faras en la salono.	Lassa me vider que Helen machina in le sala de sojorno.	6
02432	Everyday Life	ma’am (US)	Frau (US)	Señora 	Madame (US)	Signora 	Senhora 	la senyora (les senyores)	sinjorino	seniora										6
02433	Everyday Life	unacceptable	inakzeptabel	inaceptable	inacceptable	inaccettabile	inaceitável 	inacceptable	neakceptebla	inacceptabile										6
02434	Everyday Life	to double check	noch einmal kontrollieren	controlar de nuevo	revérifier	ricontrollare, controllare due volte	verificar novamente	tornar a comprovar, verificar de nou	duoble kontroli	verificar de novo	Ich denke, ich werde all deine Bestellungen noch einmal kontrollieren	Creo que voy a controlar de nuevo los pedidos que has hecho.	Je pense que je revérifierai toutes les commandes que tu prends.	Penso che ricontrollerò ogni ordine che fai.	Acho que vou verificar novamente cada pedido que você fizer.	I think I'll double check every order you place.	Crec que tornaré a comprovar totes les comandes que facis.	Mi pensas, ke mi duoble kontrolos ĉiun mendon, kiun vi faros.	Io pensa que io va verificar de novo omne le commandas que tu ha facite.	6
02435	Everyday Life	latest	neueste/r	el último, el más reciente	le dernier, le plus récent	ultimo, più recente	o(a) mais recente	l'últim, el més recent	plej lasta	ultime, le plus recente	Der Buchhalter hat unsgerade den neuesten Bericht gemailt.	El contable acaba de mandarnos por email nuestro último extracto.	Le comptable vient de nous envoyer par email notre dernier relevé.	Il ragioniere ci ha appena mandato per email il nostro ultimo estratto conto.	O contador acaba de nos enviar por e-mail nosso extrato mais recente.	The accountant just emailed us our latest statement.	El comptable ens acaba d'enviar per correu electrònic el nostre últim extracte.	La librotenisto ĵus retpoŝtis al ni nian plej lastan deklaron.	Le contabile justo nos ha inviate per e-mail nostre ultime extracto.	6
02436	Everyday Life	paprika	der Paprika	la paprika, pimentón	le paprika	la paprica	a páprica	el pebre vermell	papriko	paprika										6
02437	Everyday Life	junk food	das Junkfood	comida basura	la malbouffe	il cibo spazzatura	comida de má qualidade	el menjar escombraria	forĵetaĵa manĝaĵo	alimento non salubre										6
02438	Everyday Life	invisible	unsichtbar	invisible	invisible	invisibile	invisível 	invisible	nevidebla	invisibile										6
02439	Everyday Life	unexpected	unerwartet	inesperado	inattendu	inaspettato, non previsto	imprevisto(a), inesperado(a)	inesperat(ada)	neatendita	inexpectate	Wir haben weiterhin unerwartete Ausgaben	Seguimos teniendo gastos inesperados.	Nous continuons à avoir des dépenses inattendues.	Continuiamo ad avere spese inaspettate.	Nós continuamos tendo despesas inesperadas.	We keep having unexpected expenses.	Continuem tenint despeses inesperades.	Ni daŭre havas neatenditajn elspezojn.	Nos continua a haber expensas inexpectate.	6
02440	Everyday Life	to give a toast	auf etwas/jemanden anstoßen, einen Trinkspruch machen	hacer un brindis	porter un toast	fare un brindisi	fazer um brinde	fer un brindis	fari toston	proponer un toast										6
02441	Everyday Life	to stare	starren, anstarren	mirar (fijamente)	fixer (du regard), regarder fixement	fissare (sguardo)	encarar, ficar olhando 	mirar fixament	fikse rigardi	reguardar fixemente	Er starrt Helene in ihrem schönen Kleid an!	¡Mira fijamente a Elena con su precioso vestido!	Il regarde fixement Hélène dans sa belle robe !	Lui fissa Helen nel suo bellissimo vestito!	Ele fica olhando a Helen em seu lindo vestido!	He just stares at Helen in her beautiful dress!	Ell mira fixament l'Helena amb el seu bonic vestit!	Li nur fikse rigardas Helenan en ŝia bela robo!	Ille simplemente reguarda fixemente a Helena in su belle roba!	6
02442	Everyday Life	the power just went out	der Strom ist gerade ausgefallen	la corriente se acaba de ir	le courant vient d'être coupé	la corrente è stata appena staccata	a energia acabou nesse momento	s'acaba d'anar la llum	la elektro ĵus estingiĝis	le currente electric justo se ha interrumpite										6
02443	Everyday Life	priority	die Priorität	la prioridad	la priorité	la priorità	a prioridade	la prioritat (les prioritats)	prioritato	prioritate	Unsere erste Priorität ist die Lichter wieder anzubekommen	Nuestra prioridad número uno es que vuelva la luz.	Notre priorité numéro un est de rétablir la lumière.	La nostra priorità numero uno è ripristinare la luce.	Nossa primeira prioridade é reacender as luzes.	Our number one priority is to get the lights back on.	La nostra prioritat número u és que torni la llum.	Nia unua prioritato estas reŝalti la lumojn.	Nostre prioritate numero un es facer que le luces se accende de novo.	6
02444	Everyday Life	disaster	die Katastrophe	el desastre	le désastre, la catastrophe	il disastro	o desastre	el desastre (els desastres)	katastrofo	disastro	Wenn wir das nicht schnell in Ordnung bringen, dann wird der Abend eine komplette Katastrophe.	Si no arreglamos esto rápido, esta noche será un desastre total.	Si on ne répare pas ça rapidement, cette soirée va être un désastre total.	Se non la risolviamo velocemente, la serata sarà un disastro completo.	Se não consertarmos isso rápido, essa noite será um desastre completo.	If we don't fix this quickly, this evening will be a complete disaster.	Si no arreglem això ràpid, aquesta nit serà un desastre total.	Se ni ne rapide solvos tion, ĉi-vespere estos kompleta katastrofo.	Si nos non repara isto rapidemente, iste vespere essera un disastro complete.	6
02445	Everyday Life	Have a seat	Setzen Sie sich	Sentaos	Asseyez-vous, prenez un siège.	Sedetevi	Sente-se	Seu, si us plau	Sidiĝu	Sede vos										6
02446	Everyday Life	flashlight	die Taschenlampe	la linterna, la antorcha	la lampe de poche, la torche	la torcia	a lanterna	la llanterna (les llanternes)	poŝlampo	lanterna										6
02447	Health & Emotions	to be aware of something	sich etwas bewusst sein	ser consciente de algo	être conscient de quelque chose	essere consapevole di...	estar consciente de alguma coisa	ser conscient d'alguna cosa	konscii pri io	esser consciente de alique										6
02448	Health & Emotions	forehead	die Stirn	la frente	le front	la fronte	a testa	el front (els fronts)	frunto	fronte	Lucy küsst mich auf die Stirn und geht	Lucía me besa en la frente y se va.	Lucy m'embrasse sur le front et s'en va.	Lucy mi bacia la fronte e va via.	Lucy beija minha testa e vai embora.	Lucy kisses my forehead and leaves.	La Lucy em fa un petó al front i marxa.	Lucy kisas mian frunton kaj foriras.	Lucia me basia le fronte e parti.	6
02449	Health & Emotions	result	das Ergebnis	el resultado	le resultat	il risultato	o resultado	el resultat (els resultats)	rezulto	resultato										6
02450	Basic Vocabulary	attached	an jemandem hängen	unido(a), apegado(a)	attaché	unito	apegado(a), anexado(a)	unit(da), aferrat(ada)	ligita	attachate	Du scheinst sehr an ihm zu hängen...	Parece que estás muy unida a él...	Tu as l'air d'être très attachée à lui...	Sembri molto unita a lui...	Você parece muito apegada a ele...	You seem very attached to him…	Sembla que estàs molt unida a ell...	Vi ŝajnas tre ligita al li...	Tu pare multo attachate a ille…	6
02451	Basic Vocabulary	Meaning...	das soll heißen...	Lo cual quiere decir...	Ce qui veut dire que...	Il che vuole dire...	Quer dizer que... 	És a dir...	Tio signifas...	Lo que vole dicer...	Das soll heißen er wurde unabsichtlich vergiftet?	¿Lo cual quiere decir que le han envenenado de manera accidental?	Ce qui veut dire qu'il a été empoisonné accidentellement ?	Il che vuol dire che è stato intossicato per errore?	Quer dizer que ele foi envenenado acidentalmente?	Meaning he got accidentally poisoned?	És a dir, que l'han enverinat accidentalment?	Tio signifas, ke li estis hazarde venenita?	Lo que vole dicer que ille ha essite invenenate accidentalmente?	6
02452	Basic Vocabulary	unreliable	unzuverlässig, nicht vertrauenswürdig	poco fiable	peu fiable	inaffidabile	pouco confiável 	poc fiable, no digne de confiança	nefidinda	non digne de fide										6
02453	Basic Vocabulary	uncertainty	die Ungewissheit	la incertidumbre	l'incertitude	l'incertezza	a incerteza	la incertesa	necerteco	incertitude										6
02454	General Vocabulary	outstanding	außergewöhnlich	excepcional, extraordinario	exceptionnel, extraordinaire	eccezionale, straordinario	excelente(s), extraordinário/a(s)	excepcional, extraordinari	elstara	exceptional; extraordinari	Wir haben außergewöhnliche Bewertungen inzwei Zeitungen erhalten!	¡Hemos tenido unas críticas excepcionales en dos periódicos!	On a eu des critiques exceptionnelles dans deux journaux !	Abbiamo avuto delle critiche eccezionali in due giornali!	Recebemos críticas excelentes em dois jornais!	We got outstanding reviews in two newspapers!	Hem rebut crítiques excepcionals en dos diaris!	Ni ricevis elstarajn recenzojn en du gazetoj!	Nos ha recipite criticas exceptional in duo jornales!	6
02455	General Vocabulary	a bunch of	ein Haufen..., eine Menge...	un montón de	un tas de	un sacco di	um monte de, bastante	un munt de	aro da	un multitude de										6
02456	Office Terms	celebration	die Feier	la celebración, la fiesta	la célébration, la fête	la festa, il festeggiamento	a comemoração, a festa	la celebració (les celebracions), la festa (les festes)	festado	celebration; festa										6
02457	Workplace Vocabulary	barista	der Barista (in einer Kaffebar)	camarero	le barista, le barman (spécialisé dans les cafés)	il/la barista	o(a) barista (em um café)	el barista (els baristes)	baristo	camerero							barista (en una cafeteria)	baristo (en kafejo)		6
02458	Workplace Vocabulary	weakness	die Schwäche	debilidad	la faiblesse	la debolezza	o ponto fraco	la debilitat (les debilitats), el punt feble (els punts febles)	malforto	debilitate										6
02459	Workplace Vocabulary	current position	die aktuelle Position	puesto actual	le poste actuel	la posizione attuale	o emprego atual, o posto atual	la posició actual (les posicions actuals)	nuna posteno	posto actual	Warum wollen Sie Ihre aktuelle Position aufgeben?	¿Por qué quieres dejar tu puesto actual?	Pourquoi voulez-vous quitter votre poste actuel ?	Perché vuole lasciare la sua posizione attuale?	Por que você quer deixar seu emprego atual?	Why do you want to leave your current position?	Per què vols deixar la teva posició actual?	Kial vi volas forlasi vian nunan postenon?	Perque vole tu abandonar tu posto actual?	6
02460	Adjectives	sunny	sonnig	soleado(a)	ensoleillé(e)	soleggiato(a)	ensolarado(a)	assolellat(ada)	suna	soleate	Das ist der erste sonnige Tag des Monats	Es el primer día soleado de este mes	C'est la première journée ensoleillée ce mois-ci	È la prima giornata soleggiata di questo mese	É o primeiro dia ensolarado deste mês	This is the first sunny day of the month	És el primer dia assolellat d'aquest mes.	Ĉi tiu estas la unua suna tago de la monato.	Isto es le prime die soleate de iste mense.	7
02461	Adjectives	mighty, powerful	mächtig	poderoso(a)	puissant(e)	potente	poderoso(a), forte	poderós(osa)	potenca	potente	Die USA sind ein mächtiges Land	Estados Unidos es un país poderoso	Les Etats-Unis sont un pays puissant	Gli Stati Uniti sono un paese potente	Os Estados Unidos são um país poderoso	The United States is a powerful country	Els Estats Units són un país poderós.	Usono estas potenca lando.	Le Statos Unite es un pais potente.	7
02462	Adjectives	invaluable	unschätzbar	de valor incalculable, inestimable	inestimable	inestimabile	inestimável	inestimable, de valor incalculable	netaksebla	inestimabile	Dieser Anhänger ist ein unschätzbares Besitzstück	Este colgante es de un valor incalculable	Ce pendentif est un bien inestimable.	Questo ciondolo ha un valore inestimabile	Esse pingente é de um valor inestimável	This pendant is an invaluable possession	Aquest penjoll és una possessió inestimable.	Ĉi tiu pendaĵo estas netaksebla posedaĵo.	Iste pendente es un possession inestimabile.	7
02463	Adjectives	carefully	vorsichtig	con cuidado	prudemment	attentamente, con prudenza	cuidadosamente	amb cura	zorge	con cura	Er überwacht vorsichtig seine Umgebung	Él observa el entorno con cuidado	Il surveille prudemment les alentours	Controlla i dintorni attentamente	Ele observa o entorno cuidadosamente	He carefully monitorshis surroundings	Ell observa l'entorn amb cura.	Li zorge observas sian ĉirkaŭaĵon.	Il observa su ambiente con cura.	7
02464	Adjectives	disturbing	beunruhigend, verstörend	inquietante, perturbador	inquiétant, troublant	inquietante, allarmante	perturbador(a)	inquietant, pertorbador	ĝena, maltrankviliga	perturbante	Ich habe beunruhigende Nachrichten von meiner Familie erhalten	He recibido noticias perturbadoras de mi familia.	J'ai reçu des nouvelles troublantes de ma famille	Ho ricevuto delle novità allarmanti dalla mia famiglia	Eu recebi notícias perturbadoras da minha família.	I received disturbing news from my family	He rebut notícies inquietants de la meva família.	Mi ricevis ĝenajn novaĵojn de mia familio.	Io ha recipite novas perturbante de mi familia.	7
02465	Adjectives	suspicious	verdächtig	sospechoso(a)	suspect	sospetto	suspeito	sospitós(osa)	suspektinda	suspecte	Ich finde sein Schweigen verdächtig	Encuentro sospechoso su silencio	Je trouve son silence suspect	Trovo il suo silenzio sospetto	Eu acho o silêncio dele suspeito	I find his silence suspicious	Trobo sospitós el seu silenci.	Mi trovas lian silenton suspektinda.	Io trova su silentio suspecte.	7
02466	Adjectives	spare	Ersatz-	de repuesto	de rechange	di scorta	sobressalente, estepe (para pneu)	de recanvi	rezerva	de reserva	Ich habe keinen Ersatzreifen	No tengo neumático de repuesto	Je n'ai pas de pneu de rechange	Non ho una ruota di scorta	Eu não tenho estepe	I don't have any spare tyre	No tinc pneumàtic de recanvi.	Mi ne havas rezervan pneŭon.	Io non ha ulle pneu de reserva.	7
02467	Adjectives	obsessed	besessen	obsesionado(a)	obsédé	ossessionato	obcecado(a)	obsessionat(ada)	obsedita	obsessive	Du warst besessen von Insekten	Estabas obsesionado con los insectos	Tu étais obsédé par les insectes	Eri ossessionato dagli insetti	Você estava obcecado pelos insetos	You were obsessed with insects	Estaves obsessionat amb els insectes.	Vi estis obsedita de insektoj.	Tu esseva obsessive con le insectos.	7
02468	Adjectives	sharp	scharf	afilado(a)	tranchant(e), aiguisé(e)	affilato(a)	afiado(a)	esmolat(ada), afilat(ada)	akra	affilate	Vorsicht, das Messer ist scharf	Cuidado, el cuchillo está afilado	Attention, le couteau est aiguisé	Attenzione, il coltello è affilato	Cuidado! A faca está afiada.	Careful, the knife is sharp	Ves amb compte, el ganivet està esmolat.	Atentu, la tranĉilo estas akra.	Attention, le cultello es affilate.	7
02469	Adjectives	broad, wide	breit	ancho(a)	large	largo	largo(a)	ample(a)	larĝa	large	Der LKW ist zu breit, um hier durchzufahren.	El camión es demasiado ancho para pasar por acá/por aquí	Le camion est trop large pour passer ici	Il camion è troppo largo per passare qui	O caminhão é largo demais para passar por aqui.	The truck is too wide to pass through here	El camió és massa ample per passar per aquí.	La kamiono estas tro larĝa por trapasi ĉi tie.	Le camion es troppo large pro passar per hic.	7
02470	Adjectives	brief	kurz	breve	bref (brève), court(e)	breve, corto(a)	breve	breu	mallonga	breve	DasInterview war kurz	Fue una entrevista breve	C'était un bref entretien	È stato un colloquio breve.	Foi uma entrevista breve.	It was a brief interview	Va ser una entrevista breu.	Tio estis mallonga intervjuo.	Esseva un intervista breve.	7
02471	Adjectives	blind	blind	ciego(a)	aveugle	cieco(a)	cego(a)	cec(ega)	blinda	cec	Meine Schwester ist blind. Ich muss ihr jeden Tag helfen	Mi hermana es ciega, tengo que ayudarla todos los días	Ma soeur est aveugle, je dois l'aider tous les jours	Mia sorella è cieca, devo aiutarla ogni giorno	Minha irmã é cega; eu preciso ajudá-la diariamente.	My sister is blind, I have to help her every day	La meva germana és cega, l'he d'ajudar cada dia.	Mia fratino estas blinda, mi devas helpi ŝin ĉiutage.	Mi soror es cec; io debe adjutar la cata die.	7
02472	Adjectives	common	üblich, gemeinsam	común	commun(e)	comune	comum	comú(una)	komuna	commun	Diese beiden Länder haben gemeinsame Grenzen	Estos dos países tienen fronteras comunes	Ces deux pays ont des frontières communes	Questi due paesi hanno delle frontiere in comune	Esses dois países têm fronteiras comuns	These two countries share common borders	Aquests dos països tenen fronteres comunes.	Ĉi tiuj du landoj havas komunajn landlimojn.	Iste duo paises ha frontieras commun.	7
02473	Adjectives	guilty	schuldig	culpable	coupable	colpevole	culpado(a)	culpable	kulpa	culpabile	Sie sieht mich mit einem schuldigen Lächeln an	Ella me mira con una sonrisa culpable	Elle me regarde avec un sourire coupable	Lei mi guarda con un sorriso colpevole.	Ela me olha com um sorriso culpado	She looks at me with a guilty smile	Ella em mira amb un somriure culpable.	Ŝi rigardas min kun kulpa rideto.	Illa me reguarda con un surriso culpabile.	7
02474	Adjectives	awake	wach	despierto(a)	réveillé(e)	sveglio(a)	acordado(a)	despert(a)	veka	vigile	Ich war die ganze Nacht wach und habe an die Arbeit gedacht	Estaba despierto toda la noche pensando en el trabajo	Je suis resté réveillé toute la nuit en pensant au travail	Sono rimasto sveglio tutta la notte pensando al lavoro	Estive acordado toda a noite pensando no trabalho.	I was awake all night thinking about work	Estava despert tota la nit pensant en la feina.	Mi estis veka la tutan nokton pensante pri la laboro.	Io esseva vigile durante tote le nocte, pensante al labor.	7
02475	Adjectives	tiny	winzig	diminuto(a)	minuscule, tout(e) petit(e)	minuscolo, piccolo	minúsculo	diminut(a)	eta	minuscule	Diese Maus ist winzig.	Ese ratón es diminuto	Cette souris est minuscule	Questo topo è minuscolo.	Esse rato é minúsculo	That mouse is tiny	Aquell ratolí és diminut.	Tiu muso estas eta.	Ille mus es minuscule.	7
02476	Adjectives	direct	direkt	directo(a)	direct(e)	diretto, franco	direto(a)	directe(a)	rekta	directe	Er hat die direkte Route zur Station genommen	Él tomó la ruta directa a la estación	Il a pris la route directe pour aller à la gare	Ha preso la strada diretta per andare alla stazione	Ele pegou a rota direta para a estação	He took the direct route to the station	Va agafar la ruta directa a l'estació.	Li prenis la rektan vojon al la stacidomo.	Il prendeva le ruta directe al station.	7
02477	Adjectives	available	verfügbar	disponible	disponible	disponibile	disponível	disponible	disponebla	disponibile	Ich werde Freitag Abend verfügbar sein	Estaré disponible el viernes por la noche	Je serai disponible vendredi soir	Sarò disponibile venerdì sera	Estarei disponível na sexta-feira à noite	I will be available Friday night	Estaré disponible divendres a la nit.	Mi estos disponebla vendredon nokte.	Io essera disponibile venerdi nocte.	7
02478	Adjectives	huge	riesig, enorm	enorme	énorme	enorme	enorme	enorme	granda, ega	enorme	Das Haus hat einen riesigen Garten	Esta casa tiene un jardín enorme	Cette maison a un énorme jardin	Questa casa ha un giardino enorme	Esta casa tem um jardim enorme	This house has a huge garden	Aquesta casa té un jardí enorme.	Ĉi tiu domo havas grandegan ĝardenon.	Iste casa ha un jardin enorme.	7
02479	Adjectives	narrow	eng	estrecho(a)	étroit(e)	stretto(a)	estreito(a)	estret(a)	mallarĝa	stricte	Wir gehen auf einer engen Straße	Caminamos por una calle estrecha.	Nous marchons dans une rue étroite.	Camminiamo in una via stretta.	Estamos andando em uma rua estreita.	We are walking on a narrow street	Caminem per un carrer estret.	Ni marŝas sur mallarĝa strato.	Nos cammina per un strata stricte.	7
02480	Adjectives	stupid	dumm	estúpido(a)	stupide	stupido	estúpido(a)	estúpid(a)	stulta	stupide	Sie stritten sich aus einem dummen Grund.	Discutieron por una cosa estúpida	Ils se sont disputés pour une raison stupide	Hanno litigato per un motivo stupido.	Eles brigaram por uma razão estúpida.	They argued for a stupid reason	Van discutir per una raó estúpida.	Ili kverelis pro stulta kialo.	Illes disputava pro un ration stupide.	7
02481	Adjectives	exact	genau	exacto(a)	exact(e)	esatto(a)	exato(a)	exacte(a)	ekzakta	exacte	Sie müssen für ein Busticket mit genauem Wechselgeld zahlen	Tienes que pagar el billete de bus con la cantidad exacta	Tu dois payer la somme exacte pour acheter un ticket de bus	Devi pagare il biglietto dell'autobus con la somma esatta	Você deve pagar o valor exato para comprar uma passagem de ônibus	You have to pay for a bus ticket with exact change	Has de pagar el bitllet d'autobús amb el canvi exacte.	Vi devas pagi por busbileto per ekzakta ŝanĝo.	Tu debe pagar le billet de autobus con le quantitate exacte.	7
02482	Adjectives	fair	gerecht, angemessen, fair	justo(a)	équitable, juste	giusto(a), equo	justo(a)	just(a)	justa	juste	Viele Organisationen kämpfen für fairen Handel.	Muchas organizaciones luchan por un comercio justo	De nombreuses organisations luttent pour un commerce équitable	Molte organizzazioni lottano per un commercio giusto.	Muitas organizações lutam por um comércio justo	Many organizations fight for fair trade	Moltes organitzacions lluiten per un comerç just.	Multaj organizoj batalas por justa komerco.	Multe organisationes lucta pro un commercio juste.	7
02483	Adjectives	physical	physisch, körperlich	físico(a)	physique	fisico(a)	físico(a)	físic(a)	fizika	physic	Der Arzt hat ihn untersucht, er hat nicht viele körperlichen Verletzungen.	El médico lo ha examinado. No tiene muchas lesiones físicas	Le médecin l'a examiné, il n'a pas beaucoup de blessures physiques.	Il medico lo ha esaminato, non ha molte ferite fisiche.	O médico o examinou. Não há muitos ferimentos físicos.	The doctor examined him. He does not have many physical injuries	El metge l'ha examinat. No té gaires lesions físiques.	La kuracisto ekzamenis lin. Li ne havas multajn fizikajn vundojn.	Le medico le examinava. Ille non ha multe lesiones physic.	7
02484	Adjectives	global	weltlich, Welt-, global	mundial, global	mondial(e), global(e)	globale, mondiale	global, mundial	global, mundial	tutmonda	global	Die Olympischen Spiele sind ein globales Ereignis.	Los Juegos Olímpicos son un evento mundial	Les Jeux Olympiques sont un événement mondial	I Giochi Olimpici sono un evento mondiale.	Os Jogos Olímpicos são um evento mundial	The Olympics are a global event	Els Jocs Olímpics són un esdeveniment global.	La Olimpikoj estas tutmonda evento.	Le jocos olympic es un evento global.	7
02485	Adjectives	thick	dick	grueso(a)	épais(se)	spesso(a)	grosso	gruixut(uda)	dika	spisse	Er las ein sehr dickes Buch.	Él estaba leyendo un libro muy grueso	Il était en train de lire un livre très épais	Stava leggendo un libro molto spesso	Ele estava lendo um livro muito grosso	He was reading a very thick book	Estava llegint un llibre molt gruixut.	Li legis tre dikan libron.	Ille legeva un libro multo spisse.	7
02486	Adjectives	horrible	schrecklich	horrible, horroroso(a)	horrible	orribile	horrível	horrible	terura	horribile	Ginny hat ein schreckliches Gefühl, was das Meeting betrifft	Ginny tiene un presentimiento horrible sobre esa reunión	Ginny a un horrible pressentiment sur cette réunion	Ginny ha un presentimento orribile su questa riunione	Ginny tem um pressentimento horrível sobre essa reunião	Ginny has a horrible feeling about this meeting	La Ginny té un pressentiment horrible sobre aquesta reunió.	Ginny havas teruran senton pri ĉi tiu renkontiĝo.	Ginny ha un presentimento horribile concernente iste reunion.	7
02487	Adjectives	equal	gleich	igual	égal(e)	uguale	igual	igual	egala	equal	Im Auge des Gesetzes ist jeder gleich	A los ojos de la ley todos somos iguales	Aux yeux de la loi, tout le monde est égal	Agli occhi della legge siamo tutti uguali.	Aos olhos da lei, somos todos somos iguais	In the eyes of the law, everyone is equal	Als ulls de la llei, tothom és igual.	En la okuloj de la leĝo, ĉiuj estas egalaj.	Ante le lege, omnes es equal.	7
02488	Adjectives	independent	unabhängig	independiente	indépendant(e)	indipendente	independente	independent	sendependa	independente	Kate ist unabhängig. Sie weiß, was Sie tun will	Kate es independiente, sabe lo que quiere hacer.	Kate est indépendante, elle sait ce qu'elle veut faire.	Kate è indipendente, sa quello che vuole fare.	Kate é independente; ela sabe o que quer fazer.	Kate is independent. She knows what she wants to do	La Kate és independent. Sap el que vol fer.	Kate estas sendependa. Ŝi scias, kion ŝi volas fari.	Kate es independente. Illa sape lo que illa vole facer.	7
02489	Adjectives	innocent	unschuldig	inocente	innocent (e)	innocente	inocente	innocent	senkulpa	innocente	Die Polizeibeamten verhörten ihn, um herauszufinden, ob er schuldig ist. Er ist unschuldig.	La policía lo ha interrogado para saber si es culpable. Es inocente.	Les policiers l'ont interrogé pour savoir s'il est coupable : il est innocent	I poliziotti lo hanno interrogato per sapere se è colpevole: è innocente	Os policiais o interrogaram para saber se ele é culpado. Ele é inocente.	The police officers interrogated him to find out if he is guilty.He is innocent.	La policia l'ha interrogat per saber si és culpable. És innocent.	La policistoj pridemandis lin por scii ĉu li estas kulpa. Li estas senkulpa.	Le agentes de policia le interrogava pro discoperir si ille es culpabile. Ille es innocente.	7
02490	Adjectives	liquid, fluid	flüssig	líquido(a)	liquide	liquido	líquido(a)	líquid(a)	likva	liquide	Flüssiges Metall ist glühendheiß	El metal líquido está caliente	Le métal liquide est brûlant	Il metallo liquido è bollente	O metal líquido está fervendo	Liquid metal is boiling hot	El metall líquid està bullint.	Likva metalo bolas.	Le metallo liquide es ardentemente calide.	7
02491	Adjectives	dead	tot	muerto(a)	mort(e)	morto(a)	morto(a)	mort(a)	morta	morte	Ich fand meine Schildkröte tot im Garten	Encontré a mi tortuga muertaen el jardín	J'ai retrouvé ma tortue morte dans le jardin	Ho trovato la mia tartaruga morta in giardino	Encontrei minha tartaruga morta no jardim	I found my turtle dead in the yard	Vaig trobar la meva tortuga morta al jardí.	Mi trovis mian testudon mortinta en la korto.	Io trovava mi tortuca morte in le jardin.	7
02492	Adjectives	necessary	notwendig, nötig	necesario(a)	nécessaire	necessario(a)	necessário(a)	necessari(ària)	necesa	necessari	Diese Veränderung ist notwendig	Este cambio es necesario	Ce changement est nécessaire	Questo cambiamento è necessario	Esta mudança é necessária	This change is necessary	Aquest canvi és necessari.	Ĉi tiu ŝanĝo estas necesa.	Iste cambio es necessari.	7
02493	Adjectives	permanent	permanent, unveränderlich	permanente	permanent(e)	permanente	permanente	permanent	konstanta	permanente	Der Botschafter ist ein permanenter Vertreter seines Landes.	El embajador es un representante permanente de su país	L'ambassadeur est un représentant permanent de son pays	L'ambasciatore è un rappresentante permanente del suo paese.	O embaixador é um representante permanente de seu país	The ambassador is a permanent representative of his country	L'ambaixador és un representant permanent del seu país.	La ambasadoro estas konstanta reprezentanto de sia lando.	Le ambassador es un representante permanente de su pais.	7
02494	Adjectives	flat	flach, eben	plano(a)	plat(e)	piatto(a)	plano(a)	pla(na)	plata	plan	Der Boden ist eben	El sueloes plano	Le sol est plat	Il suolo è piatto	O solo é plano	The ground is flat	El terra és pla.	La grundo estas plata.	Le solo es plan.	7
02495	Adjectives	deep	tief	profundo(a)	profond(e)	profondo(a)	profundo(a)	profund(a)	profunda	profunde	Der Fisch lebt in tiefem Wasser	Este pez vive en aguas profundas	Ce poisson vit en eaux profondes	Questo pesce vive in acque profonde	Este peixe vive em águas profundas	This fish lives in deep water	Aquest peix viu en aigües profundes.	Ĉi tiu fiŝo loĝas en profundaj akvoj.	Iste pisce vive in aqua profunde.	7
02496	Adjectives	regular	regelmäßig	regular	régulier (régulière)	regolare	regular	regular	regula	regular	Sie werdeneine regelmäßige Entlohnung für Ihre Dienste erhalten	Recibirás un pago regular por tus servicios	Vous recevrez un paiement régulier pour vos services	Riceverà un pagamento regolare per i suoi servizi.	Você receberá um pagamento regular pelos seus serviços	You will receive regular payment for your services	Rebràs un pagament regular pels teus serveis.	Vi ricevos regulan pagon por viaj servoj.	Tu recipera un pagamento regular pro tu servicios.	7
02497	Adjectives	wild	wild	salvaje	sauvage	selvaggio(a)	selvagem	salvatge	sovaĝa	salvage	Der Wolf ist ein wildes Tier.	El lobo es un animal salvaje	Le loup est un animal sauvage	Il lupo è un animale selvaggio	O lobo é um animal selvagem	The wolf is a wild animal	El llop és un animal salvatge.	La lupo estas sovaĝa besto.	Le lupo es un animal salvage.	7
02498	Adjectives	deaf	taub	sordo(a)	sourd(e)	sordo(a)	surdo(a)	sord(a)	surda	surde	Du musst nicht schreien, ich bin nicht taub	No hace falta gritar, no estoy sordo	Pas besoin de crier, je ne suis pas sourd	Non c'è bisogno di gridare, non sono sordo.	Não precisa gritar. Eu não sou surdo	You don't need to yell, I'm not deaf	No cal cridar, no sóc sord.	Vi ne bezonas krii, mi ne estas surda.	Il non es necessari de critar; io non es surde.	7
02499	Adjectives	terrible	furchtbar	terrible, espantoso(a)	terrible, affreux(se)	terribile, spaventoso(a)	terrível	terrible	terura	terribile	Ein furchtbares Ereignis passierte	Ha ocurrido un sucesoterrible	Un évènement terrible s'est produit	È successa una cosa terribile.	Ocorreu um acontecimento terrível.	A terrible event happened	Ha passat un esdeveniment terrible.	Terura evento okazis.	Un evento terribile ha occurrite.	7
02500	Adjectives	brave, courageous	tapfer, mutig	valiente	courageux(se)	coraggioso(a)	corajoso(a), destemido(a) 	valent(a), coratjós(a)	kuraĝa	coragiose	Sie sind mutig,in der Wüste Trekkingzu machen	Son valientes por hacer una excursión por el desierto	Ils sont courageux de faire un trek dans le désert	Sono coraggiosi a fare un trekking nel deserto.	Eles são corajosos de fazer uma caminhada no deserto	They are brave for going on a trek in the desert	Són valents per fer una excursió pel desert.	Ili estas kuraĝaj por fari piedvojaĝon en la dezerto.	Illes es coragiose pro facer un excursion per le deserto.	7
02501	Adjectives	real	echt, wirklich/wahr	verdadero(a), real	véritable, réel(le)	vero(a)	verdadeiro(a), real	real, veritable	reala	real	Niemand kennt sein wahres Alter	Nadie conoce su edad verdadera	Personne ne connaît son âge réel	Nessuno conosce la sua vera età	Ninguém sabe sua idade verdadeira	No one knows his real age	Ningú coneix la seva edat real.	Neniu scias lian realan aĝon.	Nemo cognosce su ver etate.	7
02502	Adjectives	fierce	grausam, gewalttätig	violento(a)	féroce, violent(e)	feroce, violento(a)	feroz, violento(a)	ferotge, violent(a)	sovaĝa, furioza	feroce	Er ist ein grausamer Kämpfer. Wir sollten ihn nicht provozieren.	Es un luchador violento, mejor no provocarle	C'est un féroce combattant, mieux vaut ne pas le provoquer.	È un combattente feroce, meglio non provocarlo.	Ele é um lutador feroz; melhor não provocá-lo.	He is a fierce fighter. It's best not to provoke him	És un lluitador ferotge. Millor no provocar-lo.	Li estas furioza batalanto. Pli bone ne provoki lin.	Ille es un combattente feroce. Il es melior non provocar le.	7
02503	Adjectives	alive, living	lebendig, lebend, am Leben	vivo(a)	vivant(e)	vivo(a)	vivo(a)	viu(va)	viva	vive	Es gibt nichts besseres, als sich lebendig zu fühlen	No hay nada mejor que sentirse vivo	Il n'y a rien de mieux que de se sentir vivant	Non c'è niente di meglio che sentirsi vivi	Não há nada melhor do que sentir-se vivo	There's nothing better than feeling alive	No hi ha res millor que sentir-se viu.	Ne estas io pli bona ol senti sin viva.	Il ha nihil melior que sentir se vive.	7
02504	Adjectives	fit (in shape)	fit, in Form	en forma	en forme	in forma	em forma	en forma	en formo	in forma	Er bleibt in Form, indem er jeden Tag eine Stunde läuft	Se mantiene en forma corriendo una hora todos los días	Il se maintient en forme en courant une heure tous les jours	Lui si mantiene in forma correndo un'ora tutti i giorni	Ele se mantém em forma correndo por uma hora todos os dias	He stays fit by running for an hour every day	Es manté en forma corrent una hora cada dia.	Li restas en formo kurante dum unu horo ĉiutage.	Ille se mantene in forma per currer un hora cata die.	7
02505	Adjectives	final	letzte,r,s; abschließende,r,s	final, último(a)	final, dernier (dernière)	finale, ultimo(a)	final, último(a)	final, últim(a)	fina	final	Mein Sohnhat gerade seine letzten Prüfungen vor dem Abschluss bestanden	Mi hijo acaba de aprobar sus exámenes finales antes de graduarse	Mon fils vient de réussir ses examens finaux avant le diplôme.	Mio figlio ha appena superato gli esami finali prima della laurea	Meu filho acaba de passar no exame final antes de se formar	My son just passed his final exams before graduation	El meu fill acaba de passar els seus exàmens finals abans de graduar-se.	Mia filo ĵus pasis siajn finajn ekzamenojn antaŭ diplomiĝo.	Mi filio ha justo passate su examines final ante le graduation.	7
02506	Adjectives	military	militärisch	militar	militaire	militare	militar	militar	milita	militar	Nächste Woche wird in dieser Gegend eine militärische Übung stattfinden	En esta región se llevará a cabo un ejercicio militar la próxima semana	Un exercice militaire aura lieu dans cette région la semaine prochaine	Un'esercitazione militare avrà luogo in questa zona la settimana prossima	Um exercício militar será realizado nesta área na semana que vem	A military exercise will take place in this area next week	La setmana que ve es farà un exercici militar en aquesta zona.	Milita ekzerco okazos en ĉi tiu areo venontsemajne.	Un exercitio militar habera loco in iste region le septimana proxime.	7
02507	Adjectives	visible	sichtbar, deutlich	visible	visible	visibile	visível	visible	videbla	visibile	Mein Bruder ist in der Ferne deutlich zu sehen	Mi hermano es visible desde lejos	Mon frère est visible de loin	Mio fratello è visibile da lontano	Meu irmão é visível de longe	My brother is visible from afar	El meu germà és visible des de lluny.	Mia frato estas videbla de malproksime.	Mi fratre es visibile de longe.	7
02508	Adjectives	abroad	im Ausland	en el extranjero	à l'étranger	all'estero	no estrangeiro	a l'estranger	eksterlande	al estraniero	Ich möchte nächsten Sommer die Ferien im Ausland verbringen	Me gustaría ir de vacaciones al extranjero el próximo verano	J'aimerais aller en vacances à l'étranger l'été prochain	Mi piacerebbe andare in vacanza all'estero l'estate prossima	Eu gostaria de ir de férias no estrangeiro no próximo verão.	I'd like to go on holiday abroad next summer	M'agradaria anar de vacances a l'estranger el proper estiu.	Mi ŝatus ferii eksterlande venontsomere.	Io volerea vader in vacantias al estraniero le estate proxime.	7
02509	Adjectives	mental	mental, geistig	mental	mental	mentale	mental	mental	mensa	mental	Ich habe nicht die mentale Stärke einen Marathon zu laufen	No tengo la fuerza mental para correr un maratón	Je n'ai pas la force mentale decourir un marathon	Non ho la forza mentale per correre una maratona	Eu não tenho a força mental para correr uma maratona	I don't have the mental strength to run a marathon	No tinc la força mental per córrer una marató.	Mi ne havas la mensan forton por kuri maratonon.	Io non ha le fortia mental pro currer un marathon.	7
02510	Verbs	to act	handeln, wirken, agieren	actuar	agir	agire	atuar, agir	actuar	agi	ager	Der Spion agiert schnell und unauffällig	El espía actúa de forma rápida y discreta	L'espion agit rapidement et discrètement	La spia agisce rapidamente e con discrezione	O espião age rápida e discretamente	The spy acts quickly and discreetly	L'espia actua de manera ràpida i discreta.	La spiono agas rapide kaj diskrete.	Le spion age rapidemente e discretemente.	7
02511	Verbs	to keep an eye on something or someone	etwas/jemanden im Auge behalten	echar un vistazo a algo o a alguien	garder un œil sur quelque chose ou quelqu'un	tenere d'occhio qualcosa o qualcuno	ficar de olho em algo ou alguém	fer un cop d'ull a alguna cosa o algú	gvidi ion aŭ iun	vigilar	Kannst du den Kuchen im Auge behalten?	¿Puedes echarle un vistazo al pastel?	Tu peux garder un oeil sur la tarte ?	Puoi tenere d'occhio la torta?	Você pode ficar de olho na torta?	Can you keep an eye on the pie?	Pots fer un cop d'ull al pastís?	Ĉu vi povas gvidi la torton?	Pote tu vigilar le torta?	7
02512	Verbs	to bang	schlagen, knallen	golpear, pegar	cogner	battere, scoppiare	bater	colpejar	frapi	colpar	Mein Kopf schlug gegen die Wand, als ich fiel.	Me golpeé la cabeza contra la pared cuandome caí	Ma tête a cogné le mur quand je suis tombé	Ho battuto la testa contro il muro quando sono caduto.	Minha cabeça bateu na parede quando eu caí	My head banged against the wall when I fell	Em vaig colpejar el cap contra la paret quan vaig caure.	Mia kapo frapis kontraŭ la muron kiam mi falis.	Mi capite colpava contra le muro quando io cadeva.	7
02513	Verbs	to fart	furzen	tirarse un pedo	péter	scoreggiare	peidar	fer un pet	furzi	peter	Jemand hat gefurzt und jetzt stinkt es.	Alguien se ha tirado un pedo y ahora apesta	Quelqu'un a pété et maintenant, ça pue	Qualcuno ha scoreggiato e ora c'è puzza.	Alguém peidou, e agora está cheirando mal	Someone farted and now it stinks	Algú ha fet un pet i ara fa pudor.	Iu furzis kaj nun odoras malbone.	Alcun persona peteva e nunc illo pute.	7
02514	Verbs	to look for information	nach Informationen suchen	buscar información	rechercher des informations	cercare informazioni	procurar informações 	buscar informació	serĉi informojn	cercar information	Ich suche nach Informationen für dieEinschreibungan der Universität	Estoy buscando información sobre inscripciones universitarias	Je recherche des informations sur les inscriptions à l'université	Sto cercando informazioni sulle iscrizioni universitarie	Eu estou procurando informações sobre a candidatura para vagas na universidade	I'm looking for information about university applications	Estic buscant informació sobre les matrícules universitàries.	Mi serĉas informojn pri universitataj kandidatiĝoj.	Io cerca information super inscriptiones universitari.	7
02515	Verbs	to lie down	sich hinlegen, sich legen auf	tumbarse, acostarse	s'allonger	stendersi	deitar-se	ajeure's, estirar-se	kuŝiĝi	cubar se	Ich lege mich auf das Sofa	Me tumbo en el sofá	Je m'allonge sur le canapé	Mi stendo sul divano	Eu me deito no sofá	I lie down on the couch	M'estiro al sofà.	Mi kuŝiĝas sur la sofon.	Io me cuba sur le sofa.	7
02516	Verbs	to take care of 	sich um etw. kümmern	ocuparse de	s'occuper de	occuparsi di	tomar conta de	tenir cura de	prizorgi	occupar se de	Es ist mein Job, mich um Fundsachen zu kümmern	Mi trabajo es ocuparme de los objetos perdidos.	Mon travail est de m'occuper des objets perdus.	Il mio lavoro è occuparmi degli oggetti smarriti	Meu trabalho é tomar conta de objetos perdidos.	My job is to take care of lost objects.	La meva feina és tenir cura dels objectes perduts.	Mia tasko estas prizorgi perditajn objektojn.	Mi travalio es occupar me de le objectos perdite.	7
02517	Verbs	to stab	stechen (Angriff) 	clavar (un puñal), apuñalar	poignarder	pugnalare	apunhalar, esfaquear	apunyalar	ponardi	pugnalar	Sie hat mir ins Bein gestochen!	¡Me ha clavado un puñal en la pierna!	Elle m'a poignardé dans la jambe !	Lei mi ha pugnalato alla gamba!	Ela me apunhalou na perna!	She stabbed me in the leg!	M'ha clavat un punyal a la cama!	Ŝi ponardis min en la gambon!	Illa me pugnalava in le gamba!	7
02518	Verbs	to abandon	verlassen	abandonar	abandonner, laisser	abbandonare	abandonar	abandonar	abandoni	abandonar	Ich werde dich jetzt nicht verlassen	No te voy a abandonar ahora	Je ne vais pas t'abandonner maintenant	Non ti abbandonerò adesso	Eu não vou abandonar você agora	I'm not going to abandon you now	No t'abandonaré ara.	Mi ne forlasos vin nun.	Io non va abandonar te nunc.	7
02519	Verbs	to hand	geben, reichen	dar, entregar	donner, remettre	passare, porgere	entregar, alcançar	donar, passar	transdoni	livrar	Sie gibt mir einen Ordner voller Fotos	Ella me da una carpeta llena de fotografías	Elle me remet un classeur plein rempli de photos	Lei mi passa una cartellina piena di fotografie	Ela me entrega uma pasta cheia de fotografias	She hands me a folder full of photographs	Ella em dóna una carpeta plena de fotografies.	Ŝi transdonas al mi dosierujon plenan de fotoj.	Illa me livra un dossier plen de photographias.	7
02520	Verbs	to lean	sich (an-)lehnen, sich beugen	apoyarse, inclinarse	(se) pencher	appoggiarsi	se apoiar	inclinar-se	klini sin	inclinar se	Lehne dichnicht so weit vor!	No te apoyes demasiado	Ne te penche pas trop !	Non appoggiarti troppo!	Não se apoie muito!	Don't lean over too far!	No t'inclinis massa!	Ne klinu vin tro malproksimen!	Non te inclina troppo in avante!	7
02521	Verbs	to welcome	empfangen 	dar la bienvenida	accueillir	dare il benvenuto, accogliere	dar boas-vindas, acolher	donar la benvinguda	bonvenigi	dar le benvenita	Der Präsident empfängt MInister aus Nachbarländern	El presidente da la bienvenida a los ministros de los países vecinos	Le président accueille les ministres des pays voisins	Il presidente accoglie i ministri dei paesi vicini	O presidente dá as boas vindas aos ministros dos países vizinhos	The president welcomes ministers from neighboring countries	El president dóna la benvinguda als ministres dels països veïns.	La prezidanto bonvenigas ministrojn el najbaraj landoj.	Le presidente da le benvenita al ministros de paises vicin.	7
02522	Verbs	to be afraid, to fear	fürchten	temer(se)	avoir peur, craindre	temere	temer, ter medo	témer, tenir por	timi	timer	Ich fürchte, du hast Recht.	Me temo que tienes razón.	Je crains que tu aies raison.	Temo tu abbia ragione.	Eu temo que você tenha razão.	I'm afraid that you're right	Em temo que tens raó.	Mi timas, ke vi pravas.	Io time que tu ha ration.	7
02523	Verbs	to surprise, to astonish	überraschen	sorprender	étonner	stupire, sorprendere	surpreender	sorprendre	surprizi	surprender	Sie war überrascht, ihren Ex-Mann dort zu sehen.	Lesorprendió ver a su ex marido allí.	Elle était étonnée de voir son ex-mari là.	Era stupita di vedere il suo ex marito lì.	Ela ficou surpresa de ver seu ex-marido lá.	She was surprised to see her ex-husband there	Li va sorprendre veure el seu ex-marit allà.	Ŝi estis surprizita vidi sian eksedzon tie.	Illa esseva surprendite de vider su ex-marito ibi.	7
02524	Verbs	to dare	wagen	atreverse	oser	osare	ousar	atrevir-se	kuraĝi	osar	Er hat es nicht gewagt, zu ihr zu kommen.	Él no se atrevió a ir a su casa.	Il n'a pas osévenir chez elle.	Lui non ha osato venire a casa di lei.	Ele não ousou vir à casa dela.	He didn't dare come to her house	Ell no es va atrevir a anar a casa seva.	Li ne kuraĝis veni al ŝia domo.	Ille non ha audite venir a casa de illa.	7
02525	Verbs	to cheer, to applaud, to clap	zujubeln, applaudieren	aclamar, aplaudir	acclamer, applaudir	applaudire	aplaudir	aclamar, aplaudir	aplaŭdi	applauder	Die Menge jubelt der Militärparade zu	El público aplaude el desfile del ejército	Le public applaudit le défilé de l'armée	Il pubblico applaude la parata dell'esercito	O público aplaude o desfile do exército	The crowd applauds the military parade	El públic aplaudeix la desfilada de l'exèrcit.	La homamaso aplaŭdas la militan paradon.	Le publico applaude le parada militar.	7
02526	Verbs	to adapt	anpassen, adaptieren	adaptar	adapter	adattare	adaptar	adaptar-se	adaptiĝi	adaptar	Ich bin immer noch dabei mich an die Kultur anzupassen, sie ist sehr anders im Vergleich zu meiner	Todavía me estoy adaptando a la cultura, es muy diferente a la mía	Je suis toujours en train de m'adapter à la culture, elle est très différente de la mienne	Mi sto ancora adattando alla cultura, è molto diversa dalla mia	Eu ainda estou me adaptando a cultura, é muito diferente da minha.	I'm still adapting to the culture; it's very different from mine	Encara m'estic adaptant a la cultura, és molt diferent de la meva.	Mi ankoraŭ adaptiĝas al la kulturo; ĝi estas tre malsama ol la mia.	Io ancora me adapta al cultura; illo es multo differente del mie.	7
02527	Verbs	to attach	anfügen, anhängen	adjuntar	joindre à, attacher à	allegare	anexar	adjuntar	alkroĉi	attachar	Kann mir jemand dabei helfen, ein Dokument an eine E-Mail anzuhängen?	¿Alguien me puede ayudar a adjuntar un documento en un email?	Quelqu'un peut m'aider à joindre un document à un email ?	Qualcuno può aiutarmi ad allegare un documento all'e-mail?	Alguém pode me ajudar a anexar um documento no email?	Can someone help me attach a document to an email?	Algú em pot ajudar a adjuntar un document en un correu electrònic?	Ĉu iu povas helpi min alkroĉi dokumenton al retpoŝto?	Alcuno pote adjutar me a attachar un documento a un email?	7
02528	Verbs	to shake [shook, shaken]	schütteln	agitar	agiter	agitare	agitar, chacoalhar	sacsejar	skui	agitar	David schüttelte die Ketchup-Flasche, bevor er sich bediente.  	David agitó la botellade ketchup antes de servirse.	David a agité la bouteille de ketchup avant de se servir.	David ha agitato la bottiglia di ketchup prima di servirsi.	O David chacoalhou a garrafa de ketchup antes de se servir.	David shook the ketchup bottle before serving himself	En David va sacsejar l'ampolla de quètxup abans de servir-se.	David skuis la keĉup-botelon antaŭ ol servi sin.	David ha agitate le bottilia de ketchup ante servir se.	7
02529	Verbs	to threaten	bedrohen	amenazar	menacer	minacciare	ameaçar	amenaçar	minaci	menaciar	Er hat mich bedroht, das ist eine Drohung.	Él me amenazó, es una amenaza	Il m'a menacé, c'est une menace	Mi ha minacciato, è una minaccia	Ele me ameaçou, é uma ameaça	He threatened me, it's a threat	Ell em va amenaçar, és una amenaça.	Li minacis min, tio estas minaco.	Ille me ha menaciate; isto es un menacia.	7
02530	Verbs	to appear	erscheinen 	aparecer	apparaître	apparire	aparecer	aparèixer	aperi	apparer	Die Katze ist heute morgen erschienen	El gato apareció esta mañana	Le chat est apparu ce matin	Il gatto è apparso questa mattina	O gato apareceu esta manhã	The cat appeared this morning	El gat va aparèixer aquest matí.	La kato aperis ĉi-matene.	Le catto ha apparite iste matino.	7
02531	Verbs	to apply	anwenden , auftragen 	aplicar	appliquer	applicare, mettere	aplicar	aplicar	apliki	applicar	Vergiss nicht, heute Sonnencreme aufzutragen, die Sonne wird sehr stark sein	No olvides aplicarte protector solarhoy, el sol será muy fuerte	N'oublie pas de t'appliquer de la crème solaire aujourd'hui, le soleil va être très fort	Non dimenticare di mettere la crema solare oggi, il sole sarà molto forte	Não se esqueça de aplicar o protetor solar hoje, o sol será muito forte.	Don't forget to apply sunscreen today, the sun will be very strong	No oblidis aplicar-te protector solar avui, el sol serà molt fort.	Ne forgesu apliki sunkremon hodiaŭ, la suno estos tre forta.	Non oblida applicar crema solar hodie, le sol essera multo forte.	7
02532	Verbs	to press	(auf etwas) drücken	pulsar, apretar	appuyer sur (quelque chose)	premere	apertar, pressionar	prémer	premi	premer	Du musst erst auf den Knopf drücken	Debes pulsar primero el botón	Tu dois appuyer sur le bouton d'abord	Devi premere il bottone prima	Você precisa apertar o botão primeiro	You need to press the button first	Primer has de prémer el botó.	Vi devas unue premi la butonon.	Tu debe premer le button prime.	7
02533	Verbs	to approve	zustimmen, billigen, gutheißen 	aprobar	approuver	approvare	aprovar	aprovar	aprovi	approbar	Meine Freunde haben meine Entscheidung gutgeheißen	Mis amigos aprobaron mi decisión	Mes amis ont approuvé mon choix	I miei amici hanno approvato la mia scelta.	Meus amigos aprovaram minha escolha	My friends approved of my choice	Els meus amics van aprovar la meva elecció.	Miaj amikoj aprobis mian elekton.	Mi amicos approbava mi decision.	7
02534	Verbs	to aim	zielen, anstreben, anvisieren	apuntar	viser	mirare	mirar	apuntar	celi	appunctar	Er visiertedas Ziel an, das 100 Meter entfernt ist	Él ha apuntadoal objetivo que está a 100 metros de distancia	Il a visé la cible qui est à 100 mètres	Ha mirato al bersaglio che è a 100 metri	Ele mirou no alvo que está a 100 metros	He aimed at the target that is 100 meters away	Va apuntar a l'objectiu que és a 100 metres de distància.	Li celis la celon, kiu estas 100 metrojn for.	Ille punctava al objectivo que es a 100 metros de distantia.	7
02535	Verbs	to regret	bedauern	arrepentirse, lamentar	regretter	pentirsi	arrepender-se	penedir-se, lamentar	penti	regrettar	Er bedauert, was er gesagt hat	Él se arrepiente de lo que ha dicho	Il regrette ce qu'il a dit	Lui si pente di quel che ha detto	Ele se arrepende do que disse	He regrets what he said	Es penedeix del que ha dit.	Li pentas tion, kion li diris.	Ille regretta lo que ille ha dicite.	7
02536	Verbs	to risk	riskieren	arriesgar	risquer	rischiare	arriscar	arriscar	riski	riscar	Ich riskiere sehr viel.	Estoy arriesgando mucho.	Je risque gros.	Rischio grosso.	Estou arriscando muito.	I'm risking a lot	Estic arriscant molt.	Mi multe riskas.	Io risca multo.	7
02537	Verbs	to increase	erhöhen	aumentar	augmenter	aumentare	aumentar	augmentar	pliigi	augmentar	Er hat die Preise erhöht, und das ist eine bedeutende Preiserhöhung.	Él aumentó los precios, es un gran aumento	Il a augmenté les prix, et c'est une grosse augmentation	Lui ha aumentato i prezzi, è un grande aumento	Ele aumentou os preços, é um grande aumento	He increased the prices, it's a significant increase	Ha augmentat els preus, i és un augment significatiu.	Li pliigis la prezojn, tio estas signifa pliigo.	Ille augmentava le precios; illo es un augmento significative.	7
02538	Verbs	to block	blockieren, (ver-)sperren	bloquear	bloquer	bloccare	bloquear, entupir	bloquejar	bloki	blocar	Die Bank hat sein Konto gesperrt.	El banco bloqueó su cuenta	La banque a bloqué son compte	La banca ha bloccato il suo conto	O banco bloqueou a conta dele	The bank has blocked his account	El banc ha bloquejat el seu compte.	La banko blokis lian konton.	Le banca ha blocate su conto.	7
02539	Verbs	to shine [shone/shined, shone/shined] 	scheinen 	brillar	briller	brillare	brilhar	brillar	brili	brillar	Die Sonne hat gestern den ganzen Tag hell geschienen.	Ayer el sol brilló con fuerza todo el día.	Le soleil a brillé fort toute la journée d'hier	Il sole ha brillato luminoso tutto il giorno ieri.	O sol brilhou forte o dia todo, ontem.	The sun shone brightly all day yesterday	Ahir el sol va brillar amb força tot el dia.	La suno brilis hele la tutan tagon hieraŭ.	Heri le sol brillava fortemente durante tote le die.	7
02540	Verbs	to punish	(be)strafen	castigar	punir	punire	castigar, punir	castigar	puni	castigar	Ich habe ihn bestraft und seine Strafe wargerechtfertigt.	Yo lo castigué, su castigo fue justificado.	Je l'ai puni,sa punition était justifiée.	Io l'ho punito, la punizione era giustificata	Eu castiguei a ele, seu castigo foi justificado	I punished him, his punishment was justified	Jo el vaig castigar i el seu càstig va ser justificat.	Mi punis lin, lia puno estis pravigita.	Io le castigava; su castigation esseva justificate.	7
02541	Verbs	to dig [dug, dug]	graben 	cavar	creuser	scavare	cavar	cavar	fosi	cavar	Der Hund grub ein weiteres Loch im Garten.	El perro cavó otro hoyo en el jardín	Le chien a creusé un autre trou dans le jardin	Il cane scavò un altro buco nel giardino	O cachorro cavou outro buraco no jardim	The dog dug another hole in the garden	El gos va cavar un altre forat al jardí.	La hundo fosis alian truon en la ĝardeno.	Le can cavava un altere foramine in le jardin.	7
02542	Verbs	to hunt	jagen	cazar	chasser	cacciare	caçar	caçar	ĉasi	chassar	Die Katze jagt gerne kleine Tiere	Al gato le gusta cazar animales pequeños	Le chat aime chasser les petits animaux	Il gatto ama cacciare i piccoli animali.	O gato adora caçar pequenos animais	The cat likes to hunt small animals	Al gat li agrada caçar animals petits.	La kato ŝatas ĉasi malgrandajn bestojn.	Le catto ama chassar parve animales.	7
02543	Verbs	to clash	zusammenstoßen  (Konflikt)	enfrentarse	s'affronter	scontrarsi	bater, confrontar	enfrontar-se	kolizii	collider	Die Demonstranten sind mit der Polizei zusammengestoßen	Los manifestantes se enfrentaron con la policía	Les manifestants se sont affrontés avec la police	I manifestanti si sono scontrati con la polizia	Os manifestantes entraram em confronto com a polícia	Protesters clashed with police	Els manifestants es van enfrontar amb la policia.	Manifestaciantoj koliziis kun la polico.	Le manifestantes collideva con le policia.	7
02544	Verbs	to communicate	jemandem etw. mitteilen, kommunizieren	comunicar	communiquer	comunicare	comunicar-se	comunicar-se	komuniki	communicar	Die Armee kommuniziert über das Radio	El ejército se comunica por radio	L'armée communique par radio	L'esercito comunica via radio	O exército se comunica por rádio	The army communicates over the radio	L'exèrcit es comunica per ràdio.	La armeo komunikas per radio.	Le exercitio communica per radio.	7
02545	Verbs	to condemn, to sentence	verurteilen	condenar	condamner	condannare	condenar	condemnar	kondamni	condemnar	Die Bänker wurden für ihre Rolle in der Rezession verurteilt	Los banqueros fueron condenados por su rol en la recesión	Les banquiers ont été condamnés pour leur rôle dans la recession	I banchieri sono stati condannati per il loro ruolo nella recessione	Os banqueiros foram condenados por seu papel na recessão	The bankers have been condemned for their role in the recession	Els banquers van ser condemnats pel seu paper en la recessió.	La bankistoj estis kondamnitaj pro sia rolo en la recesio.	Le bancheros ha essite condemnate pro lor rolo in le recession.	7
02546	Verbs	to gather (up)	einsammeln; sich versammeln	recoger, reunir	recueillir, se réunir	raccogliere, riunirsi	recolher, reunir	recollir, reunir	kolekti	recolliger, reunir	Wir müssen alle Tennisbälle einsammeln. Die Leute haben sich für die Zeremonie versammelt.	Debemos recoger todas las bolas de tenis. La gente se reunió para la ceremonia.	Nous devons recueillir toutes les balles de tennis. Les gens se sont réunis pour la cérémonie.	Dobbiamo raccogliere tutte le palle da tennis. Le persone si riunirono per la cerimonia.	(Nós) precisamos recolher todas as bolas de tênis. As pessoas se reuniram para a cerimônia.	We need to gather up all the tennis balls. The people gathered for the ceremony.	Hem de recollir totes les pilotes de tennis. La gent es va reunir per a la cerimònia.	Ni bezonas kolekti ĉiujn tenispilkojn. La homoj kolektiĝis por la ceremonio.	Nos debe recolliger tote le ballas de tennis. Le gente se reuniva pro le ceremonia.	7
02547	Verbs	to consider	abwägen 	considerar	considérer	considerare	considerar	considerar	konsideri	considerar	Wir müssen unsere Optionen abwägen, bevor wir eine Entscheidung treffen	Debemos considerar nuestras opciones antes de tomar una decisión	On doit considérer nos options avant de prendre une décision	Dobbiamo considerare le nostre opzioni prima di prendere una decisione	Nós temos que considerar nossas opções antes de tomar uma decisão	We have to consider our options before making a decision	Hem de considerar les nostres opcions abans de prendre una decisió.	Ni devas konsideri niajn eblojn antaŭ ol fari decidon.	Nos debe considerar nostre optiones ante prender un decision.	7
02548	Verbs	to count	zählen	contar (números)	compter	contare (numeri)	contar (números)	comptar	kalkuli	contar	Ich habe heute 12 Ferraris in London gezählt	Hoy conté 12 Ferraris en Londres	J'ai compté 12 Ferraris à Londres aujourd'hui	Ho contato 12 Ferrari a Londra oggi	Eu contei 12 Ferraris em Londres hoje	I've counted 12 Ferraris in London today	Avui he comptat 12 Ferraris a Londres.	Mi kalkulis 12 Ferrari-ojn en Londono hodiaŭ.	Io ha contate 12 Ferraris hodie in London.	7
02549	Verbs	to contain	enthalten 	contener	contenir	contenere	conter	contenir	enhavi	continer	Der Antrag enthält alles, was wir benötigen	La propuesta contiene todo lo que necesitamos	La proposition contient tout ce que nous voulions	La proposta contiene tutto quello che volevamo	A proposta contém tudo que nós queriamos	The proposal contains everything we wanted	La proposta conté tot el que necessitàvem.	La propono enhavas ĉion, kion ni volis.	Le proposition contine toto lo que nos voleva.	7
02550	Verbs	to create	kreieren, schöpfen	crear	créer	creare	criar 	crear	krei	crear	Wir haben eine Applikation kreiert, um Menschen beim Sprachenlernen zu helfen	Hemos creado una aplicación para ayudar a las personas a aprender idiomas	Nous avons créé une application pour aider les gens à apprendre des langues	Abbiamo creato un'applicazione per aiutare le persone ad imparare le lingue	Nós criamos um aplicativo para ajudar pessoas a aprenderem línguas	We have created an application to help people learn languages	Hem creat una aplicació per ajudar la gent a aprendre idiomes.	Ni kreis aplikaĵon por helpi homojn lerni lingvojn.	Nos ha create un application pro adjutar le personas a apprender linguas.	7
02551	Verbs	to criticize (US), to criticise (UK)	kritisieren (bemängeln)	criticar	critiquer	criticare	criticar 	criticar	kritiki	criticar	Sie kritisierten sein Verhalten in der Schule	Ellos criticaron su comportamiento en el colegio	Ils critiquèrent son comportement à l'école	Criticarono il suo comportamento a scuola	Eles criticaram o comportamento dele no colégio	They criticized his behavior at school	Van criticar el seu comportament a l'escola.	Ili kritikis lian konduton en la lernejo.	Illes criticava le comportamento de ille al schola.	7
02552	Verbs	to hurry	sich beeilen	darse prisa, apurarse	se dépêcher	sbrigarsi, andar di fretta	apressar-se	afanyar-se, donar-se pressa	rapidi	hastar se	Beeil dich, wir sind spät dran!	¡Date prisa, llegamos tarde!	Dépêche-toi, nous sommes en retard !	Sbrigati, siamo in ritardo!	Apresse-se, nós estamos atrasados!	Hurry up, we're running late!	Afanya't, fem tard!	Rapidu, ni malfruas!	Hasta te, nos es in retardo!	7
02553	Verbs	to defend	verteidigen	defender	défendre	difendere	defender-se	defensar	defendi	defender	Frankreich muss sich besser verteidigen sonst wird England mehr Tore erzielen	Francia debe defenderse mejor o Inglaterra hará más goles	La France doit se défendre mieux ou l'Angleterre va marquer encore des buts	La Francia deve difendere meglio o l'Inghilterra farà più gol	A França precisa se defender melhor senão a Inglaterra vai fazer mais gols	France needs to defend better or England will score more goals	França s'ha de defensar millor o Anglaterra marcarà més gols.	Francio devas defendi sin pli bone aŭ Anglio faros pli da goloj.	Francia debe defender melio o Anglaterra marcara plus goales.	7
02554	Verbs	to quit [quit, quit]	aufhören	dejar (E) / parar (AL)  (abandonar)	arrêter, quitter	smettere, interrompere	deixar de, parar 	deixar, abandonar	ĉesi	cessar	Ich muss aufhören zu rauchen, es ist zu teuer	Debo dejar de fumar, es demasiado caro	Je dois arrêter de fumer, c'est trop cher	Devo smettere di fumare, è troppo caro	Eu preciso deixar de fumar. É caro demais.	I need to quit smoking, it's too expensive	He de deixar de fumar, és massa car.	Mi devas ĉesi fumi, estas tro multekoste.	Io debe cessar de fumar; illo es troppo costose.	7
02555	Verbs	to describe	beschreiben 	describir	décrire	descrivere	descrever	descriure	priskribi	describer	Beschreibe mir wie es war in deinem Land groß zu werden	Descríbeme cómo fue crecer en tu país	Décris-moi comment c'était de grandir dans ton pays	Descrivimi come è stato crescere nel tuo paese	Descreva para mim como foi crescer em seu país	Describe to me what growing up in your country was like	Descriu-me com va ser créixer al teu país.	Priskribu al mi, kia estis kreski en via lando.	Describe a me como esseva crescer in tu pais.	7
02556	Verbs	to disappear	verschwinden 	desaparecer	disparaître	sparire	desaparecer	desaparèixer	malaperi	disparer	Ich kann die Email die du mir geschickt hast nicht finden, sie ist verschwunden	No puedo encontrar el email que me enviaste, desapareció	Je ne peux pas trouver l'email que tu m'as envoyé, il a disparu	Non riesco a trovare l'email che mi hai inviato, è sparita	Eu não posso encontrar o email que você me enviou, ele desapareceu	I can't find the email you sent me, it has disappeared	No puc trobar el correu electrònic que em vas enviar, ha desaparegut.	Mi ne povas trovi la retpoŝton, kiun vi sendis al mi, ĝi malaperis.	Io non pote trovar le message de e-posta que tu me inviava; illo ha disparite.	7
02557	Verbs	to discuss, to argue	diskutieren	discutir	discuter, débattre	discutere, dibattere	discutir	discutir	diskuti	discuter	Sie diskutieren immer noch darüber, sie müssen eine Entscheidung treffen	Ellos todavía discuten sobre eso, necesitan tomar una decisión	Ils sont toujours en train de discuter de cela, mais ils doivent prendre une décision	Stanno ancora discutendo di questo, devono prendere una decisione	Eles ainda estão discutindo sobre isso; eles precisam tomar uma decisão	They're still discussing it, but they need to make a decision	Encara ho discuteixen, han de prendre una decisió.	Ili ankoraŭ diskutas pri tio, sed ili devas fari decidon.	Illes ancora discute illo, sed illes debe prender un decision.	7
02558	Verbs	to decrease	verringern	disminuir	diminuer	diminuire	diminuir	disminuir	malpliigi	diminuer	Bewegung verringert das Risiko einer schlechten Gesundheit	El ejercicio disminuye el riesgo de una mala salud	L'exercice diminue le risque d'une mauvaise santé	L'esercizio diminuisce il rischio di cattiva salute	O exércicio físico diminui o risco de uma saúde ruim.	Exercise decreases the risk of bad health	L'exercici disminueix el risc de mala salut.	Ekzercado malpliigas la riskon de malbona sano.	Le exercitio diminue le risco de mal sanitate.	7
02559	Verbs	to fold, to bend [bent, bent]	falten ; biegen 	doblar, curvar	plier, courber	piegare, piegarsi	dobrar, curvar	plegar, doblegar	faldi, fleksi	plicar, flecter	Ich muss diese Laken falten; Seit dem Unfall, kann ich meine Knie nicht mehr biegen.	Tengo que doblar estas sábanas; Desde el accidente, ya no puedo doblar las rodillas	Je dois plier ces draps ; Depuis l'accident, je ne peux plus plier mes genoux	Devo piegare queste lenzuola; Dopo l'incidente non posso più piegare le ginocchia.	Eu tenho que dobrar estas folhas; Depois do acidente, eu não consigo mais dobrar meus joelhos	I have to fold these sheets; Since the accident, I can no longer bend my knees	He de plegar aquests llençols; Des de l'accident, ja no puc doblegar els genolls.	Mi devas faldi ĉi tiujn littukojn; De post la akcidento, mi ne plu povas fleksi miajn genuojn.	Io debe plicar iste drappos; desde le accidente, io non pote plus flecter mi geniculos.	7
02560	Verbs	to execute	ausführen, erledigen	ejecutar, cumplir	exécuter	eseguire	executar	executar	ekzekuti	executar	Die Soldaten führen die Befehle des Offiziers aus	Los soldados ejecutanlas órdenes del oficial	Les soldats exécutent les ordres de l'officier	I soldati eseguono gli ordini dell'ufficiale	Os soldados executam as ordens do oficial	The soldiers execute the officer's orders	Els soldats executen les ordres de l'oficial.	La soldatoj ekzekutas la ordonojn de la oficiro.	Le soldatos executa le ordines del officiero.	7
02561	Verbs	to bury	begraben 	enterrar	enterrer	seppellire	enterrar	enterrar	enterigi	interrar	Wir werden den Hamster im Garten begraben	Vamos a enterrar al hámster en el jardín	Nous allons enterrer le hamster dans le jardin	Seppelliremo il criceto in giardino	Nós vamos enterrar o hamster no jardim.	We will bury the hamster in the garden	Enterrarem el hàmster al jardí.	Ni enterigos la hamstron en la ĝardeno.	Nos va interrar le hamster in le jardin.	7
02562	Verbs	to deliver	liefern 	entregar	livrer	consegnare	entregar	lliurar, entregar	liveri	livrar	Ich habe das Paketgeliefert.	Yo entregué la encomienda.	J'ai livré le colis.	Ho consegnato il pacco.	Eu entreguei a encomenda	I delivered the parcel	Vaig lliurar el paquet.	Mi liveris la pakaĵon.	Io ha livrate le pacco.	7
02563	Verbs	to escape	entkommen 	escaparse	s'échapper, fuir	scappare, fuggire	escapar	escapar-se	eskapi	escappar	Der Hund ist entkommen	El perro se escapó	Le chien s'est échappé	Il cane è scappato	O cachorro escapou	The dog has escaped	El gos s'ha escapat.	La hundo eskapis.	Le can se ha escappate.	7
02564	Verbs	to express	ausdrücken	expresar	exprimer	esprimere, esprimersi	expressar	expressar	esprimi	exprimer	Seitdem ich diese Methode gebrauche,kann ich mich viel besser ausdrücken.	Desde que utilizo este método, puedo expresarme mejor	Depuis que j'utilise cette méthode, je peux m'exprimer beaucoup mieux	Da quando uso questo metodo so esprimermi molto meglio	Desde que utilizo esse método, eu posso me expressar melhor	Since using this method, I can express myself so much better	Des que utilitzo aquest mètode, puc expressar-me molt millor.	De kiam mi uzas ĉi tiun metodon, mi povas esprimi min multe pli bone.	Desde que io usa iste methodo, io pote exprimer me multo melio.	7
02565	Verbs	to extend	verlängern	extender	prolonger	estendere, prolungare	estender	estendre, allargar	etendi	extender	Ich hoffe ich kann meinen Urlaub verlängern	Espero extender mis vacaciones	J'espère prolonger mes vacances	Spero di prolungare le mie vacanze	Eu espero estender minhas férias	I hope to extend my holidays	Espero poder allargar les meves vacances.	Mi esperas etendi miajn feriojn.	Io spera extender mi vacantias.	7
02566	Verbs	to manufacture	herstellen, fabrizieren, anfertigen	fabricar	fabriquer	fabbricare, produrre	fabricar	fabricar	fabriki	fabricar	Alles wird hier in der Fabrik hergestellt	Todo se fabrica aquí en la fábrica.	Tout est fabriqué ici dans l'usine	Tutto è prodotto qui nella fabbrica	Tudo é fabricado aqui na fábrica	Everything is manufactured here in the factory	Tot es fabrica aquí a la fàbrica.	Ĉio estas fabrikata ĉi tie en la fabriko.	Toto es fabricate hic in le fabrica.	7
02567	Verbs	to float	treiben 	flotar	flotter	galleggiare	flutuar	flotar	flosi	flottar	Der Ball ist nicht untergegangen, er treibt auf dem Wasser	El balón no se ha hundido, está flotando en el agua	La balle n'a pas coulé, elle flotte sur l'eau	La palla non è affondata, galleggia sull'acqua	A bola não afundou. Ela  está flutuando na água	The ball didn't sink, it's floating on the water	La pilota no s'ha enfonsat, està flotant a l'aigua.	La pilko ne sinkis, ĝi flosas sur la akvo.	Le ballon non se ha submergite; illo flotta super le aqua.	7
02568	Verbs	to rub	reiben 	frotar	frotter	strofinare	esfregar	fregar	froti	fricar	Ich reibe meine Hände aneinander, um sie warm zu halten	Me froto las manos para mantenerlas calientes	Je me frotte les mains pour les garder au chaud	Strofino le mani per tenerle calde	Eu estou esfregando minhas mãos para mantê-las quentes	I'm rubbing my hands together to keep them warm	Em frego les mans per mantenir-les calentes.	Mi frotas miajn manojn por teni ilin varmaj.	Io frica mi manos insimul pro mantener los calide.	7
02569	Verbs	to govern, to rule	regieren, beherrschen	gobernar	gouverner	governare	governar	governar	regi	governar	Es ist nicht leicht, ein Land zu regieren	No es fácil gobernar un país	Ce n'est pas facile de gouverner un pays	Non è facile governare un paese	Não é fácil governar um país	It's not easy to govern a country	No és fàcil governar un país.	Ne estas facile regi landon.	Il non es facile governar un pais.	7
02570	Verbs	to invade	einfallen 	invadir	envahir	invadere	invadir	envair	invadi	invader	Die Armee ist in das Land eingefallen	El ejército ha invadido este país	L'armée a envahice pays	L'esercito ha invaso questo paese.	O exército invadiu este país	The army invaded this country	L'exèrcit ha envaït aquest país.	La armeo invadis ĉi tiun landon.	Le armea ha invadite iste pais.	7
02571	Verbs	to investigate	eine Untersuchung durchführen; ermitteln	investigar	enquêter, faire des recherches	investigare	investigar	investigar	enketi	investigar	Die Polizei ermittelt in Sachen derVergangenheit des Verbrechers	La policía investiga el pasado delcriminal.	La police enquête sur le passé du criminel	La polizia investiga sul passato del criminale.	A polícia está investigando o passado do criminoso	The police are investigating the criminal's past	La policia investiga el passat del criminal.	La polico enketas la pasintecon de la krimulo.	Le policia investiga le passato del criminal.	7
02572	Verbs	to include	einschließen , aufnehmen 	incluir	inclure	includere	incluir	incloure	inkluzivi	includer	Können Sie eine Versicherung in den Automietvertrag mit aufnehmen?	¿Se puede incluir un seguro con el alquiler del coche?	Pouvez-vous inclure une assurance avec la location de la voiture ?	Può includere l'assicurazione con il noleggio della macchina?	É possível incluir o seguro na locação do carro?	Can you include insurance with the car rental?	Pot incloure una assegurança amb el lloguer del cotxe?	Ĉu vi povas inkluzivi asekuron kun la aŭtoluado?	Pote vos includer un assecurantia con le location del auto?	7
02573	Verbs	to inform, to report	informieren	informar	informer	informare	informar	informar	informi	informar	Niemand informierte michüber meinen neuen Zeitplan	Nadie me ha informado de mi nuevo horario.	Personne ne m'a informé de mes nouveaux horaires.	Nessuno mi ha informato dei miei nuovi orari.	Ninguém me informou sobre os meus novos horários.	No one informed me about my new schedule	Ningú m'ha informat del meu nou horari.	Neniu informis min pri mia nova horaro.	Nemo me ha informate de mi nove horario.	7
02574	Verbs	to release	befreien	liberar	libérer	liberare	libertar	alliberar	liberigi	liberar	Der Gefangene wurde nach 4 Jahren befreit	El prisionero fue liberado después de cuatro años.	Le prisonnier a été libéré au bout de quatre ans.	Il prigioniero è stato liberato dopo quattro anni.	O prisioneiro foi libertado depois de quatro anos.	The prisoner was released after four years	El presoner va ser alliberat després de quatre anys.	La malliberulo estis liberigita post kvar jaroj.	Le prisionero esseva liberate post quatro annos.	7
02575	Verbs	to reach	erreichen, (zu etw.) gelangen	llegar (a algún lugar)	atteindre, parvenir à	raggiungere, riuscire 	alcançar, chegar (a algum lugar)	arribar (a un lloc)	atingi	arrivar	Wir erreichen Paris bevor es Nacht wird	Llegaremos a París antes del anochecer.	Nous atteindrons Paris avant la nuit.	Raggiungeremo Parigi prima di notte.	Chegaremos a Paris antes do anoitecer.	We will reach Paris before night	Arribarem a París abans que es faci de nit.	Ni atingos Parizon antaŭ noktiĝo.	Nos arrivara a Paris ante le nocte.	7
02576	Verbs	to fill	(aus)füllen	llenar	remplir	riempire	preencher, encher	omplir	plenigi	impler	Mein Sohn füllteseinen Kofferwieder mit Spielsachen	Mi hijo ha vuelto a llenar su maleta de juguetes	Mon fils a encore rempli sa valise avec des jouets	Mio figlio ha di nuovo riempito la sua valigia con dei giocattoli	Meu filho encheu sua mala de brinquedos novamente	My son filled his suitcase with toys again	El meu fill ha tornat a omplir la maleta de joguines.	Mia filo denove plenigis sian valizon per ludiloj.	Mi filio ha de novo implite su valise con joculos.	7
02577	Verbs	to bite [bit, bitten]	beißen 	morder	mordre	mordere	morder	mossegar	mordi	morder	Gehe nicht zu nah ran, es könnte dich beißen!	¡No te acerques mucho, podría morderte!	Ne t'approche pas trop près, il pourrait te mordre !	Non ti avvicinare troppo, potrebbe morderti!	Não se aproxime muito, ele pode te morder!	Don't get too close, it might bite you!	No t'hi acostis gaire, et podria mossegar!	Ne tro proksimiĝu, ĝi povus mordi vin!	Non te approxima troppo; illo poterea morder te!	7
02578	Verbs	to starve	verhungern	morir de hambre	mourir de faim	morire di fame	morrer de fome	morir de fam	malsategi	morir de fame	Ich bin am Verhungern, wann werden wir essen?	Muero de hambre, ¿cuándo vamos a comer?	Je meurs de faim, quand allons-nous manger?	Sto morendo di fame, quando andiamo a mangiare?	Eu estou morrendo de fome, quando nos vamos comer?	I'm starving, when are we going to eat?	M'estic morint de fam, quan menjarem?	Mi malsategas, kiam ni manĝos?	Io mori de fame; quando va nos mangiar?	7
02579	Verbs	to notice	bemerken	darse cuenta	remarquer	notare	notar, perceber	adonar-se	rimarki	notar	Hast du bemerkt, dass die Straße gesperrt ist?	¿Te has dado cuenta de que la carretera está cerrada?	As-tu remarqué que la route est fermée ?	Hai notato che la strada è chiusa?	Você notou que a estrada está fechada?	Did you notice that the road is closed?	T'has adonat que la carretera està tancada?	Ĉu vi rimarkis, ke la vojo estas fermita?	Ha tu notate que le strata es claudite?	7
02580	Verbs	to note	notieren	anotar	noter	annotare	anotar	anotar	noti	annotar	Er notiert die Zusammenfassung in seinem Notizbuch	Él anota el resumen en su cuaderno.	Il note le résumé dans son cahier.	Annota il riassunto nel suo quaderno.	Ele anota o resumo no seu caderno.	He notes the summary in his notebook	Ell anota el resum al seu quadern.	Li notas la resumon en sia kajero.	Ille annota le summario in su quaderno.	7
02581	Verbs	to oppress	unterdrücken	oprimir	opprimer	opprimere	oprimir	oprimir	subpremi	opprimer	Dieser Diktator unterdrückt das Volk.	El dictador oprime al pueblo	Ce dictateur opprime le peuple.	Il dittatore opprime il popolo.	Esse ditador oprime o povo.	That dictator oppresses the people	Aquell dictador oprimeix el poble.	Tiu diktatoro subpremas la popolon.	Ille dictator opprime le populo.	7
02582	Verbs	to chase	verfolgen	perseguir	pourchasser, poursuivre	inseguire	perseguir	perseguir	postkuri	persequer	Die Polizeiverfolgt diese Bande Krimineller schon seit Jahren	La policía lleva años persiguiendo a esta banda de delincuentes	Ça fait des années que la police pourchasse ce gang de criminels	La polizia insegue questa banda di criminali da anni	A polícia vem perseguindo este bando de criminosos há anos	The police have been chasing this gang of criminals for years	La policia porta anys perseguint aquesta banda de delinqüents.	La polico postkuras ĉi tiun bandon de krimuloj de jaroj.	Le policia ha persequite iste banda de criminales durante annos.	7
02583	Verbs	to plan	planen	planificar	planifier	pianificare	planejar	planificar	plani	planificar	Er hat seine Reise seit zwei Jahren geplant.	Lleva dos años planificando este viaje	Il planifie son voyage depuis deux ans.	Sta pianificando il suo viaggio da due anni.	Ele vem planejando sua viagem há dois anos.	He's been planning his trip for two years	Porta dos anys planificant aquest viatge.	Li planas sian vojaĝon de du jaroj.	Ille ha planificate su viage durante duo annos.	7
02584	Verbs	to plant	pflanzen	plantar	planter	piantare	plantar	plantar	planti	plantar	Meine Eltern haben diesen Baum gepflanzt als ich geboren wurde	Mis padres plantaron este arbol cuando nací	Mes parents ont planté cet arbre quand je suis né	I miei genitori hanno piantato questo albero quando sono nato	Meus pais plantaram essa árvore quando eu nasci.	My parents planted this tree when I was born	Els meus pares van plantar aquest arbre quan vaig néixer.	Miaj gepatroj plantis ĉi tiun arbon kiam mi naskiĝis.	Mi parentes plantava iste arbore quando io nasceva.	7
02585	Verbs	to possess	besitzen 	poseer, tener	posséder	possedere	possuir	posseir	posedi	posseder	Das ist alles, was er besitzt	Eso es todo lo que posee.	C'est tout ce qu'il possède.	È tutto quello che possiede.	Isso é tudo o que ele possui.	It's all he possesses	Això és tot el que posseeix.	Tio estas ĉio, kion li posedas.	Isto es toto lo que ille possede.	7
02586	Verbs	to protect	schützen, beschützen	proteger	protéger	proteggere	proteger	protegir	protekti	proteger	Ich muss eine Schutzhüllekaufen, um mein Telefon zu schützen.	Necesito comprar un estuche para proteger mi teléfono	J'ai besoin d'acheter une coque pour protéger mon téléphone	Ho bisogno di comprare una custodia per proteggere il mio telefono	Eu preciso comprar uma capa para proteger meu telefone.	I need to buy a case to protect my phone	Necessito comprar una funda per protegir el meu telèfon.	Mi bezonas aĉeti ujon por protekti mian telefonon.	Io necessita comprar un custodia pro proteger mi telephono.	7
02587	Verbs	to protest	protestieren	protestar	protester	protestare	protestar	protestar	protesti	protestar	Da waren hunderte von Menschen die in den Straßen protestierten	Había cientos de personas protestando en las calles	Il y avait des centaines de personnes qui protestaient dans les rues	C'erano centinaia di persone che protestavano nelle strade	Havia centenas de pessoas protestando nas ruas	There were hundreds of people protesting in the streets	Hi havia centenars de persones protestant als carrers.	Estis centoj da homoj protestantaj sur la stratoj.	Il habeva centos de personas protestante in le stratas.	7
02588	Verbs	to burn [burned (burnt), burned (burnt)]	verbrennen 	quemar 	brûler	bruciare	queimar	cremar	bruligi	comburer	Ich habe mir dieHand am Ofen verbrannt	Me quemé la mano en el horno	Je me suis brulé la main sur le four	Mi sono bruciato la mano nel forno	Eu queimei minha mão no forno	I burnt my hand on the oven	Em vaig cremar la mà al forn.	Mi bruligis mian manon sur la forno.	Io me combureva le mano al furno.	7
02589	Verbs	to remove	entfernen	quitar, eliminar	enlever, supprimer	levare, rimuovere	tirar, remover	treure, eliminar	forigi	remover	Er hat das letzte Wort aus seinem Satz entfernt	Él quitóla última palabra de su frase.	Il a supprimé le dernier mot de sa phrase.	Ha rimosso l'ultima parola dalla sua frase.	Ele removeu a última palavra da sua frase.	He removed the last word from his sentence	Va treure l'última paraula de la seva frase.	Li forigis la lastan vorton el sia frazo.	Ille removeva le ultime parola de su phrase.	7
02590	Verbs	to react	reagieren	reaccionar	réagir	reagire	reagir	reaccionar	reagi	reager	Er hat schlecht auf die Medikamente reagiert	Él reaccionó mal a los medicamentos	Il a mal réagi aux médicaments	Ha reagito male alle medicine	Ele reagiu mal à medicação.	He reacted badly to the medication	Va reaccionar malament als medicaments.	Li reagis malbone al la medikamento.	Ille reageva mal al medicamento.	7
02591	Verbs	to reward	belohnen	recompensar	récompenser	ricompensare	recompensar	recompensar	rekompenci	recompensar	Er wurde für seinen Mut belohnt	Le han recompensado por su valentía	Il a été récompensé pour son courage	Viene ricompensato per il suo coraggio	Ele foi recompensado por sua coragem	He was rewarded for his courage	Ha estat recompensat per la seva valentia.	Li estis rekompencita pro sia kuraĝo.	Ille esseva recompensate pro su corage.	7
02592	Verbs	to reduce	reduzieren	reducir, bajar	réduire	ridurre	reduzir	reduir	redukti	reducer	Der Ladenbesitzer hat den Preis seiner Waren reduziert  	El comerciante ha reducidoel precio de sus productos	Le commerçant a réduit le prix de ses produits	Il commerciante ha ridotto il prezzo dei suoi prodotti	O comerciante reduziu o preço de seus produtos	The shopkeeper reduced the prices of his products	El botiguer ha reduït el preu dels seus productes.	La butikisto reduktis la prezojn de siaj produktoj.	Le commerciante reduceva le precios de su productos.	7
02593	Verbs	to represent	darstellen, repräsentieren	representar	représenter	rappresentare	representar	representar	reprezenti	representar	Die Diplomaten repräsentieren das Land, aus dem sie kommen	Los diplomáticos representan el país del que son originarios	Les diplomates représentent le pays d'où ils viennent.	I diplomatici rappresentano il paese da cui vengono.	Os diplomatas representam o país de onde vêm.	Diplomats represent the country they come from	Els diplomàtics representen el país d'on provenen.	Diplomatoj reprezentas la landon, el kiu ili venas.	Diplomates representa le pais de lor origine.	7
02594	Verbs	to improve, to enhance	verbessern	mejorar	améliorer	migliorare	aprimorar	millorar	plibonigi	meliorar	Er verbesserte seine Sprachkenntnisse, indem er dem Rat seines Freundes folgte	Él mejorósu nivel de idiomas siguiendo los consejos de su amigo	Il a amélioréses compétences enlangue en suivant les conseils de son ami.	Ha migliorato le sue competenze linguistiche seguendo i consigli del suo amico.	Ele aprimorousuas habilidades linguísticas seguindo os conselhos de seu amigo	He improved his language skills by following his friend's advice	Va millorar les seves habilitats lingüístiques seguint els consells del seu amic.	Li plibonigis siajn lingvokapablojn sekvante la konsilojn de sia amiko.	Ille meliorava su habilitates linguistic per sequer le consilio de su amico.	7
02595	Verbs	to pick up	einsammeln	recoger	ramasser, aller chercher	raccogliere	recolher, apanhar	recollir	kolekti	recolliger	Du musst noch das Laub im Garten einsammeln, bevor du gehst	Tienes que recoger las hojas muertas del jardín antes de irte	Tu dois ramasser les feuilles mortes dans le jardin avant de partir	Devi raccogliere le foglie morte in giardino prima di andare via	Você deve recolher as folhas mortas no jardim antes de ir embora	You need to pick up the dead leaves in the yard before you go	Has de recollir les fulles mortes del jardí abans de marxar.	Vi devas kolekti la mortintajn foliojn en la korto antaŭ ol vi foriros.	Tu debe recolliger le folios morte in le corte ante que tu parti.	7
02596	Verbs	to burst [burst, burst]	platzen  	reventar (un globo…)	crever, éclater (un ballon...)	far scoppiare (un pallone)	estourar (um balão/uma bexiga)	rebentar (un globus...)	eksplodigi (balono...)	crepar	Der Luftballon ist geplatzt, als sich mein Sohn darauf gesetzt hat.	El globo reventó cuando mi hijo se sentó encima.	Le ballon aéclaté quand mon fils s'est assis dessus.	Il pallone è scoppiato quando mio figlio ci si è seduto sopra.	O balão estourou quando meu filho sentou sobre ele.	The balloon burst when my son sat on it	El globus va rebentar quan el meu fill s'hi va asseure.	La balono eksplodis kiam mia filo sidiĝis sur ĝi.	Le ballon crepava quando mi filio se sedeva super illo.	7
02597	Verbs	to inspect	inspizieren, untersuchen	inspeccionar, examinar	inspecter, examiner	ispezionare, esaminare	revisar, examinar	inspeccionar	inspekti	inspectar	Der Offizier inspizierte die Truppen	El oficial inspeccionó las tropas.	L'officier a inspecté les troupes.	L'ufficiale ha ispezionato le truppe.	O oficial inspecionou as tropas.	The officer inspected the troops	L'oficial va inspeccionar les tropes.	La oficiro inspektis la trupojn.	Le officiero inspectava le truppas.	7
02598	Verbs	to surround	umkreisen; umgeben ; umschließen 	rodear	entourer	circondare	rodear, circular	envoltar	ĉirkaŭi	cinger	Lea ist umgeben von unbekannten Leuten.	Lea está rodeada de desconocidos	Léa est entourée de personnes inconnues.	Léa è circondata da sconosciuti.	Léa está rodeada de pessoas desconhecidas.	Lea is surrounded by strangers	La Lea està envoltada de desconeguts.	Lea estas ĉirkaŭita de fremduloj.	Lea es cingite de estranieros.	7
02599	Verbs	to satisfy	zufriedenstellen	satisfacer	satisfaire	soddisfare	satisfazer	satisfer	kontentigi	satisfacer	Bis jetzt bin ich sehr zufrieden, das ist ein super Auto	Estoy satisfecho hasta ahora, es un auto muy bueno	Je suis très satisfait jusqu'à présent, c'est une excellente voiture	Sono molto soddisfatto fino ad ora, è un'ottima automobile	Até o momento, estou muito satisfeito, é um ótimo carro	I'm very satisfied so far, it's a great car	Estic molt satisfet fins ara, és un cotxe fantàstic.	Mi estas tre kontenta ĝis nun, ĝi estas bonega aŭto.	Io es multo satisfacite usque nunc; illo es un excellente automobile.	7
02600	Verbs	to point	zeigen, deuten	señalar	montrer, pointer	mostrare, indicare	mostrar, indicar	assenyalar	montri, indiki	indicar	Können Sie mir zeigen wo ich die nächste Toilette finde?	¿Puede señalarme dónde están los baños más cercanos?	Pouvez-vous me montrer où sont les toilettes les plus proches ?	Può indicarmi dove sono i bagni più vicini?	Você pode me mostrar onde ficam os banheiros mais próximos?	Can you point me towards the nearest toilets?	Em pot assenyalar on són els lavabos més propers?	Ĉu vi povas montri al mi, kie estas la plej proksima necesejo?	Pote vos indicar me ubi es le toilettes le plus proxime?	7
02601	Verbs	to separate	trennen	separar	séparer	separare	separar	separar	apartigi	separar	Der Lehrer trennte die zweiFreunde, die zu viel redeten	El profesor separó a los dos amigos que hablaban demasiado	Le professeur a séparé les deux amis qui parlaient trop	Il professore ha separato i due amici che parlavano troppo	O professor separou os dois amigos que falavam demais	The teacher separated the two friends who talked too much	El professor va separar els dos amics que parlaven massa.	La instruisto apartigis la du amikojn, kiuj tro multe parolis.	Le professor separava le duo amicos qui parlava troppo.	7
02602	Verbs	to mean [meant, meant]	bedeuten	significar	signifier, vouloir dire	significare	significar	significar	signifi	significar	Dieser Teddybär hat mir als Kind viel bedeutet.	Este oso de peluchesignificaba mucho para mí cuando era pequeño.	Ce nounours signifiait beaucoup pour moi quand j'étais enfant.	Questo orsacchiotto ha significato molto per me quando ero un bambino.	Esse urso de pelúcia significava muito pra mim quando eu era criança.	This teddy bearmeant a lot to me when I was a kid	Aquest osset de peluix significava molt per a mi quan era petit.	Tiu pluŝa urso multe signifis por mi kiam mi estis infano.	Iste urso de pluche significava multo pro me quando io esseva un infante.	7
02603	Verbs	to survive	überleben	sobrevivir	survivre	sopravvivere	sobreviver	sobreviure	supervivi	superviver	Drei Menschen überlebten den Flugzeugabsturz.	Tres personas han sobrevivido al accidente aéreo.	Trois personnes ont survécu au crash de l'avion.	Tre persone sono sopravvissute all'incidente aereo.	Três pessoas sobreviveram ao acidente aéreo.	Three people survived the plane crash	Tres persones van sobreviure a l'accident d'avió.	Tri homoj supervivis la aviadilan akcidenton.	Tres personas superviveva al accidente de avion.	7
02604	Verbs	to ring [rang, rung]	klingeln, (tönen)	sonar, llamar	sonner	suonare	tocar, soar	sonar	sonori	sonar	Gestern hat den ganzen Tag das Telefon geklingelt.	Ayer el teléfono estuvo sonando todo el día.	Le téléphone a sonné toute la journée d'hier	Il telefono ha suonato tutto il giorno ieri.	O telefone tocou o dia todo ontem.	The phone rang all day long yesterday	Ahir el telèfon va sonar tot el dia.	La telefono sonoris la tutan tagon hieraŭ.	Heri le telephono sonava tote le die.	7
02605	Verbs	to surprise	überraschen (jemanden)	sorprender a alguien	surprendre	sorprendere	surpreender (alguém)	sorprendre	surprizi	surprender	Seine Überraschungüberraschte mich!	Su sorpresame sorprendió	Sa surprise m'a surpris!	La sua sorpresa mi ha sorpreso	Sua surpresa me surpreendeu	His surprise surprised me!	La seva sorpresa em va sorprendre!	Lia surprizo surprizis min!	Su surprisa me surprendeva!	7
02606	Verbs	to support	unterstützen	apoyar	supporter, soutenir	sostenere	suportar, apoiar	donar suport, recolzar	subteni	supportar	Jimmy unterstützt seineFreundin beiihren Plänen	Jimmy apoya a su amigaen sus proyectos	Jimmy soutient son amie dans ses projets	Jimmy sostiene l'amica nei suoi progetti	Jimmy apoia sua amiga em seus projetos	Jimmy supports his friend in her plans	En Jimmy dona suport a la seva amiga en els seus projectes.	Jimmy subtenas sian amikinon en ŝiaj planoj.	Jimmy supporta su amica in su projectos.	7
02607	Verbs	to involve, to implicate	einbeziehen 	implicar	impliquer	coinvolgere, implicare	envolver, implicar	implicar	impliki	implicar	Wir müssen sie mehr einbeziehen, sie hat immer gute Ideen	Necesitamos implicarla más, ella siempre tiene buenas ideas	On doit l'impliquer plus, elle a toujours de bonnes idées	Dobbiamo coinvolgerla di più, ha sempre delle buone idee	Nós precisamos envolvê-la mais, ela sempre tem boas idéias	We need to involve her more; she always has good ideas	L'hem d'implicar més, sempre té bones idees.	Ni devas pli impliki ŝin; ŝi ĉiam havas bonajn ideojn.	Nos necessita implicar la plus; illa sempre ha bon ideas.	7
02608	Verbs	to throw [threw, thrown] 	zuwerfen 	tirar, lanzar	jeter, lancer	gettare, lanciare	jogar, lançar	llançar, tirar	ĵeti	jectar	Ich werfe meinem Hund einen Knochen zu, wenn er Kunststückemacht.	Le lanzo un hueso a mi perro cuando hace trucos.	Je lance un osà mon chien quand il fait des tours.	Lancio un osso al mio cane quando fa acrobazie.	Jogo um osso para o meu cão quando ele faz seus truques.	I throw my dog a bone when he does tricks	Llanço un os al meu gos quan fa trucs.	Mi ĵetas oston al mia hundo kiam li faras trukojn.	Io jecta un osso a mi can quando ille face trucos.	7
02609	Verbs	to swallow	schlucken	tragar	avaler	ingoiare	engolir	empassar-se, engolir	gluti	glutir	Mein Hals tut so weh, es ist schwer zu schlucken.	Me duele tanto la garganta que me cuesta tragar	J'ai tellement mal à la gorge que j'ai du mal à avaler.	Mi fa talmente male la gola che faccio fatica a ingoiare.	Estou com tanta dor de garganta que tenho dificuldade para engolir.	My throat hurts so much it's hard to swallow	Em fa tant de mal el coll que em costa empassar-me.	Mia gorĝo tiom doloras, ke malfacilas gluti.	Mi gorga dole tanto que il es difficile pro me glutir.	7
02610	Verbs	to treat	behandeln	tratar (persona...)	traiter (personne...)	trattare (una persona)	tratar	tractar	trakti	tractar	Die Kinder werden in dieser Schule gut behandelt.	En esta escuela tratan bien a los niños	Les enfants sont bien traités dans cette école.	I bambini sono trattati bene in questa scuola.	As crianças são bem tratadas nesta escola.	Children are treated very well in this school	Els nens són ben tractats en aquesta escola.	Infanoj estas tre bone traktataj en ĉi tiu lernejo.	Le infantes es tractate multo ben in iste schola.	7
02611	Verbs	to succeed	Erfolg haben, (etwas) schaffen	triunfar, tener éxito	réussir	riuscire, trionfare	conseguir, ter sucesso	triomfar, tenir èxit	sukcesi	succeder	Ich bin überzeugt, ich werde es schaffen!	Estoy convencido de que voy a triunfar	Je suis convaincu que je réussirai	Sono convinto che ci riuscirò	Tenho certeza de que vou conseguir	I'm convinced I'll succeed	Estic convençut que triomfaré!	Mi estas konvinkita, ke mi sukcesos.	Io es convincite que io succedera.	7
02612	Verbs	to join	sich anschließen 	unirse	réunir, rejoindre	unire	unir, entrar, juntar	unir-se	aliĝi	unir se	Sie schlossensich nach der Niederlage ihres Landes dem Widerstand an	Se unieron a la resistencia tras la derrota de su país.	Ils ont rejoint la résistance après la défaite de leur pays.	Si sono uniti alla resistenza dopo la sconfitta del loro paese.	Eles se juntaram à resistência depois da derrota do seu país.	They joined the resistance after their country's defeat	Es van unir a la resistència després de la derrota del seu país.	Ili aliĝis al la rezistado post la malvenko de sia lando.	Illes se univa al resistentia post le defaite de lor pais.	7
02613	Verbs	to vary	ändern, variieren	variar	varier	variare	variar	variar	varii	variar	Das Wetter verändert sich je nach Jahreszeit	El tiempo varía con cada estación	Le temps varie selon les saisons.	Il tempo varia secondo le stagioni.	O clima varia de acordo com as estações.	The weather varies depending upon the season	El temps varia segons l'estació.	La vetero varias depende de la sezono.	Le tempore varia secundo le saison.	7
02614	Verbs	to vote	abstimmen, wählen	votar	voter	votare	votar	votar	voĉdoni	votar	Wen hast du gewählt?	¿Por quién votaste?	Tu as voté pour qui ?	Per chi hai votato?	Por quem você votou?	Who did you vote for?	Per qui vas votar?	Por kiu vi voĉdonis?	Pro qui tu votava?	7
02615	Verbs	to plug in	anstecken (Steckdose)	conectar (la toma, el enchufe), enchufar	brancher (la prise...)	inserire (la presa)	plugar, conectar (à tomada...)	endollar, connectar	ŝtopi	connecter	Ich habe vergessen meinenComputer anzustecken  	Se me olvidó enchufar el ordenador	J'ai oublié de brancher mon ordinateur	Mi sono dimenticato di inserire la presa del mio computer	Esqueci de plugar meu computador	I forgot to plug in my computer	Em vaig oblidar d'endollar l'ordinador.	Mi forgesis ŝtopi mian komputilon.	Io oblidava connecter mi computator.	7
02616	Verbs	to complain	sich beschweren	quejarse, reclamar	se plaindre	lamentarsi	reclamar	queixar-se	plendi	planger se	Ich werde mich über das Essen beschweren, es ist noch nicht mal warm	Voy a quejarme por la comida, ni siquiera está caliente	Je vais me plaindre à propos de la nourriture, ce n'est même pas chaud	Mi lamenterò del cibo, non è nemmeno caldo	Eu vou reclamar da comida. Ela nem mesmo está quente  	I'm going to complain about the food, it's not even warm	Em queixaré del menjar, ni tan sols està calent.	Mi plendos pri la manĝaĵo, ĝi eĉ ne estas varma.	Io va planger me del mangiar; illo non es mesmo calide.	7
02617	Verbs	to split [split, split], to divide	spalten, aufteilen	quebrar, dividir	fendre, diviser	spaccare, dividere	partir, dividir	dividir, partir	dividi, fendi	divider	Der Boden hat sich gespalten, sobald ich meineFüßedarauf setzte. Der Lehrer teilte uns in zwei Gruppen auf.	El suelo se dividió tan pronto como pisé sobre él. El profesor nos dividió en dos grupos.	Le sol s'est fendu dès que j'ai posé le pied dessus. Le professeur nous a divisés en deux groupes.	Il pavimento si è spaccato non appena ho messo i piedi su di esso.Il professore ci ha diviso in due gruppi.	O solo se partiu assim que pisei sobre ele.  O professor nos dividiu em dois grupos.	The floor split as soon as I stepped on it The teacher divided us into two groups	El terra es va dividir tan bon punt hi vaig posar els peus. El professor ens va dividir en dos grups.	La planko fendiĝis tuj kiam mi paŝis sur ĝin. La instruisto dividis nin en du grupojn.	Le solo se divideva a pena que io poneva le pede super illo. Le maestro nos divideva in duo gruppos.	7
02618	Verbs	to cut [cut, cut]	abschneiden 	cortar	couper	tagliare	cortar	tallar	tranĉi	taliar	Der Handwerker schnitt gestern dieses elektrische Kabel ab und nun gibt es keinen Strom.	El encargado de mantenimiento cortó este cable ayer y ahora no tenemos luz	L'homme à tout faire a coupé ce filélectrique hier et maintenant, il n'y a pas d'électricité.	Il tuttofare ha tagliato questo cavo elettrico ieri, e ora siamo senza elettricità.	O faz-tudo cortou esse fio elétrico ontem e, agora, ficamos sem eletricidade.	The handyman cut this electric wire yesterday and now,there is no power.  	El manetes va tallar aquest cable elèctric ahir i ara no tenim llum.	La riparisto tranĉis ĉi tiun elektran kablon hieraŭ kaj nun, ne estas elektro.	Le agente de mantenentia taliava iste cablo electric heri, e ora nos non ha electricitate.	7
02619	Nouns	topic	das Thema 	el tema	le sujet, le thème	l'argomento, il tema	o tema, o tópico	el tema (els temes)	temo	thema	Das Thema des Gesprächs ist langweilig	El tema de la conversación es aburrido	Le sujet de la conversation est ennuyeux	L'argomento della conversazione è noioso	O tema da conversa é chato	The topic of the conversation is boring	El tema de la conversa és avorrit.	La temo de la konversacio estas enuiga.	Le thema del conversation es tediose.	7
02620	Nouns	pick	die Wahl	la selección	le choix, la sélection	la scelta	a escolha, a seleção	l'elecció (les eleccions), la selecció (les seleccions)	elekto	selection	Er ist unsere Wahlals Präsident	Él es nuestra selección para presidente	Il est notre choix comme président	Lui è la nostra scelta come presidente	Ele é nossa escolha para presidente	He is our pick for president	Ell és la nostra elecció per a president.	Li estas nia elekto por prezidanto.	Ille es nostre selection pro presidente.	7
02621	Nouns	secrecy, secret	das Geheimnis	el secreto	le secret	il segreto	o segredo	el secret (els secrets)	sekreto	secreto										7
02622	Nouns	mess	das Chaos, die Unordnung	el desastre, el caos	bazar, désordre	casino, caos	bagunça	el desordre, el caos	ĥaoso	disordine	Was für ein Chaos!	¡Qué desastre!	Quel désordre !	Che casino!	Que bagunça!	What a mess!	Quin desordre!	Kia ĥaoso!	Que disordine!	7
02623	Nouns	belongings	die Habseligkeiten	pertenencias	les affaires (de quelqu'un)	gli averi, gli effetti personali	pertences	les pertinences	havaĵoj	pertinentias	Das ist das Büro, wo die Habseligkeiten der Patienten aufbewahrt werden	Esa es la oficina donde se ocupan de las pertenencias de los pacientes	C'est le bureau où ils s'occupent des affaires des patients	È l'ufficio in cui si occupano degli effetti personali dei pazienti	É o escritório onde eles cuidam dos pertences dos pacientes	That's the office where they keep patients' belongings	Aquesta és l'oficina on es guarden les pertinences dels pacients.	Tio estas la oficejo kie ili gardas la havaĵojn de la pacientoj.	Ille es le bureau ubi on guarda le pertinentias del patientes.	7
02624	Nouns	magician	der Zauberer	el mago	le magicien	il mago	o mágico	el mag (els mags)	magiisto	mago	Sie haben einen Zauberer zum Geburtstag eingeladen	Ellos invitaron a un mago al cumpleaños	Ils ont invité un magicien à l'anniversaire	Hanno invitato un mago al compleanno	Eles convidaram um mágico para o aniversário	They invited a magician to the birthday party	Van convidar un mag a l'aniversari.	Ili invitis magiiston al la naskiĝtago.	Illes invitava un mago al festa de anniversario.	7
02625	Nouns	magic	die Magie 	la magia	la magie	la magia	a magia, a mágica	la màgia	magio	magia	Glaubst du an Magie?	¿Crees en la magia?	Crois-tu en la magie ?	Tu credi nella magia?	Você acredita em mágica?	Do you believe in magic?	Creus en la màgia?	Ĉu vi kredas je magio?	Crede tu in le magia?	7
02626	Nouns	advertising	die Werbung	la publicidad, la promoción	la publicité, la promotion	la pubblicità, la promozione	a publicidade	la publicitat, la promoció	reklamo	publicitate	Die Werbung für den Film verlief gut	La promoción de la película ha ido bien	La promotion du film s'est bien passée	La promozione del film è andata bene	A publicidade do fime foi bem sucedida	Advertising for the movie went well	La publicitat de la pel·lícula va anar bé.	La reklamo por la filmo bone iris.	Le publicitate pro le film procedeva ben.	7
02627	Nouns	trust	das Vertrauen 	la confianza	la confiance	la fiducia	a confiança	la confiança	fido	fiducia	Sie hat das Vetrauen ihrer Kollegen noch nicht errungen	Todavía no se ha ganado la confianza de sus colegas	Elle n'a pas encore gagné la confiance de ses collègues	Lei non si è ancora guadagnata la fiducia dei suoi colleghi	Ela ainda não conquistou a confiança de seus colegas	She hasn't yet gained the trust of her colleagues	Encara no s'ha guanyat la confiança dels seus col·legues.	Ŝi ankoraŭ ne gajnis la fidon de siaj kolegoj.	Illa non ha ancora ganiate le fiducia de su collegas.	7
02628	Nouns	upbringing	die Erziehung 	la educación	l'éducation  (des parents)	l'educazione	a criação 	l'educació	edukado	education										7
02629	Nouns	misfortune 	das Unglück 	la desgracia 	le malheur	la sfortuna, la disgrazia	a desgraça	la desgràcia (les desgràcies)	malfeliĉo	infortuna	Alle erlebten Unglück während des Krieges.	Todo el mundo sufrió desgracias durante la guerra	Le malheur a touché tout le monde pendant la guerre.	La disgrazia ha toccato tutti durante la guerra.	A desgraça tocou a todos durante a guerra.	Everyone experienced misfortune during the war	Tothom va patir desgràcies durant la guerra.	Ĉiuj spertis malfeliĉon dum la milito.	Tote le mundo suffreva infortunas durante le guerra.	7
02630	Nouns	employee 	der(die) Angestellte 	el(la) empleado(a)	l'employé(e)	l'impiegato	o(a) empregado(a)	l'empleat (els empleats), l'empleada (les empleades)	dungito	empleato	Der Chef möchte den perfekten Angestellten auszeichnen	El jefe quiere recompensar al empleado modelo.	Le patron veut récompenser l'employé modèle.	Il capo vuole ricompensare l'impiegato modello.	O chefe quer recompensa o empregado modelo.	The boss wants to reward the perfect employee	El cap vol recompensar l'empleat model.	La estro volas rekompenci la perfektan dungiton.	Le chef vole recompensar le empleato modello.	7
02631	Nouns	space 	der Weltraum 	el espacio 	l'espace 	lo spazio	o espaço	l'espai (els espais) (exterior)	spaco	spatio	Der Weltraum ist unendlich.	El espacio es infinito.	L'espace est infini.	Lo spazio è infinito.	O espaço é infinito.	Space is infinite	L'espai és infinit.	Spaco estas senfina.	Le spatio es infinite.	7
02632	Nouns	Europe 	Europa	Europa 	l'Europe	l'Europa	Europa	Europa	Eŭropo	Europa	Europa wird manchmal «der alte Kontinent» genannt	A Europa también se le llama«ElViejo Continente».	L'Europe est aussi appelé «le Vieux Continent».	L'Europa è chiamata anche «il Vecchio Continente».	A Europa também é chamada «o Velho Continente».	Europe is sometimes called «the Old Continent»	Europa de vegades s'anomena «el Vell Continent».	Eŭropo estas foje nomata «la Malnova Kontinento».	Europa es a vices appellate le Vetere Continente.	7
02633	Nouns	factory 	das Werk , die Fabrik 	la fábrica 	l'usine 	la fabbrica	a fábrica	la fàbrica (les fàbriques)	fabriko	fabrica	Sie arbeiten in der Fabrik.	Trabajan en la fábrica.	Ils travaillent à l'usine.	Lavorano in fabbrica.	Eles trabalham na fábrica.	They work at the factory	Treballen a la fàbrica.	Ili laboras en la fabriko.	Illes labora in le fabrica.	7
02634	Nouns	form, shape	die Form 	la forma	la forme	la forma	a forma	la forma (les formes)	formo	forma	Kirschen haben eine runde Form	Las cerezas tienen una forma redonda	Lescerises ontune forme ronde	Le ciliegie hanno una forma rotonda	As cerejas têm uma forma arredondada	Cherries have a round shape	Les cireres tenen forma rodona.	Ĉerizoj havas rondan formon.	Le ceresias ha un forma ronde.	7
02635	Nouns	war 	der Krieg 	la guerra	la guerre	la guerra	a guerra	la guerra (les guerres)	milito	guerra	Viele Menschen starben im Krieg.	La guerra ha matado a muchas personas	La guerre a tué de nombreuses personnes.	La guerra ha ucciso tante persone.	Muitas pessoas morreram na guerra.	Many people died in the war	Molta gent va morir a la guerra.	Multaj homoj mortis en la milito.	Multe personas moriva in le guerra.	7
02636	Nouns	fact	der Fakt 	el hecho	le fait	il fatto	o fato	el fet (els fets)	fakto	facto	Konzentrieren wir uns für einen Moment auf dieFakten	¡Centrémonos en los hechos por un momento!	Concentrons-nous un moment sur les faits !	Concentriamoci sui fatti per un attimo!	Vamos nos concentrar nos fatos por um momento!	Let's focus on the facts for a moment!	Centrem-nos en els fets per un moment!	Ni koncentriĝu pri la faktoj por momento!	Concentra nos sur le factos pro un momento!	7
02637	Nouns	smoke 	der Rauch	el humo 	la fumée	il fumo	a fumaça	el fum	fumo	fumo	Das Haus war voller Rauch.	Había humo por toda la casa.	Il y avaitde la fumée partout dans la maison.	C'era fumo ovunque in casa.	Havia fumaça por toda a casa.	The house was full of smoke	La casa estava plena de fum.	La domo estis plena de fumo.	Le casa esseva plen de fumo.	7
02638	Nouns	lesson 	die Lektion , die Unterrichtsstunde 	la lección 	la leçon	la lezione	a lição	la lliçó (les lliçons)	leciono	lection	Ich habe in der heutigen Unterrichtsstundenichts verstanden	No he entendido nada de la lección de hoy	Je n'ai rien compris à la leçon d'aujourd'hui	Non ho capito niente della lezione di oggi	Eu não entendi nada da lição de hoje	I didn't understand anything from today's lesson	No he entès res de la lliçó d'avui.	Mi nenion komprenis el la hodiaŭa leciono.	Io non comprendeva nihil del lection de hodie.	7
02639	Nouns	limit, border	die Limitation , die Grenze 	el límite, la frontera	la limite, la frontière	il confine, la frontiera	o limite, a fronteira	el límit (els límits), la frontera (les fronteres)	limo, landlimo	limite, frontiera	Der See liegt an der Grenze zwischen zwei Ländern.	El lago está en el límite entre los dos países.	Le lac est à la frontière des deux pays.	Il lago è al confine tra due paesi.	O lago é na fronteira entre os dois países.	The lake is on the border between two countries	El llac és a la frontera entre els dos països.	La lago estas ĉe la limo inter la du landoj.	Le laco es al limite inter duo paises.	7
02640	Nouns	meter 	der Meter 	el metro 	le mètre	il metro	o metro	el metre (els metres)	metro	metro	Die Autobahn hatin 200 Metern eine Ausfahrt	La salida de la autopista está a 200 metros.	La sortie d'autoroute est dans 200 mètres.	L'uscita dell'autostrada è tra 200 metri.	A saída da estrada é daqui a 200 metros.	The highway exit is in 200 meters	La sortida de l'autopista és a 200 metres.	La aŭtovoja elirejo estas post 200 metroj.	Le sortita del autostrata es a 200 metros.	7
02641	Nouns	way (of life)	die Lebensweise	el modo (de vida)	le mode (de vie)	il modo (di vivere)	o modo (de vida)	la manera (de viure) (les maneres)	vivmaniero	modo de vita	Die Menschen wollen ihre Lebensweise nicht ändern	La gente no quiere cambiar su modo de vida.	Les gens ne veulent pas changer de mode de vie.	Le persone non vogliono cambiare il modo di vivere.	As pessoas não querem mudar seu modo de vida.	People don't want to change their way of life	La gent no vol canviar la seva manera de viure.	Homoj ne volas ŝanĝi sian vivmanieron.	Le gente non vole cambiar su modo de vita.	7
02642	Nouns	businessman [plur. businessmen]	der Geschäftsmann 	el comerciante, el negociante 	le commerçant, l'homme d'affaires	il commerciante, l'uomo d'affari	o empresário, o comerciante	l'home de negocis (els homes de negocis)	negocisto	commerciante, negotiante	Die Geschäftsmänner haben Networking betrieben	Los comerciantes hacían negocios entre sí.	Les commerçants faisaient des affaires entre eux.	I commercianti facevano affari tra loro.	Os  comerciantes fazem negócios entre si.	The businessmen networked with each other	Els homes de negocis van fer contactes entre ells.	La negocistoj interkonektis unu kun la alia.	Le commerciantes faceva negotios inter se.	7
02643	Nouns	opportunity 	die Gelegenheit 	la oportunidad 	l'occasion , l'opportunité 	l'opportunità	a oportunidade	l'oportunitat (les oportunitats)	okazo, ŝanco	opportunitate	Er wollte die Gelegenheit nicht verpassen.	No quiso perder la oportunidad	Il n'allait pas rater cette occasion.	Non voleva perdere questa opportunità.	Ele não queria perder esta oportunidade.	He didn't want to miss the opportunity	No va voler perdre l'oportunitat.	Li ne volis maltrafi la okazon.	Ille non voleva perder le opportunitate.	7
02644	Nouns	boss	der Arbeitgeber , der Chef 	el jefe, el patrón	le patron	il capo	o patrão, o chefe	el cap (els caps), el patró (els patrons)	estro	chef	Mein Chef und ich sind gute Freunde	Mi jefe y yo somos buenos amigos.	Mon patron et moi sommes de bons amis.	Io e il mio capo siamo buoni amici.	Meu chefe e eu somos bons amigos.	My boss and I are good friends	El meu cap i jo som bons amics.	Mia estro kaj mi estas bonaj amikoj.	Mi chef e io es bon amicos.	7
02645	Nouns	newspaper 	die Zeitung 	el periódico	le journal (papier)	il giornale	o jornal	el diari (els diaris), el periòdic (els periòdics)	ĵurnalo	jornal	Normalerweise liest er die Zeitung, während er frühstückt.	Suele leer el periódico mientras desayuna	Il a l'habitude de lire son journal au petit-déjeuner.	Ha l'abitudine di leggere il giornale a colazione.	Ele costuma ler seu jornal durante o café da manhã.	He usually reads the newspaper while he eats breakfast	Normalment llegeix el diari mentre esmorza.	Li kutime legas la ĵurnalon dum li matenmanĝas.	Ille sole leger le jornal dum ille face le jentaculo.	7
02646	Nouns	stone 	der Stein 	la piedra	la pierre	la pietra	a pedra	la pedra (les pedres)	ŝtono	petra	Die Menschen waren schon immer fasziniert von Edelsteinen	Las personas siempre han sentido fascinación por las piedras preciosas	Les gens ont toujours été fascinés par les pierres précieuses	Le persone sono sempre state affascinate dallepietre preziose	As pessoas sempre foram fascinadas pelas pedras preciosas.	People have always been fascinated by precious stones	La gent sempre ha estat fascinada per les pedres precioses.	Homoj ĉiam estis fascinitaj de valoraj ŝtonoj.	Le personas ha sempre essite fascinate per petras preciose.	7
02647	Nouns	project 	das Projekt 	el proyecto 	le projet	il progetto	o projeto	el projecte (els projectes)	projekto	projecto	Ich arbeite gerade an einem sehr komplizierten Projekt.	Estoy trabajando en un proyecto muy complicado en estos momentos	Je travaille sur un projet très compliqué en ce moment	Sto lavorando a un progetto molto complicato in questo momento	Estou trabalhando em um projeto muito complicado no momento	I'm working on a very complicated project right now	Estic treballant en un projecte molt complicat ara mateix.	Mi laboras pri tre komplika projekto nun.	Io labora actualmente a un projecto multo complicate.	7
02648	Nouns	signal 	das Signal , das Zeichen 	la señal 	le signal	il segnale	o sinal	el senyal (els senyals)	signalo	signal	Der Pilot wartete auf das Signal, um abzuheben	El piloto estaba esperando la señal de salida.	Le pilote attendait le signal de départ.	Il pilota aspettava il segnale di partenza.	O piloto esperava o sinal de partida.	The pilot waited for the signal to take off	El pilot esperava el senyal per enlairar-se.	La piloto atendis la signalon por ekflugi.	Le pilota attendeva le signal pro decollar.	7
02649	Nouns	shade, shadow 	der Schatten 	la sombra 	l'ombre 	l'ombra	a sombra	l'ombra (les ombres)	ombro	umbra	Er hat vor seinem eigenen Schatten Angst	Él tiene miedo de su sombra.	Il a peur de son ombre.	Lui ha paura della sua ombra.	Ele tem medo de sua sombra.	He is afraid of his shadow	Té por de la seva pròpia ombra.	Li timas sian propran ombron.	Ille ha pavor de su umbra.	7
02650	Nouns	ground	der Boden 	el suelo 	le sol	il suolo	o solo, o chão	el terra (els terres)	grundo	solo	Das Glas fiel zu Boden.	El vaso se ha caído al suelo.	Le verre est tombé sur le sol.	Il bicchiere è caduto al suolo.	O copo caiu no chão.	The glass fell to the ground	El got va caure a terra.	La glaso falis sur la grundon.	Le vitro ha cadite al solo.	7
02651	Nouns	advantage	der Vorteil 	la ventaja	l'avantage 	il vantaggio	a vantagem 	l'avantatge (els avantatges)	avantaĝo	avantage	Dieses Team hat den Vorteil eines Extra-Spielers.	Ese equipo cuenta con la ventaja de tener un jugador más	Cette équipe a l'avantage d'avoir un joueur en plus.	Questa squadra ha il vantaggio di avere un giocatore in più.	Essa equipe tem a vantagem de ter um jogador a mais.	That team has the advantage of an extra player	Aquell equip té l'avantatge d'un jugador extra.	Tiu teamo havas la avantaĝon de kroma ludanto.	Ille equipa ha le avantage de haber un jocator de plus.	7
02652	Nouns	angle	der Winkel 	el ángulo	l'angle 	l'angolo, lo spigolo	o ângulo	l'angle (els angles)	angulo	angulo	Ein Quadrat hat vier Winkel.	Un cuadrado tiene cuatro ángulos	Un carré a quatre angles	Un quadrato ha quattro angoli.	Um quadrado tem quatro ângulos	A square has four angles	Un quadrat té quatre angles.	Kvadrato havas kvar angulojn.	Un quadrato ha quatro angulos.	7
02653	Nouns	barrier	die Schranke 	la barrera	la barrière	la barriera	a barreira	la barrera (les barreres)	baro	barriera	Wir können nicht weiter, als bis zu dieserSchranke gehen	Ya no podemos avanzar tras esta barrera	Nous ne pouvons pas franchir cette barrière	Non possiamo andare oltre questa barriera	Não podemos ir além desta barreira	We can't go past this barrier	No podem passar més enllà d'aquesta barrera.	Ni ne povas preterpasi ĉi tiun baron.	Nos non pote passar ultra iste barriera.	7
02654	Nouns	base	die Basis 	la base	la base	la base	a base	la base (les bases)	bazo	base	Die Basis der Vase ist zersprungen	La base de este jarrón está agrietada	La base de ce vase est fissurée	La base di questo vaso è crepata	A base deste vaso está trincada	The base of this vase is cracked	La base d'aquest gerro està esquerdada.	La bazo de ĉi tiu vazo estas fendiĝinta.	Le base de iste vaso es fissurate.	7
02655	Nouns	bell	die Glocke 	la campana	la cloche	la campana	o sino	la campana (les campanes)	sonorilo	campana	Die Glocke der Kirche klingelt jede Stunde.	La campana de la iglesia suena cada hora	La cloche de l'église sonne toutes les heures.	La campana della chiesa suona ogni ora.	O sino da igreja toca a cada hora.	The church bell rings every hour	La campana de l'església sona cada hora.	La preĝeja sonorilo sonoras ĉiun horon.	Le campana del ecclesia sona cata hora.	7
02656	Nouns	fault, responsibility 	der Fehler , die Verantwortung 	la culpa, la responsabilidad	la faute, la responsabilité	la colpa, la responsabilità	a culpa	la culpa, la responsabilitat	kulpo	culpa, responsabilitate	Es war mein Fehler	Fue mi culpa	C'était de ma faute	È stata colpa mia	Foi minha culpa	It was my fault	Va ser culpa meva.	Estis mia kulpo.	Illo esseva mi culpa.	7
02657	Nouns	bomb	die Bombe 	la bomba	la bombe	la bomba	a bomba	la bomba (les bombes)	bombo	bomba	Er war das Opfer einer explodierenden Bombe	Él ha sido víctima de una bomba, que explotó.	Il a été victime d'une bombe	È stato vittima di una bomba.	Ele foi vítima de uma bomba.	He was the victim of a bomb exploding	Va ser víctima de l'explosió d'una bomba.	Li estis viktimo de eksplodanta bombo.	Ille ha essite le victima de un bomba que explodeva.	7
02658	Nouns	brain	das Gehirn 	el cerebro	le cerveau	il cervello	o cérebro	el cervell (els cervells)	cerbo	cerebro	Das menschliche Gehirn ist ein Wunder	El cerebro humano es fabuloso.	Le cerveau humain est fabuleux.	Il cervello umano è favoloso.	O cérebro humano é fabuloso.	The human brain is miraculous	El cervell humà és una meravella.	La homa cerbo estas mirakla.	Le cerebro human es miraculose.	7
02659	Nouns	campaign	die Kampagne 	la campaña	la campagne, l'opération 	la campagna	a campanha	la campanya (les campanyes)	kampanjo	campania	Der Laden führt eine Werbekampagne	La tienda dirigeuna campaña publicitaria.	Le magasin dirige une campagne publicitaire.	Il negozio fa una campagna pubblicitaria	A loja está realizando uma campanha publicitária.	The store is running an advertising campaign	La botiga està fent una campanya publicitària.	La vendejo faras reklaman kampanjon.	Le magazin conduce un campania publicitari.	7
02660	Nouns	case	der Fall 	el caso	le cas	il caso	o caso	el cas (els casos)	kazo	caso	Das ist ein einzelner Fall.	Es un caso aislado	C'est un cas isolé.	È un caso isolato.	É um caso isolado	This is an isolated case	És un cas aïllat.	Tio estas izolita kazo.	Isto es un caso isolate.	7
02661	Nouns	ceremony	die Zeremonie , die Feier(lichkeit) 	la ceremonia	la cérémonie	la cerimonia	a cerimônia	la cerimònia (les cerimònies)	ceremonio	ceremonia	Alle waren während der Zeremonie der Hochzeit glücklich.	Todo el mundo estaba contento durante la ceremonia de bodas	Les gens étaient heureux pendant la cérémonie de mariage.	Tutti erano felici durante la cerimonia del matrimonio.	Todos estavam contentes durante a cerimônia de casamento.	Everyone was happy during the wedding ceremony	Tothom estava content durant la cerimònia del casament.	Ĉiuj estis feliĉaj dum la geedziĝa ceremonio.	Omnes esseva felice durante le ceremonia nuptial.	7
02662	Nouns	channel	der Kanal 	el canal	le canal, la chaîne (de télévision)	il canale	o canal	el canal (els canals)	kanalo	canal	Meine Eltern haben mirein Abonnement für meinen Lieblingssender geschenkt!	¡Mis padres me ofrecieron una suscripción a mi canal de televisión favorito!	Mes parents m'ont offert un abonnement à ma chaîne de télévision préférée !	I miei genitori mi hanno regalato un abbonamento al mio canale televisivo preferito!	Meus pais me deram uma assinatura do meu canal de televisão favorito	My parents gave me a subscription to my favorite TV channel!	Els meus pares em van regalar una subscripció al meu canal de televisió preferit!	Miaj gepatroj donis al mi abonon al mia plej ŝatata televidkanalo!	Mi parentes me dava un subscription a mi canal de television favorite!	7
02663	Nouns	character (way of being)	der Charakter  (Verhalten)	el carácter (modo de ser)	le caractère (la façon d'être)	il carattere (il modo di essere)	o caráter (modo de ser)	el caràcter (la manera de ser) (els caràcters)	karaktero (maniero de esti)	character	Deine Tochter hat einen starken Charakter	Tu hija tiene un carácter fuerte	Ta fille a un fort caractère.	Tua figlia ha un carattere forte.	Sua filha tem um caráter forte.	Your daughter has a strong character	La teva filla té un caràcter fort.	Via filino havas fortan karakteron.	Tu filia ha un character forte.	7
02664	Nouns	climate	das Klima 	el clima	le climat	il clima	o clima	el clima (els climes)	klimato	climate	Frankreich hat ein gemäßigtes Klima	Francia goza de un clima templado	La France bénéficie d'un climat tempéré.	La Francia gode di un clima temperato.	A França tem um clima temperado.	France has a temperate climate	França té un clima temperat.	Francio havas moderan klimaton.	Francia ha un climate temperate.	7
02665	Nouns	code	der Code 	el código	le code	il codice	o código	el codi (els codis)	kodo	codice	Es gibt einen Code, um ins Gebäude zu gelangen	Hay un código para entrar en el edificio.	Il y a un code pour entrer dans l'immeuble.	C'è un codice per entrare nell'edificio.	Há um código para entrar no edifício.	There is a code to enter the building	Hi ha un codi per entrar a l'edifici.	Estas kodo por eniri la konstruaĵon.	Il ha un codice pro entrar in le edificio.	7
02666	Nouns	concern	die Sorge , die Besorgnis 	la preocupación	le souci, la préoccupation	la preoccupazione	a preocupação	la preocupació (les preocupacions)	zorgo	preoccupation	Die Sicherheit ihrer Kinder ist eine allgemeine Sorge der Eltern	La seguridad de los niños es una preocupación común entre los padres	La sécurité des enfants est une préoccupation commune pour lesparents	La sicurezza dei bambini è una preoccupazione comune per i genitori	A segurança infantil é uma preocupação comum para os pais.	Child safety is a common concern for parents	La seguretat dels nens és una preocupació comuna per als pares.	Infansekureco estas komuna zorgo por gepatroj.	Le securitate del infantes es un preoccupation commun pro le parentes.	7
02667	Nouns	criterion [plur. criteria]	das Kriterium 	el criterio	le critère	il criterio	o critério	el criteri (els criteris)	kriterio	criterio	Vokabular zu kennen, ist ein notwendiges Kriterium, um eine Sprache zu sprechen	Conocer el vocabulario es un criterio necesariopara hablar un idioma.	Connaître du vocabulaire est un critère nécessaire pour parler une langue.	Conoscere il vocabolario è un criterio per parlare una lingua.	Conhecer vocabulário é um critério para falar um idioma.	Knowing vocabulary is a necessary criterion for speaking a language	Conèixer vocabulari és un criteri necessari per parlar un idioma.	Koni vortprovizon estas necesa kriterio por paroli lingvon.	Cognoscer le vocabulario es un criterio necessari pro parlar un lingua.	7
02668	Nouns	damage	der Schaden 	el daño	le dommage	il danno	o dano	el dany (els danys)	damaĝo	damno	Das Feuer hat dem Gebäude großen Schaden zugefügt	El incendio causó muchos daños al edificio.	Le feu a fait beaucoup de dommages dans l'immeuble.	Il fuoco ha fatto molti danni nell'edificio.	O fogo causou muitos danos ao edifício.	The fire caused a lot of damage to the building	L'incendi va causar molts danys a l'edifici.	La fajro kaŭzis multan damaĝon al la konstruaĵo.	Le incendio causava multo damno al edificio.	7
02669	Nouns	depression	die Depression 	la depresión	la dépression (nerveuse)	la depressione	a depressão	la depressió (les depressions)	depresio	depression	Die Depression ist eine psychische Erkrankung.	La depresión es una enfermedad mental.	La dépression est une maladie mentale.	La depressione è una malattia mentale.	A depressão é uma doença mental.	Depression is a mental illness	La depressió és una malaltia mental.	Depresio estas mensa malsano.	Le depression es un maladia mental.	7
02670	Nouns	detail	das Detail , die Einzelheit 	el detalle	le détail	il dettaglio	o detalhe	el detall (els detalls)	detalo	detalio	Du hast ein Detail in der Geschichte vergessen	Has olvidado un detalle de la historia	Tu as oublié un détail dans l'histoire.	Hai dimenticato un dettaglio della storia.	Você esqueceu um detalhe da história.	You've forgotten a detail from the story	Has oblidat un detall de la història.	Vi forgesis detalon el la rakonto.	Tu ha oblidate un detalio del historia.	7
02671	Nouns	drug	die Droge 	la droga	la drogue	la droga	a droga	la droga (les drogues)	drogo	droga	Drogen sind hier nicht erlaubt	Aquí no se permiten drogas	La drogue est interdite ici.	La droga qui è vietata.	Drogas não são permitidas aqui.	Drugs are not allowed here	Les drogues no estan permeses aquí.	Drogoj ne estas permesitaj ĉi tie.	Le drogas non es permittite hic.	7
02672	Nouns	edge	die Kante , der Rand 	el borde	le bord	il bordo, il margine	a borda, o canto	la vora (les vores)	rando	bordo	Der Rand des Pools ist rutschig	El borde de la piscina está resbaladizo	Le bord de la piscine est glissant	Il bordo della piscina è scivoloso	A borda da piscina está escorregadia	The edge of the pool is slippery	La vora de la piscina és relliscosa.	La rando de la naĝejo estas glitiga.	Le bordo del piscina es glissante.	7
02673	Nouns	education	die Erziehung , die Bildung 	la educación, la enseñanza	l'éducation 	l'istruzione, l'insegnamento	a educação	l'educació	edukado	education	Er möchte eine gute Bildung für seine Kinder	Él quiere una buena educación para sus hijos.	Il veut une bonne éducation pour ses enfants.	Vuole una buona istruzione per i suoi figli.	Ele quer uma boa educação para seus filhos.	He wants a good education for his children	Ell vol una bona educació per als seus fills.	Li volas bonan edukadon por siaj infanoj.	Ille vole un bon education pro su infantes.	7
02674	Nouns	element	das Element 	el elemento	l'élément 	l'elemento	o elemento	l'element (els elements)	elemento	elemento	Er hat jedes Element der Akte studiert.	Estudió todos los elementos del archivo	Il a étudié tous les éléments du fichier.	Lui ha studiato tutti gli elementi dell'archivio.	Ele estudou todos os elementos do arquivo.	He studied every element of the file	Va estudiar cada element de l'expedient.	Li studis ĉiun elementon de la dosiero.	Ille studiava omne elemento del dossier.	7
02675	Nouns	evidence, proof	der Beweis 	la prueba, la evidencia	la preuve	la prova	a prova, a evidência	la prova (les proves), l'evidència (les evidències)	pruvo, evidentaĵo	prova, evidentia	Die Polizei suchte nach Beweisen	La policía buscaba pruebas.	La police cherchait des preuves.	La polizia cercava prove.	A polícia buscava provas	The police searched for evidence	La policia buscava proves.	La polico serĉis pruvojn.	Le policia cercava provas.	7
02676	Nouns	exercise	die Aufgabe , die Übung 	el ejercicio	l'exercice 	l'esercizio	o exercício	l'exercici (els exercicis)	ekzerco	exercitio	Die Schüler machen die Übungen	Los estudiantes hacen los ejercicios	Les élèves font leurs exercices.	Gli studenti fanno i loro esercizi.	Os estudantes fazem seus exercícios.	The students do their exercises	Els estudiants fan els exercicis.	La studentoj faras siajn ekzercojn.	Le studentes face lor exercitios.	7
02677	Nouns	expense	die Ausgabe , die Kosten  	el gasto	la dépense, les frais 	la spesa, il costo	o gasto, o custo	la despesa (les despeses), els frais (els frais)	elspeso	expensa	Ein Auto ist eine notwendige Ausgabe, wenn Sie auf dem Land leben	Un coche es un gasto necesario en el campo.	Une voiture est une dépense nécessaire à la campagne.	L'auto è una spesa necessaria in campagna.	Um carro é um gasto necessário no campo.	A car is a necessary expense when you live in the country	Un cotxe és una despesa necessària quan vius al camp.	Aŭto estas necesa elspezo kiam oni loĝas en la kamparo.	Un automobile es un expensa necessari quando on vive in le campania.	7
02678	Nouns	experience (expertise)	die Erfahrung 	la experiencia	l'expérience , l'expertise 	l'esperienza	a experiência	l'experiència (coneixement) (les experiències)	sperto	experientia	Wir werden für dieses Projekt ihre Erfahrung inMarketing brauchen	Necesitaremos su experiencia en marketing para este proyecto	Nous allons avoir besoin de son expérience en marketing pour ce projet	Avremo bisogno della sua esperienza nel marketing per questo progetto	Vamos precisar da experiência dela em marketing para este projeto	We're going to need her marketing experience for this project	Necessitarem la seva experiència en màrqueting per a aquest projecte.	Ni bezonos ŝian merkatikan sperton por ĉi tiu projekto.	Nos necessitara su experientia in marketing pro iste projecto.	7
02679	Nouns	experiment	der Versuch ; das Experiment 	el experimento	l'expérience , l'essai 	l'esperimento	o experimento	l'experiment (els experiments)	eksperimento	experimento	Ein Experiment durchführen	Llevar a cabo un experimento	Mener une expérience	Condurre un esperimento	Realizar um experimento	To conduct an experiment	Fer un experiment.	Fari eksperimenton.	Effectuar un experimento.	7
02680	Nouns	expert	der Experte, die Expertin 	el experto	l'expert 	l'esperto	o especialista	l'expert (els experts), l'experta (les expertes)	spertulo	experto	Er ist ein Experte auf diesem Gebiet.	Es un experto en el tema.	C'est un expert sur le sujet.	È un esperto sul tema.	É um especialista sobre o assunto.	He is an expert on the subject	És un expert en la matèria.	Li estas spertulo pri la temo.	Ille es un experto in le thema.	7
02681	Nouns	feature	das Merkmal , die Eigenschaft 	la característica	la caractéristique	la caratteristica	a característica	la característica (les característiques)	trajto	characteristica	Ein entscheidendes Merkmal der Präsidentschaft von Obama, wird die Reform des Gesundheitssystems sein.	Una característica que definirá la presidencia de Obama será sus reformas de salud.	Une caractéristique déterminante de la présidence d'Obama sera sa réforme du système de santé.	Una caratteristica determinante della presidenza di Obama sarà la sua riforma del sistema sanitario.	Uma característica determinante da presidência de Obama vai ser sua reforma do sistema de saúde.	A defining feature of the Obama presidency will be its healthcare reforms.	Una característica definitòria de la presidència d'Obama serà la seva reforma sanitària.	Difina trajto de la Obama prezidanteco estos ĝiaj sanreformoj.	Un characteristica que definira le presidentia de Obama essera su reformas del systema sanitari.	7
02682	Nouns	floor	der (Fuß)Boden 	el suelo (en una casa)	le plancher, le sol	il pavimento	o piso, o chão	el terra (d'una casa) (els terres)	planko	pavimento	Der Boden knarrt	El suelo cruje	Le plancher fait du bruit	Il pavimento fa rumore	O piso faz barulho	The floor is creaky	El terra cruix.	La planko knaras.	Le pavimento stride.	7
02683	Nouns	frame	der Rahmen 	el marco	le cadre	la cornice	a moldura, o quadro	el marc (els marcs)	kadro	marco	Diese Gemälde hat einen herrlichen Rahmen.	Este cuadro tiene un marco magnífico	Le cadre du tableau est magnifique.	La cornice del quadro è magnifica.	Este quadro tem uma moldura magnífica.	This painting has a magnificent frame	El marc d'aquest quadre és magnífic.	La kadro de ĉi tiu pentraĵo estas grandioza.	Iste pictura ha un marco magnific.	7
02684	Nouns	objective, goal	das Ziel , die Zielvorgabe 	el objetivo, la meta	l'objectif , le but	l'obiettivo, lo scopo	o objetivo, a meta	l'objectiu (els objectius), la meta (les metes)	celo	objectivo	Sein Ziel ist es, Gemälde von allen berühmten Künstlern der Renaissance zu sammeln	Su objetivo es coleccionar cuadros de todos los artistas famosos del Renacimiento	Son but est de collectionner des peintures de tous les artistes connus de la Renaissance	Il suo obiettivo è collezionare quadri di tutti gli artisti famosi del Rinascimento	Seu objetivo é colecionar quadros de todos os artistas famosos do Renascimento	His goal is to collect paintings by all the famous Renaissance artists	El seu objectiu és col·leccionar quadres de tots els artistes famosos del Renaixement.	Lia celo estas kolekti pentraĵojn de ĉiuj famaj renesancaj artistoj.	Su objectivo es colliger picturas de tote le famose artistas del Renascentia.	7
02685	Nouns	warranty	die Garantie 	la garantía	la garantie	la garanzia	a garantia	la garantia (les garanties)	garantio	garantia	Die Garantie für das Gerät gilt immer	La garantía del aparato siempre es válida	La garantie de l'appareil marche toujours	La garanzia dell'apparecchio vale sempre	A garantia do aparelho ainda é válida	The device's warranty is still valid	La garantia de l'aparell encara és vàlida.	La garantio de la aparato ankoraŭ validas.	Le garantia del apparato es ancora valide.	7
02686	Nouns	hill	der Hügel 	la colina	la colline	la collina	a colina	el turó (els turons), el puig (els puigs)	monteto	collina	Die Pferde ruhen auf dem Hügel.	Los caballos descansan en la colina	Les chevaux se reposent sur la colline.	I cavalli si riposano sulla collina.	Os cavalos descansam na colina.	The horses rest on the hill	Els cavalls descansen al turó.	La ĉevaloj ripozas sur la monteto.	Le cavallos reposa super le collina.	7
02687	Nouns	incident	der Vorfall 	el incidente	l'incident 	l'incidente	o incidente	l'incident (els incidents)	incidento	incidente	Es gab einen diplomatischen Vorfall zwischen den beiden Ländern.	Hubo un incidente diplomático entre estos dos países.	Il y a eu un incident diplomatique entre ces deux pays.	C'è stato un incidente diplomatico tra questi due paesi.	Houve um incidente diplomático entre esses dois países.	There was a diplomatic incident between the two countries	Hi va haver un incident diplomàtic entre els dos països.	Okazis diplomatia incidento inter la du landoj.	Il habeva un incidente diplomatic inter le duo paises.	7
02688	Nouns	individual, person	das Individuum 	el individuo	l'individu 	l'individuo	o indivíduo	l'individu (els individus)	individuo	individuo	Die Polizei überwältigte die drei Individuen.	La policía dominó a los tres individuos.	Les policiers ontmaîtrisé les trois individus.	I poliziotti hanno bloccato i tre individui.	Os policiais dominaram os três indivíduos.	The police overcame the three individuals	La policia va reduir els tres individus.	La polico subigis la tri individuojn.	Le policia dominava le tres individuos.	7
02689	Nouns	influence	der Einfluss 	la influencia	l'influence 	l'influenza	a influência	la influència (les influències)	influo	influentia	Sie hat einen großen Einfluss auf Ihren Mann.	Tiene mucha influencia sobre su marido	Elle a beaucoup d'influence sur son mari.	Lei ha molta influenza su suo marito.	Ela tem muita influência sobre seu marido.	She has a lot of influence over her husband	Té molta influència sobre el seu marit.	Ŝi havas multe da influo super sia edzo.	Ella ha multe influentia super su marito.	7
02690	Nouns	injury, wound	die Verletzung , die Wunde 	la herida	la blessure	la ferita	a ferida	la ferida (les ferides)	vundo	vulnere	Ihre Wunde wird verheilen	Su herida sanará	Sa blessure va guérir.	La sua ferita guarirà.	Sua ferida vai sarar.	Her injury will heal	La seva ferida es curarà.	Ŝia vundo resaniĝos.	Su vulnere sanara.	7
02691	Nouns	intelligence	die Intelligenz 	la inteligencia	l'intelligence 	l'intelligenza	a inteligência	la intel·ligència	inteligenteco	intelligentia	Aufgrund ihrer Intelligenz hatsie immer alles fertiggebracht, was sie begann	Gracias a su inteligencia, ella siempre tuvo éxito en aquello que empezaba.	Grâce à son intelligence, elle a toujours réussi ce qu'elle commençait.	Grazie alla sua intelligenza, ha sempre avuto successo in ciò che iniziava.	Graças à sua inteligência, ela sempre teve sucesso naquilo que começava.	Because of her intelligence, she's always accomplished what she started	Gràcies a la seva intel·ligència, sempre ha aconseguit allò que començava.	Pro sia inteligenteco, ŝi ĉiam atingis tion, kion ŝi komencis.	Gratias a su intelligentia, illa sempre ha succedite in lo que illa comenciava.	7
02692	Nouns	kit	der Bausatz , das Set 	el kit	le kit	il kit	o kit	el kit (els kits), el joc (els jocs)	ilaro	kit	Wo ist mein Make-up Set?	¿Dónde está mi kit de maquillaje?	Oùest passé mon kit de maquillage ?	Dov'è finito il mio kit di make-up?	Onde foi parar meu kit de maquiagem?	Where did my makeup kit go?	On és el meu kit de maquillatge?	Kie malaperis mia ŝminkilaro?	Ubi es mi kit de cosmeticos?	7
02693	Nouns	length	die Länge  	la longitud	la longueur	la lunghezza	o comprimento	la longitud (les longituds)	longo	longitude	Ich muss die Länge dieses Kabels messen.	Tengo que medir la longitud de este cable.	Je dois mesurer la longueur de ce câble	Devo misurare la lunghezza di questo cavo.	Eu devo medir o comprimento deste cabo	I have to measure the length of this cable	He de mesurar la longitud d'aquest cable.	Mi devas mezuri la longon de ĉi tiu kablo.	Io debe mesurar le longitude de iste cablo.	7
02694	Nouns	height	die Höhe 	la altura	la hauteur	l'altezza	a altura	l'alçada (les alçades)	alto	altessa	WelcheHöhe hat dieseBrücke?	¿Cuál es la altura de este puente?	Quelle est la hauteur de ce pont ?	Qual è l'altezza di questo ponte?	Qual é a altura dessa ponte?	What's the height of this bridge?	Quina és l'alçada d'aquest pont?	Kio estas la alto de ĉi tiu ponto?	Qual es le altessa de iste ponte?	7
02695	Nouns	master	der Meister 	el maestro/ la maestra	le maître	il maestro	o(a) mestre	el mestre (els mestres)	majstro	maestro	Er wurde ein Meister seines Handwerks	Se ha convertido en el maestro de su arte.	Il est devenu le maître de son art.	È diventato maestro nella sua arte.	Ele tornou-se o mestre da sua arte.	He became a master of his craft	S'ha convertit en el mestre del seu art.	Li fariĝis majstro de sia metio.	Ille deveniva un maestro de su arte.	7
02696	Nouns	media	die Medien	los medios	les médias	i media	a mídia	els mitjans (de comunicació)	komunikiloj	medios	Die Medien berichten über die Nachrichten.	Los medios informan de la actualidad	Les médias rapportent les actualités.	I media riportano l'attualità.	A mídia relata as notícias.	The media report the news	Els mitjans informen de les notícies.	La komunikiloj raportas la novaĵojn.	Le medios informa le novas.	7
02697	Nouns	member	das Mitglied 	el miembro	le membre	il socio, il membro	o membro	el membre (els membres)	membro	membro	Sie ist ein Mitglied meiner Familie	Es un miembro de mi familia	C'est un membre de ma famille	È un membro della mia famiglia	É um membro da minha família	She's a member of my family	És un membre de la meva família.	Ŝi estas membro de mia familio.	Illa es un membro de mi familia.	7
02698	Nouns	mix, mixture	die Mischung 	la mezcla	le mélange	il mix, la miscela	a mistura	la mescla (les mescles)	miksaĵo	mixtura	Das ist eine interessante Mischung aus Farben	La mezcla de colores es interesante.	Le mélange de couleurs est intéressant.	Il mix di colori è interessante.	A mistura de cores é interessante.	This is an interesting mixture of colors	És una mescla de colors interessant.	Tio estas interesa miksaĵo de koloroj.	Iste mixtura de colores es interessante.	7
02699	Nouns	moral	die Moral  	la moraleja	la morale	la morale	a moral	la moral (les morals), l'ensenyança (les ensenyances)	moralo	moral	Die Moral der Geschichte hält viele Lektionen bereit	La moraleja de esta historia enseña muchas cosas.	La morale de cette histoire enseigne bien des choses.	La morale di questa storia insegna molte cose.	A moral desta história ensina muitas coisas.	The moral of this story teaches many lessons	La moral d'aquesta història ensenya moltes lliçons.	La moralo de ĉi tiu rakonto instruas multajn lecionojn.	Le moral de iste historia insenia multe lectiones.	7
02700	Nouns	motion, movement	die Bewegung  	el movimiento	le mouvement	il movimento	o movimento	el moviment (els moviments)	movo	movimento	Sie folgte den Bewegungen ihres Partners.	Siguió los movimientos de su pareja	Elle suivait les mouvements de son partenaire.	Lei seguiva i movimenti del suo partner.	Ela seguia os movimentos do seu par.	She followed her partner's movements	Ella seguia els moviments de la seva parella.	Ŝi sekvis la movojn de sia partnero.	Illa sequeva le movimentos de su partner.	7
02701	Nouns	opinion	die Meinung 	la opinión	l'opinion 	l'opinione	a opinião	l'opinió (les opinions)	opinio	opinion	Die Meinung anderer Leute ist mir egal.	La opinión de la gente no me interesa.	L'opinion des gens ne m'intéresse pas.	L'opinione della gente non mi interessa.	A opinião dos outros não me interessa.	Other people's opinions don't matter to me	No m'importa l'opinió dels altres.	La opinioj de aliaj homoj ne gravas por mi.	Le opiniones de altere personas non importa a me.	7
02702	Nouns	pass	der Passierschein , die Zeitkarte , die Dauerkarte 	el pase, el abono	le laissez-passer, la carte (d'abonnement)	il permesso, l'abbonamento	o passe	l'abonament (els abonaments), el passi (els passis)	paspermeso	passe	Mit dieser Dauerkarte haben Sieermäßigten Eintritt	Este abono te da acceso a tarifas reducidas	Vous bénéficiez de tarifs réduits grâce à cette carte d'abonnement.	Lei fruisce di tariffe ridotte grazie a questo abbonamento.	Você tem acesso a um preço menor graças a este passe.	This pass gives you access to reduced rates	Aquest abonament et dóna accés a tarifes reduïdes.	Ĉi tiu paspermeso donas al vi aliron al reduktitaj tarifoj.	Iste passe te da accesso a tarifas reducite.	7
02703	Nouns	piece, chunk	das Stück 	el pedazo, el trozo	la pièce, le morceau	il pezzo	o pedaço	el tros (els trossos), el bocí (els bocins)	peco	pecia	Die Schüssel ist in tausend Stücke zerbrochen	El bol se rompió en mil pedazos	Le bol s'est cassé en mille morceaux	La ciotola si è rotta in mille pezzi	A tigela quebrou em mil pedaços	The bowl broke into a thousand pieces	El bol es va trencar en mil trossos.	La bovlo rompiĝis en mil pecojn.	Le cuppa se rumpeva in mille pecias.	7
02704	Nouns	position	die Position 	la posición 	la position	la posizione	a posição	la posició (les posicions)	pozicio	position	Ich habe Rückenschmerzen, ich bin drei Stunden in derselben Position geblieben	Me duele la espalda, he estadoen la misma posición durante tres horas	J'ai mal au dos, je suis resté dans la même position trois heures	Ho mal di schiena. Sono rimasto nella stessa posizione per tre ore	Estou com dor nas costas. Fiquei na mesma posição durante três horas	My back hurts; I stayed in the same position for three hours	Em fa mal l'esquena; he estat en la mateixa posició durant tres hores.	Mia dorso doloras; mi restis en la sama pozicio dum tri horoj.	Mi dorso dole; io remaneva in le mesme position durante tres horas.	7
02705	Nouns	program	das Programm 	el programa	le programme	il programma	o programa	el programa (els programes)	programo	programma	Dieses ist das Programm für den Abend	Este es el programa para la velada de esta noche	Voici le programme de la soirée	Questo è il programma della serata	Este é o programa desta noite	Here's the program for the evening	Aquest és el programa per a la vetllada.	Jen la programo por la vespero.	Ecce le programma pro le vespere	7
02706	Nouns	purpose	die Absicht 	el propósito, la intención	le but, l'intention 	lo scopo, l'intenzione 	o propósito	el propòsit (els propòsits)	celo, intenco	proposito	Sie hatte nicht die Absicht, dir weh zu tun	No te ha hecho daño a propósito	Elle n'avait pas l'intention de te blesser	Non aveva intenzione di ferirti	Ela não machucou você de propósito	She didn't hurt you on purpose	No tenia el propòsit de fer-te mal.	Ŝi ne intencis vundi vin.	Illo non te faceva mal pro proposito	7
02707	Nouns	resolution	der Beschluss , der Entschluss 	la resolución, la decisión	la résolution, la décision	la risoluzione, la decisione	a resolução, a decisão	la resolució (les resolucions), la decisió (les decisions)	rezolucio	resolution	Der Beschluss wurde vom Verwaltungsrat angenommen	La resoluciónfue adoptada por el consejo de administración	La résolution a été adoptée par le conseil d'administration	La decisione è stata adottata dal consiglio di amministrazione	A resolução foi adotada pelo conselho de administração	The resolution was adopted by the board of directors	La resolució va ser adoptada pel consell d'administració.	La rezolucio estis adoptita de la estraro.	Le resolution esseva adoptate per le consilio de administration	7
02708	Nouns	rock	der Fels , das Gestein 	la roca	le rocher, la roche	la roccia	a rocha, a pedra	la roca (les roques)	roko	rocca	Es gibt am Strand Felsen	Hay rocas en la orilla del mar	Il y a des rochers sur le bord de mer	Sulla riva del mare ci sono delle rocce	Há pedras na beira do mar	There are rocks along the beach	Hi ha roques a la vora del mar.	Estas rokoj laŭlonge de la plaĝo.	Il ha roccas juxta le litoral	7
02709	Nouns	scale (for measuring)	der Maßstab (zum Messen) 	la escala (medida)	l'échelle  (pour mesurer)	la scala (misurazione)	a escala (para medir)	l'escala (per mesurar) (les escales)	skalo (por mezuri)	scala	Was ist der Maßstab dieses Plans?	¿Cuál es la escala del mapa?	Quelle est l'échelle de la carte ?	Qual è la scala della cartina?	Qual é a escala do mapa?	What is the scale on this map?	Quina és l'escala d'aquest mapa?	Kio estas la skalo sur ĉi tiu mapo?	Qual es le scala de iste carta?	7
02710	Nouns	skill	die Kompetenz , die Fähigkeit 	la habilidad	la compétence	la competenza	a habilidade	l'habilitat (les habilitats), la competència (les competències)	kapablo	habilitate	Wir möchten Ihnen helfen, Ihre Kompetenzen zu verbessern	Queremos ayudarte a mejorar tus habilidades.	Nous voulons vous aider à améliorer vos compétences.	Vogliamo aiutarti a migliorare le tue competenze.	Queremos ajudar você a aprimorar suas habilidades.	We want to help you improve your skills.	Volem ajudar-te a millorar les teves habilitats.	Ni volas helpi vin plibonigi viajn kapablojn.	Nos vole adjutar te a meliorar tu habilitates.	7
02711	Nouns	slave	der Sklave 	el esclavo	l'esclave 	lo schiavo	o(a) escravo(a)	l'esclau (els esclaus), l'esclava (les esclaves)	sklavo	sclavo	Sklaven hatten keine Rechte.	Los esclavos no tenían derechos.	Les esclaves n'avaient aucunsdroits.	Gli schiavi non avevano diritti.	Os escravos não tinham direitos. 	Slaves did not have any rights.	Els esclaus no tenien drets.	Sklavoj ne havis iujn ajn rajtojn.	Le sclavos non habeva alcun derectos.	7
02712	Nouns	spy	der Spion 	el espía	l'espion 	la spia	o espião	l'espia (els espies)	spiono	spia	Er hat einen Spion angeheuert	Contrató a un espía	Il a fait appel à un espion	È ricorso a una spia	Ele contratou um espião	He hired a spy	Va contractar un espia.	Li dungis spionon.	Ille ha empleate un spia.	7
02713	Nouns	stage	die Phase ; die Etappe 	la fase, la etapa	le stade, l'étape 	la fase, la tappa	a fase, a etapa	l'etapa (les etapes), la fase (les fases)	etapo	phase	Es gibt 20 verschiedene Phasen in diesem Prozess	Hay veinte fases diferentes durante el proceso	Il y a vingt étapes différentes pendant le processus	Ci sono venti fasi diverse nel processo	Há vinte etapas diferentes durante o processo	There are 20 different stages throughout the process	Hi ha 20 etapes diferents en tot el procés.	Estas 20 malsamaj etapoj tra la procezo.	Il ha 20 phases differente durante le processo.	7
02714	Nouns	step	der Schritt 	el paso	le pas	il passo	o passo	el pas (els passos)	paŝo	passo	Sie bewegt sich Schritt für Schritt vorwärts	Ella avanza paso a paso	Elle avance pas à pas	Lei va avanti passo passo	Ela avança passo a passo	She moves forward step by step	Ella avança pas a pas.	Ŝi antaŭeniras paŝon post paŝo.	Il avantia passo per passo.	7
02715	Nouns	stream	der Strom , die Strömung 	el arroyo, el riachuelo	le flot, le ruisseau	il fiume, il ruscello	o arroio, o riacho	el rierol (els rierols)	rivereto	riviera	Ich ging gern den Strom entlang	Me gustaba pasear por la orilla del arroyo	J'aimais me promener près du ruisseau.	Mi piaceva camminare lungo il fiume.	Eu gostava de caminhar pelo riacho.	I liked walking by the stream.	M'agradava passejar pel rierol.	Mi ŝatis promeni apud la rivereto.	Io amava promenar juxta le riviera.	7
02716	Nouns	tail	der Schwanz (zool.) 	la cola	la queue	la coda	o rabo	la cua (les cues)	vosto	cauda	Viele Tiere haben einen Schwanz, der Ihnen beim Balancieren hilft	Muchos animales tienen una cola que les proporciona equilibrio	De nombreux animaux ont une queue pour s'équilibrer	Molti animali hanno una coda per tenersi in equilibrio	Muitos animais têm um rabo para ajudá-los a manter o equilíbrio	Many animals have a tail to help them balance	Molts animals tenen una cua per ajudar-los a equilibrar-se.	Multaj bestoj havas voston por helpi ilin ekvilibriĝi.	Multe animales ha un cauda pro adjutar los a mantener le equilibrio.	7
02717	Nouns	target	das Ziel 	el objetivo, el blanco	la cible, l'objectif 	il bersaglio, l'obiettivo	o objetivo, o alvo, a meta	l'objectiu (els objectius), el blanc (els blancs)	celo	objectivo	Einige Schüler sind oft das Ziel von Mobbing.	Algunos estudiantes suelen ser blanco de acoso.	Certains élèves sont souvent la cible d'harcèlement.	Alcuni studenti sono spesso bersaglio di prepotenze	Alguns estudantes costumam ser alvos de bullying.	Some students are often the target of bullying.	Alguns estudiants són sovint l'objectiu de l'assetjament.	Kelkaj studentoj estas ofte la celo de ĉikanado.	Alcun studentes es sovente le objectivo del molestia.	7
02718	Nouns	tear (crying)	die Träne 	la lágrima	la larme	la lacrima	a lágrima	la llàgrima (les llàgrimes)	larmo	lacrima	Sie hat ihre Tränen bis zum Ende zurückgehalten	Ella contuvo sus lágrimas hasta el final.	Elle a retenu ses larmes jusqu'à la fin.	Lei ha trattenuto le lacrime fino alla fine.	Ela segurou as lágrimas até o fim.	She held back her tears until the end.	Va contenir les llàgrimes fins al final.	Ŝi retenis siajn larmojn ĝis la fino.	Il reteneva su lacrimas usque al fin.	7
02719	Nouns	test	die Prüfung 	la prueba	le test	il test	o teste, a prova	el test (els tests), la prova (les proves)	testo	prova	Das Ergebnis dieser Prüfung ist positiv	El resultado de la prueba es positivo	Le résultat de ce test estpositif	Il risultato di questo test è positivo.	O resultado deste teste é positivo.	The result of this test is positive	El resultat d'aquest test és positiu.	La rezulto de ĉi tiu testo estas pozitiva.	Le resultato de iste prova es positive.	7
02720	Nouns	thought	der Gedanke 	el pensamiento, pensar	la pensée	il pensiero	o pensamento	el pensament (els pensaments)	penso	pensamento	Er ist immer in seinen Gedanken verloren	Siempre está perdido en sus pensamientos	Il est toujours perdu dans ses pensées	È sempre perso nei suoi pensieri	Ele está sempre perdido nos próprios pensamentos	He is always lost in his thoughts	Sempre està perdut en els seus pensaments.	Li ĉiam estas perdita en siaj pensoj.	Ille es semper perdite in su pensamentos.	7
02721	Nouns	tool	das Werkzeug 	la herramienta	l'outil 	l'attrezzo, l'utensile	a ferramenta	l'eina (les eines), la ferramenta (les ferramentes)	ilo	utensile	Er brauchte sein Werkzeug, um seineArbeit fortzusetzen	Necesitaba sus herramientas para seguir consu trabajo.	Il avait besoin de ses outils pour continuer son travail.	Aveva bisogno dei suoi attrezzi per continuare il lavoro.	Ele precisava das suas ferramentas para continuar seu trabalho.	He needed his tools to continue his work.	Necessitava les seves eines per continuar la seva feina.	Li bezonis siajn ilojn por daŭrigi sian laboron.	Ille necessitava su utensiles pro continuar su labor.	7
02722	Nouns	wheel	das Rad 	la rueda	la roue	la ruota	a roda	la roda (les rodes)	rado	rota	Das Rad wurde vor 5000 Jahren inMesopotamien erfunden	La rueda fue inventada en Mesopotamia hace 5000 años	La roue a été inventée en Mésopotamie il y a 4 000 ans	La ruota è stata inventata in Mesopotamia 5000 anni fa	A roda foi inventada na Mesopotâmia, há 5mil anos.	The wheel was invented in Mesopotamia 4,500 years ago	La roda va ser inventada a Mesopotàmia fa 5000 anys.	La rado estis inventita en Mezopotamio antaŭ 4500 jaroj.	Le rota esseva inventate in Mesopotamia 4 500 annos retro.	7
02723	Nouns	intolerance (to ideas or religions)	die Intoleranz  (in Bezug auf Ideen oder Religionen)	la intolerancia (de ideas o religión)	l'intolérance  (à des idées ou religions)	il bigottismo, l'intolleranza (religiosa)	a intolerância (no contexto religioso)	la intolerància	netoleremo (al ideoj aŭ religioj)	intolerantia	Intoleranz führt oft zu Hass.	La intolerancia a menudo conduce al odio	L'intolérance conduit souvent à la haine.	L'intolleranza spesso porta all'odio.	A intolerância geralmente leva ao ódio.	Intolerance often leads to hate.	La intolerància sovint porta a l'odi.	Netoleremo ofte kondukas al malamo.	Le intolerantia sovente conduce al odio.	7
02724	Nouns	service	der Service 	el servicio, el turno	le service	il servizio	o serviço	el servei (els serveis)	servo	servicio	Der Service in diesem Restaurant ist ausgezeichnet	El servicio es excelente en este restaurante	Le service est excellent dans ce restaurant	Il servizio è eccellente in questo ristorante	O serviço é excelente neste restaurante	The service is excellent at this restaurant	El servei en aquest restaurant és excel·lent.	La servo en ĉi tiu restoracio estas bonega.	Le servicio es excellente in iste restaurante.	7
02725	Food & Dining	Can I have the menu please?	Kann ich bitte die Speisekarte haben?	¿Puedo ver el menú, por favor?	Puis-je avoir le menu s'il vous plaît ?	Posso avere il menu per piacere?	Posso ver o cardápio, por favor?	Puc veure el menú, si us plau?	Ĉu mi povas havi la menuon, bonvolu?	Pote io vider le menu, per favor?										7
02726	Food & Dining	Could you give me a little more sauce please?	Könnten Sie mir bitte ein bisschen mehr Soße geben?	¿Podría darme un poco más de salsa, por favor?	Pourriez-vous me donner un peu plus de sauce s'il vous plaît?	Potrebbe darmi un po' più di salsa per favore?	Poderia me dar um pouco mais de molho, por favor?	Podria donar-me una mica més de salsa, si us plau?	Ĉu vi povus doni al mi iom pli da saŭco, bonvolu?	Poterea vos dar me un poco plus de salsa, per favor?										7
02727	Cooking	to stir	umrühren	mezclar, remover	mélanger, remuer	mescolare	mexer	remoure, mesclar	kirli	miscer										7
02728	Drinks	tequila	der Tequila 	el tequila	la tequila	la tequila	a tequila	la tequila	tekilo	tequila										7
02729	Drinks	milkshake	der Milchshake 	 el batido de leche (ES), la malteada (AL)	le milkshake	il frappè	o milkshake	el batut (els batuts)	laktfridaĵo	lacte frappe										7
02730	Food	walnuts, nuts	die Nüsse 	las nueces	les noix 	le noci	as nozes	les nous	nuksoj	nuces										7
02731	Food	crème fraîche (similar to sour cream)	die Crème Fraiche	la nata fresca	la crème fraîche	la panna (per cucinare)	o creme de leite	la nata fresca	kremfreŝo	crema fresc										7
02732	Meat & Seafood	hake	der Seehecht 	la merluza	le merlu, le colin	il nasello	a merluza	el lluç (els lluços)	merluĉo	merlucio										7
02733	Meat & Seafood	cod	der Kabeljau 	el bacalao	le cabillaud	il merluzzo	o bacalhau	el bacallà (els bacallans)	gado	gado										7
02734	Meat & Seafood	sardine	die Sardine 	la sardina	la sardine	la sardina	a sardinha	la sardina (les sardines)	sardino	sardina										7
02735	Vegetables	spinach	der Spinat 	las espinacas 	les épinards 	gli spinaci 	o espinafre	els espinacs	spinaco	spinacia										7
02736	Vegetables	eggplant (US) / aubergine (UK)	die Aubergine 	la berenjena	l'aubergine 	la melanzana	a berinjela	l'albergínia (les albergínies)	melongeno	aubergina										7
02737	Fruits	guava	die Guave 	la guayaba	la goyave	la guaiava	a goiaba	la guaiaba (les guaiabes)	guavo	guayaba										7
02738	Fruits	pomegranate	der Granatapfel 	la granada (fruta)	la grenade (fruit)	la melagrana	a romã	la magrana (les magranes)	granato	granata										7
02739	Fruits	papaya	die Papaya 	la papaya	la papaye 	la papaya, la papaia	o mamão	la papaia (les papaies)	papajo	papaya										7
02740	Fruits	sugar cane	das Zuckerrohr 	la caña de azúcar	la canne à sucre	la canna da zucchero	a cana-de-açúcar	la canya de sucre (les canyes de sucre)	sukerkano	canna de sucro										7
02741	Spices & Condiments	cinnamon	der Zimt	la canela	la cannelle 	la cannella	a canela	la canyella	cinamo	cinnamomo										7
02742	Spices & Condiments	parsley	die Petersilie 	el perejil	le persil 	il prezzemolo	a salsa	el julivert	petroselo	petrosilio										7
02743	Spices & Condiments	thyme 	der Thymian 	el tomillo	le thym 	il timo	o tomilho	la farigola	timiano	thymo										7
02744	Hotel	Could you give me a wake up call at seven[7] in the morning, please?	Könnten Sie mich um sieben Uhr morgens wecken, bitte?	¿Podría despertarme a las siete de la mañana, por favor?	Pourriez-vous me réveiller à sept heures du matin s'il vous plaît?	Potrebbe svegliarmi alle sette del mattino per piacere?	Poderia me despertar as sete da manhã por favor?	Podria despertar-me a les set del matí, si us plau?	Ĉu vi povus veki min je la sepa matene, bonvolu?	Pote vos dar un appello de eveliar a septe horas del matino, per favor?									Pote vos dar un appello de eveliar a septe horas del matino, per favor?	7
02745	Hotel	Could you please tell me where the reception is?	Könnten Sie mir bitte sagen, wo sich die Rezeption befindet?	¿Podría decirme dónde está la recepción, por favor?	Pourriez-vous me dire où se trouve la réception s'il vous plaît?	Potrebbe dirmi dove si trova la reception per favore?	Poderia me dizer onde fica a recepção, por favor?	Podria dir-me on és la recepció, si us plau?	Ĉu vi povus diri al mi, kie estas la akceptejo, bonvolu?	Pote vos dicer me ubi es le reception, per favor?									Pote vos dicer me ubi es le reception, per favor?	7
02746	Home & Furniture	shelves (shelf)	die Regale	los estantes, las estanterías	les étagères 	gli scaffali	as estantes	els prestatges	bretoj	planos, tabulas										7
02747	House Description	delightful, charming 	reizend, charmant	encantador(a) 	charmant(e)	incantevole	encantador(a)	encantador(a)	ĉarma	incantator, fascinator										7
02748	Household chores	to take out (took out, taken out) the trash (US) / rubbish (UK)	den Müll rausbringen	sacar la basura 	sortir les ordures	portare fuori l'immondizia	tirar o lixo	treure les escombraries	elporti la rubon	tirar (tirar, tirate) le immunditias (US) / residuos (UK)										7
02749	Personal care	hairdryer	der Föhn 	el secador de pelo  	le sèche-cheveux	l'asciugacapelli	o secador de cabelo	l'assecador de cabell (els assecadors de cabell)	harsekigilo	siccator de capillos										7
02750	Camping	tent	ein Zelt	una tienda de campaña	une tente	una tenda	a barraca	la tenda de campanya (les tendes de campanya)	tendo	tenta										7
02751	Camping	trailer	ein Wohnwagen 	una caravana	une caravane	una roulotte	um trailer	la caravana (les caravanes)	ruldomo	caravana										7
02752	Camping	camper van	das Wohnmobil, das Reisemobil	la autocaravana	le camping-car	il camper	o motor home	l'autocaravana (les autocaravanes)	karavano	autocaravana										7
02753	Camping	match 	das Streichholz	el fósforo, la cerilla	l'allumette 	il fiammifero	o fósforo	el misto (els mistos)	alumeto	flammifero										7
02754	Camping	Where is the nearest campground (US) / campsite (UK)?	Wo ist der nächste Campingplatz?	¿Dónde está el terreno de camping más cercano?	Où est le terrain de camping le plus proche?	Dove sta il campeggio più vicino?	Onde é o camping mais próximo?	On és el càmping més proper?	Kie estas la plej proksima kampadejo?	Ubi es le terreno de camping le plus proxime?										7
02755	Camping	I would like to book a cabin (US) / a bungalow (UK) for six people	Ich möchte einen Bungalow für sechs Personen reservieren	Quisiera reservar un bungalow para seis personas	J'aimerais réserver un bungalow pour six personnes	Vorrei prenotare un bungalow per sei persone	Gostaria de reservar um bangalô para seis pessoas	Voldria reservar un bungalou per a sis persones	Mi ŝatus rezervi bangalon por ses personoj	Io volerea reservar un bungalow pro sex personas.										7
02756	Camping	Are there any showers around here?	Gibt es hier irgendwo Duschen?	¿Hay duchas por aquí?	Il y a des douches par ici?	Ci sono docce qui vicino ?	Há duchas por aqui?	Hi ha dutxes per aquí?	Ĉu estas duŝoj ĉi tie?	Il ha duchas hic circa?										7
02757	Camping	I travel in a motorhome	Ich reise im Wohnmobil	Viajo en autocaravana	Je voyage en camping-car	Viaggio in camper	(Eu) viajo em um trailer	Viatjo en autocaravana	Mi vojaĝas per karavano	Io viagia in autocaravana										7
02758	Camping	mobile home	das Wohnmobil 	la casa móvil	le mobil-home	la casa mobile	o trailer	la casa mòbil (les cases mòbils)	ruldomo	le casa mobile										7
02759	Camping	Are there any other campsites?	Gibt es andere Campingplätze?	¿Hay otras zonas de camping?	Il y a d'autres zones de camping?	Ci sono altre zone in cui fare campeggio?	Há outras zonas de camping?	Hi ha altres zones de càmping?	Ĉu estas aliaj kampadejoj?	Esque il ha altere areas de camping?										7
02760	Camping	Is there electricity?	Gibt es Strom?	¿Hay electricidad?	Il y a de l'électricité?	C'è l'elettricità?	Há eletricidade?	Hi ha electricitat?	Ĉu estas elektro?	Esque il ha electricitate?										7
02761	Camping	Is there an electrical hook-up for the trailer?	Gibt es einen Stromanschluss für den Campingwagen?	¿Hay alguna conexión eléctrica para la caravana?	Il y a un branchement électrique pour la caravane?	C'è una connessione elettrica per la roulotte?	Há um ponto de energia elétrica para o trailer?	Hi ha connexió elèctrica per a la caravana?	Ĉu estas elektra konekto por la ruldomo?	Esque il ha un connexion electric pro le caravana?										7
02762	Camping	Where can I pitch my tent?	Wo kann ich mein Zelt aufbauen?	¿Dónde puedo poner mi tienda (E) / carpa (AL)?	Où je peux planter ma tente?	Dove posso montare la mia tenda?	Onde posso colocar minha barraca?	On puc muntar la tenda?	Kie mi povas starigi mian tendon?	Ubi pote io installar mi tenta?										7
02763	Camping	Do you have room for a tent?	Haben Sie Platz für ein Zelt?	¿Tiene un lugar para una tienda (E) / carpa (AL)?	Vous avez un emplacement pour une tente?	C'è posto per una tenda?	Tem um lugar para uma barraca?	Tenen lloc per a una tenda?	Ĉu vi havas lokon por tendo?	Esque vos ha loco pro un tenta?										7
02764	Camping	Do you have room for a trailer (US) / caravan (UK)?	Haben Sie Platz für einen Wohnwagen?	¿Tiene un lugar para una caravana?	Vous avez un emplacement pour une caravane?	C'è posto per una roulotte?	Tem um lugar para um trailer?	Tenen lloc per a una caravana?	Ĉu vi havas lokon por ruldomo?	Esque vos ha loco pro un caravana?										7
02765	Camping	I would like a spot in the shade	Ich hätte gern einen Platz im Schatten	Quisiera un lugar con sombra	J'aimerais un emplacement avec de l'ombre	Vorrei un posto all'ombra	Gostaria de um lugar com sombra	Voldria un lloc a l'ombra	Mi ŝatus lokon en la ombro	Io volerea un loco in le umbra										7
02766	Camping	Is there a store (US) / a shop (UK) on the campsite?	Gibt es ein Geschäft auf dem Campingplatz?	¿Hay alguna tienda en el camping?	Il y a un magasin dans le camping?	C'è un negozio nel campeggio?	Há uma loja no camping?	Hi ha alguna botiga al càmping?	Ĉu estas vendejo en la kampadejo?	Esque il ha un boteca in le camping?										7
02767	Camping	Are there laundry facilities on the campsite?	Gibt es einen Waschsalon auf dem Campingplatz?	¿Hay una lavandería en el camping?	Il y a une laverie dans le camping?	C'è una lavanderia nel campeggio?	Há lavanderia no camping?	Hi ha servei de bugaderia al càmping?	Ĉu estas lavejo en la kampadejo?	Ha il un lavanderia in le camping?										7
02768	Camping	Does the campsite have a pool?	Gibt es einen Swimmingpool auf dem Campingplatz?	¿El camping tiene piscina?	Le camping a une piscine ?	Il campeggio ha una piscina?	O camping tem piscina?	El càmping té piscina?	Ĉu la kampadejo havas naĝejon?	Ha le camping un piscina?										7
02769	Camping	Where are the toilets and showers?	Wo sind die Toiletten und die Duschen?	¿Dónde están los servicios y las duchas?	Où sont les toilettes et les douches?	Dove sono i bagni e le docce?	Onde ficam os banheiros e as duchas?	On són els lavabos i les dutxes?	Kie estas la necesejoj kaj duŝoj?	Ubi es le toilettes e le duchas?										7
02770	Camping	Where are the trash bins?	Wo sind die Mülleimer?	¿Dónde están los cubos de basura?	Où sont les poubelles?	Dove stanno i cassonetti dell'immondizia?	Onde ficam as lixeiras?	On són els contenidors d'escombraries?	Kie estas la rubujoj?	Ubi es le cassettas de immunditia?										7
02771	Camping	Where is the sick room / nurse station?	Wo ist die Krankenstation?	¿Dónde está la enfermería?	Où est l'infirmerie?	Dove sta l'infermeria?	Onde é a enfermaria?	On és la infermeria?	Kie estas la flegejo?	Ubi es le infirmeria?										7
02772	Camping	Where is the television room?	Wo ist der Fernsehraum?	¿Dónde está la sala de televisión?	Où est la salle de télévision?	Dove sta la sala con la televisione?	Onde fica a sala de televisão?	On és la sala de televisió?	Kie estas la televida ĉambro?	Ubi es le sala de television?										7
02773	Camping	Where are the laundry facilities?	Wo ist der Waschsalon?	¿Dónde están los lavaderos?	Où sont les lavoirs(ou la laverie) ?	Dove sta la lavanderia?	Onde ficam as lavadoras?	On és la bugaderia?	Kie estas la lavejo?	Ubi es le installationes de lavanderia?										7
02774	Camping	the cabin (US), the bungalow (UK)	der Bungalow  	el bungalow	le bungalow	il bungalow	o bangalô	el bungalou (els bungalous)	bangalo	le bungalow										7
02775	Camping	the campground (US), the campsite (UK)	der Campingplatz  	el camping, el campamento	le terrain de camping	il terreno per il campeggio	a área de camping	el terreny de càmping (els terrenys de càmping)	kampadejo	le camping										7
02776	Accommodation	youth hostel	die Jugendherberge 	el albergue juvenil	l'auberge  de jeunesse	l'ostello (della gioventù)	o albergue da juventude	l'alberg juvenil (els albergs juvenils)	junulargastejo	le albergo juvenil										7
02777	Accommodation	membership card	der Mitgliedsausweis 	la tarjeta de socio	la carte de membre	la tessera d'iscrizione	o cartão de sócio	la targeta de soci (les targetes de soci)	membrokarto	le carta de socio										7
02778	Accommodation	dormitory	der Schlafsaal 	residencia estudiantil	le dortoir	il dormitorio	o dormitório	el dormitori comú (els dormitoris comuns)	dormejo	residentia de studentes										7
02779	Accommodation	sleeping bag	der Schlafsack 	el saco de dormir	le sac de couchage	il sacco a pelo	o saco de dormir	el sac de dormir (els sacs de dormir)	dormosako	sacco de dormir										7
02780	Accommodation	caretaker, watchman	der Wärter , der Aufseher 	el vigilante	le gardien	il sorvegliante	o zelador	el vigilant (els vigilants), el conserge (els conserges)	gardisto	custode, guardiano										7
02781	Accommodation	Could you please change the sheets for me?	Könnten Sie bitte meine Bettlaken wechseln?	¿Podría cambiarme las sábanas, por favor?	Pourriez-vous me changer les draps, s'il vous plaît?	Potrebbe cambiarmi le lenzuola, per piacere?	Poderia trocar os lençois para mim, por favor?	Podria canviar-me els llençols, si us plau?	Ĉu vi povus ŝanĝi miajn littukojn, bonvolu?	Poterea vos cambiar le drappos pro me, per favor?										7
02782	Accommodation	Can I leave my suitcase in the locker?	Kann ich meinen Koffer im Schließfach lassen?	¿Puedo dejar mi maleta en la consigna?	Je peux laisser ma valise dans le casier?	Posso lasciare la mia valigia nell'armadietto?	Posso guardar minha mala no armário?	Puc deixar la maleta a la consigna?	Ĉu mi povas lasi mian valizon en la ŝranko?	Pote io lassar mi valise in le deposito de bagages?										7
02783	Accommodation	laundry room	der Waschsalon 	la lavandería	la laverie 	la lavanderia	a lavanderia	la bugaderia (les bugaderies)	lavejo	lavanderia										7
02784	Accommodation	games room 	das Spielzimmer 	la sala de juegos	la salle de jeu 	la sala giochi	a sala de jogos	la sala de jocs (les sales de jocs)	ludejo	sala de jocos										7
02785	Transportation	to go by	vorbeigehen (an)	pasar (por, al lado de)	passer (à côté)	passare da	passar (junto a, ao lado de)	passar (per, al costat de)	preterpasi	passar juxta										7
02786	Transportation	gridlock	der Stau	el atasco (de tráfico)	l'embouteillage (m)	l'ingorgo (nel traffico)	o congestionamento	l'embús (els embussos), la congestió (les congestions)	trafikŝtopiĝo	congestion de traffico										7
02787	Transportation	highway (US), main road (UK)	die Nationalstraße , die Bundesstraße (in Deutschland) 	la carretera nacional 	la route nationale	la strada nazionale	a estrada nacional	la carretera nacional (les carreteres nacionals)	nacia vojo	strata national										7
02788	Transportation	secondary road 	die Landstraße 	la carretera regional	la route départementale	la strada extra-urbana	a estrada regional	la carretera comarcal (les carreteres comarcals), la secundària (les secundàries)	duaranga vojo	strata secundari										7
02789	Transportation	bicycle lane, bike path	der Fahrradweg 	el carril para bicicletas 	la piste cyclable	la pista ciclabile	a faixa para bicicletas	el carril bici (els carrils bici)	bicikla vojo	pista cyclabile										7
02790	Transportation	roundabout, traffic circle	der Kreisverkehr , der Verkehrskreisel 	la glorieta, la rotonda 	le rond-point	la rotonda	a rotatória	la rotonda (les rotondes)	trafikcirklo	rotunda, circulo de traffico										7
02791	Transportation	highway patrol	die Verkehrspolizei 	La policía de tránsito	la police des routes	la polizia stradale	A polícia de trânsito	la policia de trànsit	trafika polico	policia de traffico										7
02792	Car Maintenance	It is over-heating	Es heizt sich zu sehr auf	Se sobrecalienta	Ça surchauffe 	Si surriscalda	Ela está superaquecendo	se sobreescalfa	ĝi trovarmiĝas	Illo se supercaleface										7
02793	Car Maintenance	steering wheel	das Lenkrad , das Steuer 	el volante  	le volant	il volante	o volante	el volant (els volants)	stirilo	volante										7
02794	Car Maintenance	indicator, signal	der Blinker 	el intermitente 	le clignotant	la freccia	o pisca-pisca	l'intermitent (els intermitents)	intermitlumo	indicator, signal										7
02795	Travel	How much money are you bringing with you?	Wie viel Geld haben Sie dabei?	¿Cuánto dinero trae usted?	Combien d'argent amenez-vous ?	Quanti soldi porta (con lei)?	Quanto dinheiro o senhor traz?	Quants diners porta?	Kiom da mono vi kunportas?	Quanto moneta porta vos con vos?										7
02796	Money	Do you accept Euros/dollars?	Akzeptieren Sie Euro/Dollar?	¿Acepta euros/dólares?	Vous acceptez les euros/dollars ?	Accetta euro/dollari?	Aceita euros/ dólares?	Accepteu euros/dòlars?	Ĉu vi akceptas eŭrojn/dolarojn?	Accepta vos euros/dollares?										7
02797	Shopping	It's worth it	Es lohnt sich	Merece la pena	Ça vaut le coup	Ne vale la pena	Vale a pena	Val la pena	Indas	Illo vale le pena										7
02798	Shopping	Can I have eight oranges, please?	Kann ich bitte acht Orangen haben?	¿Puede ponerme ocho naranjas, por favor?	Je peux avoir huit oranges, s'il vous plaît?	Posso avere otto arance, per piacere?	Posso ter oito laranjas, por favor?	Em pot donar vuit taronges, si us plau?	Ĉu mi povas havi ok oranĝojn, bonvolu?	Pote vos dar me octo oranges, per favor?										7
02799	Shopping	I'm looking for clothing made from natural fibres	Ich suche Kleidung aus Naturfasern	Busco ropa de fibras naturales	Je cherche des vêtements en fibres naturelles	Cerco vestiti in fibra naturale	Procuro roupa de fibras naturais	Busco roba de fibres naturals	Mi serĉas vestaĵojn el naturaj fibroj	Io cerca vestimentos de fibras natural										7
02800	Craft	pearl	die Perle 	la perla	la perle	la perla	a pérola	la perla (les perles)	perlo	perla										7
02801	Banking	checking account (US), current account (UK)	das Girokonto 	la cuenta corriente 	le compte courant	il conto corrente	a conta corrente	el compte corrent (els comptes corrents)	ĉekonto	conto currente										7
02802	Banking	savings account 	das Sparkonto 	la cuenta de ahorros 	le compte d'épargne	il conto di risparmio	a conta poupança	el compte d'estalvis (els comptes d'estalvis)	ŝparkonto	conto de sparnio										7
02803	Banking	loan 	der Kredit , das Darlehen 	el préstamo 	le prêt	il prestito	o empréstimo	el préstec (els préstecs)	prunto	presto										7
02804	Numbers	fourth [4°]	vierter	cuarto 	quatrième 	quarto 	quarto 	quart(a)	kvara	quarte										7
02805	Art & Museums	architecture	die Architektur 	la arquitectura	l'architecture 	l'architettura	a arquitetura	l'arquitectura	arkitekturo	architectura										7
02806	Religion	religion	die Religion 	la religión	la religion	la religione	a religião	la religió (les religions)	religio	religion										7
02807	Nature	Is it poisonous?	Ist das giftig?	¿Es venenoso(a)?	C'est vénéneux?	È velenoso(a)?	É venenoso(a)?	És verinós(osa)?	Ĉu ĝi estas venena?	Es illo venenose?										7
02808	Beach & Swimming	nudist beach	der FKK-Strand	la playa nudista	la plage nudiste / naturiste	la spiaggia dei nudisti/naturisti	a praia de nudismo	la platja nudista (les platges nudistes)	nudisma plaĝo	plagia nudista										7
02809	Beach & Swimming	to dive	ins Wasser tauchen/springen	zambullirse, bucear	plonger	tuffarsi	mergulhar	capbussar-se, submergir-se	plonĝi	immerger se										7
02810	Animals	bug	das Insekt, die Insekten	el insecto, el bicho	insecte, petite bête	l'insetto	o inseto	la bestiola (les bestioles), l'insecte (els insectes)	insekto	insecto	Du hast Insekten geliebt, als du ein Kind warst, David	Te encantaban los bichos cuando eras niño, David	Tu adorais les insectes quand tu étais enfant, David.	Amavi gli insetti quando eri bambino, David	Você adorava insetos quando era criança, David	You loved bugs when you were a kid, David	T'encantaven les bestioles quan eres petit, David.	Vi amis insektojn kiam vi estis infano, David.	Tu adorava le insectos quando tu esseva un puero, David.	7
02811	Animals	zoo	der Zoo 	el zoológico	le zoo	lo zoo	o zoológico	el zoològic (els zoològics)	zoo	jardin zoologic										7
02812	Animals	pets, domesticated animals	die Haustiere	las mascotas, los animales domésticos 	les animaux domestiques	gli animali domestici	os animais domésticos	les mascotes, els animals domèstics	hejmaj bestoj	animales de compania, animales domestic										7
02813	Animals	wild animals 	die Wildtiere	los animales salvajes 	les animaux sauvages 	gli animali selvatici	os animais selvagens	els animals salvatges	sovaĝaj bestoj	animales salvage										7
02814	Animals	iguana	der Leguan 	la iguana	l'iguane 	l'iguana	a iguana	l'iguana (les iguanes)	igvano	iguana										7
02815	Animals	lizard	die Eidechse 	el lagarto	le lézard	la lucertola	o lagarto	el llangardaix (els llangardaixos)	lacerto	lacerta										7
02816	Farm	agriculture 	die Landwirtschaft 	la agricultura 	l'agriculture 	l'agricoltura	a agricultura	l'agricultura	agrikulturo	agricultura										7
02817	Entertainment	turn (game)	dran sein (Spiel)	el turno (juego)	le tour (jeu)	il turno (gioco)	a vez (no jogo)	el torn (joc) (els torns)	vico (ludo)	torno	Du bist dran!	¡Estu turno!	À ton tour !	È il tuo turno!	 É sua vez!	It's your turn!	És el teu torn!	Estas via vico!	Es tu torno!	7
02818	Entertainment	to go wine tasting	zu einer Weinverkostung gehen	degustar vinos, hacer una degustación de vinos	aller déguster du vin	andare a degustare del vino	ir a uma degustação de vinhos	anar a un tast de vins	iri al vingustumado	ir a degustar vinos										7
02819	Entertainment	concert	das Konzert 	el concierto	le concert	il concerto	o show, o concerto	el concert (els concerts)	koncerto	concerto										7
02820	Entertainment	festival	das Festival 	el festival	le festival	il festival	o festival	el festival (els festivals)	festivalo	festival										7
02821	Sports	Where are the changing rooms?	Wo sind die Umkleidekabinen?	¿Dónde están los vestidores?	Où sont les vestiaires ?	Dove stanno gli spogliatoi?	Onde ficam os vestiários?	On són els vestidors?	Kie estas la vestoŝanĝejoj?	Ubi es le vestiarios?										7
02822	Sports	What time does the swimming pool open?	Um wie viel Uhr öffnet das Schwimmbad?	¿A qué hora abre la piscina?	À quelle heure ouvre la piscine ?	A che ora apre la piscina?	A que horas abre a piscina?	A quina hora obre la piscina?	Je kioma horo la naĝejo malfermiĝas?	A qual hora aperi le piscina?										7
02823	Sports	team  	die Mannschaft 	el equipo (grupo)	l'équipe 	la squadra	a equipe, o time	l'equip (els equips)	teamo	equipa										7
02824	Sports	to win [won, won]	gewinnen 	ganar (juego...)	gagner (jeux...)	vincere	ganhar (jogo...)	guanyar	venki	ganiar										7
02825	Sports	to lose [lost, lost] a game	eine Partie/ein Spiel verlieren	perder un partido	perdre une partie	perdere una partita	perder um jogo	perdre un partit	perdi matĉon	perder un partita										7
02826	Sports	goal (soccer)	das Tor 	el gol 	le but, le goal	il gol	o gol	el gol (els gols)	golo	goal										7
02827	Sports	game, match	die Partie , das/der Match , das Spiel 	el partido 	la partie, le match	la partita	a partida	el partit (els partits)	matĉo	partita										7
02828	Sports	tie, draw (sports) 	das Unentschieden (Sport)	el empate	le match nul	il pareggio	o empate	l'empat (els empats)	egalvenko	partita nulle										7
02829	Sports	header (in football/soccer)	ein Kopfball  	un cabezazo	une tête (but de la tête)	un colpo di testa	uma cabeçada	el cop de cap (els cops de cap)	kapfrapo	colpo de capite										7
02830	Sports	shot	der Schuss 	el tiro	le tir	il tiro	o tiro	el xut (els xuts), el tir (els tirs)	pafo	tiro										7
02831	Sports	pass (the movement of a ball)	der Pass	el pase	la passe	il passaggio	o passe (esporte, documento)	la passada (pilota) (les passades)	paso (pilko)	passa										7
02832	Sports	baseball 	der Baseball 	el beisbol 	le baseball	il baseball	o beisebol	el beisbol	basbalo	baseball										7
02833	Sports	football (US) / American football (UK)	der American Football	el fútbol  americano 	le football américain	il football americano	o futebol americano	el futbol americà	amerika futbalo	football american										7
02834	Sports	skates 	der Rollschuh, 	los patines 	les patins	i pattini	os patins	els patins	glitiloj	patines										7
02835	Sports	skateboard 	das Skateboard 	la patineta 	le skate	lo skate	o skate	el monopatí, el skateboard (els monopatins)	rultabulo	skateboard										7
02836	Sports	racket 	der Schläger 	la raqueta 	la raquette	la racchetta	a raquete	la raqueta (les raquetes)	rakedo	rachetta										7
02837	Sports	stadium 	das Stadion 	el estadio 	le stade	lo stadio	o estádio	l'estadi (els estadis)	stadiono	stadio										7
02838	Sports	to lift weights 	Hanteltraining machen	hacer pesas / musculación	faire de la musculation	fare sollevamento pesi	fazer musculação 	fer peses	levi pezojn	levar pesos										7
02839	Sports	jogging 	das Joggen	el footing, el trote	le footing	il footing	fazer cooper	el fúting, córrer	 trotado	jogging										7
02840	Sports	skiing 	das Skifahren 	el esquí 	le ski	lo sci	o esqui	l'esquí	skiado	ski										7
02841	Sports	champion	der Meister , der Champion 	el campeón	le champion	il campione	o campeão	el campió (els campions), la campiona (les campiones)	ĉampiono	campion										7
02842	Sports	to bet [bet, bet]	wetten	apostar	parier	scommettere	apostar	apostar	veti	sponder	Ich habe auf die Mannschaft gewettet, die verloren hat	Aposté al equipo que perdió	J'ai parié sur l'équipequi a perdu	Ho scommesso sulla squadra che ha perso	Eu apostei no time que perdeu	I bet on the team that has lost	Vaig apostar per l'equip que va perdre.	Mi vetis por la teamo kiu perdis.	Io ha spondite super le equipa que ha perdite.	7
02843	Outdoor Activities	to canoe down a river	einen Fluss mit dem Kanu runterfahren	bajar un río en canoa 	descendre une rivière en canoë 	scendere un fiume in canoa	descer um rio de canoa	baixar un riu en canoa	kanuado laŭ rivero	descender un fluvio in canoa										7
02844	Outdoor Activities	to go horseback riding (US), to go horse riding (UK) [rode, ridden]	reiten 	montar a caballo 	faire du cheval, monter à cheval	andare a cavallo, montare (a cavallo) 	montar a cavalo	muntar a cavall	rajdi ĉevalon	montar a cavallo										7
02845	Outdoor Activities	to camp in the mountains  	im Gebirge campen	acampar en las montañas  	camper dans les montagnes	fare campeggio in montagna	acampar nas montanhas	acampar a la muntanya	kampadi en la montaro	campar in le montanias										7
02846	Hiking & Trekking	Where can I find information on hiking trails?	Wo kann ich Informationen über Wanderwege finden?	¿Dónde puedo encontrar información sobre senderos?	Où puis-je trouver des informations sur les pistes de randonnée ?	Dove posso trovare informazioni sui sentieri per le escursioni?	Onde posso encontrar informação sobre trilhas para caminhada?	On puc trobar informació sobre rutes de senderisme?	Kie mi povas trovi informojn pri migraj vojoj?	Ubi pote io trovar information super sentieros de excursionismo?										7
02847	Hiking & Trekking	How far up are we climbing?	Bis auf welche Höhe steigen wir hinauf?	¿Hasta qué altura vamos a subir?	On monte jusqu'à quelle altitude ?	Fino a che altezza saliamo?	Até que altura vamos subir?	Fins a quina alçada pugem?	Ĝis kia alteco ni grimpas?	Usque a qual altitude nos va ascender?										7
02848	Hiking & Trekking	Is a guide needed?	Ist ein Reiseführer notwendig?	¿Se necesita un guía?	Il y a besoin d'un guide ?	È necessaria una guida?	Precisa de um guia?	Cal un guia?	Ĉu gvidisto estas bezonata?	Es un guida necessari?										7
02849	Hiking & Trekking	Is the trail well marked?	Ist der Wanderweg gut ausgeschildert?	¿Está bien marcado el sendero?	Le sentier est bien balisé ?	Il sentiero è ben segnalato?	Está bem marcada a trilha?	El sender està ben senyalitzat?	Ĉu la vojeto estas bone markita?	Es le sentiero ben marcate?										7
02850	Hiking & Trekking	Which is the shortest route?	Was ist der kürzeste Weg?	¿Cuál es el camino más corto?	Quel est le chemin le plus court ?	Qual è il percorso più corto?	Qual é o caminho mais curto?	Quin és el camí més curt?	Kiu estas la plej mallonga vojo?	Qual es le cammino le plus curte?										7
02851	Hiking & Trekking	Does this path go to...?	Führt dieser Weg nach...?	¿Este camino va a...?	Ce chemin va à ...?	Questo sentiero va a...?	Este caminho vai a...?	Aquest camí porta a...?	Ĉu ĉi tiu vojeto iras al...?	Iste cammino va a...?										7
02852	Hiking & Trekking	to go mountaineering [went, gone]	bergsteigen	practicar el alpinismo	faire de l'alpinisme	fare alpinismo	praticar alpinismo	fer alpinisme	montgrimpado	practicar le alpinismo										7
02853	Hiking & Trekking	mountain climbing	das Bergsteigen	la escalada en montaña, el alpinismo	l'escalade en montagne , l'alpinisme 	la scalata in montagna, l'alpinismo	o alpinismo, a escalada de montanha	l'alpinisme	montgrimpado	alpinismo										7
02854	Hiking & Trekking	hiking boots	die Wanderschuhe	las botas de montaña	les chaussures de randonnée	gli scarponi da montagna	as botas de caminhada / montanha	les botes de muntanya	migraj botoj	bottas de montania										7
02855	Hiking & Trekking	mountain shelter	die Berghütte 	el refugio de montaña	le refuge de montagne	il rifugio di montagna	o refúgio da montanha	el refugi de muntanya (els refugis de muntanya)	montara rifuĝejo	refugio de montania										7
02856	Hiking & Trekking	compass	der Kompass 	la brújula	la boussole	la bussola	a bússola	la brúixola (les brúixoles)	kompaso	bussola										7
02857	Introductions & Socializing	to shake hands	Hände schütteln	darse un apretón de manos, estrecharse las manos	serrer la main	stringere la mano, stringersi la mano	apertar as mãos	donar-se la mà	manpremi	stringer le manos										7
02858	Parties & Socializing	I'm in!	Ich bin dabei!	¡Me apunto!	Je suis de la partie !	Ci sto!	Eu topo! 	M'hi apunto!	Mi partoprenas!	Io participa!										7
02859	Parties & Socializing	to celebrate	feiern	celebrar	célébrer, fêter	celebrare, festeggiare	celebrar, festejar	celebrar	festi	celebrar	Sie haben gestern seinen Geburtstag gefeiert	Ellos celebraron su cumpleaños ayer	Ils ont fêté son anniversaire hier	Hanno festeggiato il suo compleanno ieri	Eles celebraram o aniversário dele ontem	They celebrated his birthday yesterday	Ahir van celebrar el seu aniversari.	Ili festis lian naskiĝtagon hieraŭ.	Illes celebrava su anniversario natal heri.	7
02860	Parties & Socializing	Do you want a cigarette?	Willst du eine Zigarette?	¿Quieres un cigarrillo?	Tu veux une cigarette?	Vuoi una sigaretta?	Quer um cigarro?	Vols una cigarreta?	Ĉu vi volas cigaredon?	Vole tu un cigarretta?										7
02861	Parties & Socializing	I quit smoking	Ich habe aufgehört zu rauchen	Yo he dejado de fumar	J'ai arrêté de fumer	Ho smesso di fumare	Deixei de fumar	He deixat de fumar	Mi ĉesis fumi	Io ha cessate de fumar										7
02862	Parties & Socializing	Where's the ashtray?	Wo ist der Aschenbecher?	¿Dónde está el cenicero?	Où est le cendrier?	Dove sta il posacenere?	Onde está o cinzeiro?	On és el cendrer?	Kie estas la cindrujo?	Ubi es le cineriera?										7
02863	Parties & Socializing	to throw a party / to go to a party 	eine Party machen / zu einer Party gehen	dar una fiesta / ir a una fiesta 	faire une fête / aller à une fête	dare una festa / andare ad una festa	dar uma festa / ir a uma festa	fer una festa / anar a una festa	fari feston / iri al festo	dar un festa / ir a un festa										7
02864	Expressions & Emotions	What a pity! , What a shame!	Wie schade! Das ist schade!	¡Qué lástima! , ¡Qué pena! 	Quel dommage ! C'est dommage!	Che peccato!, Peccato!	Que dó! / Que pena! 	Quina llàstima!, Quina pena!	Kia domaĝo!	Qual pena!										7
02865	Expressions & Emotions	I have no opinion on that matter	Ich habe keine Meinung darüber	No sé qué opinar	Je n'ai pas d'avis là-dessus	Non ho opinioni in materia	Não sei o que opinar	No en tinc cap opinió	Mi ne havas opinion pri tio	Io non ha opinion super ille question										7
02866	Flirting Phrases	to blush	rot werden	sonrojarse	rougir	arrossire	ficar vermelho(a), corar	enrogir-se	ruĝiĝi	rubescer	Ich werde rot vor Scham	Me estoy sonrojando de vergüenza	Je rougis d'embarras	Sto arrossendo per l'imbarazzo	Estou vermelho de vergonha	I'm blushing from embarrassment	Em poso vermell de vergonya.	Mi ruĝiĝas pro embaraso.	Io rubesce de embarasso.	7
02867	Love & Romance	marriage 	die Ehe 	el matrimonio	le mariage	il matrimonio	o casamento	el matrimoni (els matrimonis)	geedziĝo	matrimonio										7
02868	Love & Romance	to get married, to marry, to wed	heiraten	casarse	se marier	sposarsi	casar-se	casar-se	edziĝi	maritar se										7
02869	Love & Romance	lover	der(die) Liebhaber(in) 	el(la) amante	l'amant(e)	l'amante	o(a) amante	l'amant (els amants)	amanto	amante										7
02870	Travel Farewells	Here is a small gift for your hospitality	Das ist ein kleines Geschenk für deine Gastfreundschaft	Este es un pequeño regalo por tu hospitalidad	Ceci est un petit cadeau pour ton hospitalité	È un piccolo regalo per la tua ospitalità	Este é um pequeno presente por sua hospitalidade	Això és un petit regal per la teva hospitalitat	Jen malgranda donaco pro via gastamo	Isto es un parve dono pro tu hospitalitate										7
02871	Conversation Starters	I have an interesting story about that	Ich habe eine interessante Geschichte darüber	Tengo una historia interesante sobre eso	J'ai une histoire intéressante à propos de cela	Ho una storia interessante su questo	Tenho uma história interessante sobre isso	Tinc una història interessant sobre això	Mi havas interesan rakonton pri tio	Io ha un historia interessante super isto										7
02872	Conversation Starters	Now that I think about it	Jetzt wo ich darüber nachdenke	Ahora que lo pienso	Maintenant que j'y pense	Ora che ci penso	Agora que estou pensando sobre isso...	Ara que hi penso	Nun kiam mi pensas pri tio	Ora que io pensa a illo										7
02873	Phrases of Speech	seemingly	scheinbar	aparentemente	apparemment	apparentemente	aparentemente	aparentment	ŝajne	apparentemente										7
02874	Phrases of Speech	evidently	offensichtlich	evidentemente	évidemment, manifestement	chiaramente	evidentemente	evidentment	evidente	evidentemente										7
02875	Phrases of Speech	utterly	völlig, total	completamente	complètement, tout à fait	interamente, del tutto	completamente, totalmente	completament, totalment	tute	completemente										7
02876	Phrases of Speech	fortunately	glücklicherweise	afortunadamente, por suerte	par chance, heureusement	fortunatamente	por sorte	afortunadament	feliĉe	fortunatemente	Glücklicherweise hatte ihr Flugzeug Verspätung	Afortunadamente, su avión llevaba retraso	Heureusement, son avion était en retard	Fortunatamente il suo aereo era in ritardo	Por sorte, seu avião estava atrasado	Fortunately her plane was late	Afortunadament, el seu avió anava amb retard.	Feliĉe, ŝia aviadilo malfruis.	Fortunatemente, su avion esseva in retardo	7
02877	Phrases of Speech	Seriously	Ernsthaft	Seriamente	Sérieusement	Seriamente	Seriamente	De debò	Serioze	seriosemente										7
02878	Phrases of Speech	I don't know exactly	Ich weiß nicht genau	No sé exactamente	Je ne sais pas exactement	Non so esattamente	(Eu) não sei exatamente	No ho sé exactament	Mi ne scias precize	Io non sape exactemente										7
02879	Phrases of Speech	As far as I know	Soweit ich weiß	Hasta donde yo sé	À ma connaissance	Per quanto ne so, Che io sappia	Até onde eu sei	Pel que jo sé	Laŭ mia scio	Secundo lo que io sape										7
02880	Phrases of Speech	listen / look...	Hör zu / Schau mal...	escucha / mira...	écoute / regarde...	ascolta, guarda...	escuta/ olha...	Escolta / Mira...	Aŭskultu / Rigardu...	ascolta / guarda...	Hör zu, ich brauche etwas Zeit, um darüber nachzudenken.	Escucha, necesito un poco de tiempo para pensar en eso	Ecoute, j'ai besoin d'un peu de temps pour y penser	Ascolta, ho bisogno di un po' di tempo per pensarci	Escuta, preciso de um pouco de tempo para pensar sobre isso.	Listen, I need some time to think about it	Escolta, necessito una mica de temps per pensar-hi.	Aŭskultu, mi bezonas iom da tempo por pripensi tion.	Ascolta, io necessita un poco de tempore pro pensar de illo.	7
02881	Conversational Fillers	whereas	obwohl, während	a medida que, mientras que	alors que, tandis que	mentre, quando	enquanto 	mentre que	dum	durante que	Die Staatsdefizite steigen, während die Regierung die Steuern senkt.	Los déficits públicos aumentan a medida que el gobierno recorta impuestos	Les déficits publics augmentent alors que le gouvernement baisse les impôts.	I deficit pubblici aumentano mentre il governo abbassa le tasse.	O déficit público está aumentando, enquanto o governo está baixando os impostos.	The public deficit is increasing, whereas the government is decreasing taxes	Els dèficits públics augmenten, mentre que el govern redueix els impostos.	La publika deficito pliiĝas, dum la registaro malpliigas impostojn.	Le deficit public augmenta, durante que le governamento reduce le impostos.	7
02882	Conversational Fillers	otherwise	sonst, andernfalls	de lo contrario, si no	autrement	altrimenti	do contrário	altrament, si no	alie	alteremente; si non	Reduziere das Feuer, dein Gericht brennt sonst an.	Baja el fuego. De lo contrario, tu plato se va a quemar.	Réduis le feu, autrement ton plat va brûler.	Abbassa il fuoco, altrimenti il tuo piatto si brucerà.	Reduza o fogo. Do contrário, seu prato vai queimar.	Turn down the burner, otherwiseyour dish will burn	Baixa el foc, altrament el teu plat es cremarà.	Malaltigu la fajron, alie via plado brulos.	Abassa le flamma; alteremente, tu platto se comburera.	7
02883	Conversational Fillers	In conclusion, ...	Abschließend ...	En conclusión...	Pour conclure,...	Per concludere,...	Para concluir,...	En conclusió, ...	Konklude, ...	In conclusion, ...	Abschließendzeigt unsere Studie, dass dies ein wichtiges Thema ist	En conclusión, nuestro estudio muestra que este es un tema importante	Pour conclure, nos recherches montrent qu'il s'agit d'une problématique importante.	Per concludere, il nostro studio dimostra che si tratta di una questione importante.	Para concluir, nossa pesquisa mostra que esta é uma questão importante.	In conclusion, our research shows that this is an important issue	En conclusió, el nostre estudi demostra que aquest és un tema important.	Konklude, nia esploro montras, ke ĉi tio estas grava afero.	In conclusion, nostre recerca monstra que isto es un question importante.	7
02884	Conversational Fillers	as soon as...	sobald 	tan pronto como, en cuanto	dès que...	non appena	assim que	tan aviat com...	tuj kiam...	si tosto que	Ich komme nach Hause zurück, sobald ich mit der Arbeit fertig bin.	Vuelvo a casa en cuanto termino de trabajar	Je rentre à la maison dès que j'ai fini de travailler.	Torno a casa non appena finisco di lavorare.	Volto para casa assim que eu acabe de trabalhar.	I come back home as soon as I'm done working	Torno a casa tan aviat com acabo de treballar.	Mi revenas hejmen tuj kiam mi finas labori.	Io retorna a casa si tosto que io ha finite de laborar.	7
02885	Conversational Fillers	by the way	übrigens, nebenbei bemerkt	a propósito	à propos, au fait	a proposito	a propósito	per cert	cetere	a proposito	Übrigens John hat mich gestern angerufen.	A propósito, John me llamó ayer	À propos, John m'a appelé hier	A proposito, John mi ha chiamato ieri	A propósito, John me ligou ontem	By the way, John called me yesterday	Per cert, en Joan em va trucar ahir.	Cetere, Johano vokis min hieraŭ.	A proposito, John me telephonava heri.	7
02886	Conversational Fillers	well, anyway	Gut, jedenfalls...	bueno, en todo caso...	bon, en tout cas	bene, in ogni caso	bem, em todo o caso	bé, en qualsevol cas	nu, ĉiuokaze	bon, in omne caso	Gut, ich muss jedenfalls gehen	Bueno, en todo caso, tengo que irme	Bon, en tout cas, il faut que j'y aille	Bene, in ogni caso, devo andare	Bem, em todo o caso, eu tenho que ir	Well, anyway, I have to go	Bé, en qualsevol cas, he de marxar.	Nu, ĉiuokaze, mi devas iri.	Bon, in omne caso, io debe partir.	7
02887	Conversational Fillers	unless	es sei denn	a menos que, a no ser que	à moins que	a meno che	a menos que	a menys que	krom se	a minus que	Ich will nicht, dass du ausgehst, es sei denn du fühlst dich besser	A no ser quete encuentres mejor, no quiero que salgas	À moins que tu ne te sentes mieux, je ne veux pas que tu sortes.	A meno che tu non ti senta meglio, non voglio che tu esca	A menos que você esteja se sentindo melhor, eu não quero que você vá embora	Unless you are feeling better, I don't want you to go out	No vull que surtis, a menys que et trobis millor.	Krom se vi fartos pli bone, mi ne volas, ke vi eliru.	A minus que tu te senti melior, io non vole que tu exi.	7
02888	Information Sources	Someone told me that	Jemand hat mir gesagt, dass ...	Alguien me dijo que	Quelqu'un m'a dit que	Qualcuno mi ha detto che	Alguém me disse que	Algú m'ha dit que...	Iu diris al mi, ke...	Alicuno me diceva que										7
02889	Correction & Clarification	If I am not mistaken	Wenn ich mich nicht täusche	Si no me equivoco	Si je ne me trompe pas	Se non mi sbaglio	Se não me engano	Si no m'equivoco	Se mi ne eraras	Si io non me equivoca										7
02890	Correction & Clarification	I am not certain whether	Ich bin mir nicht sicher ob	No estoy seguro de si	Je ne suis pas certain que	Non sono sicuro se	Não tenho certeza se	No estic segur de si	Mi ne certas ĉu	Io non es certe si										7
02891	Correction & Clarification	If I understand correctly	Wenn ich es richtig verstehe	Si lo entiendo bien	Si je comprends bien	Se capisco bene	Se entendo bem	Si ho entenc bé	Se mi bone komprenas	Si io comprende correctemente										7
02892	Agreeing Disagreeing	definitely	auf jeden Fall	definitivamente	absolument, sans aucun doute	assolutamente	definitivamente, sem dúvida	sens dubte, definitivament	certe	definitivemente	Ich will auf jeden Fall morgen Abend vorbeikommen	Definitivamente quiero venir mañana por la noche	Je veux absolument venir demain soir	Voglio assolutamente venire domani sera	Eu quero, sem dúvida, vir amanhã à noite	I definitely wanna come over tomorrow night	Sens dubte vull venir demà a la nit.	Mi certe volas veni morgaŭ nokte.	Io vole definitivemente venir a tu casa deman nocte.	7
02893	Agreeing Disagreeing	That’s not the point	Darum geht es nicht	Esa no es la cuestión	Ce n'est pas la question	Non è questo il punto	A questão não é essa	Aquesta no és la qüestió	Tio ne estas la afero	Isto non es le question.										7
02894	Agreeing Disagreeing	with all my heart	von ganzem Herzen	con todo mi corazón	de tout mon cœur	con tutto il mio cuore	do fundo do meu coração	de tot cor	per mia tuta koro	de tote mi corde	Ich vertraue ihr von ganzem Herzen	Confío en ella contodo mi corazón	Je lui fais confiance de tout mon cœur	Mi fido di lei con tutto il mio cuore	Eu confio nela do fundo do meu coração	I trust her with all my heart	Confio en ella de tot cor.	Mi fidas ŝin per mia tuta koro.	Io confide in illa de tote mi corde.	7
02895	Connecting Ideas	And what do you think about...	Und was denkst du über...	Y tú qué piensas de...	Et que penses-tu de...	E cosa ne pensi di...	E o que você acha de...	I tu què en penses de...?	Kaj kion vi pensas pri...?	E tu, que pensa tu de...										7
02896	Connecting Ideas	By the way, did you know that...?	Übrigens, weisst du, dass ...?	Por cierto, ¿sabes...?	Au fait, tu savais que...?	A proposito, sapevi che...?	Aliás, você sabe que...?	Per cert, sabies que...?	Cetere, ĉu vi sciis, ke...?	A proposito, sape tu que...?										7
02897	Concluding Remarks	In conclusion, I would say that...	Abschließend würde ich sagen...	En conclusión, diría que...	En conclusion, je dirais que...	In conclusione, direi che...	Para concluir, diria que...	En conclusió, diria que...	Konklude, mi dirus, ke...	In conclusion, io dicerea que...										7
02898	Parts of the Body	skull	der Schädel 	el cráneo	le crâne 	il cranio	o crânio	el crani (els cranis)	kranio	cranio										7
02899	Parts of the Body	neck	der Hals 	el cuello	le cou 	il collo	o pescoço	el coll (els colls)	kolo	collo										7
02900	Parts of the Body	chest	die Brust 	el pecho	la poitrine	il petto	o peito	el pit (els pits)	brusto	pectore										7
02901	Parts of the Body	shoulder	die Schulter 	el hombro	l'épaule 	la spalla	o ombro	l'espatlla (les espatlles)	ŝultro	humero										7
02902	Parts of the Body	elbow	der Ell(en)bogen 	el codo	le coude 	il gomito	o cotovelo	el colze (els colzes)	kubuto	cubito										7
02903	Parts of the Body	stomach, belly	der Bauch 	el vientre, la barriga	le ventre 	la pancia	a barriga	el ventre, la panxa (els ventres, les panxes)	ventro	ventre										7
02904	Parts of the Body	ankle	der Knöchel 	el tobillo	la cheville 	la caviglia	o tornozelo	el turmell (els turmells)	maleolo	talon										7
02905	Parts of the Body	finger	der Finger 	el dedo	le doigt 	il dito	o dedo	el dit (els dits)	fingro	digito										7
02906	Parts of the Body	fingernail 	der Fingernagel 	la uña	l'ongle 	l'unghia	a unha	l'ungla (les ungles)	ungo	ungue										7
02907	Parts of the Body	wrist	das Handgelenk 	la muñeca (anatomía)	le poignet 	il polso (anatomia)	o pulso (anatomia)	el canell (els canells)	manartiko	carpo										7
02908	Parts of the Body	knee	das Knie  	la rodilla	le genou 	il ginocchio	o joelho	el genoll (els genolls)	genuo	genu										7
02909	Parts of the Body	bottom, ass (US), arse (UK) [slang]	der Hintern , der Arsch (vulgär) 	las nalgas, el trasero	le derrière, le cul (vulgaire)	il sedere, il culo (volgare)	a bunda, o traseiro	el cul (els culs), les natges	pugo	culo										7
02910	Parts of the Body	buttocks	der Hintern , der Po 	las nalgas	les fesses 	i glutei	as nádegas, os glúteos	les natges	gluteoj	nates										7
02911	Parts of the Body	fist	die Faust 	el puño	le poing	il pugno (mano chiusa)	o punho	el puny (els punys)	pugno	pugno										7
02912	Physical Appearance	physically	körperlich	físicamente	physiquement	fisicamente	fisicamente	físicament	fizike	physicamente										7
02913	Physical Appearance	portrait	das Portrait	el retrato	le portrait	il ritratto	o retrato 	el retrat (els retrats)	portreto	portrait										7
02914	Physical Appearance	red-headed	rothaarig	pelirrojo(a) 	roux (rousse)	rosso(a)	ruivo(a)	pèl-roig(oja)	rufa	de capillos rubie										7
02915	Personality Traits	behavior (US); behaviour (UK)	das Verhalten	el comportamiento	le comportement	il comportamento	o comportamento	el comportament (els comportaments)	konduto	comportamento	Dieses Verhalten ist nicht akzeptabel	Este comportamiento es inaceptable	Ce comportement n'est pas acceptable	Questo comportamento non è accettabile	Esse comportamento não é admissível	This behavior is not acceptable	Aquest comportament no és acceptable.	Ĉi tiu konduto ne estas akceptebla.	Iste comportamento non es acceptabile.	7
02916	Personality Traits	sense of humor	der Sinn für Humor	el sentido del humor	le sens de l'humour	il senso dell'umorismo	o senso de humor	el sentit de l'humor	humursento	senso del humor	Ich bin froh zu sehen, dass du deinen Sinn für Humor nicht verloren hast	Me alegro de ver que no has perdido el sentido del humor	Je suis ravi de voir que tu n'as pas perdu ton sens de l'humour	Sono felice di vedere che non hai perso il tuo senso dell'umorismo	Fico feliz de ver que você não perdeu seu senso de humor	I'm glad to see you didn't lose your sense of humor	M'alegro de veure que no has perdut el sentit de l'humor.	Mi ĝojas vidi, ke vi ne perdis vian humursenton.	Io es contente de vider que tu non ha perdite tu senso del humor.	7
02917	Personality Traits	dreamer	Träumer(in)	soñador(a)	rêveur(se)	sognatore (sognatrice)	sonhador(a)	somniador(a)	revulo	soniator										7
02918	Personality Traits	dumb, fool	blöd	tonto(a)	bête, idiot(e)	sciocco(a)	idiota, tonto	ximple, beneit(a)	stulta, malsaĝa	stulto										7
02919	Personality Traits	arrogant 	arrogant	arrogante 	arrogant(e)	arrogante	arrogante	arrogant	aroganta	arrogante										7
02920	Clothes & Accessories	sweatpants	die Jogginghose 	el pantalón de chándal	le pantalon de survêtement	i pantaloni della tuta	calça de moletom	els pantalons de xandall	sportaj pantalonoj	pantalones de jogging										7
02921	Clothes & Accessories	skirt 	der Rock 	la falda 	la jupe	la gonna	a saia	la faldilla (les faldilles)	jupo	gonna										7
02922	Clothes & Accessories	dress	das Kleid 	el vestido	la robe	l'abito	o vestido	el vestit (els vestits)	robo	roba										7
02923	Clothes & Accessories	blouse  	die Bluse 	la blusa  	le chemisier	la camicetta	a blusa	la brusa (les bluses)	blusa	blusa										7
02924	Clothes & Accessories	sweat-shirt	das Sweatshirt 	el suéter, la sudadera	le sweat, le chandail (Canada)	la felpa	o suéter	la dessuadora (les dessuadores)	ŝvitĉemizo	sweatshirt										7
02925	Clothes & Accessories	sweater	der Pullover 	el jersey, la sudadera	le pull	il maglione	o pulôver	el jersei (els jerseis)	pulovero	sweater										7
02926	Clothes & Accessories	pajamas (US), pyjamas (UK)	der Schlafanzug 	el pijama 	le pyjama 	il pigiama	o pijama	el pijama (els pijames)	piĵamo	pyjamas										7
02927	Hair & Beauty	Would you like me to wash it?	Möchten Sie, dass ich es wasche?	¿Quiere que se lo lave?	Vous voulez que je vous les lave ?	Vuole che glieli lavi?	Quer que eu lave?	Vol que l'hi renti?	Ĉu vi volas, ke mi lavu ĝin?	Vole que io lo lava?										7
02928	Hair & Beauty	How would you like me to cut it?	Wie soll ich sie schneiden?	¿Cómo quiere que se lo corte?	Comment voulez-vous que je vous les coupe ?	come vuole che glieli tagli?	Como quer o seu corte?	Com vol que l'hi talli?	Kiel vi volas, ke mi tranĉu ĝin?	Como vole que io lo cotta?										7
02929	Hair & Beauty	not too short	nicht zu kurz	no muy corto	pas trop court	non troppo corti	não muito curto	no gaire curt	ne tro mallonga	non troppo breve										7
02930	Hair & Beauty	quite short	ziemlich kurz	bastante corto	assez courts	abbastanza corti	meio curto	bastant curt	sufiĉe mallonga	multo breve										7
02931	Hair & Beauty	very short	ganz kurz	muy corto	très court	molto corto	muito curto	molt curt	tre mallonga	multo breve										7
02932	Hair & Beauty	long	lang	largo	long	lungho	longo, comprido	llarg	longa	longe	Sie hat lange Haare.	Ella tiene el pelo largo	Elle a les cheveux longs	Lei ha i capelli lunghi	Ela tem cabelos compridos	She has long hair	Ella té els cabells llargs.	Ŝi havas longajn harojn.	Il ha capillos longe.	7
02933	Hair & Beauty	layered (women's haircut), undercut (men's haircut)	stufig	a capas, escalonado, degradado	dégradé	stratificato, scalato	em camadas	a capes, escalat	tavoligita	a stratos										7
02934	Hair & Beauty	a trim (slight hair or beard cut)	das Zurechtschneiden (leichter Haarschnitt)	un corte (de pelo corto o de barba) 	une coupe d'entretien (pour rafraîchir la coiffure)	una spuntata (di capelli o barba)	uma aparada (no cabelo ou na barba)	una retallada (lleugera)	trimado (malpeza tondo)	un adjustamento	Ich gehe einmal im Monat für ein Zurechtschneiden der Haare zum Friseur.	Voy a la peluquería una vez al mes para darmeun corte de pelo.	Je vais au salon de coiffure une fois par mois pour me faire une coupe légère	Vado dal parrucchiere per una spuntata una volta al mese	Vou ao salão de cabeleireiro para uma aparada uma vez por mês	I go to the hair salon for a trim once a month	Vaig a la perruqueria un cop al mes per a una retallada.	Mi iras al la frizisto por trimado unufoje monate.	Io va al barbero un vice al mense pro un adjustamento.	7
02935	Hair & Beauty	a new style	eine Stiländerung 	un cambio de estilo	un changement de style	un cambiamento di stile	uma mudança de estilo	un canvi d'estil	nova stilo	un nove stilo										7
02936	Hair & Beauty	 to shorten	kürzen	acortar	raccourcir	accorciare	aparar	escurçar	mallongigi	accurtar										7
02937	Hair & Beauty	What color would you like?	Welche Farbe hätten Sie gern?	¿Qué color quiere?	Quelle couleur voudriez-vous ?	che colore vorrebbe?	(De) que cor você gostaria?	De quin color li agradaria?	Kian koloron vi ŝatus?	Qual color vole vos?										7
02938	Hair & Beauty	styled in the front/back/on the side	nach vorne/ nach hinten/ zur Seite gekämmt	Peinado al frente / atrás / al lado	coiffés en avant / arrière / sur le côté	pettinati in avanti / all'indietro / sul lato	Penteado (na) frente / atrás / ao lado	pentinat endavant/enrere/al costat	kombita antaŭen/malantaŭen/flanken	pectinate al fronte / al retro / al latere										7
02939	Hair & Beauty	smooth, straight 	glatt, gerade	liso, lacio	lisse, raide	liscio, dritto	sedoso, liso	llis, llis	rekta	lisie, recte										7
02940	Hair & Beauty	wavy	wellig; gewellt	ondulado	ondulé	ondulato	ondulado	ondulat	onda	undulate										7
02941	Hair & Beauty	curly	lockig	rizado	frisé	riccio	encaracolado	arrissat	bukla	crispe										7
02942	Hair & Beauty	blowout, blow-dry 	das Brushing 	el cepillado (brushing)	le brushing	il brushing	a escova (penteado com secador)	el brushing, l'assecat amb assecador	broshararo	siccamento con siccator de capillos										7
02943	Hair & Beauty	Would you like anything on it?	Möchten Sie etwas drauf haben?	¿Quiere que le ponga algo por encima?	Voudriez-vous quelque chose dessus ?	Vorrebbe metterci qualcosa sopra?	Você gostaria de colocar algo sobre ele?	Hi vol alguna cosa a sobre?	Ĉu vi volas ion sur ĝi?	Vole vos que io pone alique super illo?										7
02944	Hair & Beauty	comb	der Kamm 	el peine	le peigne	il pettine	o pente	la pinta (les pintes)	kombilo	pectine										7
02945	Hair & Beauty	hair clippers	die Schermaschine 	la maquinilla	la tondeuse (à cheveux)	la macchinetta per tosare	a máquina de cortar cabelo	la maquineta de tallar cabells (les maquinetes)	hartondilo	machina de tonsura										7
02946	Family Members	mommy	Mami	mamá	maman (enfantin)	mammina	mamãe	la mama	panjo	mamma										7
02947	Family Members	grandson	der Enkel 	el nieto	le petit-fils 	il nipote (di nonni)	o neto	el nét (els néts)	nepo	nepote										7
02948	Family Members	granddaughter	die Enkelin 	la nieta	la petite-fille 	la nipote (di nonni)	a neta	la néta (les nétes)	nepino	nepta										7
02949	Professions & Occupations	to retire (from work...)	in Rente gehen	jubilarse, retirarse	prendre sa retraite	andare in pensione	se aposentar	jubilar-se, retirar-se	emeritiĝi	jubilar se										7
02950	Time & Frequency	I might be half an hour late	Ich komme vielleicht eine halbe Stunde später	Podría llegar con media hora de retraso	J'aurai peut-être une demi-heure de retard	Potrei fare mezz'ora di ritardo 	Eu talvez chegue com meia hora de atraso	Potser arribaré mitja hora tard	Mi eble malfruos duonhoron	Io poterea arrivar con medie hora de retardo										7
02951	Time & Frequency	a while	eine Weile	un rato	un moment 	un po' (di tempo)	um pouco (de tempo)	una estona	iom da tempo	un pauc de tempore	Das wird eine Weile dauern	Esto llevará un rato.	Ça va prendre un moment.	Ci vorrà un po'.	Isso vai demorar um pouco.	This will take a while.	Això portarà una estona.	Tio daŭros iom da tempon.	Isto prendera un pauc de tempore.	7
02952	Time & Frequency	for good	für immer, endgültig	para bien	pour de bon	una volta per tutte	de vez, pra sempre	per sempre	por ĉiam	definitivemente	Er hat endgültig mit dem Rauchen aufgehört	Dejó de fumar para bien	Il a arrêté de fumer pour de bon	Ha smesso di fumare una volta per tutte	Ele parou de fumar de vez	He quitted smoking for good	Ha deixat de fumar per sempre.	Li ĉesis fumi por ĉiam.	Ille cessava de fumar definitivemente.	7
02953	Phone Usage	I would like to buy a phone card	Ich würde gerne eine Telefonkarte kaufen	Me gustaría comprar una tarjeta telefónica	Je voudrais acheter une carte téléphonique	Vorrei comprare una scheda telefonica	Gostaria de comprar um cartão telefônico	Voldria comprar una targeta telefònica	Mi ŝatus aĉeti telefonkarton	Io volerea comprar un carta telephonic										7
02954	Phone Usage	phone booth (US), phone box (UK)	die Telefonzelle 	la cabina telefónica (ES), el locutorio (AL) 	la cabine téléphonique 	la cabina telefonica	a cabine telefónica	la cabina telefònica (les cabines telefòniques)	telefonbudo	le cabina telephonic										7
02955	Emergencies	I would have warned David, if I had seen him	Ich hätte David gewarnt, wenn ich ihn gesehen hätte	Yo le habría advertido a David, si lo hubiera visto.	J'aurais averti David, si je l'avais vu	Avrei avvertito Davide, se lo avessi visto	Eu teria avisado David, se eu o tivesse visto 	Hauria advertit en David, si l'hagués vist	Mi estus avertinta Davidon, se mi estus vidinta lin	Io haberea advertite David, si io le habeva vidite										7
02956	Emergencies	to be stuck	feststecken	estar atrapado	être coincé	essere bloccato	estar preso(a)	estar atrapat	blokiĝi	esser blocate	Ich kann nicht glauben, dass wir im Stau stecken	No me puedo creer que estemos atrapados en el tráfico	Je ne peux pas croire qu'on est coincé dans le trafic	Non riesco a credere che siamo bloccati nel traffico	Não consigo acreditar que estamos presos no trânsito	I cannot believe we're stuck in traffic	No puc creure que estiguem atrapats en el trànsit.	Mi ne povas kredi, ke ni blokiĝis en la trafiko.	Io non pote creder que nos es blocate in le traffico.	7
02957	Emergencies	material	das Material 	el material	la matière	il materiale	o material, a matéria	el material (els materials)	materialo	material										7
02958	Emergencies	I've lost my suitcase	Ich habe meinen Koffer verloren	He perdido mi maleta	J'ai perdu ma valise	Ho perso la mia valigia	(Eu) perdi minha mala	He perdut la maleta	Mi perdis mian valizon	Io ha perdite mi valise										7
02959	Emergencies	I've lost my bag and my wallet	Ich habe meine Tasche und mein Portemonnaie verloren	He perdido el bolso y la cartera	J'ai perdu mon sac et mon portefeuille	Ho perso la mia borsa ed il mio portafoglio	(Eu) perdi minha bolsa e minha carteira	He perdut la bossa i la cartera	Mi perdis mian sakon kaj mian monujon	Io ha perdite mi bursa e mi portamoneta										7
02960	Emergencies	Where did you lose your bag?	Wo haben Sie Ihre Tasche verloren?	¿Dónde perdió su bolsa (ES), bolso (AL)?	Où avez-vous perdu votre sac?	Dove ha perso la sua borsa?	Onde você perdeu sua bolsa?	On va perdre la bossa?	Kie vi perdis vian sakon?	Ubi ha vos perdite vostre bursa?										7
02961	Emergencies	What was inside it?	Was war darin?	¿Qué contenía?	Qu'est-ce qu'il contenait?	Che conteneva?	O que tinha dentro?	Què hi havia a dins?	Kio estis interne?	Que contineva illo?										7
02962	Emergencies	How is it?	Wie ist es?	¿Cómo es?	C'est comment?	Com'è?	Como é?	Com és?	Kiel ĝi estas?	Como es illo?										7
02963	Emergencies	What shape is it?	Welche Form hat es?	¿De qué forma es?	Il a quelle forme?	Che forma ha?	De que forma é?	Quina forma té?	Kian formon ĝi havas?	De qual forma es illo?										7
02964	Emergencies	How much is it worth?	Wie viel ist es wert?	¿Qué tan valioso es? 	Combien vaut-il?	Quanto vale?	Quanto vale?	Quin valor té?	Kiom ĝi valoras?	Quanto vale illo?										7
02965	Medical Situations	reaction	die Reaktion	la reacción	la réaction	la reazione	a reação 	la reacció (les reaccions)	reakcio	reaction	Ich habe eineschreckliche Reaktion, wenn ich Fisch esse	Tengo una reacción terrible cuando como pescado	J'ai une réaction terrible quand je mange du poisson	Ho una reazione terribile quando mangio pesce	Tenho uma reação terrível quando como peixe	I have a terrible reaction when I eat fish	Tinc una reacció terrible quan menjo peix.	Mi havas teruran reakcion kiam mi manĝas fiŝon.	Io ha un reaction terribile quando io mangia pisce	7
02966	Medical Situations	brain injury	die Gehirnverletzung 	la lesión cerebral	la lésion cérébrale	la lesione al cervello	a lesão cerebral	la lesió cerebral (les lesions cerebrals)	cerba lezo	lesion cerebral										7
02967	Medical Situations	medicine (field)	Medizin	la medicina	la médecine	la medicina (campo)	a medicina (área do conhecimento) 	la medicina (camp)	medicino (fako)	medicina	Helen studiert Medizin	Helen estudia medicina	Helen étudie la médecine	Helen studia medicina	Helen estuda medicina	Helen studies medicine	L'Helena estudia medicina.	Helena studas medicinon.	Helen studia medicina	7
02968	Medical Situations	dressing, bandage (medical)	der Verband	vendaje	le pansement	la fasciatura	o curativo 	l'embenat (els embenats), l'apòsit (els apòsits)	bandaĝo	bandage	Die Krankenschwester wird Ihren Verband in Kürze wechseln.	La enfermera le cambiará el vendaje en un momento.	L'infirmièreva changer votre pansement dans un petit instant.	L'infermiera cambierà la sua fasciatura tra un momento.	A enfermeira vai trocar seu curativo em breve.	The nurse will change your dressing in just a moment	La infermera li canviarà l'embenat d'aquí a una estona.	La flegistino ŝanĝos vian bandaĝon post momento.	Le infirmera cambiara vostre bandage in un momento.	7
02969	Medical Situations	I've been vaccinated against yellow fever	Ich bin gegen Gelbfieber geimpft worden	Estoy vacunado(a) contra la fiebre amarilla	Je suis vacciné(e) contre la fièvre jaune	Sono vaccinato(a) contro la febbre gialla	Estou vacinado(a) contra a febre amarela	Estic vacunat(da) contra la febre groga	Mi estas vakcinita kontraŭ flava febro	Io es vaccinate contra le febre jalne										7
02970	Medical Situations	I need a hepatitis vaccination	Ich brauche eine Hepatitisimpfung	Necesito una vacuna contra la hépatitis	J'ai besoin d'un vaccin contre l'hépatite 	Ho bisogno di un vaccino contro l'epatite	Preciso de uma vacina contra hepatite	Necessito una vacuna contra l'hepatitis	Mi bezonas vakcinon kontraŭ hepatito	Io necessita un vaccination contra le hepatitis										7
02971	Medical Situations	Can I see a practitioner?	Kann ich einen Arzt sehen?	¿Puedo ver a un médico?	Je peux voir un médecin?	Posso vedere un medico?	Posso ver um médico?	Puc veure un metge?	Ĉu mi povas viziti kuraciston?	Pote io vider un medico?										7
02972	Medical Situations	disease	die Krankheit 	la enfermedad	la maladie	la malattia	a doença	la malaltia (les malalties)	malsano	maladia										7
02973	Medical Situations	prescription	das Rezept 	la prescripción	la prescription	la ricetta (medica)	a prescrição	la recepta mèdica (les receptes mèdiques)	recepto	prescription										7
02974	Medical Situations	treatment	die Behandlung 	el tratamiento	le traitement	la terapia	o tratamento	el tractament (els tractaments)	kuracado	tractamento										7
02975	Medical Situations	remedy, cure 	das Mittel 	el remedio 	le remède	il rimedio, la cura	o remédio	el remei (els remeis), la cura (les cures)	kuracilo	remedio										7
02976	Medical Situations	to shake, to tremble	zittern	temblar	trembler	tremare	tremer	tremolar	tremi	tremer										7
02977	Medical Situations	to vomit	(sich) erbrechen	vomitar	vomir	vomitare	vomitar	vomitar	vomi	vomitar										7
02978	Medical Situations	dentist	der Zahnarzt 	el dentista	le dentiste	il dentista	o(a) dentista	el dentista (els dentistes), la dentista (les dentistes)	dentisto	dentista										7
02979	Medical Situations	to hurt	schmerzen, wehtun	doler	avoir mal, faire mal	fare male	doer	fer mal	dolori	doler	Mein Bauch tut weh	Me duele el estómago	J'ai mal au ventre	Mi fa male lo stomaco	Meu estômago dói	My stomach hurts	Em fa mal l'estómac.	Mia stomako doloras.	Mi stomacho dole.	7
02980	Police Report	You have to go to the police station	Sie müssen zur Polizeistation gehen	Tiene que ir a la comisaría	Vous devez aller au commissariat	Deve andare al commissariato (di polizia)	Tem que ir à delegacia	Ha d'anar a la comissaria	Vi devas iri al la policejo	Vos debe vader al commissariato.										7
02981	Police Report	Is there a police station near here?	Gibt es hier in der Nähe eine Polizeistation?	¿Hay una comisaría cerca?	Il y a un commissariat à proximité?	C'è una stazione di polizia vicino?	Há uma delegacia perto daqui?	Hi ha una comissaria a prop?	Ĉu estas policejo proksime?	Ha il un commissariato hic presso?										7
02982	Police Report	crime (minor or major crime)	das Delikt; das Verbrechen; die Straftat 	el delito, el crimen	le délit, le crime	il crimine	o delito, o crime	el delicte (els delictes), el crim (els crims)	krimo	delicto, crimine										7
02983	Police Report	investigation	die Ermittlung 	la investigación	l'enquête 	l'indagine	a investigação	la investigació (les investigacions)	enketo	investigation										7
02984	Police Report	violence	die Gewalt 	la violencia	la violence	la violenza	a violência	la violència	perforto	violentia										7
02985	Common Connectors	underneath, beneath (formal)	unter	debajo	en dessous	sotto, al di sotto di	debaixo de	a sota, sota	sub	subtus	Der Ball ist unter das Auto gerollt und wir konnten ihn nicht rausholen.	La pelota rodó debajo del coche y no la pudimos alcanzar.	La balle roula en dessous de la voiture, et nous ne pouvions pas la prendre.	La palla rotolò sotto la macchina e non potemmo riprenderla.	A bola rolou para debaixo do carro, e nós não podíamos pegá-la.	The ball rolled underneath the car, and we couldn't get it.	La pilota va rodar sota el cotxe i no la vam poder agafar.	La pilko ruliĝis sub la aŭton kaj ni ne povis atingi ĝin.	Le balla rolava subtus le automobile, e nos non poteva prender lo.	7
02986	Common Connectors	pretty (adverb)	ziemlich	bastante	plutôt, assez	piuttosto, alquanto	muito, bastante	bastant	sufiĉe	satis	Er war ziemlich überrascht	Estaba bastante sorprendido	Il était plutôt surpris	Era piuttosto sorpreso	Ele estava bastante surpreso	He was pretty surprised.	Estava bastant sorprès.	Li estis sufiĉe surprizita.	Ille esseva satis surprendite.	7
02987	Common Connectors	finally	endlich	finalmente, por fin	finalement, enfin	finalmente	finalmente	finalment, per fi	fine	finalmente	Ich habe ihn endlich getroffen	Por fin le conocí	Je l'ai enfin rencontré	Finalmente l'ho conosciuto	Eu finalmente o conheci	I finally met him	Finalment el vaig conèixer.	Mi fine renkontis lin.	Al fin io le incontrava.	7
02988	Common Connectors	instead	stattdessen	en lugar de	à la place	invece	em vez de	en lloc de	anstataŭ	in vice										7
02989	Common Connectors	everywhere	überall	por todas partes	partout	ovunque	por toda parte	a tot arreu	ĉie	ubique	Ich sehe überall Bilder.	Veo cuadros por todas partes.	Je vois des tableaux partout.	Vedo quadri ovunque.	Estou vendo quadros por toda parte.	I see pictures everywhere.	Veig quadres a tot arreu.	Mi vidas bildojn ĉie.	Io vide picturas ubique.	7
02990	Common Connectors	from now on	ab jetzt	de ahora en adelante	désormais	d'ora in poi	de agora em diante	d'ara endavant	de nun	de ora in avante										7
02991	Common Connectors	either... or...	entweder... oder	o... o...	soit..., soit... 	o..., o...	ou... ou...	o... o...	aŭ... aŭ...	o... o...	Intelligenz ist entweder ein Segen oder ein Fluch.	La inteligencia es o una bendición o una maldición.	L'intelligence est soit une bénédiction, soit une malédiction.	L'intelligenza è o una benedizione o una maledizione.	A inteligência ou é uma bênção ou é uma maldição.	Intelligence is either a blessing or a curse	La intel·ligència és o una benedicció o una maledicció.	Inteligenteco estas aŭ beno aŭ malbeno.	Le intelligentia es o un benediction o un malediction.	7
02992	Common Connectors	now that	jetzt, wo (jetzt, da ...)	ahora que	maintenant que	ora che	agora que	ara que	nun kiam	ora que										7
02993	Common Connectors	that's true	das stimmt, das ist wahr	Es cierto	c'est vrai, c'est juste	è vero	é verdade	és cert	estas vere	il es ver	Es ist spät, das stimmt, aber ich möchte ausgehen	Es tarde, es cierto, pero me gustaría salir	Il est tard, c'est vrai, mais je voudrais sortir	È tardi, è vero, ma vorrei uscire	É tarde, é verdade, mas gostaria de sair	It's late, that's true, but I would like to go out	És tard, és cert, però m'agradaria sortir.	Estas malfrue, tio estas vera, sed mi ŝatus eliri.	Il es tarde, il es ver, sed io volerea sortir.	7
02994	Irregular Verbs	to ride [rode, ridden] 	fahren, reiten	ir en bici, ir en moto, cabalgar	prendre, aller à , monter à 	andare in bici, andare in moto, cavalcare	conduzir, ir de  	anar en bici/moto, cavalcar	rajdi	cavalcar; ir in bicycletta; ir in motocycletta	Ich bin vor zwei Tagen mit dem Fahrrad zur Arbeit gefahren.	Fui al trabajo en bici hace dos días.	J'ai pris mon vélopour aller au travail il y a deux jours.	Sono andato in bici al lavoro due giorni fa.	Eu fui de bicicleta para o trabalho há dois dias.	I rode my bicycle to work two days ago	Vaig anar a la feina en bici fa dos dies.	Mi rajdis mian biciklon al la laboro antaŭ du tagoj.	Io iva al travalio in bicycletta duo dies retro.	7
02995	Irregular Verbs	to shoot [shot, shot]	schießen 	disparar	tirer 	sparare	atirar 	disparar	pafi	tirar	Die Polizei hat letztendlich auf die Räuber geschossen.	Finalmente la policía disparó a losladrones.	La police a finalement tirésur les voleurs.	Alla fine la polizia ha sparato ai ladri.	A polícia finalmente atirou nos ladrões.	The police eventually shot the robbers	Finalment la policia va disparar als lladres.	La polico fine pafis la rabistojn.	Finalmente le policia tirava contra le robatores.	7
02996	Irregular Verbs	to hurt [hurt, hurt] 	weh tun, verletzen	herir, hacerse daño, doler	(se) faire mal, (se) blesser	ferire, fare male, farsi male	doer, machucar(-se)	fer mal, fer-se mal	dolori, vundi	doler; ferir; facer mal	Mein Knie tat so weh, dass ich ins Krankenhaus ging	Me dolía tanto la rodilla que fui al hospital.	Mon genou me faisaittellement mal que je suis alléà l'hôpital.	Il ginocchio mi faceva così male che sono andato in ospedale.	Meu joelho doía tanto que tive que ir para o hospital.	My knee hurt so much that I went to the hospital	Em feia tant de mal el genoll que vaig anar a l'hospital.	Mia genuo tiom doloris, ke mi iris al la hospitalo.	Mi genu doleva tanto que io vadeva al hospital.	7
02997	Irregular Verbs	to hit [hit, hit] 	schlagen	pegar	frapper	colpire, picchiare	golpear	pegar, colpejar	bati	colpar	Schlag deinen kleinen Bruder nicht!	¡No pegues a tu hermano pequeño!	Ne frappe pas ton petit frère !	Non picchiare il tuo fratellino!	Não bata em seu irmão mais novo!	Don't hit your little brother!	No peguis al teu germà petit!	Ne batu vian fraton!	Non colpa tu parve fratre!	7
02998	Irregular Verbs	to beat [beat, beaten] 	schlagen (Sieg)	ganar, vencer	battre	battere	vencer	guanyar, vèncer	venki	vincer	Meine Schwester hat meinen Vater gestern Abend beim Schach geschlagen.	Anoche mi hermana ganó a mi padre al ajedrez.	Ma soeur a battu mon père aux échecs hier soir.	Mia sorella ha battuto mio padre a scacchi ieri sera.	Minha irmãvenceu meu pai no xadrez na noite passada.	Mysister beat my father at chess last night	Ahir a la nit la meva germana va guanyar el meu pare als escacs.	Mia fratino venkis mian patron en ŝako hieraŭ nokte.	Heri nocte mi soror vinceva mi patre al chacos.	7
02999	Verbal Phrases	to do the housework	den Haushalt machen	hacer las tareas domésticas	faire le ménage	fare lavori domestici	fazer afazeres domésticos	fer les feines de casa	fari la hejmajn taskojn	facer le labores domestic										7
03000	Verbal Phrases	to make an excuse	eine Entschuldigung finden	inventar una excusa	trouver une excuse	trovare una scusa	inventar uma desculpa	inventar una excusa	trovi ekskuzon	inventar un excusa										7
03001	Verbal Phrases	to make an agreement	sich einigen	acordar (algo)	tomber d'accord	fare un accordo	fazer um acordo	acordar (alguna cosa)	fari interkonsenton	facer un accordo										7
03002	Verbal Phrases	to make a noise	Krach machen	hacer ruido	faire un bruit	fare rumore	fazer barulho	fer soroll	fari bruon	facer ruito										7
03003	Verbal Phrases	to get rid of, to dispose of	etw. loswerden; sich von etw. trennen	deshacerse de	se débarrasser de	sbarazzarsi di	desfazer-se	desfer-se de	forigi	liberar se de; disponer de	Gestern habe ich mich von all meinen alten Sachen getrennt.	Ayer me deshice de todas mis cosas viejas.	Hier, je me suis débarrassé de toutes mes vieilles affaires.	Ieri mi sono sbarazzato di tutta la mia roba vecchia.	Ontem me desfiz de todas as minhas coisas velhas.	Yesterday I got rid of all my old stuff.	Ahir em vaig desfer de totes les meves coses velles.	Hieraŭ mi forigis ĉiujn miajn malnovajn aĵojn.	Heri io me liberava de tote mi vetule cosas.	7
03004	Verbal Phrases	to go on (went on, gone on) (continue)	weiter-	continuar	continuer	continuare	continuar	continuar	daŭrigi	continuar	Wir haben trotz des Weckers weiter geschlafen.	Continuamos a dormir a pesar del despertador.	Nous avons continué à dormir malgré le réveil.	Abbiamo continuato a dormire, nonostante l'allarme.	Nós continuamos dormindo apesar do despertador.	We went on sleeping despite the alarm.	Vam continuar dormint malgrat el despertador.	Ni daŭrigis dormi malgraŭ la vekhorloĝo.	Nos continuava a dormir nonobstante le eveliator.	7
03005	Verbal Phrases	to go on (went on, gone on) (happen)	los sein	pasar (algo)	se passer	succedere	acontecer	passar (alguna cosa)	okazi	evenir	Was ist los?	¿Qué pasa?	Que se passe-t-il?	Che cosa sta succedendo?	O que está acontecendo?	What's going on?	Què passa?	Kio okazas?	Que eveni?	7
03006	Verbal Phrases	to go for (choose)	sich entscheiden (für etwas)	escoger	choisir	scegliere	escolher	escollir (alguna cosa)	elekti	seliger	Ich habe mich für dieses Auto entschieden.  	Decidí escoger ese auto.	J'ai décidé de choisir cette voiture.	Ho deciso di scegliere quella macchina.	Decidi escolher esse carro.	I decided to go for that car.	Vaig decidir escollir aquest cotxe.	Mi decidis elekti tiun aŭton.	Io decideva seliger ille auto.	7
03007	Verbal Phrases	to go far (be very successful)	weit kommen	llegar lejos	aller loin	andare lontano	ir longe	arribar lluny	iri malproksimen	arrivar longe	Wir sind sicher, dass er weit kommt.	Estamos seguros que el llegará lejos.	Nous sommes certains qu'il ira loin.	Siamo sicuri che andrà lontano.	Nós temos certeza de que ele vai longe.	We are sure he'll go far.	Estem segurs que ell arribarà lluny.	Ni certas, ke li iros malproksimen.	Nos es secur que ille arrivara longe.	7
03008	Verbal Phrases	to come across (find by chance)	auf etw. stoßen	encontrarse con	tomber sur 	imbattersi	encontrar	trobar-se amb (per casualitat)	trovi hazarde	incontrar per hasardo	Ich bin auf diese Wohnung gestoßen und habe mich in sie verliebt.	Me encontré este apartamento y me enamoré de el.	Je suis tombé sur cet appartement et j'en suis tombé amoureux.	Mi sono imbattuto in questo appartamento e me ne sono innamorato.	Eu encontrei esse apartamento e me apaixonei por ele.	I came across this apartment and I fell in love with it.	Em vaig trobar aquest apartament i me'n vaig enamorar.	Mi hazarde trovis ĉi tiun apartamenton kaj enamiĝis al ĝi.	Io incontrava iste appartamento per hasardo e me inamorava de illo.	7
03009	Verbal Phrases	to come out (came out, come out) (be published, make public)	veröffentlichen; rauskommen	salir/ salir de	sortir, être rendu public	uscire / rendere pubblico	sair / vir a público	sortir (publicar-se)	aperi (publikiĝi)	sortir; devenir public	Sein neues Album wird im Frühling veröffentlicht. Wenn das rauskommt werden sie kündigen müssen.	Su nuevo album saldrá esta primavera. Si este caso sale, ellos tendrán que renunciar.	Son nouvel album sortira au printemps.      Si cette affaire s'évente, ils devront démissionner.	Il suo nuovo album uscirà questa primavera. Se questa vicenda sarà resa pubblica, dovranno dimettersi.	Seu novo álbum sai na primavera deste ano.  Se este assunto vir a público, eles vão precisar renunciar.	His new album comes out this spring.If this affair comes out, they will have to resign.	El seu nou àlbum sortirà aquesta primavera. Si aquest cas surt a la llum, hauran de dimitir.	Lia nova albumo aperos ĉi-printempe. Se ĉi tiu afero aperos, ili devos demisii.	Su nove album sortira iste primavera. Si iste affaire deveni public, illes debera resignar.	7
03010	Verbal Phrases	to come to an agreement	sich einig werden	acordar	arriver à un accord	raggiungere un accordo	concordar	arribar a un acord	atingi interkonsenton	accordar										7
03011	Verbal Phrases	to come to a conclusion	zu einem Schluss kommen	concluir	conclure	arrivare a una conclusione	concluir	arribar a una conclusió	atingi konkludon	concluder										7
03012	Verbal Phrases	to come to a decision	eine Entscheidung treffen	tomar una decisión	prendre une décision	prendere una decisione	tomar uma decisão	prendre una decisió	fari decidon	prender un decision										7
03013	Verbal Phrases	to bring up (brought up, brought up) (raise)	großziehen; aufziehen	criar	élever	allevare, crescere	criar, crescer (em convívio com)	criar	kreskigi	elevar	Ich wurde von meinen Großeltern aufgezogen	Fuí criado por mis abuelos	J'ai été élevé par mes grands-parents	Sono stato cresciuto dai miei nonni	Eu fui criado por meus avós	I was brought up by my grandparents	Vaig ser criat pels meus avis.	Mi estis kreskigita de miaj geavoj.	Io esseva elevate per mi granpatres.	7
03014	Verbal Phrases	to bring back (brought back, brought back) (re-introduce)	wieder einführen	restablecer	rétablir	reintrodurre	restabelecer 	restablir	reestigi	restabilir	Einige Länder ziehen es in Betracht die Todesstrafe wieder einzuführen.	Algunos países están hablando de restablecer la pena de muerte. 	Certains pays envisagent de rétablir la peine de mort. 	Alcuni paesi stanno discutendo se reintrodurre la pena capitale. 	Alguns países estão discutindo restabelecer a pena de morte.	Some countries are discussing bringing back capital punishment. 	Alguns països estan considerant restablir la pena de mort.	Kelkaj landoj diskutas pri la reestigo de la mortpuno.	Alcun paises discute le restabilir del pena de morte.	7
03015	Verbal Phrases	to take back (took back, taken back) (withdraw)	zurücknehmen	retractarse / retirar	retirer	ritirare	retratar-se	retirar (el que s'ha dit)	repreni (tion, kion oni diris)	retractar se / retirar	Nimm zurück was du grade gesagt hast!	¡Debes retractarte de lo que acabas de decir!	Retire ce que tu viens de dire!	Dovresti ritirare quello che hai detto!	Você deve se retratar sobre o que acaba de dizer!	You should take back what you said!	Retira el que acabes de dir!	Vi devus repreni tion, kion vi diris!	Tu deberea retractar lo que tu diceva!	7
03016	Verbal Phrases	to take off (took off, taken off) (leave the ground)	abfliegen; losfliegen	despegar	décoller	decollare	decolar	enlairar-se	ekflugi	decollar	Das Flugzeug ist pünktlich abgeflogen.	El avión despegó puntual.	L'avion a décollé à l'heure.	L'aereo è decollato in orario.	O avião decolou no horário certo.	The plane took off on time	L'avió es va enlairar a l'hora.	La aviadilo ekflugis ĝustatempe.	Le avion decollava a tempore.	7
03017	Verbal Phrases	to take off (took off, taken off) (start to improve)	sich verbessern	empezar a mejorar	s'améliorer	decollare (inizare a migliorare)	melhorar	començar a millorar	ekpliboniĝi	comenciar a meliorar	Neulich haben meine Schüler sich verbessert.	Mis estudiantes están empezando a mejorarúltimamente. 	Dernièrement, mes élèves se sont améliorés. 	I miei studenti stanno decollando ultimamente. 	Meus estudantes estão melhorando ultimamente.	My students are taking off lately. 	Darrerament, els meus estudiants han començat a millorar.	Miaj studentoj ekpliboniĝas lastatempe.	Mi studentes ha comenciate a meliorar ultimemente.	7
03018	Verbal Phrases	to take for granted	etwas für selbstverständlich halten	dar por hecho	prendre pour acquis, présupposer	dare per scontato	presumir, pressupor	donar per fet	konsideri ion kiel certan	dar pro supponite	Ich hielt es für selbstverständlich, dass ihr mit mir einverstanden wärt.	Doypor hecho que estaréis de acuerdo conmigo.	J'ai présupposé que vous seriez d'accord avec moi.(👨‍👩‍👧)	Ho dato per scontato che sareste stati d'accordo con me.	Eu presumi que vocês concordariam comigo. (👨‍👩‍👧)	I took it for granted that you would agree with me. (👨‍👩‍👧)	Donava per fet que estaríeu d'acord amb mi.	Mi konsideris kiel certan, ke vi konsentos kun mi.	Io dava pro supponite que vos esserea de accordo con me.	7
03019	Verbal Phrases	to take control of	die Kontrolle übernehmen	tomar el control de	prendre le contrôle de	prendere il controllo di	tomar controle de	prendre el control de	ekregi	prender le controlo de	Der neue Präsident hat sofort die Kontrolle über die Situation übernommen.	El nuevo presidente tomó inmediatamente elcontrol de la situación.	Le nouveau président a immédiatement pris le contrôle de la situation.	Il nuovo presidente ha preso immediatamente il controllo della situazione.	O novo presidente tomou controle da situação.	The new president immediately took control of the situation.	El nou president va prendre immediatament el control de la situació.	La nova prezidanto tuj ekregis la situacionon.	Le nove presidente prendeva immediatemente le controlo del situation.	7
03020	Verbal Phrases	to take place in	spielen in; stattfinden in	tuvo lugar en	avoir lieu à/dans	avere luogo a/in, essere ambientato	ambientado	desenvolupar-se a, tenir lloc a	okazi en	haber loco in	Der Film spielt in Moskau.	La película tuvo lugar en Moscú.	Le film a lieu à Moscou.	Il film è ambientato a Mosca.	O filme foi ambientado em Moscou.	The movie takes place in Moscow.	La pel·lícula es desenvolupa a Moscou.	La filmo okazas en Moskvo.	Le film ha loco in Moscova.	7
03021	Verbal Phrases	to look after (take care of)	sich kümmern um	cuidar	s'occuper de, prendre soin	occuparsi di qualcuno	cuidar	cuidar de	zorgi pri	prender cura de	Ich muss mich um meinen Vater, der krank ist, kümmern.	Debo cuidar a mi padre enfermo.	Je dois m'occuper de mon père qui est malade.	Devo occuparmi di mio padre malato.	Eu tenho que cuidar do meu pai doente.	I have to look after my sick father.	He de cuidar del meu pare malalt.	Mi devas zorgi pri mia malsana patro.	Io debe prender cura de mi patre malade.	7
03022	Verbal Phrases	to look forward to (expect with pleasure)	sich auf etwas freuen	estar deseando, estar esperando	être impatient de 	non vedere l'ora / essere impazienti	estar ansioso(a)	esperar amb il·lusió	antaŭĝoji	attender con placer	Ich freue mich schon auf die Ferien.	Estoy deseando estar de vacaciones.	Je suis vraiment impatient d'être en vacances.	Non vedo l'ora di andare in vacanza.	Eu estou realmente ansioso(a) para as férias.	I'm really looking forward to the holidays.	Estic esperant amb il·lusió les vacances.	Mi vere antaŭĝojas la feriojn.	Io attende vermente con placer le vacantias.	7
03023	Verbal Phrases	to look for (try to find)	suchen (not «to search»)	buscar (not «to search»)	chercher (not «to search»)	cercare (not «to search»)	procurar (not «to search»)	buscar	serĉi	cercar	Ich suche alte Bücher.	busco libros viejos.	Je cherche de vieux livres.	Sto cercando vecchi libri.	Eu estou procurando por livros velhos.	I'm looking for old books.	Busco llibres vells.	Mi serĉas malnovajn librojn.	Io cerca libros vetere.	7
03024	Phrasal Verbs	to blow up (blew up, blown up) (explode)	explodieren; hochgehen (≠ «to explode»)	explotar (≠ «to explode»)	exploser (≠ «to explode»)	esplodere (≠ «to explode»)	explodir (≠ «to explode»)	explotar	eksplodi	exploder	Die Bombe ist gestern ohne jede Vorwarnung hochgegangen.	La bomba explotó ayer sin ninguna advertencia.	La bombe a explosé sans avertissement hier.	La bomba è esplosa senza alcun preavviso ieri.	A bomba explodiu sem nenhum aviso ontem.	The bomb blew up without any warning yesterday.	La bomba va explotar ahir sense cap avís.	La bombo eksplodis sen averto hieraŭ.	Le bomba explodeva heri sin ulle aviso.	7
03025	Phrasal Verbs	to break up (broke up, broken up) (end a relationship)	sich trennen	romper	rompre	rompere (una relazione)	romper	trencar (una relació)	rompi (rilaton)	rumper	Wir haben uns dazu entschieden uns zu trennen bevor ich nach Brasilien gezogen bin.	Decidimos romper antes que me mudara a Brasil.	Nous avons décidé de rompre avant que j'emménage au Brésil.	Abbiamo deciso di rompere prima di trasferirmi in Brasile.	Nós decidimos romper antes de eu me mudar para o Brasil.	We decided to break up before I moved to Brazil.	Vam decidir trencar abans que jo em mudés al Brasil.	Ni decidis rompi antaŭ ol mi translokiĝis al Brazilo.	Nos decideva rumper ante que io me mutava a Brasil.	7
03026	Phrasal Verbs	to calm down (relax)	sich beruhigen	calmarse	se calmer	calmarsi	acalmar-se	calmar-se	trankviliĝi	calmar se	Du musst dich wirklich beruhigen bevor du ausgehst.	Necesitas calmarte antes de salir.	Il faut vraiment que tu te calmes avant de sortir.	Hai davvero bisogno di calmarti prima di uscire.	Você realmente precisa se acalmar antes de sair.	You really need to calm down before going out.	Realment has de calmar-te abans de sortir.	Vi vere bezonas trankviliĝi antaŭ ol eliri.	Tu realmente necessita calmar te ante de sortir.	7
03027	Phrasal Verbs	to catch up (caught up, caught up) (get up-to-date)	nachholen	recuperar	se rattraper	recuperare	recuperar	posar-se al dia	reatingi	recuperar	Ich habe zwei Wochen Arbeit verpasst und muss die nun nachholen.	Perdí dos semanas de trabajo y ahora debo recuperarlas.	J'ai raté deux semaines de travail et maintenant je dois me rattraper.	Ho perso due settimane di lavoro, e ora devo recuperare.	Eu perdi duas semanas de trabalho, e agora eu tenho que recuperá-las.	I missed two weeks of work, and now I have to catch up.	Vaig perdre dues setmanes de feina i ara m'he de posar al dia.	Mi maltrafis du semajnojn da laboro, kaj nun mi devas reatingi.	Io perdeva duo septimanas de labor, e ora io debe recuperar le retardo.	7
03028	Phrasal Verbs	to dress up (wear nice clothing)	gut anziehen	vestirse bien	bien s'habiller	vestirsi bene	vestir-se bem	vestir-se de gala	elegante vesti sin	vestir se ben	Sarah mag es sich gut anzuziehen.	Ana disfruta vistiéndose bien todo el tiempo.	Sarah aime bien s'habiller tout le temps.	Sarah ama sempre vestirsi bene.	Sarah adora se vestir bem o tempo todo.	Sarah enjoys dressing up all the time.	A la Sarah li agrada vestir-se de gala.	Sarah ĝuas elegante vesti sin ĉiam.	Sarah gaude de vestir se ben tote le tempore.	7
03029	Phrasal Verbs	to figure out (understand)	überlegen (not «to understand»)	decidir, entender (not «to understand»)	comprendre (not «to understand»)	capire (not «to understand»)	entender (not «to understand»)	esbrinar, entendre	elturniĝi	decider	Wir müssen immer noch überlegen wie wir die Wohnung dekorieren.	Todavía tenemos que decidir cómo decorar la casa.	Il nous reste toujours à trouver comment décorer la maison.	Dobbiamo ancora capire come decorare la casa.	Nós ainda temos que entender como decorar a casa.	We still have to figure out how to decorate the house.	Encara hem d'esbrinar com decorar la casa.	Ni ankoraŭ devas elturniĝi kiel ornami la domon.	Nos ancora debe decider como decorar le casa.	7
03030	Phrasal Verbs	to find out (found out, found out) (discover)	herausfinden	descubrir (phrasal verb)	découvrir (phrasal verb)	scoprire (phrasal verb)	descobrir (phrasal verb)	descobrir	eltrovi	discoperir	Ich habe viele interessante Dinge herausgefunden, indem ich das Buch gelesen habe.	Descubrí muchas cosas interesantes leyendo ese libro.	J'ai découvert beaucoup de choses intéressantes en lisant ce livre.	Ho scoperto un sacco di cose interessanti leggendo quel libro.	Eu descobri um monte de coisas interessantes lendo esse livro.	I found out a lot of interesting things reading that book.	Vaig descobrir moltes coses interessants llegint aquest llibre.	Mi eltrovis multajn interesajn aferojn legante tiun libron.	Io discoperiva multe cosas interessante legente ille libro.	7
03031	Phrasal Verbs	to give up (gave up, given up) (stop trying)	aufgeben	renunciar / abandonar	abandonner	rinunciare	desistir	rendir-se, abandonar	rezigni	abandonar	Ich habe das Singen nach dieser Nacht aufgegeben.	Dejé de cantar después de esa noche	J'ai abandonné le chant après cette nuit-là	Ho rinunciato a cantare dopo quella notte.	Eu desisti de cantar depois daquela noite.	I gave up singing after that night.	Vaig deixar de cantar després d'aquella nit.	Mi rezignis pri kantado post tiu nokto.	Io abandonava le canto post ille nocte.	7
03032	Phrasal Verbs	to hang on (hung on, hung on) (wait a short time)	warten (not «to wait»)	esperar (not «to wait»)	attendre (not «to wait»)	aspettare (not «to wait»)	esperar (not «to wait»)	esperar (una estona)	atendi (mallonge)	attender un momento	Warte, ich finde meine Schlüssel nicht.	Espera, no encuentro mis llaves.	Attends, je ne trouve pas mes clés.	Aspetta, non riesco a trovare le mie chiavi.	Espere, não encontro minhas chaves.	Hang on, I can't find my keys.	Espera, no trobo les meves claus.	Atendu, mi ne povas trovi miajn ŝlosilojn.	Attende un momento, io non pote trovar mi claves.	7
03033	Phrasal Verbs	to hold on (held on, held on) (wait a short time)	warten	esperar 	patienter (attendre un court moment)	attendere 	esperar	esperar (una estona)	atendi	attender	Warten Sie bitte, ich werde sehen ob er Zeit hat.	Por favor, espere, voy a ver si está disponible.	Veuillez patienter, je vais voir s'il est disponible.	Per favore attenda in linea, vado a controllare se è disponibile.	Por favor, espere, eu vou verificar se ele está disponível.	Please hold on, I'll check if he's available.	Si us plau, esperi, comprovaré si està disponible.	Bonvolu atendi, mi kontrolos ĉu li estas disponebla.	Per favor, attende; io va verificar si ille es disponibile.	7
03034	Phrasal Verbs	to keep on (kept on, kept on) (continue)	weiter +Verb	continuar, no dejar de	continuer, ne pas s'arrêter	continuare, non fermarsi	continuar, não deixar de	continuar (fent alguna cosa)	daŭrigi (fari ion)	continuar	Sie machtweiter seltsame Dinge.	Ella no deja de hacer cosas extrañas.	Elle n'arrête pas de faire des choses bizarres.	Lei continua a fare cose strane.	Ela continua fazendo coisas estranhas.	She keeps on doing strange things.	Ella continua fent coses estranyes.	Ŝi daŭre faras strangajn aferojn.	Illa continua a facer cosas estranie.	7
03035	Phrasal Verbs	to sort out (organize, resolve a problem)	lösen (not «to resolve»)	resolver (not «to resolve»)	résoudre (not «to resolve»)	risolvere (not «to resolve»)	resolver (not «to resolve»)	solucionar, resoldre	solvi	resolver	Warte ich werde dir dabei helfen das Problem zu lösen.	¡No te preocupes! Te ayudaré a resolver el problema.	Ne t'inquiète pas! Je vais t'aider à résoudre ce problème.	Non preoccuparti! Ti aiuterò a risolvere il problema.	Não se preocupe! Vou ajudar você a resolver o problema.	Don't worry! I'll help you sort out the problem.	No et preocupis! T'ajudaré a solucionar el problema.	Ne zorgu! Mi helpos vin solvi la problemon.	Non te inquieta! Io te adjutara a resolver le problema.	7
03036	Phrasal Verbs	to stick to (not vary or deviate from)        	sich an etw. halten	atenerse a	s'en tenir à	attenersi a	seguir	atenir-se a, seguir	sekvi, teni sin al	adherer a	Du musst dich einfach nur an die Anweisungen des Arztes halten und es wird dir besser gehen.	Solo debes atenerte a las recomendaciones de tu doctor y estarás bien.	Il faut juste t'en tenir aux recommandations du docteur et tu iras bien.	Devi solo attenerti alle raccomandazioni del tuo medico e starai bene.	É preciso apenas seguir as recomendações do seu médico, e você vai ficar bem.	You just have to stick to your doctor's recommendations and you will be fine. 	Només has d'atenir-te a les recomanacions del teu metge i et trobaràs bé.	Vi nur devas sekvi la rekomendojn de via kuracisto kaj vi estos bone.	Tu debe simplemente adherer al recommendationes de tu medico, e tu essera ben.	7
03037	Phrasal Verbs	to warm up (increase the temperature)	aufwärmen	calentar	(re)chauffer	scaldare	aquecer	escalfar	varmigi	calefacer	Wenn dir kalt ist, werde ich die Heizung einschalten und die Wohnung aufwärmen.	Si tienes frio, encenderé el calentador para calentar el apartamento.	Si tu as froid, je vais mettre en marche le chauffage et réchauffer l'appartement.	Se hai freddo, accenderò il riscaldamento e scalderò l'appartamento.	Se você estiver com frio, eu vou ligar o aquecedor e aquecer o apartamento.	If you are cold, I'll turn the heating on and warm up the apartment.	Si tens fred, engegaré la calefacció i escalfaré l'apartament.	Se vi malvarmas, mi ŝaltos la hejtadon kaj varmigos la apartamenton.	Si tu ha frigido, io accendera le calefaction e calefacera le appartamento.	7
03038	Phrasal Verbs	to work out (exercise)	Sport machen	hacer deporte	faire du sport, de l'exercice	fare sport / esercitarsi	praticar esporte	fer exercici	ekzerci sin	facer exercitios	Ich muss mindestens drei Mal die Woche Sport machen, um Gewicht zu verlieren.	Debo hacer deporte al menos tres veces por semana para perder algo de peso.	Je dois faire du sport au moins trois fois par semaine pour perdre du poids.	Ho bisogno di fare sport almeno tre volte a settimana per perdere peso.	Eu preciso praticar esporte, pelo menos, três vezes por semana para perder peso.	I need to work out at least three times a week to lose some weight.	He de fer exercici almenys tres cops per setmana per perdre pes.	Mi bezonas ekzerci min almenaŭ trifoje semajne por perdi pezon.	Io debe facer exercitios al minus tres vices per septimana pro perder alcun peso.	7
03039	Phrasal Verbs	to work out (be successful)	klappen	funcionar	fonctionner, marcher	funzionare, risolversi	funcionar	sortir bé, funcionar	funkcii, sukcesi	functionar	Alles hat geklappt wie geplant.	Todo funciona como estaba planeado.	Tout a fonctionné comme prévu.	Tutto ha funzionato come previsto.	Tudo funcionou como planejado.	Everything worked out as planned.	Tot va sortir bé, com estava planejat.	Ĉio funkciis kiel planite.	Toto functionava como planate.	7
03040	Education Terms	to hit the books	pauken, lernen	ponerse a estudiar duro	bosser ses cours, étudier	studiare come un matto	devorar os livros, estudar	posar-se a estudiar de valent	studi forte	mitter se a studiar intensivemente	Ich muss pauken gehen	Tengo que ponerme a estudiar duro	Il faut que j'aille bosser mes cours	Devo andare a studiare come un matto	Tenho que ir estudar	I have to go hit the books	He d'anar a estudiar de valent.	Mi devas iri studi forte.	Io debe vader a studiar intensivemente.	7
03041	Education Terms	folder (for paper)	der Ordner (für Papier) 	la carpeta	le classeur	la cartellina	a pasta (para papéis)	la carpeta (les carpetes) (per a papers)	dosierujo (por paperoj)	dossier										7
03042	Common Colloquialisms	How shady!	Wie unseriös!	¡Esto no me huele bien!	Ça craint !	Che losco!	Que droga! 	Quin morro!, Quina barra!	Kia ombro!	Que suspecte!										7
03043	Informal Greetings	See ya	Bis später	Adiós	À toute, ciao	A presto, ciao	Até logo, tchau	Fins ara!	Ĝis!	A revider	Bis später! Wir sehen uns!	¡Nos vemos! ¡Adiós!	À toute ! Ciao !	Ci vediamo! Ciao!	Nos vemos! Tchau!	See ya! Bye!	Fins ara! Ens veiem!	Ĝis! Ni vidos nin!	A revider! Adeo!	7
03044	Politics & Government	amendment	die Ergänzung , die Änderung 	la enmienda	l'amendement 	l'emendamento	a emenda	l'esmena (les esmenes)	amendo	emendamento										7
03045	Politics & Government	to reject a law	einen Gesetzesvorschlag  ablehnen	rechazar una ley	rejeter une loi	respingere una legge	rejeitar uma lei	rebutjar una llei	malakcepti leĝon	rejectar un lege										7
03046	Economics & Finance	partner	der Partner 	el socio	le partenaire	il socio, il partner	o parceiro, o sócio	el soci (els socis), la sòcia (les sòcies)	partnero	socio										7
03047	Social Issues	housing benefit	das Wohngeld 	el subsidio de la vivienda	l'allocation logement 	il sussidio agli affitti	o subsídio de habitação	el subsidi d'habitatge (els subsidis d'habitatge)	loĝsubvencio	subsidio de habitation										7
03048	Social Issues	monthly wage	der (Monats)Lohn 	el salario mensual	le salaire mensuel	il salario mensile, la busta paga	o salário mensal	el salari mensual (els salaris mensuals)	monata salajro	salario mensual										7
03049	Nouns	golf	das Golf 	el golf	le golf	il golf	o golfe	el golf	golfo	golf										7
03050	Nouns	cheek	die Backe , die Wange 	el cachete (AL), la mejilla 	la joue	la guancia	a bochecha	la galta (les galtes)	vango	gena										7
03051	Adverbs	barely	kaum	apenas	à peine	appena, a malapena	mal, dificilmente	a penes	apenaŭ	a pena	Ohne meine Brille kann ich kaum was sehen	Sin mis gafas, apenas puedo ver	Sans mes lunettes, je peux à peine voir	Senza i miei occhiali, riesco a vedere a malapena.	Sem meus óculos, mal posso enxergar	Without my glasses, I can barely see	Sense les meves ulleres, a penes hi veig.	Sen miaj okulvitroj, mi apenaŭ povas vidi.	Sin mi oculares, io pote a pena vider.	7
03052	Verbs	to bring back (brought back, brought back)	wecken (Erinnerungen)	traer (recuerdos)	rappeler (un souvenir)	riportare alla memoria	trazer de volta 	portar records	rememorigi	evocar	Weckt das irgendwelche Erinnerungen?	¿Esto te trae algún recuerdo?	Est-ce que ça te rappelle des souvenirs ?	Questo ti riporta alla memoria qualche ricordo?	Isso traz de volta alguma lembrança?	Does that bring back any memories?	Això et porta algun record?	Ĉu tio rememorigas ion?	Isto te evoca alcun memorias?	7
03053	Social Situations	So, what did you think of...	Nun, was hielten Sie von... 	Entonces, ¿qué le ha parecido...?	Alors, qu'avez-vous pensé de... ?	Allora, cos'ha pensato di... ?	Então, o que você achou do(a)...?	Llavors, què li ha semblat...?	Do, kion vi pensis pri...?	Dunque, que pensava vos de...										7
03054	Social Situations	I like your shirt! Where did you buy it?	Mir gefällt Ihr Hemd! Wo haben Sie es gekauft?	¡Me gusta su camisa! ¿Dónde la compró?	J'aime bien votre chemise ! Où est-ce que vous l'avez achetée ?	Mi piace la sua camicia! Dove l'ha comprata? 	Eu adoro sua camisa! Onde você a comprou?	M'agrada la teva camisa! On l'has comprat?	Mi ŝatas vian ĉemizon! Kie vi aĉetis ĝin?	Mi place vostre camisa! Ubi la comprava vos?										7
03055	Social Situations	Do you come here often?	Kommen Sie oft hierher?	¿Usted viene aquí a menudo?	Vous venez souvent ici ?	Viene spesso qui?	Você vem aqui frequentemente?	Vens per aquí sovint?	Ĉu vi ofte venas ĉi tien?	Veni vos hic frequentemente?										7
03056	Social Situations	The music is really loud in here, don't you think?	Die Musik hier ist wirklich laut, finden Sie nicht?	La música está muy alta aquí, ¿no cree?	La musique est vraiment forte ici, vous ne trouvez pas ?	La musica è davvero alta qui, non trova?	A música é muito alta aqui, você não acha?	La música està molt alta aquí, no trobes?	La muziko estas vere laŭta ĉi tie, ĉu vi ne pensas?	Le musica es multo forte hic, non?										7
03057	Social Situations	What did you order? It looks delicious!	Was haben Sie bestellt? Es sieht köstlich aus!	¿Qué pidió (ES), ordenó (AL)? ¡Se ve delicioso!	Qu'est-ce que vous avez commandé ? Ça a l'air délicieux !	Cos'ha ordinato? Ha un aspetto delizioso!	O que você pediu? Parece delicioso!	Què has demanat? Sembla deliciós!	Kion vi mendis? Ĝi aspektas bongusta!	Que ha vos ordinate? Illo pare deliciose!										7
03058	Sports	slalom	der Slalom 	el slalom	le slalom	lo slalom	o slalom	l'eslàlom (els eslàloms)	slalomo	slalom										7
03059	Sports	swimming, aquatics 	das Schwimmen 	la natación, los deportes acuáticos	la natation, les sports nautiques	il nuoto	a natação, o nado, os esportes aquáticos	la natació, els esports aquàtics	naĝado, akvaj sportoj	natation, sportes aquatic										7
03060	Sports	diving (Olympic sport)	das Kunstspringen	saltos (deporte olímpico)	le plongeon (sport olympique)	i tuffi (disciplina dei Giochi Olimpici)	o salto ornamental	els salts (esport olímpic)	plonĝado (olimpika sporto)	saltos										7
03061	Sports	synchronized swimming	das Synchronschwimmen	la natación sincronizada	la natation synchronisée	il nuoto sincronizzato	o nado sincronizado	la natació sincronitzada	sinkrona naĝado	natation synchronisate										7
03062	Sports	water polo	Wasserball 	el waterpolo	le water polo	la pallanuoto	o polo aquático	el waterpolo	akvopilko	polo aquatic										7
03063	Sports	canoeing	das Kanufahren	el piragüismo, el canotaje	le canoë	la canoa	a canoagem (o caiaque)	el piragüisme, el canotatge	kanuado	canoage										7
03064	Sports	kayaking	das Kajakfahren 	el kayak	le kayak	il kayak	o caiaque	el caiac (els caiacs)	kajakado	kayak										7
03065	Sports	bmx	das BMX-Rad	el bmx	le bmx	la bmx 	o bmx	el BMX	BMX-biciklado	BMX										7
03066	Sports	mountain biking	das Mountainbiking 	el ciclismo de montaña	le VTT (vélo tout terrain)	il mountain biking	o mountain biking 	el ciclisme de muntanya	montbiciklado	cyclismo de montania										7
03067	Sports	road cycling	der Straßenradsport 	el ciclismo en ruta	le cyclisme sur route	il ciclismo su strada	o ciclismo de estrada	el ciclisme de carretera	voja biciklado	cyclismo de ruta										7
03068	Sports	track cycling	das Bahnradfahren 	el ciclismo en pista	le cyclisme sur piste	il ciclismo su pista	o ciclismo de pista	el ciclisme en pista	traka biciklado	cyclismo de pista										7
03069	Sports	artistic gymnastics	das Kunstturnen 	la gimnasia artística	la gymnastique artistique	la ginnastica artistica	a ginástica artística	la gimnàstica artística	arta gimnastiko	gymnastica artistic										7
03070	Sports	rhythmic gymnastics	die Rhythmische Sportgymnastik 	la gimnasia rítmica	la gymnastique rythmique	la ginnastica ritmica	a ginástica rítmica	la gimnàstica rítmica	ritma gimnastiko	gymnastica rhythmic										7
03071	Sports	trampolining	das Trampolinspringen 	la gimnasia en trampolín	le trampoline	il trampolino	o trampolim acrobático	la gimnàstica de trampolí	trampolina gimnastiko	gymnastica de trampolino										7
03072	Sports	beach volleyball	der Beachvolleyball 	el voleibol de playa	le volley-ball de plage	il beach-volley	o vôlei de praia	el voleibol de platja	plaĝa volejbalo	volleyball de plagia										7
03073	Sports	volleyball	der Volleyball	el voleibol	le volley-ball (en salle)	la pallavolo	o vôlei, o voleibol	el voleibol	volejbalo	volleyball										7
03074	Sports	dressage (equestrian)	das Dressurreiten  	la doma (ecuestre)	le dressage (équitation)	il dressage (equitazione)	o adestramento (equitação)	la doma (eqüestre)	dresado (rajda)	dressage equestre										7
03075	Sports	eventing (equestrian)	das Vielseitigkeitsreiten 	el concurso completo (ecuestre)	le concours complet (équitation)	il concorso completo (equitazione)	o Concurso Completo de Equitação	el concurs complet (eqüestre)	konkurso kompleta (rajda)	concurso complete equestre										7
03076	Sports	jumping (equestrian)	das Springreiten 	el salto ecuestre	le saut d'obstacles (équitation)	il salto ostacoli (equitazione)	o hipismo	el salt d'obstacles (eqüestre)	saltado (rajda)	salto equestre										7
03077	Sports	equestrianism, horse riding 	das Reiten 	la equitación	l'équitation 	l'equitazione 	a equitação	l'equitació	rajdado	equitation										7
03078	Sports	wrestling (olympic event)	das Ringen 	la lucha	la lutte	la lotta 	a luta	la lluita (esdeveniment olímpic) (les lluites)	luktado (olimpika evento)	lucta										7
03079	Sports	freestyle wrestling	das Freistilringen 	la lucha libre (juegos olímpicos)	la lutte libre	la lotta libera	a luta estilo livre	la lluita lliure	liberstila luktado	lucta libere										7
03080	Sports	Greco-Roman wrestling	das griechisch-römische Ringen 	la lucha grecorromana	la lutte gréco-romaine	la lotta greco-romana	a luta greco-romana	la lluita grecoromana	greka-romia luktado	lucta grecoroman										7
03081	Sports	archery	das Bogenschießen 	el tiro con arco	le tir à l'arc	il tiro con l'arco	o tiro com arco	el tir amb arc	arkpafado	tiro con arco										7
03082	Sports	athletics (UK), track and field (US)	die Leichtathletik 	el atletismo	l'athlétisme 	l'atletica	o atletismo	l'atletisme	atletiko	athletismo										7
03083	Sports	badminton	das Badminton 	el bádminton	le badminton	il badminton	o badminton	el bàdminton	badmintono	badminton										7
03084	Sports	basketball	der Basketball	el baloncesto, el básquetbol	le basketball	la pallacanestro	o basquete, o basquetebol	el bàsquet	basketbalo	basketball										7
03085	Sports	boxing	das Boxen 	el boxeo	la boxe	la boxe	o boxe	la boxa	boksado	boxa										7
03086	Sports	fencing	das Fechten 	la esgrima	l'escrime 	la scherma	a esgrima	l'esgrima	skermado	scherma										7
03087	Sports	field hockey	das Feldhockey 	el hockey sobre césped	le hockey sur gazon	l'hockey su prato	o hóquei em campo	l'hoquei sobre herba	kampa hokeo	hockey sur prato										7
03088	Sports	soccer (US) , football (UK)	der Fußball 	el fútbol	le foot (ou le football)	il calcio	o futebol	el futbol	futbalo	football										7
03089	Sports	handball	der Handball	el balonmano	le handball	la pallamano	o handebol	l'handbol	manpilkado	handball										7
03090	Sports	judo	das Judo 	el judo	le judo	il judo	o judô	el judo	ĵudo	judo										7
03091	Sports	modern pentathlon	der moderne Fünfkampf 	el pentatlón moderno	le pentathlon moderne	il pentathlon moderno	o pentatlo moderno	el pentatló modern	moderna pentatlono	pentathlon moderne										7
03092	Sports	rowing	das Rudern 	el remo	l'aviron 	il canottaggio	o remo (esporte)	el rem	remado	remo										7
03093	Sports	rugby (sevens)	das (7er-)Rugby	el rugby a siete	le rugby à sept	il rugby a sette	o rugby de sete	el rugbi a set	sepa rugbeo	rugby a septe										7
03094	Sports	sailing	das Segeln  (olympische Disziplin)	la navegación a vela (deporte olímpico)	la voile (sport olympique)	la vela (sport olimpico)	iatismo / vela (esporte)	la vela (esport olímpic)	velado (olimpika sporto)	navigation a vela										7
03095	Sports	shooting	das Sportschießen 	el tiro deportivo	le tir sportif	il tiro a segno	o tiro ao alvo	el tir esportiu	sporta pafado	tiro sportive										7
03096	Sports	table tennis	das Tischtennis 	el tenis de mesa	le tennis de table	il tennis da tavolo	o tênis de mesa	el tennis de taula	tabloteniso	tennis de tabula										7
03097	Sports	taekwondo	das Taekwondo 	el taekwondo	le taekwondo	il taekwondo	o taekwondo	el taekwondo	tekvondo	taekwondo										7
03098	Sports	tennis	das Tennis 	el tenis	le tennis	il tennis	o tênis (esporte)	el tennis	teniso	tennis										7
03099	Sports	triathlon	der Triathlon 	el triatlón	le triathlon	il triathlon	o triátlon/ triatlo	el triatló (els triatlons)	triatlono	triathlon										7
03100	Sports	weightlifting	das Gewichtheben 	el levantamiento de pesas	l'haltérophilie	il sollevamento pesi	o levantamento de peso	l'halterofília	halterlevo	levamento de pesos										7
03101	Sports	cycling	der Radsport	el ciclismo	le cyclisme	il ciclismo	o ciclismo	el ciclisme	biciklado	cyclismo										7
03102	Sports	gymnastics	die Gymnastik 	la gimnasia	la gymnastique	la ginnastica	a ginástica	la gimnàstica	gimnastiko	gymnastica										7
03103	Sports	one hundred metres	hundert Meter	los cien metros	le cent mètres	i cento metri	os 100 metros 	els cent metres	cent metroj	cento metros										7
03104	Sports	110 metres hurdles	der 110-Meter-Hürdenlauf	los 110 metros vallas	les 110 mètres haies	i 110 metri a ostacoli	os 110 metros com barreiras 	els 110 metres tanques	110 metroj kun barieroj	110 metros obstaculos										7
03105	Sports	3000 metres steeplechase	der 3000 Meter Hindernislauf 	los 3000 metros obstáculos	le 3000 mètres steeple	i 3000 metri siepi	os 3000 metros com obstáculos	els 3000 metres obstacles	3000 metroj kun obstakloj	3000 metros con obstaculos										7
03106	Sports	4 by 400 metres relay	der 4-mal-400-Meter-Staffellauf 	el relevo de 4 por 400 metros	le relais 4 fois 400 mètres	la staffetta 4 x 400 metri	o revezamento 4 x 400 metros rasos	el relleu 4x400 metres	4 x 400 metroj stafeto	relais de 4 per 400 metros										7
03107	Sports	relay baton	der Staffelstab 	el testigo (atletismo)	le témoin (dans la course de relais en athlétisme)	il testimone (atletica)	o revezamento	el testimoni (atletisme) (els testimonis)	stafetbastono	baston de relais										7
03108	Sports	50 kilometres race walk	der 50 km Lauf / Gehwettbewerb	los 50 kilómetros marcha	le 50 kilomètres marche	la marcia 50 chilometri	a marcha de 50 km	els 50 quilòmetres marxa	50 kilometroj marŝkurado	50 kilometros marcha										7
03109	Sports	high jump	der Hochsprung 	el salto de altura	le saut en hauteur	il salto in alto	o salto em altura	el salt d'alçada	altsalto	salto in alto										7
03110	Sports	pole vault	der Stabhochsprung	el salto con pértiga	le saut à la perche	il salto con l'asta	o salto com vara	el salt de perxa	stanga altsalto	salto con pertica										7
03111	Sports	long jump	der Weitsprung 	el salto largo	le saut en longueur	il salto in lungo	o salto em distância	el salt de llargada	longosalto	salto longe										7
03112	Sports	triple jump	der Dreisprung 	el triple salto	le triple saut	il salto triplo	o salto triplo	el triple salt	trisalto	triple salto										7
03113	Sports	shot put	das Kugelstoßen 	el lanzamiento de bala	le lancer du poids	il lancio del peso	o arremesso de peso	el llançament de pes	pezgloboĵeto	lanceamento de peso										7
03114	Sports	discus throw	das Diskuswerfen	el lanzamiento de disco	le lancer du disque	il lancio del disco	o lançamento de disco	el llançament de disc	diskoĵeto	lanceamento de disco										7
03115	Sports	hammer throw	der Hammerwurf 	el lanzamiento de martillo	le lancer du marteau	il lancio del martello	o lançamento de martelo	el llançament de martell	martelĵeto	lanceamento de martello										7
03116	Sports	javelin throw	der Speerwurf 	el lanzamiento de jabalina	le lancer du javelot	il lancio del giavellotto	o lançamento de dardo	el llançament de javelina	lancoĵeto	lanceamento de javelina										7
03117	Sports	decathlon	der Zehnkampf 	el decatlón	le décathlon	il decathlon	o decathlon	el decatló (els decatlons)	dekatlono	decathlon										7
03118	Sports	heptathlon	der Siebenkampf 	el heptatlón	l'heptathlon 	l'eptathlon 	o heptatlo	l'heptatló (els heptatlons)	heptatlono	heptathlon										7
03119	Sports	false start	der Fehlstart 	la salida en falso	le faux départ	la falsa partenza	a falsa partida	la sortida nul·la (les sortides nul·les)	falsa starto	false partita										7
03120	Sports	On your mark, get set, go!	Auf die Plätze, fertig, los!	¡En sus marcas, listos, ya!	A vos marques, prêt, partez !	Pronti, partenza, via!	Em suas marcas, preparar, já!	Als vostres llocs, llestos, ja!	Je viaj lokoj, pretaj, ek!	A vostre marcas, preste, va!										7
03121	Sports	photo finish	das Fotofinish 	la foto finish	la photo finish	il foto finish	o fotochart	la foto finish (les fotos finish)	fotofiniŝo	photo-finish										7
03122	Sports	drug test	die Dopingkontrolle 	la prueba antidopaje	le contrôle anti-dopage	il controllo anti-doping	o teste antidoping	el control antidopatge (els controls antidopatge)	kontraŭdopa testo	test antidoping										7
03123	Sports	starting block	der Startblock 	el taco de salida	le starting block	il blocco di partenza	o bloco de partida	els blocs de sortida	startblokoj	bloco de partita										7
03124	Sports	lane (athletics)	die Bahn 	el carril (atletísmo)	le couloir 	la pista, la corsia	a pista 	el carrer (els carrers) (atletisme)	kurejo (atletiko)	corridor										7
03125	Sports	lap	die Runde 	la vuelta	le tour	il giro	o giro	la volta (les voltes)	rondiro	giro										7
03126	Sports	He competes in both the 100 meters and 200 meters runs.	Er tritt sowohl beim 100-Meter-Lauf als auch beim 200-Meter-Lauf an.	Él compite tanto en la carrera de 100 metros como en la de 200 metros	Il participe à la fois aux courses du 100 mètres et du 200 mètres.	Gareggia sia nella corsa dei 100 metri che dei 200 metri.	Ele compete nas corridas de 100 metros e 200 metros rasos.	Ell competeix tant en els 100 metres com en els 200 metres.	Li konkurencas kaj en la 100-metra kaj 200-metra kuroj.	Il compete tanto in le cursa de 100 metros como in illo de 200 metros.										7
03127	Sports	Do you know who the world's fastest man is?	Weißt du, wer der schnellste Mann der Welt ist?	¿Sabes quién es el hombre más rápido del mundo?	Tu sais qui est l'homme le plus rapide du monde ?	Sai chi è l'uomo più veloce del mondo?	Você sabe quem é o homem mais rápido do mundo?	Saps qui és l'home més ràpid del món?	Ĉu vi scias, kiu estas la plej rapida viro en la mondo?	Sape tu qui es le homine le plus rapide del mundo?										7
03128	Sports	I hope a new world record is set at the 100 meters final.	Ich hoffe, dass beim Finale über 100 Meter ein neuer Weltrekord aufgestellt werden wird.	Espero que se establezca un nuevo récord mundial en la final de los 100 metros. 	J'espère qu'un nouveau record du monde sera établi pour la finale du 100 mètres.	Spero che verrà stabilito un nuovo record del mondo nella finale dei 100 metri	Eu espero que um novo recorde mundial seja atingido na final dos 100 metros rasos.	Espero que s'estableixi un nou rècord mundial a la final dels 100 metres.	Mi esperas, ke nova monda rekordo estos starigita en la finalo de 100 metroj.	Io spera que un nove record mundial sia establite in le final del 100 metros.										7
03129	Sports	Ethiopia traditionally dominates long-distance events.	Äthiopien dominiert traditionell die Langdistanzrennen.	Etiopía tradicionalmente domina los eventos de larga distancia. 	L'Ethiopie domine traditionnellement les épreuves de course de fond. 	L'Etiopia tradizionalmente domina le gare di fondo	A Etiópia tradicionalmente domina as provas de longa distância.	Etiòpia tradicionalment domina les proves de llarga distància.	Etiopio tradicie dominas la longdistancajn eventojn.	Ethiopia traditionalmente domina le eventos de longe distantia.										7
03130	Sports	national anthem	die Nationalhymne 	el himno nacional	l'hymne national 	l'inno nazionale	o hino nacional	l'himne nacional (els himnes nacionals)	nacia himno	hymno national										7
03131	Sports	to break a world record	einen Weltrekord  brechen	batir un récord mundial	battre un record mondial	battere un record del mondo	quebrar um recorde mundial	batre un rècord mundial	rompi mondan rekordon	batter un record mundial										7
03132	Sports	to hold a record	einen Rekord halten	ostentar un récord	détenir un record	detenere un record	deter um recorde	tenir un rècord	teni rekordon	tener un record										7
03133	Sports	knockout phase, elimination phase	die Ausscheidungskämpfe	las eliminatorias	les éliminatoires	le eliminatorie	as eliminatórias	la fase eliminatòria (les fases eliminatòries)	eliminatoria fazo	phase eliminatori										7
03134	Sports	olympic title	der olympische Titel	el título olímpico	le titre olympique	il titolo olimpico	o título olímpico	el títol olímpic (els títols olímpics)	olimpika titolo	titulo olympic										7
03135	Sports	personal record	der persönliche Rekord 	el récord personal	le record personnel	il record personale	o recorde pessoal	el rècord personal (els rècords personals)	persona rekordo	record personal										7
03136	Sports	olympic record	der olympische Rekord 	el récord olímpico	le record olympique	il record olimpico	o recorde olímpico	el rècord olímpic (els rècords olímpics)	olimpika rekordo	record olympic										7
03137	Sports	opening ceremony	die Eröffnungszeremonie  	la ceremonia de apertura	la cérémonie d'ouverture	la cerimonia di apertura	a cerimônia de abertura	la cerimònia d'obertura (les cerimònies d'obertura)	malferma ceremonio	ceremonia de apertura										7
03138	Sports	closing ceremony	die Abschlusszeremonie	la ceremonia de clausura	la cérémonie de clôture	la cerimonia di chiusura	a cerimônia de encerramento	la cerimònia de clausura (les cerimònies de clausura)	ferma ceremonio	ceremonia de clausura										7
03139	Sports	Olympic torch relay	der olympische Fackellauf	el relevo de la antorcha olímpica	le relais de la flamme olympique	la staffetta della torcia olimpica	o revezamento da tocha olímpica	el relleu de la torxa olímpica (els relleus)	olimpika torĉa stafeto	relais del torcha olympic										7
03140	Sports	medal ceremony	die Siegerehrung 	la ceremonia de entrega de medallas	la cérémonie de remise de médailles	la cerimonia della consegna delle medaglie	a cerimônia de entrega de medalhas	la cerimònia de lliurament de medalles (les cerimònies de lliurament de medalles)	medala ceremonio	ceremonia de presentation de medalias										7
03141	Sports	sponsor	der Sponsor 	el patrocinador	le sponsor	lo sponsor	o patrocinador	el patrocinador (els patrocinadors), la patrocinadora (les patrocinadores)	sponsoro	sponsor										7
03142	Sports	international federation	die internationale Föderation 	la federación internacional	la fédération internationale	la federazione internazionale	a federação internacional	la federació internacional (les federacions internacionals)	internacia federacio	federation international										7
03143	Sports	The United States will earn the most medals in Rio	Die USA werden in Rio die meisten Medaillen gewinnen	Los Estados Unidos ganarán el mayor número de medallas en Río	Les Etats-Unis vont remporter le plus de médailles à Rio	Gli Stati Uniti vinceranno più medaglie di tutti a Rio	Os Estados Unidos vão ganhar o maior número de medalhas no Rio	Els Estats Units guanyaran més medalles a Rio.	Usono gajnos la plej multajn medalojn en Rio.	Le Statos Unite ganiara le major numero de medalias in Rio.										7
03144	Sports	This is the first time the Olympic Games will take place in South America	Die Olympischen Spiele werden zum ersten Mal in Südamerika stattfinden	Esta es la primera vez que los Juegos Olímpicos se celebrarán en América del Sur	C'est la première fois que les Jeux Olympiques se dérouleront en Amérique du Sud	È la prima volta che i Giochi olimpici si svolgeranno in Sud America	Esta é a primeira vez que os Jogos Olímpicos vão ocorrer na América do Sul.	És la primera vegada que els Jocs Olímpics se celebraran a Amèrica del Sud.	Jen la unua fojo, kiam la Olimpikoj okazos en Sudameriko.	Isto es le prime vice que le Jocos olympic se celebrara in America del Sud.										7
03145	Sports	The atmosphere in Brazil is crazy!	Die Stimmung in Brasilien ist verrückt!	¡El ambiente en Brasil es una locura!	L'ambiance au Brésil est folle	L'atmosfera in Brasile è pazzesca!	A atmosfera no Brasil é uma loucura!	L'ambient al Brasil és una bogeria!	La etoso en Brazilo estas freneza!	Le ambiente in Brasil es folle!										7
03146	Sports	I went to Rio to see the marathon.	Ich ging nach Rio, um den Marathon anzuschauen	Fui a Río a ver el maratón. 	Je suis allé à Rio pour voir le marathon	Sono andato a Rio a vedere la maratona	Eu fui ao Rio para ver a maratona.	Vaig anar a Rio a veure la marató.	Mi iris al Rio por vidi la maratonon.	Io vadeva a Rio pro vider le marathon.										7
03147	Sports	There are no more tickets for the opening ceremony at Maracanã!	Für die Eröffnungszeremonie im Maracanã gibt es keine Tickets mehr.	¡No hay más entradas para la ceremonia de apertura en el Maracanã!	Il n'y a plus de tickets pour la cérémonie d'ouverture au Maracanã !	Non ci sono più biglietti per la cerimonia di apertura al Maracanã!	Não há mais bilhetes para a cerimônia de abertura no Maracanã!	Ja no queden entrades per a la cerimònia d'obertura a Maracanã!	Ne plu estas biletoj por la malferma ceremonio ĉe Maracanã!	Il non ha plus billetes pro le ceremonia de apertura in le Maracana!										7
03148	Sports	I watch fencing only during the Olympics.	Ich schaue mir das Fechten nur während der Olympischen Spiele an.	Yo veo esgrima solamente durante los Juegos Olímpicos. 	Je ne regarde l'escrime que pendant les Jeux Olympiques.	Guardo la scherma solo durante le Olimpiadi	Eu só assisto à esgrima durante os Jogos Olímpicos.	Només miro esgrima durant els Jocs Olímpics.	Mi spektas skermadon nur dum la Olimpikoj.	Io guarda scherma solmente durante le Jocos olympic.										7
03149	Sports	I will discover Brazil while attending the Olympic Games.	Ich werde Brasilien entdecken, während ich den Olympischen Spielen beiwohne	Descubriré Brasil mientras asisto a los Juegos Olímpicos.	Je découvrirai le Brésil pendant que j'assisterai aux Jeux Olympiques.	Scoprirò il Brasile mentre assisterò alle Olimpiadi	Eu vou descobrir o Brasil enquanto assisto aos Jogos Olímpicos.	Descobriré el Brasil mentre assisteixo als Jocs Olímpics.	Mi malkovros Brazilon dum mi ĉeestos la Olimpikojn.	Io discoperira Brasil durante que io assiste al Jocos olympic.										7
03150	Sports	World records are often broken during the Olympics.	Weltrekorde werden oft während der Olympischen Spiele gebrochen.	Los récords mundiales son batidos a menudo durante los Juegos Olímpicos. 	Les records du monde sont souvent battus pendant les Jeux Olympiques.	I record del mondo vengono spesso battuti durante le Olimpiadi.	Os recordes mundiais são geralmente batidos durante os Jogos Olímpicos.	Els rècords mundials sovint es baten durant els Jocs Olímpics.	Mondaj rekordoj ofte estas rompitaj dum la Olimpikoj.	Le recordes mundial es sovente battite durante le Jocos olympic.										7
03151	Sports	This sport will be introduced in this edition of the Olympic Games.	Dieser Sport wird während dieser Austragung der Olympischen Spiele eingeführt.	Este deporte será introducido en esta edición de los Juegos Olímpicos. 	Ce sport sera introduit dans cette édition des Jeux Olympiques.	Questo sport verrà presentato in questa edizione dei Giochi olimpici.	Esse esporte será inserido nesta edição dos Jogos Olímpicos.	Aquest esport s'introduirà en aquesta edició dels Jocs Olímpics.	Ĉi tiu sporto estos enkondukita en ĉi tiu eldono de la Olimpikoj.	Iste sport essera introducite in iste edition del Jocos olympic.										7
03152	Sports	swimming lane	die Schwimmbahn 	la calle de natación	le couloir de nage	la corsia di nuoto	a raia de piscina	el carrer de natació (els carrers de natació)	naĝvojo	pista de natation										7
03153	Sports	breaststroke	das Brustschwimmen 	el estilo pecho 	la brasse	la rana	o nado de peito	la braça	brustonaĝo	stilo pectore										7
03154	Sports	backstroke	das Rückenschwimmen 	el estilo espalda	le dos crawlé	il dorso	o nado de costas	l'esquena	dorsonaĝo	stilo dorso										7
03155	Sports	butterfly (swimming)	das Schmetterlingsschwimmen 	el estilo mariposa	le papillon (style de nage)	la farfalla (nuoto)	o nado borboleta	la papallona (natació)	papilia naĝado	stilo papilion										7
03156	Sports	crawl	das Kraulen 	el crol	le crawl	il crawl, lo stile libero	o crawl	el crol	kraulnaĝo	crawl										7
03157	Sports	somersault (diving)	der Salto  (Wasserspringen)	el salto mortal (clavado)	le saut périlleux (plongeon)	il salto mortale (tuffo)	o salto mortal	el salt mortal (salts) (els salts mortals)	salto (plonĝado)	salto mortal										7
03158	Sports	diving platform	der Sprungturm 	la plataforma de buceo	la plateforme de plongeon	la piattaforma per tuffi	a plataforma de mergulho	la plataforma de salts (les plataformes de salts)	plonĝplatformo	platteforma de saltos										7
03159	Sports	springboard (diving)	das Sprungbrett  (tauchen)	el trampolín (salto)	le tremplin (plonger)	il trampolino (tuffi)	o trampolim (salto ornamental)	el trampolí (salts) (els trampolins)	saltotabulo (plonĝado)	trampolino de saltos										7
03160	Sports	freestyle (swimming)	der Freistil 	el estilo libre	la nage libre	lo stile libero	o nado livre	l'estil lliure (natació)	libera stilo (naĝado)	stilo libere										7
03161	Sports	medley swimming	das Lagenschwimmen 	la natación medley	quatre nages 	lo stile misto	o nado medley	els estils (natació)	kvarstiloj	natation medley										7
03162	Sports	swimming stroke (style)	der Schwimmstil 	el estilo de natación	la nage (style)	la bracciata (stile)	o nado (estilo)	l'estil de natació (els estils)	naĝstilo	stilo de natation										7
03163	Sports	open water swimming	das Freiwasserschwimmen 	la natación en aguas abiertas	la nage en eau libre	il nuoto in acque libere	a natação de águas abertas	la natació en aigües obertes	malfermakva naĝado	natation in aquas aperte										7
03164	Sports	trampoline (gymnastics)	das Trampolin  (Gymnastik)	el trampolín (cama elástica)	le trampoline (gymnastique)	il trampolino (ginnastica)	o trampolim (ginástica olímpica)	el trampolí (gimnàstica) (els trampolins)	trampolino (gimnastiko)	trampolino	Turner führen Sprünge und Saltos auf Trampolinen aus	Los gimnastas ejecutan saltos ypiruetas desdeel trampolín	Les gymnastes exécutent des sauts et des flips sur les trampolines	I ginnasti compiono salti e capriole sui trampolini	Os ginastas saltam e fazem piruetas nos trampolins	Gymnasts perform jumps and flips on trampolines	Els gimnastes executen salts i tombarelles des dels trampolins.	Gimnastikistoj faras saltojn kaj turniĝojn sur trampolinoj.	Le gymnastas executa saltos e pirouettes sur trampolinos.	7
03165	Sports	parallel bars	der Barren 	las barras paralelas	les barres parallèles	le parallele	as barras paralelas	les barres paral·leles	paralelaj stangoj	barras parallel										7
03166	Sports	uneven bars, asymmetric bars	der Stufenbarren 	las barras asimétricas	Les barres asymétriques	le parallele asimmetriche	as barras assimétricas	les barres asimètriques	malsimetriaj stangoj	barras asymmetric										7
03167	Sports	pommel horse	das Seitpferd 	el caballo con arcos	le cheval d'arçon	il cavallo con maniglie	o cavalo com alças	el cavall amb arcs (els cavalls amb arcs)	pomeloĉevalo	cavallo con arcos										7
03168	Sports	rings	die Ringe (m.)	los anillos	les anneaux	gli anelli	os anéis, as argolas	les anelles	ringoj	anellos										7
03169	Sports	springboard (gymnastics)	das Sprungbrett  (Gymnastik)	el trampolín (gimnasia)	le tremplin (gymnastique)	il trampolino elastico (ginnastica)	o trampolim acrobático (ginástica olímpica)	el trampolí (gimnàstica) (els trampolins)	saltotabulo (gimnastiko)	trampolino	Sprungbretter bringen Turner über Hindernisse	Los trampolines acrobáticos impulsan a los gimnastas por encima de los obstáculos	Les tremplins propulsent les gymnastes au-dessus des obstacles	Il trampolino elastico lancia i ginnasti oltre gli ostacoli.	O trampolim acrobático impulsiona o ginasta sobre os obstáculos	Springboards propel gymnasts over obstacles	Els trampolins impulsen els gimnastes per sobre dels obstacles.	Saltotabuloj pelas gimnastikistojn super obstaklojn.	Le trampolinos propelle le gymnastas super obstaculos.	7
03170	Sports	balance beam	der Schwebebalken 	la barra de equilibrio	la poutre	la trave	a trave olímpica	la barra d'equilibri (les barres d'equilibri)	ekvilibra trabo	barra de equilibrio										7
03171	Sports	apparatus	das Sportgerät 	el aparato (gimnasia)	l'agrès 	l'attrezzatura	o aparelho	l'aparell (gimnàstica) (els aparells)	aparato (gimnastiko)	apparato										7
03172	Sports	ribbon (rhythmic gymnastics)	das Band  (rhythmische Sportgymnastik)	la cinta (gimnasia rítmica)	le ruban (gymnastique rythmique)	il nastro (ginnastica ritmica)	a fita (ginástica rítmica)	la cinta (gimnàstica rítmica) (les cintes)	rubando (ritma gimnastiko)	fascia	Rhythmische Sportgymnasten wirbeln bunte Bänder durch die Luft	Las gimnastas de rítmicahacen girarlas cintas de color en elaire.	Les gymnastes rythmiques font tournoyerdes rubans colorés dans les airs	Le ginnaste di ritmica roteano nastri colorati nell'aria	As ginastas rítmicas fazem as fitas coloridas girarem no ar	Rhythmic gymnasts twirl colorful ribbons in the air	Les gimnastes rítmiques fan girar cintes de colors a l'aire.	Ritmaj gimnastikistinoj turnas kolorajn rubandojn en la aero.	Le gymnastas rhythmic face girar fascias colorate in le aere.	7
03173	Sports	rope	das Seil  (Gymnastik)	la cuerda (gimnástica)	la corde (gymnastique)	la corda (ginnastica)	a corda (ginástica)	la corda (gimnàstica) (les cordes)	ŝnuro (gimnastiko)	corda										7
03174	Sports	club	die Keule 	el martillo	la massue	la clavetta	a maça, o porrete	la maça (les maces), el mall (els malls)	klabo	clava										7
03175	Sports	hoop	der Reifen 	el aro	le cerceau	il cerchio 	o aro, a argola	el cèrcol (els cèrcols)	hula-hupo	circulo										7
03176	Sports	ball (gymnastics)	der Ball 	el balón	le ballon	la palla	a bola (ginástica)	la pilota (gimnàstica) (les pilotes)	pilko (gimnastiko)	ballon										7
03177	Sports	handstand 	der Handstand 	la parada de manos	l'équilibre sur les mains   (faire le poirier)	la verticale	a parada de mãos	la vertical, la parada de mans (les parades de mans)	manstaro	vertical sur le manos										7
03178	Sports	flip, somersault	der Salto 	el salto mortal, la vuelta	le salto	il salto mortale	o salto	el salt mortal (els salts mortals)	salto	salto mortal										7
03179	Sports	runway (gymnastics)	die Matte  (Gymnastik, beim Bodenturnen)	la pista (gimnasia)	la piste (gymnastique)	la pista (atletica)	a pista (de corrida/atletismo)	la pista (gimnàstica) (les pistes)	kurejo (gimnastiko)	pista de cursa										7
03180	Basics	to list	auflisten	hacer una lista, incluir algo en una lista	lister	elencare, inserire (in un elenco)	listar	llistar, incloure en una llista	listigi	listar, includer in un lista	Ich sehe keinen «Papa» oder «Vater» in seinem Handy aufgelistet	No veo ningún «Papá» o «Padre» incluido en la lista de contactos deeste teléfono.	Je ne vois pas «Papa» ou «Père» listé dans ce téléphone	Non vedo un «Papà» o «Padre» inserito in questo telefono	Eu não vejo um «Papai» ou «Pai» listado neste telefone.	I don't see a “Dad” or “Father” listed in this phone	No veig cap «Pare» o «Papa» llistat en aquest telèfon.	Mi ne vidas «Paĉjon» aŭ «Patron» listigita en ĉi tiu telefono.	Io non vide alcun «Papa» o «Patre» listate in le contactos de iste telephono.	7
03181	Basics	must not ⇒ mustn't	nicht sollen	no deber	ne pas devoir	non dovere	não dever	no haver de	ne devi	non deber	Du solltest nicht vor17 Uhr kommen	No debes venir antes de las 17h	Tu ne dois pas venir avant 17h	Non devi venire prima delle 5 del pomeriggio	Você não deve vir antes das 17h	You mustn't come before 5 pm	No has de venir abans de les 17h.	Vi ne devas veni antaŭ la 5-a ptm.	Tu non debe venir ante le 17 horas.	7
03182	Basics	to sign for	unterschreiben, den Erhalt bestätigen	firmar, acusar recibo	signer, accuser réception	firmare per ricevuta	assinar, acusar recebimento	signar, acusar recepció	subskribi por ricevo	signar pro, accusar reception										7
03183	Communication	obvious, obviously	selbstverständlich	evidente, evidentemente	évident, évidemment	ovvio, ovviamente	óbvio, obviamente	evident, evidentment	evidenta, evidente	evidente, evidentemente										7
03184	Communication	to get close, to approach	näherkommen 	acercarse, aproximarse	s'approcher	avvicinarsi	se aproximar	acostar-se, aproximar-se	alproksimiĝi	approximar se, approchar se	Wir kommen näher.	Nos estamos acercando.	On s'en approche.	Ci avviciniamo	Estamos nos aproximando.	We're getting closer	Ens estem apropant.	Ni alproksimiĝas.	Nos nos approxima.	7
03185	Communication	to update	updaten (auf den neuesten Stand bringen)	actualizar	mettre à jour	aggiornare	atualizar	actualitzar	ĝisdatigi	actualisar	Ich muss meine Social Media Konten updaten	Debo actualizar las cuentas de mis redes sociales.	Je vais devoir mettre à jour mes comptes de réseaux sociaux.	Dovrò aggiornare i miei account sui social network	Eu terei que atualizar meus perfis nas redes sociais.	I'll have to update my social media accounts.	He d'actualitzar els meus comptes de xarxes socials.	Mi devos ĝisdatigi miajn sociajn retojn.	Io debera actualisar mi contos de medios social.	7
03186	Communication	social media, social networks	Soziale Netzwerke (Sg.das soziale Netzwerk)	las redes sociales	les réseaux sociaux	i social network	as redes sociais	les xarxes socials	sociaj retoj	medios social, retes social										7
03187	Basics	to create from scratch	(etwas) von Grund auf machen/schaffen/kreieren	crear de cero	créer à partir de rien, créer à partir de zéro	creare da zero	criar a partir «do zero», inventar	crear de zero	krei el nulo	crear de zero										7
03188	Positive Attitudes	to encourage	jemanden (zu etwas) ermuntern	animar	encourager	incoraggiare	encorajar	animar, encoratjar	kuraĝigi	incoragiar	Ich ermuntere sie dazu Ihr Medizinstudium aufzugeben	Yo le animo a que deje su carrera de medicina.	Je l'encourage à abandonner sa carrière médicale.	La sto incoraggiando ad abbandonare la sua carriera medica.	Eu a estou encorajando a abandonar a carreira médica.	I'm encouraging her to abandon her medical career.	L'estic animant a deixar la seva carrera de medicina.	Mi kuraĝigas ŝin forlasi sian medicinan karieron.	Io la incoragia a abandonar su carriera medical.	7
03189	Positive Attitudes	to stay in touch	in Kontakt bleiben	estar en contacto	rester en contact	rimanere in contatto	manter contato	mantenir el contacte	resti en kontakto	remaner in contacto	Er ist weggezogen, aber wir sind in Kontakt geblieben	Él se ha marchado, pero seguimos en contacto.	Il est parti, mais nous sommes restés en contact.	Lui si è trasferito ma siamo rimasti in contatto.	Ele se mudou, mas nós mantivemos contato.	He moved away, but we stayed in touch.	Ell es va mudar, però vam mantenir el contacte.	Li translokiĝis, sed ni restis en kontakto.	Ille se ha displaciate, ma nos remaneva in contacto.	7
03190	Positive Attitudes	to give a chance	eine Chance geben	dar una oportunidad	donner une chance	dare un'opportunità	dar uma chance	donar una oportunitat	doni ŝancon	dar un opportunitate	Dein Vater hätte mich auch gemocht, wenn er mir eine Chance gegeben hätte	Tu padre me habría apreciado si me hubiera conocido.	Ton père m'aurait aussi apprécié, s'il m'avait donné une chance.	Anche tuo padre mi avrebbe apprezzato, se mi avesse dato un'opportunità.	Seu pai também teria gostado de mim, se ele tivesse me dado uma chance.	Your father would have liked me too, if he had given me a chance.	El teu pare també m'hauria apreciat, si m'hagués donat una oportunitat.	Via patro ankaŭ ŝatintus min, se li estus doninta al mi ŝancon.	Tu patre me haberea appreciate etiam, si ille me habeva date un opportunitate.	7
03191	Positive Attitudes	career	die Karriere 	la carrera	la carrière	la carriera	a carreira	la carrera professional (les carreres professionals)	kariero	carriera	Es ist wichtig eine Karriere auszusuchen, die dich glücklich macht	Es importante elegir una carrera que te haga feliz	Il est important de choisir unecarrière qui vous rendheureux	È importante scegliere una carriera che ti faccia felice	É importante escolher uma carreira que lhe faça feliz	It's important to choose a career that makes you happy	És important triar una carrera que et faci feliç.	Estas grave elekti karieron, kiu feliĉigas vin.	Il es importante eliger un carriera que te rende felice.	7
03192	Personal Interaction	to make a good impression	einen guten Eindruck machen	causar una buena impresión	faire une bonne impression	fare una buona impressione	causar uma boa impressão	fer una bona impressió	fari bonan impreson	causar un bon impression										7
03193	Personal Interaction	to wink	(jemandem) zuzwinkern	guiñar el ojo	faire un clin d'oeil	fare l'occhiolino	piscar	fer l'ullet	palpebrumi	clinar le oculo	Hat Helen mir gerade zugezwinkert?	¿Elena me acaba de guiñar un ojo?	Est-ce que Hélène vient de me faire un clin d'œil ?	Helen mi ha appena fatto l'occhiolino?	Será possível que a Helen tenha acabado de piscar pra mim?	Did Helen just wink at me?	L'Helena m'acaba de fer l'ullet?	Ĉu Helena ĵus palpebrumis al mi?	Ha Helena justo clinate le oculo a me?	7
03194	Business Basics	fake	falsch	FALSO	faux, contrefait	FALSO	falso(a)	fals	falsa	false	Das scheintalles ein bisschen falsch	Todo parece un poco falso	Tout a l'air un peu faux	Sembra tutto un po' falso.	Isso tudo parece um pouco falso.	It all seems a little fake.	Tot sembla una mica fals.	Ĉio ŝajnas iom falsa.	Toto sembla un poco false.	7
03195	Business Basics	essential	essentiell, grundlegend	esencial, básico	essentiel	essenziale	essencial	essencial	esenca	essential										7
03196	Finance Vocabulary	dozens	dutzend	docenas	des dizaines de (lit: des douzaines)	dozzine	dúzias	les dotzenes	dekduoj	dozenas	Natürlich, ich habe dutzende davon	Por supuesto, tengo decenas.	Bien sûr, j'en ai des dizaines.	Certo, ne ho dozzine.	Com certeza, eu tenho dúzias.	Of course, I have dozens of them.	Per descomptat, en tinc dotzenes.	Kompreneble, mi havas dekduojn da ili.	Naturalmente, io ha dozenas de illos.	7
03197	Finance Vocabulary	to finance	finanzieren	financiar	financer	finanziare	financiar	finançar	financi	financiar										7
03198	Finance Vocabulary	either of you	einer von euch beiden	uno(a) de vosotros(as)	l'un d'entre vous	uno di voi	algum(a) de vocês	un(a) de vosaltres dos	iu el vi du	alcuno de vos	Hat einer von euch beiden an einen Namen gedacht?	¿Alguno de vosotros ha pensado en un nombre?	Est-ce que l'un d'entre vous a pensé à un nom ?	Uno di voi ha pensato a un nome?	Algum de vocês pensou em um nome?	Have either of you thought about a name?	Algun de vosaltres dos ha pensat en un nom?	Ĉu iu el vi du pensis pri nomo?	Ha alcuno de vos pensate a un nomine?	7
03199	Common Phrases	to appeal to	(jemandem) gefallen, anziehend auf (jemanden) wirken	atraer a, ser atractivo para	attirer, tenter	piacere a, attirare	agradar (alguém)	atraure, agradar a	allogi, plaĉi al	attraher	Ich denke, wir sollten versuchen, allen möglichen Leuten zu gefallen	Creo que deberíamos intentar atraer a todo tipo de personas.	Je pense qu'on doit essayer d'attirer toutes sortes de personnes.	Penso che dovremmo provare a piacere a tutti i tipi di persone.	Acho que devemos tentar agradar todos os tipos de pessoas.	I think we should try to appeal to all sorts of people.	Crec que hauríem d'intentar atraure tot tipus de persones.	Mi pensas, ke ni devus provi allogi ĉiajn homojn.	Io pensa que nos deberea essayar attraher omne sortas de personas.	7
03200	Common Phrases	all sorts of	alle möglichen (Arten von)	todo tipo de	toutes sortes de 	tutti i tipi di	todo tipo de, todos os tipos de 	tota mena de	ĉiaj	omne sortas de										7
03201	General Terms	to be hot	sexy sein, heiss	ser sexy	être sexy, canon	essere sexy	ser sexy	ser sexi	esti sekseca	esser sexy	Anmerkung: hot kann sich auf die Temperatur oder physische Schönheit beziehen	Nota: esta expresión puede tener dos significados.	Note : Cette expression a deux sens possibles.	Nota: questa espressione può avere due sensi.	Observação: Essa expressão tem dois sentidos.	Note: Hot can refer to temperature or physical beauty.	Nota: «calent» pot referir-se a la temperatura o a la bellesa física.	Noto: Varma povas rilati al temperaturo aŭ fizika beleco.	Nota: iste expression pote haber duo significationes.	7
03202	Daily Actions	to submit (a form)	(ein Formular) absenden	presentar, enviar (un formulario)	soumettre, envoyer (un formulaire)	presentare (un modulo)	enviar (um formulário)	presentar, enviar (un formulari)	submeti (formularon)	presentar, inviar un formulario										7
03203	Daily Actions	unprofessional	unprofessionell	no profesional	pas professionnel	non professionale	pouco profissional	poc professional	neprofesia	non professional										7
03204	Finance Vocabulary	loan officer	der Finanzierungsspezialist	el responsable de los préstamos	le responsable des prêts	il responsabile dei prestiti	o encarregado dos empréstimos	el responsable de préstecs (els responsables de préstecs)	prunt-oficisto	le official de prestos										7
03205	Finance Vocabulary	applicant, candidate	der Bewerber, der Kandidat	el candidato	le candidat	il candidato	o(a) candidato(a)	el candidat (els candidats), la candidata (les candidates)	kandidato	le candidato										7
03206	Finance Vocabulary	extension	die Verlängerung	la prórroga	prolongation, délai	la proroga	a prorrogação (de um prazo)	la pròrroga (les pròrrogues)	plilongigo	le proroga										7
03207	Finance Vocabulary	to drag someone	jemanden mitschleppen	arrastrar a alguien	traîner quelqu'un	trascinare qualcuno	arrastar alguém	arrossegar algú	treni iun	trainar alcuno										7
03208	Finance Vocabulary	to irritate	irritieren	irritar	agacer, irriter	irritare	irritar	irritar	iriti	irritar	Irgendetwas an ihm irritiert mich	Hay algo en él que me irrita.	Il y a quelque chose qui m'exaspère chez lui.	C'è qualcosa di lui che mi irrita.	Alguma coisa nele me irrita.	Something about him irritates me.	Hi ha alguna cosa en ell que m'irrita.	Io pri li iritas min.	Il ha alco in ille que me irrita.	7
03209	Finance Vocabulary	paranoid	paranoid	paranoico	paranoïaque	paranoico	paranoico	paranoic(a)	paranoja	paranoic	Ich denke dieserTyp ist paranoid	Creo que ese tipo es un paranoico.	Je pense que ce type est paranoïaque.	Credo che questo tizio sia paranoico.	Eu acho que esse cara é paranoico.	I think this guy is paranoid.	Crec que aquest paio és paranoic.	Mi pensas, ke ĉi tiu ulo estas paranoja.	Io crede que iste typo es paranoic.	7
03210	Everyday Life	to secure	sich etwas sichern	asegurarse	obtenir, décrocher	assicurarsi	conseguir, assegurar	assegurar-se (alguna cosa)	sekurigi	assecurar	Wir versuchen uns jetzt eine Immobilie zu sichern	Ahora estamos intentando asegurarnos una propiedad.	Maintenant on essaie d'obtenir un bien immobilier.	Ora stiamo cercando di assicurarci una proprietà.	Agora, estamos tentando conseguir um imóvel.	Now we're trying to secure a property.	Ara estem intentant assegurar-nos una propietat.	Nun ni provas sekurigi posedaĵon.	Ora nos tenta assecurar un proprietate immobile.	7
03211	Everyday Life	property	das Eigentum, die Immobilie	la propiedad (inmobiliaria)	propriété, bien immobilier	la proprietà (immobiliare)	a propriedade (imobiliária), o imóvel	la propietat (immobiliària) (les propietats)	posedaĵo (nemoveblaĵo)	le proprietate immobile										7
03212	Everyday Life	agency	die Agentur	la agencia	l'agence	l'agenzia	a agência	l'agència (les agències)	agentejo	le agentia										7
03213	Everyday Life	to be in (was in / were in, been in) charge of	verantwortlich sein für	ser responsable de	être responsable de	essere responsabile di 	ser responsável por	ser responsable de	respondeci pri	esser responsabile de										7
03214	Everyday Life	staff member	Teammitglied (Firma)	miembro del personal	le membre du personnel	membro del personale	o membro da equipe	el membre del personal (els membres del personal)	stabano	membro del personal										7
03215	Everyday Life	ad (short for advertisement)	der Werbeclip, die Werbung	publicidad (forma abreviada)	la pub (court)	la pubblicità (forma abbreviata)	a publicidade (abreviação de «publicidade»)	l'anunci (els anuncis) (abreviació de publicitat)	reklamo (mallongigo de reklamo)	annuncio publicitari										7
03216	Everyday Life	job board	das schwarze Brett (für Jobs)	el panel de ofertas de empleo	le panneau d'offres d'emploi	la bacheca degli annunci di lavoro	painel de ofertas de emprego, classificados	el tauler d'anuncis (de feina) (els taulers d'anuncis)	anonctabulo (por laborpostenoj)	tabuliero de offertas de empleo										7
03217	Everyday Life	to overhear	mithören, belauschen	oir (por casualidad)	entendre par hasard	origliare	ouvir (algo) por acaso	sentir per casualitat	subaŭskulti	audir per caso	Es wäre unhöflich zuzugeben, dass ich bei ihrem Gespräch mitgehört habe	Sería maleducado admitir que les he oído por casualidad...	Il serait malpoli d'admettre que j'ai entendu par hasard leur conversation.	Sarebbe maleducato ammettere che ho origliato la loro conversazione.	Seria falta de educação admitir que eu ouvi a conversa deles por acaso.	It would be rude to admit that I overheard their conversation	Seria de mala educació admetre que he sentit la seva conversa per casualitat.	Estus malĝentile konfesi, ke mi subaŭskultis ilian konversacion.	Serea ineducate admitter que io audiva per caso lor conversation.	7
03218	Everyday Life	to have a crush on someone	in jemanden verknallt sein	estar colado por alguien	avoir un faible pour, en pincer pour quelqu'un	avere una cotta per qualcuno	ter uma queda por alguém 	estar penjat per algú, tenir un encoquinament	ami iun	esser infatuate de alcuno	Ich bin so in sie verknallt!	¡Estoy muy colado por ella!	J'en pince tellement pour elle !	Ho una cotta così grande per lei!	Eu tenho uma tremenda queda por ela!	I have such a big crush on her!	Estic tan penjat per ella!	Mi tiom amas ŝin!	Io es tanto infatuate de illa!	7
03219	Everyday Life	customer service department	der Kundendienst	el servicio de atención al cliente	le service après-vente, le service à la clientèle	il servizio clienti	o serviço de atendimento ao cliente	el servei d'atenció al client (els serveis)	klienta servo	servicio de attention al clientes										7
03220	Everyday Life	vendor	der/die Verkäufer/in	el(la) vendedor(a)	le(a) vendeur(euse)	il(la) venditore(trice)	o(a) vendedor(a)	el venedor (els venedors), la venedora (les venedores)	vendisto	venditor										7
03221	Everyday Life	fee	die Gebühr	la comisión, el coste	les frais	la commissione (costo)	a taxa 	la comissió (les comissions), la taxa (les taxes)	kotizo	taxa										7
03222	Everyday Life	to blame someone for something	jemanden beschuldigen (etwas getan zu haben)	culpar, acusar a alguien de algo	accuser, tenir responsable quelqu'un de quelque chose	dare la colpa, accusare qualcuno di qualcosa	acusar alguém de qualquer coisa	culpar, acusar algú d'alguna cosa	kulpi iun pri io	culpar alcuno de alique										7
03223	Everyday Life	(bank) statement	der Bankauszug	el extracto (bancario)	le relevé (bancaire)	l'estratto conto	extrato bancário	l'extracte (bancari) (els extractes bancaris)	(banka) konteltiro	extracto bancari										7
03224	Everyday Life	to be due	fällig sein	estar previsto para (fecha)	être prévu pour, arriver à échéance	essere previsto per (tempistiche)	vencer (um prazo)	tenir el venciment	esti pagenda	esser previste pro	Unsere erste Zahlung des Bankdarlehensist bald fällig	Nuestro primer pago al banco está previsto para dentro de poco.	Notre premier paiement à la banque est prévu pour bientôt.	Il nostro primo pagamento del prestito bancario è previsto a breve.	Nosso primeiro pagamento do empréstimo no banco vence em breve.	Our first payment on the bank loan is due soon.	El nostre primer pagament del préstec bancari venç aviat.	Nia unua pago por la banka prunto estas pagenda baldaŭ.	Nostre prime pagamento del presto bancari es previste pro tosto.	7
03225	Everyday Life	Speak of the devil...	Wenn man vom Teufel spricht...	Hablando del rey de Roma...	En parlant du loup...	Parli del diavolo...	Falando no diabo...	Parlant del rei de Roma...	Parolante pri la diablo...	Parla del diabolo...										7
03226	Everyday Life	What a relief!	Was für eine Erleichterung!	¡Qué alivio!	Quel soulagement !	Che sollievo!	Que alívio!	Quin alleujament!	Kia trankviliĝo!	Que relevamento!										7
03227	Everyday Life	disagreement	die Auseinandersetzung, die Meinungsverschiedenheit	el desacuerdo, las diferencias	le désaccord, le différend	il disaccordo	o desacordo, a diferença de opinião	el desacord (els desacords), les diferències	malkonsento	disaccordo										7
03228	Everyday Life	to be all set	fertig sein	estar todo listo	être fin prêt	essere tutto pronto	estar tudo pronto	estar tot llest	esti preta	esser toto preste	Wir sind in der Küche fertig	Todo está listo en la cocina.	Nous sommes fin prêts dans la cuisine.	Qui in cucina siamo tutti pronti.	Aqui na cozinha, estamos todos prontos.	We're all set here in the kitchen.	A la cuina estem tots llestos.	Ni estas pretaj ĉi tie en la kuirejo.	Toto es preste hic in le cocina.	7
03229	Everyday Life	under control	unter Kontrolle	bajo control	sous contrôle	sotto controllo	sob controle	sota control	sub kontrolo	sub controlo	Bitte sag meiner Schwester, dass alles unter Kontrolle ist	Por favor, dile a mi hermana que todo está bajo control.	S'il te plaît, dis à ma sœur que tout est sous contrôle.	Per favore, di' a mia sorella che è tutto sotto controllo.	Por favor, diga à minha irmã que está tudo sob controle.	Please tell my sister that everything's under control.	Si us plau, digues a la meva germana que tot està sota control.	Bonvolu diri al mia fratino, ke ĉio estas sub kontrolo.	Per favor, dice a mi soror que toto es sub controlo.	7
03230	Everyday Life	hilarious	unglaublich komisch, sehr witzig	divertidísimo	hilarant, marrant	spassoso	hilário, engraçado	divertidíssim, hilarant	ridiga	hilarante										7
03231	Health & Emotions	mailing list	die Empfängerliste	lista de difusión (email)	la liste de diffusion (email)	la mailing list	mailing list, lista de destinatários de e-mail	la llista de correu (les llistes de correu)	dissendolisto	lista de diffusion	Wir haben die E-Mails an die Empfängerliste meines Blogs geschickt	Hemos enviado nuestros email a la lista de difusión.	Nous avons envoyé des emails à la liste de diffusion de mon blog.	Abbiamo inviato email alla mailing list del mio blog.	Enviamos e-mails para o mailing list do meu blog.	We sent out emails to my blog's mailing list.	Hem enviat correus electrònics a la llista de correu del meu blog.	Ni sendis retpoŝtojn al la dissendolisto de mia blogo.	Nos ha inviate messages de posta electronic al lista de diffusion de mi blog.	7
03232	Health & Emotions	to head back	zurückgehen	volver (a algún lugar)	retourner	tornare	voltar (para algum lugar) 	tornar	reiri	retornar	Ich denke, dass wir jetzt wieder in die Küche zurückgehen können.	Creo que podemos volver a la cocina.	Je pense qu'on peut retourner à la cuisine.	Penso che possiamo tornare in cucina ora.	Acho que nós podemos voltar para a cozinha agora.	I think we can head back to the kitchen now	Crec que ara podem tornar a la cuina.	Mi pensas, ke ni povas nun reiri al la kuirejo.	Io pensa que nos pote retornar al cocina ora.	7
03233	Health & Emotions	to turn (into something)	(zu etwas) werden, sich verändern, sich in etwas verwandeln	ponerse, transformarse	devenir, se transformer en quelque chose	trasformarsi, diventare	transformar-se, tornar-se, ficar (diferente)	convertir-se en, tornar-se	fariĝi	devenir	Oh mein Gott, er wird grau!	Dios mío, ¡se está poniendo gris!	Oh mon dieu, il devient gris !	Oddio, sta diventando grigio!	Oh, meu Deus. Ele está ficando cinza!	Oh my god he's turning gray!	Déu meu, s'està tornant gris!	Ho mia dio, li fariĝas griza!	Oh Deo mie, ille deveni gris!	7
03234	Health & Emotions	My heart is racing	Ich habe Herzrasen	Mi corazón va a mil	Mon cœur palpite	Il mio cuore va a mille	Meu coração está a mil por hora	El cor em va a mil	Mia koro batas rapidege	Mi corde batte rapidemente										7
03235	Basic Vocabulary	poison	das Gift	el veneno	le poison	il veleno	o veneno	el verí (els verins)	veneno	veneno	Die Tests haben Spuren von Gift in seinem Blut gefunden	Los análisis han encontrados rastros de veneno en su sangre.	Les analyses ont trouvé des traces de poison dans son sang.	Le analisi hanno trovato tracce di veleno nel suo sangue.	Os exames mostraram traços de veneno no sangue dele.	The tests found traces of poison in his blood.	Les anàlisis han trobat rastres de verí a la seva sang.	La testoj trovis spurojn de veneno en lia sango.	Le analyses trovava tracias de veneno in su sanguine.	7
03236	Basic Vocabulary	to punch	jemanden schlagen	dar un puño	donner un coup de poing	dare un pugno	socar, dar um soco	donar un cop de puny	pugnobati	colpar con le pugno										7
03237	Basic Vocabulary	til (short for until)	bis	hasta	jusqu'à	fino a	até 	fins (abreviatura d'until)	ĝis	usque										7
03238	Basic Vocabulary	to collapse	zusammenbrechen	desmoronarse, bloquearse	s'effondrer, s'écrouler	crollare	colapsar, cair, desmoronar	ensorrar-se, col·lapsar-se	kolapsi	collaber										7
03239	General Vocabulary	tablet	das Tablet	la tablet (dispositivo móvil)	la tablette (appareil mobile)	il tablet	o tablet	la tauleta (dispositiu mòbil) (les tauletes)	tabulkomputilo	tabletta										7
03240	General Vocabulary	fate	das Schicksal	el destino	le destin, le sort	il destino	o destino	el destí (els destins)	sorto	destino	Du hast mein Schicksal in die Hände eines Irren gelegt!	¡Habéis puesto mi destino en manos de un loco!	Vous avez mis mon sort dans les mains d'un fou !	Hai messo il mio destino nelle mani di un matto!	Você colocou meu destino nas mãos de um louco!	You put my fate in the hands of a madman!	Has posat el meu destí en mans d'un boig!	Vi metis mian sorton en la manojn de frenezulo!	Vos ha ponite mi destino in le manos de un folle!	7
03241	Office Terms	step (in a process)	der Schritt (in einem Prozess)	la etapa (en un proceso)	l'étape	la tappa (in un processo)	etapa, passo 	el pas (els passos) (en un procés)	paŝo (en procezo)	passo	Jetzt kommen wir zum nächsten Schritt	Ahora pasamos a la siguiente etapa.	Maintenant on passe à l'étape suivante.	Adesso passiamo alla tappa successiva.	Agora, passamos à etapa seguinte. 	Now we move on to the next step.	Ara passem al següent pas.	Nun ni iru al la sekva paŝo.	Ora nos passa al proxime passo.	7
03242	Workplace Vocabulary	supervisor	der Vorgesetzte	supervisor	le superviseur, le responsable	il supervisore	o supervisor	el supervisor (els supervisors), la supervisora (les supervisores)	kontrolisto	supervisor										7
03243	Workplace Vocabulary	criticism	die Kritik	críticas	les critiques	la critica	a crítica	la crítica (les crítiques)	kritiko	critica	Manchmal nehme ich Kritik zu persönlich	A veces me tomo las críticas muy a pecho.	Parfois je prends les critiques trop personnellement.	A volte prendo le critiche troppo personalmente.	Às vezes eu encaro as críticas de forma pessoal demais.	Sometimes I take criticism too personally.	De vegades em prenc les crítiques massa personalment.	Foje mi prenas kritikon tro persone.	A vices io prende le criticas troppo personalmente.	7
03244	Workplace Vocabulary	to take a deep breath	tief atmen	respirar profundo	respirer profondément	fare un respiro profondo	respirar profundamente	respirar profundament	profunde spiri	respirar profundemente										7
03245	Workplace Vocabulary	conflict	der Konflikt	conflicto	le conflit	il conflitto	o conflito 	el conflicte (els conflictes)	konflikto	conflicto										7
03246	Workplace Vocabulary	culinary	kulinarisch	culinario	culinaire	culinario	culinária	culinari(ària)	kuirarta	culinari										7
07389	Personal care	electric shaver	der Elektrorasierer	la afeitadora eléctrica	le rasoir électrique	il rasoio elettrico	o barbeador elétrico	l'afaitadora elèctrica	elektra razilo	rasorio electric										7
07937	Medical Situations	With whom will I be speaking?	Mit wem werde ich sprechen?	¿Con quién estaré hablando?	Quelle est la personne à prévenir ?	Con chi parlerò?	Com quem irei falar?	Amb qui parlaré?	Kun kiu mi parolos?	Con qui parlara io?										6
07938	Medical Situations	Whom should I notify in case of any problems?	Wen soll ich, im Falle eines Problems, benachrichtigen?	¿A quién debo notificar en caso de cualquier problema?	Quelle est la personne à contacter en cas de problème ?	Chi devo contattare in caso di problemi?	Com quem devemos entrar em contato se houver algum problema?	A qui he de notificar en cas de problemes?	Kiun mi sciigu en kazo de problemoj?	A qui debe io notificar in caso de qualcunque problema?										6
07939	Medical Situations	Whom should I contact in case of an emergency?	Wen soll ich im Notfall kontaktieren?	¿A quién debo contactar en caso de emergencia?	Qui faut-il contacter en cas de problème ?	Chi devo contattare in caso di emergenza?	Com quem devemos entrar em contato em caso de emergência?	A qui he de contactar en cas d'emergència?	Kiun mi kontaktu en kazo de urĝo?	A qui debe io poner in contacto in caso de emergentia?										6
07940	Medical Questions	Do you know if either of your parents suffer from a hereditary disease?	Wissen Sie, ob einer Ihrer Eltern an einer vererbbaren Krankheit leidet?	¿Sabe si alguno de sus padres padecen de una enfermedad hereditaria?	Savez-vous si vos parents souffraient d'une maladie héréditaire?	Sa se uno dei suoi genitori soffre di malattie ereditarie?	Você sabe se algum de seus pais sofre de doenças hereditárias?	Sap si algun dels seus pares pateix una malaltia hereditària?	Ĉu vi scias, ĉu iu el viaj gepatroj suferas de hereda malsano?	Sape vos si alcun de vostre genitores suffre de un maladia hereditari?										6
07941	Medical Questions	I will call you when the doctor is ready to see you	Ich werde Sie aufrufen, sobald der Doktor Zeit für Sie hat.	Le avisaré cuando el doctor esté listo para atenderlo(a)	Je vous appellerai dès que le médecin pourra vous rencontrer	La chiamo quando il dottore può visitarla	Você será chamado quando um médico estiver pronto para recebê-lo	L'avisaré quan el metge estigui a punt per atendre'l(la)	Mi vokos vin kiam la kuracisto estos preta vidi vin	Io vos appellara quando le medico essera preste a vider vos.										6
07942	Medical Procedures	tourniquet	der Stauschlauch	el torniquete	le garrot	il laccio emostatico	o torniquete	el torniquet	turniketo	tourniquet										6
07943	Medical Procedures	drip stand	der Infusionsständer	el portasuero, el soporte de suero	la potence (à perfusion)	l'asta porta-flebo	o suporte de soro	el portaserums	gut-stando	supporto de sero										6
07944	Medical Procedures	pliers	die Zange	las tenazas	la pince	le pinze	o alicate	les alicates, les pinces	pinĉilo	tenalias										6
07945	Workplace Vocabulary	I prefer to work the night shift	Ich arbeite lieber in der Nachschicht.	Yo prefiero trabajar el turno de la noche	Je préfère travailler de nuit	Preferisco lavorare al turno di notte	Eu prefiro trabalhar no turno da noite	Prefereixo treballar en el torn de nit	Mi preferas labori la noktan deĵoron	Io prefere laborar le torno de nocte.										6
07946	Workplace Vocabulary	I would like to change my schedule.	Ich würde meinen Plan gerne ändern.	Me gustaría cambiar mi horario. 	J'aimerais changer mon planning	Vorrei cambiare il mio calendario	Eu gostaria de mudar a minha agenda	M'agradaria canviar el meu horari	Mi ŝatus ŝanĝi mian horaron	Io volerea cambiar mi horario.										6
07947	Workplace Vocabulary	Do you want to trade Monday morning with me?	Willst du Montag morgen mit mir tauschen?	¿Quieres cambiar el turno de lunes por la mañana conmigo?	Est-ce que tu veux échanger le lundi matin avec moi ?	Vuoi fare cambio con me lunedì mattina?	Você quer trocar o turno de segunda-feira de manhã comigo?	Vols canviar el torn de dilluns al matí amb mi?	Ĉu vi volas interŝanĝi la lundan matenon kun mi?	Vole tu excambiar le torno de lunedi matino con me?										6
07948	Workplace Vocabulary	Can you help me?	Kannst du mir helfen?	¿Me puede ayudar?	Est-ce que tu peux m'aider ?	Puoi aiutarmi?	Você pode me ajudar?	Em pots ajudar?	Ĉu vi povas helpi min?	Pote vos adjutar me?										6
07949	Workplace Vocabulary	Could you take care of Mrs. Turner?	Könntest du dich um Frau Turner kümmern?	¿Usted podría cuidar a la señora Turner?	Est-ce que tu peux t'occuper de Madame Turner ?	Puoi occuparti della signora Turner?	Você pode tomar conta da Sra. Turner?	Et pots encarregar de la senyora Turner?	Ĉu vi povas prizorgi Sinjorinon Turner?	Poterea vos prender cura de seniora Turner?										6
07950	Workplace Vocabulary	I need to take a vacation	Ich brauche Urlaub.	Necesito salir de vacaciones	Je dois prendre des vacances	Ho bisogno di prendermi una vacanza	Preciso sair de férias	Necessito fer vacances	Mi bezonas ferion	Io necessita prender vacantias.										6
07951	Workplace Vocabulary	When are you leaving for vacation?	Wann fährst du in den Urlaub?	¿Cuándo te vas de vacaciones?	Quand vas-tu partir en vacances ?	Quando parti per le vacanze?	Quando você vai sair de férias?	Quan te'n vas de vacances?	Kiam vi foriras por ferioj?	Quando parti tu in vacantias?										6
07952	Workplace Vocabulary	Did your vacation go well?	Ist dein Urlaub gut verlaufen?	¿Pasaste bien las vacaciones?	Les vacances se sont bien passées ?	La tua vacanza è andata bene?	Correu tudo bem nas suas férias?	Han anat bé les vacances?	Ĉu viaj ferioj bone pasis?	Passava tu ben le vacantias?										6
07953	Workplace Vocabulary	Where did you go for vacation?	Wo hast du deinen Urlaub verbracht?	¿Dónde fuiste de vacaciones?	Tu étais où pour les vacances ?	Dove sei andato in vacanza?	Para onde você foi nas férias?	On has anat de vacances?	Kien vi iris por ferioj?	Ubi vadeva tu in vacantias?										6
07954	Workplace Vocabulary	What are you going to do this weekend?	Was machst du dieses Wochenende?	¿Qué vas a hacer este fin de semana?	Tu vas faire quoi ce week-end ?	Cosa farai questo fine settimana?	O que você(s) vai/vão fazer neste fim de semana?	Què faràs aquest cap de setmana?	Kion vi faros ĉi-semajnfine?	Que va tu facer iste fin de septimana?										6
07955	Workplace Vocabulary	Did you have a good weekend?	Hattest du ein schönes Wochenende?	¿Has pasado un buen fin de semana?	T'as passé une bonne fin de semaine ?	Hai passato un buon fine settimana?	Você teve um bom fim de semana?	Has passat un bon cap de setmana?	Ĉu vi havis bonan semajnfinon?	Ha tu passate un bon fin de septimana?										6
07956	Workplace Vocabulary	Did you stay home or did you travel?	Bist du zu Hause geblieben oder warst du auf Reisen?	¿Te quedaste en casa o fuiste de viaje?	Tu es resté chez toi ou tu es parti ?	Sei stato a casa o hai viaggiato?	Você ficou em casa ou viajou?	T'has quedat a casa o has viatjat?	Ĉu vi restis hejme aŭ ĉu vi vojaĝis?	Ha tu restate a casa o ha tu viagiate?										6
07957	Workplace Vocabulary	I prefer to have more responsibilities	Ich bevorzuge es mehr Verantwortung haben.	Prefiero tener más responsabilidades	Je préfère avoir plus de responsabilités	Preferisco avere più responsabilità	Eu prefiro ter mais responsabilidades	Prefereixo tenir més responsabilitats	Mi preferas havi pli da respondecoj	Io prefere haber plus responsabilitates.										6
07958	Workplace Vocabulary	Are you French?	Bist du Franzose?	¿Eres francés(a)?	Tu es français ?	Sei francese?	Você é francês?	Ets francès(a)?	Ĉu vi estas franco?	Es tu francese?										6
07959	Workplace Vocabulary	Why did you choose to come work here?	Warum hast du dich dafür entschieden hier zu arbeiten?	¿Por qué decidiste venir a trabajar aquí?	Pourquoi as-tu choisi de venir travailler ici ?	Perché hai scelto di venire a lavorare qui?	Por que você escolheu vir trabalhar aqui?	Per què vas decidir venir a treballar aquí?	Kial vi elektis veni labori ĉi tien?	Perque ha tu decidite venir a laborar hic?										6
07960	Workplace Vocabulary	Where did you learn English?	Wo hast du Englisch gelernt?	¿Dónde aprendiste inglés?	Où as-tu appris l'anglais ?	Dove hai imparato l'inglese?	Onde você aprendeu inglês?	On vas aprendre anglès?	Kie vi lernis la anglan?	Ubi ha tu apprendite le anglese?										6
07961	Workplace Vocabulary	You speak English very well	Du sprichst sehr gut Englisch.	Hablas inglés muy bien	Tu parles très bien anglais	Parli inglese molto bene	Você fala inglês muito bem	Parles molt bé l'anglès	Vi parolas tre bone la anglan	Tu parla anglese multo ben.										6
07962	Workplace Vocabulary	I studied in France, and I decided to work in England	Ich habe in Frankreich studiert und mich dazu entschlossen in England zu arbeiten.	Estudié en Francia y decidí trabajar en Inglaterra	J'ai étudié en France et j'ai décidé de travailler en Angleterre	Ho studiato in Francia e ho decisio di lavorare in Inghilterra	Eu estudei na França, e decidi trabalhar na Inglaterra	Vaig estudiar a França i vaig decidir treballar a Anglaterra	Mi studis en Francio kaj decidis labori en Anglio	Io studiava in Francia e decideva laborar in Anglaterra.										6
07963	Workplace Vocabulary	The hospital is a little old, but it has good equipment	Das Krankenhaus ist ein bisschen alt, aber es ist gut ausgestattet.	Este hospital es un poco viejo, pero tiene buenos equipos	L'hôpital est un peu vieux, mais il y a de bons équipements	L'ospedale è un po' vecchio ma ha buone apparecchiature	O hospital é um pouco velho, mas tem bons equipamentos	L'hospital és una mica vell, però té bon equipament	La hospitalo estas iom malnova, sed ĝi havas bonan ekipaĵon	Le hospital es un poco vetere, ma illo ha bon equipamento.										6
07964	Workplace Vocabulary	The department head is very nice, you'll see	Der Abteilungsleiter ist sehr nett, du wirst sehen.	El jefe del departamento es muy agradable, vas a ver	Le chef de service est très gentil, tu verras	Il capo reparto è molto gentile, vedrai	O chefe do departamento é muito agradável, você vai ver	El cap de servei és molt agradable, ja veuràs	La departementestro estas tre simpatia, vi vidos	Le chef del departimento es multo agradabile, tu videra.										6
07965	Workplace Vocabulary	Is there a cafeteria to eat in?	Gibt es dort eine Mensa, in der man essen kann?	¿Hay una cafeteria donde se pueda comer?	Il y a une cantine pour manger?	C'è una mensa dove mangiare?	Há algum refeitório em que se possa comer?	Hi ha una cafeteria per menjar?	Ĉu estas kafeterio por manĝi?	Esque il ha un cafeteria ubi on pote mangiar?										6
07966	Workplace Vocabulary	The hospital cafeteria is very clean	Die Krankenhausmensa ist sehr sauber.	La cafeteria del hospital es muy limpia	La cantine de l'hôpital est très propre	La mensa dell'ospedale è molto pulita	A o refeitório do hospital é muito limpo 	La cafeteria de l'hospital és molt neta	La hospitala kafeterio estas tre pura	Le cafeteria del hospital es multo munde.										6
07967	Workplace Vocabulary	The grub is very bad in our cafeteria	Das Essen in unserer Mensa ist sehr schlecht.	La comida en nuestra cafeteria es muy mala	La bouffe est vraiment mauvaise dans notre cantine	La roba da mangiare è pessima nella nostra mensa	A comida é muito ruim no nosso refeitório	El menjar a la nostra cafeteria és molt dolent	La manĝaĵo en nia kafeterio estas tre malbona	Le mangiar in nostre cafeteria es multo mal.										6
07968	Workplace Vocabulary	Where can I have a coffee?	Wo kann ich einen Kaffee trinken?	¿Dónde puedo tomarme un café?	Où pourrais-je prendre un café ?	Dove posso prendere un caffè?	Onde posso tomar um café?	On puc prendre un cafè?	Kie mi povas preni kafon?	Ubi pote io prender un caffe?										6
07969	Workplace Vocabulary	Would you like to get a coffee with us?	Hast du Lust mit uns einen Kaffee trinken zu gehen?	¿Te gustaría tomarte un café con nosotros?	Tu veux boire un café avec nous ?	Vuoi venire a prendere un caffè con noi?	Você gostaria de tomar um café conosco?	Vols venir a fer un cafè amb nosaltres?	Ĉu vi volas veni trinki kafon kun ni?	Te placerea prender un caffe con nos?										6
07970	Workplace Vocabulary	Do you need a break?	Brauchst du eine Pause?	¿Necesitas un descanso?	Est-ce que tu as besoin d'une pause ?	Hai bisogno di una pausa?	Você precisa de uma pausa?	Necessites un descans?	Ĉu vi bezonas paŭzon?	Esque tu necessita un pausa?										6
07971	Workplace Vocabulary	In your country, do they work in the same way?	Arbeitet man in deinem Land genauso?	En tu país, ¿trabajan de la misma forma?	Dans ton pays, on travaille de la même façon ?	Nel tuo paese si lavora allo stesso modo?	Neste país, trabalha-se da mesma forma?	Al teu país, es treballa de la mateixa manera?	En via lando, ĉu oni laboras same?	In tu pais, labora on del mesme maniera?										6
07972	Workplace Vocabulary	What do you think about Marion?	Was hälst du von Marion?	¿Qué piensas de Marion?	Qu'est-ce que tu penses de Marion ?	Cosa pensi di Marion?	O que você acha da Marion?	Què en penses, de la Marion?	Kion vi pensas pri Marion?	Que pensa tu de Marion?										6
07973	Workplace Vocabulary	She seems a bit rude, but she isn't nasty	Sie wirkt ein bisschen schroff, aber sie ist ganz nett	Parece ser un poco grosera, pero no es desagradable	Elle peut sembler un peu rude, mais elle n'est pas méchante	Sembra un po' scortese, ma non è cattiva	Ela parece um pouco rude, mas não é tão desagradável	Sembla una mica rude, però no és dolenta	Ŝi ŝajnas iom malafabla, sed ŝi ne estas malica	Illa pare un pauco grossier, sed illa non es disagradabile.										6
07974	Workplace Vocabulary	In this hospital, there are a lot of couples that have gotten together	In diesem Krankenhaus haben sich viele Paare gefunden.	En este hospital se han formado muchas parejas	Dans cet hôpital, il y a beaucoup de couples qui se sont formés	In questo ospedale ci sono un sacco di coppie che sono nate qui	Neste hospital, formaram-se muitos casais	En aquest hospital, s'han format moltes parelles	En ĉi tiu hospitalo, multaj paroj formiĝis	In iste hospital, multe copulas se ha formate.										6
07975	Workplace Vocabulary	They have been together for a couple months	Sie waren ein paar Monate zusammen.	Han estado juntos un par de meses	Ils ont une relation depuis quelques mois	Sono stati insieme per un paio di mesi	Eles estão juntos há alguns meses	Fa un parell de mesos que estan junts	Ili estas kune de kelkaj monatoj	Illes ha essite insimul durante un par de menses.										6
07976	Workplace Vocabulary	It's better not to speak with her too much	Am besten ist es, wenn man mit ihr nur wenig spricht.	Es mejor no hablar mucho con ella	Il vaut mieux ne pas trop parler avec elle	È meglio non parlare troppo con lei	É melhor não falar muito com ela	És millor no parlar gaire amb ella	Pli bone ne tro paroli kun ŝi	Il es melior non parlar troppo con illa.										6
07977	Workplace Vocabulary	You're better off not trusting our colleagues	Es wäre besser für dich, unseren Kollegen nicht so viel Glauben zu schenken.	Te iría mejor no confiar en nuestros colegas	Il vaut mieux ne pas faire confiance aux collègues	Fai meglio a non fidarti dei nostri colleghi	Seria melhor que você não confiasse em nossos colegas	Més val que no et refiïs dels nostres companys	Pli bone ne fidi niajn kolegojn	Il esserea melior pro te non fider in nostre collegas.										6
07978	Workplace Vocabulary	I prefer to keep my work and private lives separate	Ich ziehe es vor, mein Arbeits- und Privatleben getrennt zu halten.	Prefiero mantener mi trabajo y mi vida privada separados	Je préfère ne jamais mélanger vie professionnelle et privée	Preferisco tenere lavoro e vita privata separati	Eu prefiro manter o meu trabalho e minha vida privada separados	Prefereixo mantenir la meva vida laboral i privada separades	Mi preferas teni mian laboran kaj privatan vivon apartaj	Io prefere mantener mi vita professional e mi vita private separate.										6
07979	Workplace Vocabulary	She only thinks about work, but she is nice	Sie denkt nur an die Arbeit, aber sie ist ganz nett.	Ella solo piensa en el trabajo, pero es querida	Elle ne pense qu'au boulot, mais elle est sympa	Lei pensa solo al lavoro ma è carina	Ela só pensa em trabalho, mas ela é agradável	Només pensa en la feina, però és simpàtica	Ŝi pensas nur pri laboro, sed ŝi estas agrabla	Illa pensa solmente al labor, ma illa es gentil										6
07980	Workplace Vocabulary	I got into an argument with one of my colleagues yesterday	Ich habe mich gestern mit einem Kollegen gestritten.	Ayer tuve una discusión con uno de mis colegas	Je me suis disputé avec une de mes collègues hier	Ho discusso con uno dei miei colleghi ieri	Entrei em uma discussão com um de meus colegas ontem	Ahir em vaig discutir amb un company	Mi kverelis kun unu el miaj kolegoj hieraŭ	Heri io habeva un discussion con un de mi collegas										6
07981	Workplace Vocabulary	She always arrives late for the shift handovers	Sie ist bei den Schichtübergaben immer zu spät.	Ella siempre llega tarde al cambio de turno	Elle arrive toujours en retard pour les transmissions	Lei arriva sempre tardi al cambio turno	Ela sempre chega atrasada para a troca de turno	Sempre arriba tard als canvis de torn	Ŝi ĉiam malfruas por la deĵorŝanĝoj	Illa sempre arriva tarde al cambio de torno										6
07982	Hospital Report & Handover	Mr. Tommy in 203 left this morning	Herr Tommy in 203 wurde heute morgen entlassen.	El Sr. Tommy de la 203 se fue esta mañana	M. Tommy de la 203 est sorti ce matin	Il signor Tommy della 203 è uscito stamattina 	O Sr. Tommy do quarto 203 foi embora hoje de manhã	El senyor Tommy de la 203 ha marxat aquest matí	Sinjoro Tommy el 203 foriris ĉi-matene	Senior Tommy in 203 partiva iste matino										6
07983	Hospital Report & Handover	Mrs. Reynolds in 406 was operated on this morning	Frau Reynolds in 406 wurde heute morgen operiert.	La señora Reynolds de la 406 fue operada esta mañana	Mme Reynolds de la 406 a été opérée ce matin	La signora Reynolds della 406 è stata operata stamattina	A Sra. Reynolds do quarto 406 foi operada hoje pela manhã	La senyora Reynolds de la 406 ha estat operada aquest matí	Sinjorino Reynolds el 406 estis operaciita ĉi-matene	Seniora Reynolds in 406 esseva operate iste matino										6
07984	Hospital Report & Handover	We've had three admissions this afternoon	Wir hatten heute Nachmittag drei Aufnahmen.	Hemos tenido tres admisiones esta tarde	Il y a 3 entrées cet après-midi.	Abbiamo avuto tre ricoveri questo pomeriggio	Tivemos três admissões nesta tarde	Hem tingut tres ingressos aquesta tarda	Ni havis tri akceptojn ĉi-posttagmeze	Nos ha habite tres admissiones iste postmeridie										6
07985	Hospital Report & Handover	Mr. Johnson's vitals are back to normal	Herr Johnsons Vitalparameter sind wieder normal.	Los signos vitales del señor Johnson ya son normales	Les constantes de M. Johnson sont redevenues normales.	I parametri del signor Johnson sono tornati normali	Os sinais vitais do Sr. Johnson voltaram ao normal	Les constants vitals del senyor Johnson han tornat a la normalitat	La vivsignoj de Sinjoro Johnson normaliĝis	Le signos vital del senior Johnson es de novo normal										6
07986	Hospital Report & Handover	Doctor Dupond has changed the care protocols	Dr. Dupond hat die Pflegeprotokolle geändert.	El Doctor Dupond ha cambiado los protocolos de cuidado	Docteur Dupond a changé le protocole de soins	Il dottor Dupond ha cambiato i protocolli sanitari	O Dr. Dupond alterou os protocolos de tratamento	El doctor Dupond ha canviat els protocols de cures	Doktoro Dupond ŝanĝis la prizorgajn protokolojn	Doctor Dupond ha cambiate le protocollos de cura										6
07987	Hospital Report & Handover	Mrs. Brown was transferred into surgery	Frau Brown wurde in die Chirurgie verlegt.	La señora Brown fue transferida a cirugía	Mme Brown a été transférée en chirurgie	La signora Brown è stata trasferita in chirurgia	O Sr. Brown foi transferido para a cirurgia	La senyora Brown ha estat traslladada a cirurgia	Sinjorino Brown estis translokigita al kirurgio	Le seniora Brown esseva transferite a chirurgia										6
07988	Hospital Report & Handover	Mr. Jackson arrived this morning	Herr Jackson ist heute Morgen angekommen.	El Sr. Jackson llegó esta mañana	M. Jackson est arrivé ce matin	il signor Jackson è arrivato stamattina	O Sr. Jackson chegou nesta manhã	El senyor Jackson ha arribat aquest matí	Sinjoro Jackson alvenis ĉi-matene	Le senior Jackson arrivava iste matino										6
07989	Hospital Report & Handover	It's a 56-year-old male	Es ist ein 56-jähriger Mann	Es un hombre de 56 años 	C'est un homme de 56 ans	È un uomo di 56 anni	Trata-se de um homem de 56 anos	És un home de 56 anys	Li estas 56-jara viro	Ille es un homine de 56 annos										6
07990	Hospital Report & Handover	He had a stroke (CVA) yesterday	Er hat gestern einen Schlaganfall erlitten.	Él tuvo un ACV ayer	Il a fait un AVC hier	Ha avuto un ictus ieri	Ele teve um AVC ontem	Va tenir un ACV ahir	Li havis apopleksion hieraŭ	Ille habeva un accidente cerebrovascular (ACV) heri.										6
07991	Hospital Report & Handover	He is on morphine	Er wurde unter Morphium gesetzt.	Él está tomando morfina	Il est sous morphine	È sotto morfina	Ele está tomando morfina	Està amb morfina	Li estas sub morfino	Ille prende morphina.										6
07992	Hospital Report & Handover	I've changed the infusion	Ich habe die Infusion gewechselt.	He cambiado la infusión	J'ai changé la perfusion	Ho cambiato la somministrazione	Eu mudei a infusão	He canviat la perfusió	Mi ŝanĝis la infuzaĵon	Io ha cambiate le infusion.										6
07993	Hospital Report & Handover	We increased the dosage	Wir haben die Dosis erhöht.	Aumentamos la dosis	On a augmenté la dose	Abbiamo aumentato la dose	Nós aumentamos a dosagem	Hem augmentat la dosi	Ni pliigis la dozon	Nos augmentava le dosage.										6
07994	Hospital Report & Handover	The husband of Mrs.Walker called today	Frau Walkers Ehemann hat heute angerufen.	El esposo de la Sra. Walker llamó hoy	Le mari de Mme Walker a appelé aujourd'hui	Il marito della signora Walker ha chiamato oggi	O marido da Sra. Walker telefonou hoje	El marit de la senyora Walker ha trucat avui	La edzo de Sinjorino Walker telefonis hodiaŭ	Le marito de seniora Walker telephonava hodie.										6
07995	Hospital Report & Handover	You can tell him that he will be leaving tonight	Du kannst ihm sagen, dass er heute Abend entlassen wird.	Le puedes decir que se va esta noche	Tu pourras lui dire qu'il sort ce soir	Puoi dirgli che uscirà stasera	Você pode dizer-lhe que ele irá embora hoje à noite	Li pots dir que marxa aquesta nit	Vi povas diri al li, ke li foriros ĉi-vespere	Tu pote dicer le que ille partira iste nocte.										6
07996	Hospital Report & Handover	It went down the wrong pipe	Es ist in die falsche Röhre gelangt.	Bajó por el camino equivocado	J'ai avalé de travers	È andato di traverso.	Desceu pelo canal errado	S'ha ennuegat	Li misglutis	Illo descendeva per le via errate.										6
07997	Hospital Report & Handover	We're waiting on the results from his urine analysis	Wir warten auf die Ergebnisse seines Urintests.	Estamos esperando los resultados de su análisis de orina	On attend les résultats de son analyse d'urine	Stiamo aspettando i risultati delle sue analisi delle urine	Estamos esperando os resultados de seus exames de urina	Esperem els resultats de la seva anàlisi d'orina	Ni atendas la rezultojn de lia urinanalizo	Nos attende le resultatos del analyse de urina.										6
07998	Hospital Report & Handover	She's an overweight woman; don't try to lift her by yourself	Sie ist eine übergewichtige Frau. Versuche nicht sie alleine zu heben.	Es una mujer con sobrepeso; no intentes levantarla solo	C'est une dame en surpoids, n'essaie pas de la soulever seule	È una donna sovrappeso; non cercare di tirarla su da solo	Ela é uma mulher acima do peso; não tente levantá-la sozinho(a)	És una dona amb sobrepès; no intentis aixecar-la sola	Ŝi estas tropezo virino; ne provu levi ŝin sola	Illa es un femina con excesso de peso; non essaya levar la sol.										6
07999	Hospital Report & Handover	Mr. Pedro has an appointment for an abdominal scan at 11:00	Herr Pedro hat einen Termin für einen Unterleibsultraschall um 11 Uhr.	El Sr. Pedro tiene una cita para un escaneo abdominal a las 11:00	Mr Pedro a RDV pour scanner abdominal à 11h00	Il signor Pedro ha un appuntamento per una lastra addominale alle 11	O Sr. Pedro tem hora marcada para um exame abdominal às 11:00	El senyor Pedro té hora per a una tomografia abdominal a les 11:00	Sinjoro Pedro havas rendevuon por abdomena skanado je la 11:00	Le senior Pedro ha un appunctamento pro un exploration abdominal a 11:00										6
08000	Hospital Report & Handover	Mrs. Mei is going to be transfered into surgery this afternoon.	Frau Mei wird heute Nachmittag in die Chirurgie verlegt.	La Sra. Mei será transferida para cirugía esta tarde	Mme Mei va être transféré en chirurgie cet après-midi 	La signora Mei verrà trasferita in chirurgia questo pomeriggio	A Sra. Mei será transferida para a cirurgia hoje à tarde	La senyora Mei serà traslladada a cirurgia aquesta tarda.	Sinjorino Mei estos translokigita al kirurgio ĉi-posttagmeze.	Le seniora Mei essera transferite pro chirurgia iste postmeridie.										6
08001	Hospital Report & Handover	We need to monitor his blood pressure, his oxygen saturation and his temperature	Wir müssen seinen Blutdruck, seine Sauerstoffsättigung und seine Temperatur beobachten.	Tenemos que monitorear su presión arterial, su saturación de oxígeno, y su temperatura	Il va falloir surveiller sa tension, sa saturation, sa température	Dobbiamo monitorare la sua pressione, la saturazione e la temperatura	Precisamos monitorar sua pressão arterial, sua saturação sanguínea e sua temperatura	Hem de vigilar la seva pressió arterial, la seva saturació d'oxigen i la seva temperatura	Ni devas kontroli lian sangopremon, lian oksigenan saturiĝon kaj lian temperaturon	Nos debe controlar su pression arterial, su saturation de oxygeno e su temperatura										6
08002	Medical Situations	What do we need to do for Mister Ross's pain?	Was sollen wir gegen Herrn Ross' Schmerzen unternehmen?	¿Qué tenemos que hacer para el dolor del Sr. Ross?	Que doit-on faire pour la douleur de Monsieur Ross?	Cosa dobbiamo fare con il dolore del signor Ross?	O que precisamos fazer quanto à dor do Senhor Ross?	Què hem de fer per al dolor del senyor Ross?	Kion ni faru por la doloro de Sinjoro Ross?	Que debe nos facer pro le dolor del senior Ross?										6
08003	Medical Situations	The analgesics aren't enough	Die Schmerzmittel sind nicht ausreichend.	Los analgésicos no son suficiente	Les antalgiques ne suffisent pas	Gli analgesici non sono abbastanza	Os analgésicos não são suficientes	Els analgèsics no són suficients	La kontraŭdoloriloj ne sufiĉas	Le analgesicos non es sufficiente										6
08004	Medical Situations	Mr. Dupont attempted suicide	Herr Dupont hat versucht, Selbstmord zu begehen.	El Sr. Dupont intentó suicidarse	M. Dupont a fait une tentative de suicide	Il signor Dupont ha tentato il suicidio	O Sr. Dupont tentou se suicidar	El senyor Dupont ha intentat suïcidar-se	Sinjoro Dupont provis sinmortigi	Le senior Dupont tentava committer suicidio										6
08005	Medical Situations	I'm going to prescribe...	Ich verschreibe...	Voy a recetar...	Je vais prescrire...	Le prescriverò...	Eu vou prescrever...	Receptaré...	Mi preskribos...	Io va prescriber...										6
08006	Medical Situations	You will have to stop the morphine	Sie müssen das Morphium absetzen.	Tendrás que suspender la morfina	Vous devriez arrêter la morphine	Deve smettere la morfina	Você deverá parar com a morfina	Haurà de suspendre la morfina	Vi devos ĉesigi la morfinon	Tu debera suspender le morphina										6
08007	Medical Situations	I think it's necessary to prescribe...	Ich denke es ist notwendig… zu verschreiben.	Creo que es necesario recetar...	Je pense qu'il faudrait prescrire...	Penso sia necessario prescrivere...	Acho que é necessário prescrever...	Crec que caldria receptar...	Mi pensas, ke estus necese preskribi...	Io pensa que il es necessari prescriber...										6
08008	Medical Situations	When can we operate on Mrs. Turner?	Wann können wir Frau Turner operieren?	¿Cuándo podemos operar a la Sra. Turner?	Quand pourrions-nous opérer Madame Turner?	Quando possiamo operare la signora Turner?	Quando podemos operar a Sra. Turner?	Quan podem operar la senyora Turner?	Kiam ni povas operacii Sinjorinon Turner?	Quando pote nos operar le seniora Turner?										6
08009	Medical Situations	My coworkers on the next shift are often late	Meine Kollegen in der nächsten Schicht sind oft verspätet.	Mis compañeros de trabajo del próximo turno llegan tarde a menudo	Mes collègues du tour suivant arrivent souvent en retard	I miei colleghi del turno successivo sono spesso in ritardo	Meus colegas do próximo turno se atrasam regularmente	Els meus companys del proper torn solen arribar tard	Miaj kolegoj de la sekva deĵoro ofte malfruas	Mi companiones de labor del torno sequente arriva tarde frequentemente										6
08010	Medical Situations	I'm having a problem with one of my colleagues...	Ich habe ein Problem mit einem meiner Kollegen...	Estoy teniendo problemas con uno de mis colegas...	J'ai un problème avec un de mes collègues...	Ho un problema con uno dei miei colleghi...	Estou tendo problemas com um de meus colegas...	Tinc un problema amb un dels meus companys...	Mi havas problemon kun unu el miaj kolegoj...	Io ha un problema con un de mi collegas...										6
08011	Medical Situations	Can I have some time off next week?	Kann ich mir nächste Woche ein paar Tage freinehmen?	¿Puedo tener un poco de tiempo libre la próxima semana?	Est-ce que je peux prendre des congés la semaine prochaine?	Posso prendere un permesso la prossima settimana?	Eu posso tirar alguns dias de folga na semana que vem?	Puc tenir uns dies lliures la setmana que ve?	Ĉu mi povas havi kelkajn liberajn tagojn la venontan semajnon?	Pote io haber un pauco de tempore libere le septimana proxime?										6
08012	Medical Situations	Can I fill in for the night watch tonight?	Kann ich für die Nachtwache heute Abend einspringen?	¿Puedo ser el remplazo para el turno de esta noche?	Est-ce que je peux faire le remplacement pour la garde de cette nuit?	Posso sostituire io la guardia notturna stasera?	Posso ser o substituto para a vigia desta noite?	Puc cobrir la guàrdia de nit d'avui?	Ĉu mi povas anstataŭi por la nokta gardo ĉi-nokte?	Pote io esser le substituto pro le torno de nocte iste nocte?										6
08013	Medical Situations	I'd like to talk to you about Mr. Reynolds's therapy...	Ich würde gerne mit Ihnen über die Therapie von Herr Reynolds sprechen...	Me gustaría hablar contigo acerca de la terapia del Sr. Reynolds...	J'aurais besoin de vous parler de la thérapie de Monsieur Reynolds...	Vorrei parlare con lei della terapia del signor Reynolds...	Eu gostaria de falar com você sobre a terapia do Sr. Reynolds...	M'agradaria parlar amb vostè sobre la teràpia del senyor Reynolds...	Mi ŝatus paroli kun vi pri la terapio de Sinjoro Reynolds...	Io volerea parlar con vos a proposito del therapia del senior Reynolds...										6
08014	Medical Situations	The family of the patient in room 105 would like to speak with you	Die Familie des Patienten in Zimmer 105 würde gerne mit Ihnen sprechen.	La famlia del paciente en la habitación 105 quiere hablar con usted	La famille du patient de la chambre 105 voudrait vous parler...	La famiglia del paziente nella camera 105 vorrebbe parlare con lei	A família do paciente do quarto 105 gostaria de falar com você	La família del pacient de l'habitació 105 voldria parlar amb vostè	La familio de la paciento en ĉambro 105 ŝatus paroli kun vi	Le familia del patiente in le camera 105 volerea parlar con vos										6
08015	Medical Situations	You will need to speak with Mr. Ross for his operation	Sie werden mit Herrn Ross über seine OP sprechen müssen. 	Tendrás que hablar con el Sr. Ross para su operación	Il faut que vous alliez parler à Monsieur Ross pour son opération	Dovrà parlare con il signor Ross per la sua operazione	Você deverá falar com o Sr. Ross sobre sua operação	Haurà de parlar amb el senyor Ross per a la seva operació	Vi devos paroli kun Sinjoro Ross por lia operacio	Vos debera parlar con le senior Ross pro su operation.									Tu debera parlar con le senior Ross pro su operation.	6
08016	Diseases	hypothyroidism	die Hypothyreose, die Schilddrüsenunterfunktion	el hipotiroidismo	l'hypothyroïdie	l'ipotiroidismo	o hipotireoidismo	l'hipotiroïdisme	hipotiroidismo	hypothyroidismo										6
08017	Diseases	adrenal insufficiency	die Nebenniereninsuffizienz	la insuficiencia adrenal	l'insuffisance surrenalienne	l'insufficienza surrenale	a insuficiência adrenal 	la insuficiència suprarenal	adrena nesufiĉo	insufficientia adrenal										6
08018	Diseases	food poisoning	die Lebensmittelvergiftung	la intoxicación alimentaria	l'intoxication alimentaire	l'avvelenamento alimentare	a intoxicação alimentar	la intoxicació alimentària	manĝaĵa veneniĝo	intoxication alimentar										6
08019	Diseases	intra-uterin device (IUD)	das Interuterinpessar, die Spirale (IUP)	el dispositivo intrauterino (DIU)	le stérilet, le dispositif intra-utérin (DIU)	la spirale, il dispositivo intrauterino (DIU)	o dispositivo intra-uterino (DIU)	el dispositiu intrauterí (DIU)	spiralforma gravediĝpreventilo	dispositivo intrauterin (DIU)										6
08020	Diseases	thyroid disfunction	die Schilddrüsen-Dysfunktion	la disfunción tiroidea	le dysfonctionnement thyroïdien	la disfunzione tiroidea	a disfunção tireoidiana	la disfunció tiroïdal	tiroida misfunkcio	dysfunction thyroide										6
08021	Diseases	adrenal disfunction	die Nebennieren-Dysfunktion	el desorden suprarrenal	le dysfonctionnement surrénal	la disfunzione surrenale	a disfunção adrenal	la disfunció suprarenal	adrena misfunkcio	dysfunction suprarenal										6
08022	Times of Day	at night	nachts	de noche	la nuit 	la notte	noite	a la nit	nokte	de nocte										6
08023	Medications	suppositorium- suppository	das Zäpfchen	el supositorio	un suppositoire 	la supposta	supositório	el supositori	supozitorio	suppositorio										6
08024	Social Issues	right of asylum	Asylrecht	el derecho de asilo	le droit d'asile	il diritto d'asilo	o direito de asilo	el dret d'asil	azilrajto	derecto de asylo										7
08025	Social Issues	right of residence in the case of very serious illness	Bleiberecht bei ernsthafter Erkrankung	el derecho de residencia en el caso de una enfermedad grave 	le droit au séjour en cas de maladie grave	il diritto di soggiorno in caso di malattie gravi	o direito de permanência em caso de doença grave	el dret de residència en cas de malaltia molt greu	rajto de restado en kazo de tre grava malsano	derecto de residentia in caso de maladia multo grave										7
08026	Social Issues	legal support	rechtliche Unterstützung	el apoyo jurídico	le soutien juridique	il supporto legale	o suporte legal	el suport jurídic	jura subteno	appoio juridic										7
08027	Medical Situations	You can have a seat in the waiting room	Sie können im Wartezimmer Platz nehmen.	Puede tomar asiento en la sala de espera	Vous pouvez vous asseoir dans la salle d'attente	Si accomodi in sala d'attesa	Você pode sentar-se na sala de espera	Pot seure a la sala d'espera	Vi povas sidiĝi en la atendoĉambro	Vos pote prender un sede in le sala de attenta										7
08028	Everyday Objects	spittoon, cuspidor	der Spucknapf	la escupidera	le crachoir	la sputacchiera	a cuspideira	l'escopidora	kraĉujo	sputiera										7
08029	Healthcare professionals	stretcher bearer	der Krankenträger	el portador de camilla, la portadora de camilla, (camillero)	le brancardier	il barelliere	o maqueiro	el portalliteres	brankardisto	portator de lectiera										7
08030	Medical Situations	anesthetic, anesthesia 	die Anästhesie	la anestesia	l'anesthésie	l'anestesia	a anestesia	l'anestèsia	anestezio	anesthesia										7
08031	Diseases	pain relief	die Schmerzlinderung	el alivio de dolor	soulagement de la douleur	sollievo dal dolore	o alívio da dor	l'alleujament del dolor	dolormildigo	alleviation de dolor										7
08032	Parts of the Body	collar bone	das Schlüsselbein	la clavícula	la clavicule	la clavicola	a clavícula	la clavícula	klaviklo	clavicula										7
08033	Parts of the Body	breastbone/sternum	das Brustbein	el esternón	le sternum	lo sterno	o esterno	l'estern	sternumo	sterno										7
08034	Parts of the Body	humerus	der Oberarmknochen	el húmero	l'humérus	l'omero	o úmero	l'húmer	humero	humero										7
08035	Parts of the Body	radius	die Speiche	el radio	le radius	il radio	o rádio	el radi	radiuso	radio										7
08036	Parts of the Body	shoulder blade	das Schulterblatt	la escápula	l'omoplate	la scapola	a escápula	l'omòplat, l'escàpula	skapolo	scapula										7
08037	Parts of the Body	sacrum	das Kreuzbein	el sacro	le sacrum	il sacro	o sacro	el sacre	sakro	sacro										7
08038	Parts of the Body	phalanx	die Zehenknochen / die Fingerknochen	la falange	les phalanges	la falange	a falange	la falange	falango	phalange										7
08039	Parts of the Body	femur/thighbone	der Oberschenkelknochen	el fémur	le fémur	il femore	o fêmur	el fèmur	femuro	femore										7
08040	Parts of the Body	fibula/calf bone	das Wadenbein	el peroné	la fibula, le péroné	il perone	a fíbula, o perônio	el peroné	fibulo	fibula										7
08041	Parts of the Body	tarsus	der Fußwurzelknochen	el tarso	le tarse	il tarso	o tarso	el tars	tarso	tarso										7
08042	Parts of the Body	metatarsus/metatarsal bones	der Mittelfußknochen	el metatarso	le métatarse	il metatarso	o metatarso	el metatars	metatarso	metatarso										7
08043	Parts of the Body	heel bone/calcaneus	das Fersenbein	el calcáneo	le calcanéum / calcanéus	il tallone	o calcâneo	el calcani	kalkaneo	calcaneo										7
08044	Parts of the Body	kneecap	die Kniescheibe	la rótula	la rotule	la rotula	a rótula	la ròtula	patelo	patella										7
08045	Parts of the Body	pelvis	das Becken	la pelvis	le bassin	le pelvi	o pélvis	la pelvis	pelvo	le pelve										7
08046	Parts of the Body	rib cage	der Brustkorb	la caja torácica	la cage thoracique	la cassa toracica	a caixa torácica	la caixa toràcica	ripkaĝo	le cassa thoracic										7
08047	Parts of the Body	cartilage	der Knorpel	el cartílago	le cartilage	la cartilagine	a cartilagem	el cartílag	kartilago	le cartilagine										7
08048	Parts of the Body	salivary glands	die Speicheldrüsen	las glándulas salivales	les glandes salivaires	le ghiandole salivari	as glândulas salivares	les glàndules salivals	salivaj glandoj	le glandulas salivari										7
08049	Parts of the Body	pancreas	die Bauchspeicheldrüse	el páncreas	le pancréas	il pancreas	o pâncreas	el pàncrees	pankreato	le pancreas										7
08050	Parts of the Body	liver	die Leber	el hígado	le foie	il fegato	o fígado	el fetge	hepato	le hepate										7
08051	Parts of the Body	gallbladder	die Gallenblase	la vesícula biliar	la vésicule biliaire	la cistifellea	a vesícula biliar	la vesícula biliar	galveziko	le vesicula biliar										7
08052	Parts of the Body	duodenum	der Zwölffingerdarm	el duodeno	le duodénum	il duodeno	o duodeno	el duodè	duodeno	le duodeno										7
08053	Parts of the Body	small intestine	der Dünndarm	el intestino delgado	l'intestin grèle	l'intestino tenue	o intestino delgado	l'intestí prim	maldika intesto	le intestino tenue										7
08054	Parts of the Body	large intestine	der Dickdarm	el intestino grueso	le gros intestin	l'intestino crasso	o intestino grosso	l'intestí gros	dika intesto	le intestino grosse										7
08055	Parts of the Body	transverse colon	der querliegende Dickdarm	el colon transverso	le côlon transverse	il colon trasverso	o cólon transverso	el còlon transvers	transversa kojlo	le colon transverse										7
08056	Parts of the Body	descending colon	der absteigende Dickdarm	el colon descendente	le côlon descendant	il colon discendente	o cólon descendente	el còlon descendent	descenda kojlo	le colon descendente										7
08057	Parts of the Body	rectum	der Enddarm	el recto	le rectum	il retto	o reto	el recte	rekto	le recto										7
08058	Parts of the Body	the sinuses, sinus cavities	die Nebenhöhlen	los senos paranasales	les sinus	i seni nasali	os seios, seios paranasais	els sins paranasals	sinusoj, paranazaj sinusoj	le sinus paranasal										7
08059	Parts of the Body	lung parenchyma	das Lungenparenchym	la parénquima pulmonar	le parenchyme pulmonaire	il parenchima polmonare	o parênquima pulmonar	el parènquima pulmonar	pulma parenkimo	le parenchyma pulmonar										7
08060	Parts of the Body	blood-air barrier	die Blut-Luft-Schranke	la barrera alvéolo capilar	la membrane alvéolo-capillaire	la barriera alveolo-capillare	a membrana alvéolo-capilar	la barrera alveolocapil·lar	sango-aera baro	le barriera alveolo-capillar										7
08061	Parts of the Body	pulmonary vessels	die Pulmonalgefäße	los vasos pulmonares	les vaisseaux pulmonaires	i vasi polmonari	os vasos pulmonares	els vasos pulmonars	pulmaj vazoj	le vasos pulmonar										7
08062	Parts of the Body	diaphragm	das Zwerchfell	el diafragma	le diaphragme	il diaframma	o diafragma	el diafragma	diafragmo	le diaphragma										7
08063	Parts of the Body	bronchus	die Bronchie	el bronquio	la bronche	i bronchi	os brônquios	el bronqui	bronko	le broncho										7
08064	Parts of the Body	main bronchus	der Hauptbronchus	el bronquio principal	la bronche souche	il bronco principale	o brônquio principal	el bronqui principal	ĉefa bronko	le broncho principal										7
08065	Parts of the Body	secondary bronchi, lobar bronchi	die Lappenbronchien	los bronquios secundarios	la bronche lobaire	il bronco lobare	os brônquios lobares	els bronquis secundaris, els bronquis lobulars	duarangaj bronkoj, lobaj bronkoj	le bronchos secundari, le bronchos lobar										7
08066	Parts of the Body	bronchiole	die Bronchiolen	el bronquiolo	les bronchioles	i bronchioli	o bronquíolo	el bronquíol	bronkiolo	le bronchiolo										7
08067	Parts of the Body	pulmonary interstitium	das Lungeninterstitium	el intersticio pulmonar	l'interstitium pulmonaire	l'interstizio polmonare	o interstício pulmonar	l'interstici pulmonar	pulma interstico	le interstitio pulmonar										7
08068	Parts of the Body	the cerebellum	das Kleinhirn	el cerebelo	le cervelet	il cervelletto	o cerebelo	el cerebel	cerebelo	le cerebello										7
08069	Parts of the Body	spinal cord	das Rückenmark	la médula espinal	la moelle épinière	il midollo spinale	a medula espinhal	la medul·la espinal	mjelo	le medulla spinal										7
08070	Parts of the Body	brachial plexus	der Plexus brachialis, das Armgeflecht	el plexo braquial	le plexus brachial	il plesso brachiale	o plexo braquial	el plexe braquial	brakia plekso	le plexo brachial										7
08071	Parts of the Body	radial nerve	der Nervus radialis, der Speichennerv	el nervio radial	le nerf radial	il nervo radiale	o nervo radial	el nervi radial	radiala nervo	le nervo radial										7
08072	Parts of the Body	cubital tunnel	der Kubitaltunnel	el túnel cubital	le nerf cubital	il canale cubitale	o túnel cubital	el túnel cubital	kubita tunelo	le tunnel cubital										7
08073	Parts of the Body	lumbar plexus	der Plexus lumbalis, das Lendennervengeflecht	el plexo lumbar	le plexus lombaire	il plesso lombare	o plexo lombar	el plexe lumbar	lumba plekso	le plexo lumbar										7
08074	Parts of the Body	tibial nerve	der Nervus tibialis	el nervio tibial	le nerf sciatique poplité interne	il nervo tibiale	o nervo tibial	el nervi tibial	tibia nervo	le nervo tibial										7
08075	Parts of the Body	olfactory nerve, CN I	der Riechnerv	el nervio olfatorio	le nerf olfactif	il nervo olfattivo	o nervo olfatório	el nervi olfactori	flara nervo	nervo olfactori, nervo cranial I										7
08076	Parts of the Body	optic nerve	der Sehnerv	el nervio óptico	le nerf optique	il nervo ottico	o nervo óptico	el nervi òptic	vida nervo	nervo optic										7
08077	Parts of the Body	oculomotor nerve	der Nervus oculomotorius	el nervio oculomotor	le nerf oculomoteur	il nervo oculomotore	o nervo oculomotor, o motor ocular	el nervi oculomotor	okulmova nervo	nervo oculomotor										7
08078	Parts of the Body	trochlear nerve	der Nervus trochlearis, der 4. Hirnnerv	el nervio troclear	le nerf trochléaire	il nervo trocleare	o nervo troclear	el nervi troclear	trokleara nervo	nervo trochlear										7
08079	Parts of the Body	abducens nerve	der Nervus abducens, der 6. Hirnnerv	el nervio abducens	le nerf abducens	il nervo abducente	o nervo abducente	el nervi abducent	abducensa nervo	nervo abducente										7
08080	Parts of the Body	vestibulocochlear nerve	der Nervus vestibulocochlearis, der 8. Hirnnerv	el nervio vestibulococlear	le nerf cochléo-vestibulaire	il nervo vestibolococleare	o nervo vestibulococlear	el nervi vestibulococlear	vestiblokoklea nervo	nervo vestibulocochlear										7
08081	Parts of the Body	glossopharyngeal nerve	der Nervus glossopharyngeus, der 9. Hirnnerv	el nervio glosofaríngeo	le nerf glosso-pharyngien	il nervo glossofaringeo	o nervo glossofaríngeo	el nervi glossofaringi	glosofaringa nervo	nervo glossopharyngee										7
08082	Parts of the Body	vagus nerve, CN X	der Nervus vagus, der 10. Hirnnerv	el nervio vago 	le nerf vague	il nervo vago	o nervo vago	el nervi vague	vaga nervo	nervo vage, nervo cranial X										7
08083	Parts of the Body	spinal nerve	der Spinalnerv	el nervio espinal	le nerf spinal	il nervo spinale	o nervo espinhal	el nervi espinal	spinala nervo	nervo spinal										7
08084	Parts of the Body	hypoglossal nerve	der Nervus hypoglossus, der 12. Hirnnerv	el nervio hipogloso	le nerf hypoglosse	il nervo ipoglosso	o nervo hipoglosso	el nervi hipoglòs	hipoglosa nervo	nervo hypoglosse										7
08085	Parts of the Body	abdominal muscles	die Bauchmuskulatur	los músculos abdominales	les abdominaux	i muscoli addominali	os músculos abdominais	els músculs abdominals	abdomenaj muskoloj	musculos abdominal										7
08086	Parts of the Body	adductor muscles	die Adduktoren	los músculos aductores	les adducteurs	i muscoli adduttori	os músculos adutores	els músculs adductors	aduktoraj muskoloj	musculos adductor										7
08087	Parts of the Body	bicep muscle	der Bizeps	el bíceps	les biceps	i bicipiti	o bíceps	el bíceps	bicepso	musculo bicipite										7
08088	Parts of the Body	deltoid muscle	der Deltamuskel	el músculo deltoides	le deltoïde	i deltoidi	o deltoide	el múscul deltoide	deltoida muskolo	musculo deltoide										7
08089	Parts of the Body	frontalis muscle	der Stirnmuskel	el músculo frontal	le frontal	i muscoli frontali	o músculo occipitofrontal 	el múscul frontal	fronta muskolo	musculo frontal										7
08090	Parts of the Body	ligament	das Kreuzband	el ligamento	le ligament	il legamento	o ligamento	el lligament	ligamento	ligamento										7
08091	Parts of the Body	pectoral muscle	der Brustmuskel	el músculo pectoral	le pectoral	i pettorali	o músculo peitoral	el múscul pectoral	pektora muskolo	musculo pectoral										7
08092	Parts of the Body	quadricep muscle	der Quadrizeps	el músculo cuádriceps	le quadriceps	i quadricipiti	o quadriceps	el quàdriceps	kvadricepsa muskolo	musculo quadriceps										7
08093	Parts of the Body	tendon	die Sehne	el tendón	le tendon	il tendine	tendão	el tendó	tendeno	tendine										7
08094	Parts of the Body	blood vessel	das Blutgefäß	el vaso sanguíneo	le vaisseau sanguin	il vaso sanguigno	o vaso sanguíneo	el vas sanguini	sangovazo	vaso sanguinee										7
08095	Parts of the Body	vein	die Vene	la vena	la veine	la vena	a veia	la vena	vejno	vena										7
08096	Parts of the Body	carotid arteries	die Halsschlagadern	las arterias carótidas	la carotide	la carotide	as artérias carótidas	les artèries caròtides	karotidaj arterioj	arterias carotide										7
08097	Parts of the Body	lymph vessel	das Lymphgefäß	el vaso linfático	le vaisseau lymphatique	il vaso linfatico	o vaso linfático	el vas limfàtic	limfovazo	vaso lymphatic										7
08098	Parts of the Body	ascending aorta	die aufsteigende Aorta	la aorta ascendente	l'aorte ascendante	l'aorta ascendente	a aorta ascendente	l'aorta ascendent	ascenda aorto	aorta ascendente										7
08099	Parts of the Body	superior vena cava (CVA)	die obere Hohlvene	la vena cava superior	la veine cave supérieure	la vena cava superiore 	a veia cava superior	la vena cava superior	supra kava vejno	vena cava superior										7
08100	Parts of the Body	descending aorta	die absteigende Aorta	la aorta descendente	l'aorte descendante	l'aorta discendente	a aorta descendente	l'aorta descendent	descenda aorto	aorta descendente										7
08101	Parts of the Body	aortic arch	der Aortenbogen	el arco aórtico	l'arc de l'aorte	l'arco aortico	o arco aórtico	l'arc aòrtic	aorta arko	arco aortic										7
08102	Parts of the Body	thoracic aorta	die Brustaorta	la aorta torácica	l'aorte thoracique	l'aorta toracica	a aorta torácica	l'aorta toràcica	toraka aorto	aorta thoracic										7
08103	Parts of the Body	abdominal aorta	die Bauchaorta	la aorta abdominal	l'aorte abdominale	l'aorta addominale	a aorta abdominal	l'aorta abdominal	abdomena aorto	aorta abdominal										7
08104	Parts of the Body	pulmonary vein	die Pulmonalvene, die Lungenvene	la vena pulmonar	les veines pulmonaires	le vene polmonari	a veia pulmonar	la vena pulmonar	pulma vejno	vena pulmonar										7
08105	Parts of the Body	pulmonary artery	die Lungenarterie	la arteria pulmonar	les artères pulmonaires	l'arteria polmonare	a artéria pulmonar	l'artèria pulmonar	pulma arterio	arteria pulmonar										7
08106	Parts of the Body	white blood cell	das weiße Blutkörperchen	el glóbulo blanco	le globule blanc	il globulo bianco	o glóbulo branco	el glòbul blanc	blanka sangoĉelo	globulo blanc										7
08107	Parts of the Body	red blood cells	die roten Blutkörperchen	los glóbulos rojos	les globules rouges	i globuli rossi	os glóbulos vermelhos	els glòbuls vermells	ruĝaj sangoĉeloj	globulos rubie										7
08108	Parts of the Body	blood type	die Blutgruppe	el grupo sanguíneo	le groupe sanguin	il gruppo sanguigno	o tipo sanguíneo	el grup sanguini	sangogrupo	gruppo sanguinee										7
08109	Parts of the Body	platelets	die Blutplättchen	las plaquetas	les plaquettes	le piastrine	as plaquetas	les plaquetes	trombocitoj, plaketoj	plachettas										7
08110	Parts of the Body	plasma	das Plasma	el plasma	le plasma	il plasma	o plasma	el plasma	plasmo	plasma										7
08111	Parts of the Body	hemoglobin	das Hämoglobin	la hemoglobina	l'hémoglobine	l'emoglobina	a hemoglobina	l'hemoglobina	hemoglobino	hemoglobina										7
08112	Parts of the Body	pulmonary valve	die Pulmonalklappe	la válvula pulmonar	la valve pulmonaire	la valvola polmonare	a válvula pulmonar	la vàlvula pulmonar	pulma valvo	valvula pulmonar										7
08113	Parts of the Body	right atrium	der rechte Vorhof	el atrio derecho	l'oreillette droite	l'atrio destro	o átrio direito	l'aurícula dreta	dekstra atrio	atrio dextere										7
08114	Parts of the Body	left ventricle	die linke Herzkammer	el ventrículo izquierdo	le ventricule gauche	il ventricolo sinistro	o ventrílculo esquerdo	el ventricle esquerre	maldekstra ventriklo	ventriculo sinistre										7
08115	Parts of the Body	right ventricle	die rechte Herzkammer	el ventrículo derecho	le ventricule droit	il ventricolo destro	o ventrículo direito 	el ventricle dret	dekstra ventriklo	ventriculo dextere										7
08116	Parts of the Body	mitral valve	die Mitralklappe	la válvula mitral	la valve mitrale	la valvola mitralica	a válvula mitral	la vàlvula mitral	mitrala valvo	valvula mitral										7
08117	Parts of the Body	tricuspid valve	die Trikuspidalklappe	la válvula tricúspide	la valvule tricuspide	la valvola tricuspide	a válvula tricúspide	la vàlvula tricúspide	trikuspida valvo	valvula tricuspide										7
08118	Parts of the Body	endocardium	das Endokard	el endocardio	l'endocarde	l'endocardio	o endocárdio	l'endocardi	endokardio	endocardio										7
08119	Parts of the Body	myocardium/cardiac muscle	der Herzmuskel	el miocardio	le myocarde	il miocardio	o miocárdio	el miocardi	miokardio	myocardio										7
08120	Parts of the Body	aortic valve	die Aortenklappe	la válvula aórtica	la valve aortique	la valvola aortica	a válvula aórtica 	la vàlvula aòrtica	aorta valvo	valvula aortic										7
08121	Parts of the Body	pericardium	der Herzbeutel	el pericardio	le péricarde	il pericardio	o pericárdio	el pericardi	perikardio	pericardio										7
08122	Parts of the Body	cervix	der Gebärmutterhals	el cérvix	le col de l'utérus	il collo dell'utero, la cervice uterina	o colo do útero	el cèrvix, el coll uterí	cerviko	cervice										7
08123	Parts of the Body	ovary	der Eierstock	el ovario	l'ovaire	l'ovaia	o ovário	l'ovari	ovario	ovario										7
08124	Parts of the Body	Fallopian tube	der Eileiter	la trompa de Falopio	la trompe de Fallope	la tuba di Falloppio	as trompas de falópio, as tubas uterinas	la trompa de Fal·lopi	salpingo, Faloppia tubo	tuba de Fallopio										7
08125	Parts of the Body	womb, uterus	die Gebärmutter	el útero	l'utérus	l'utero	o útero	l'úter, la matriu	utero	utero										7
08126	Parts of the Body	vagina	die Scheide	la vagina	le vagin	la vagina	a vagina	la vagina	vagino	vagina										7
08127	Parts of the Body	vulva	die Vulva	la vulva	la vulve	la vulva	a vulva	la vulva	vulvo	vulva										7
08128	Parts of the Body	glans	die Eichel	el glande	le gland	il glande	a glande	el gland	glano	glande										7
08129	Parts of the Body	scrotum	der Hodensack	el escroto	le scrotum	lo scroto	o escroto	l'escrot	skroto	scroto										7
08130	Parts of the Body	testicle	der Hoden	el testículo	le testicule	il testicolo	o testículo	el testicle	testiko	testiculo										7
08131	Parts of the Body	urethra	die Harnröhre	la uretra	l'urètre	l'uretra	a uretra	la uretra	uretro	urethra										7
08132	Parts of the Body	frenulum	die Vorhaut	el frenillo	le frein	il frenulo	o frênulo prepucial	el fre	frenulo	frenulo										7
08133	Parts of the Body	renal vein	die Nierenvene	la vena renal	la veine rénale	la vena renale	a veia renal	la vena renal	rena vejno	vena renal										7
08134	Parts of the Body	celiac artery/trunk	der Truncus coeliacus	el tronco celíaco	le tronc cœliaque	il tronco celiaco	a artéria celíaca	el tronc celíac	celiaka trunko	trunco celiac										7
08135	Parts of the Body	renal calyx	der Nierenkelch	el cáliz renal	le calice	il calice renale	o cálice maior	el calze renal	rena kaliko	calice renal										7
08136	Parts of the Body	iliac veins and arteries	die Beckenvenen und -arterien	las venas y arterias ilíacas	la veine et artère iliaque	la vena e l'arteria iliaca	as veias e artérias ilíacas	les venes i artèries ilíaques	iliakaj vejnoj kaj arterioj	venas e arterias iliac										7
08137	Parts of the Body	bladder	die (Harn)Blase	la vejiga	la vessie	la vescica	a bexiga	la bufeta	veziko	vesica										7
08138	Parts of the Body	hypophyseal portal system	das Hypothalamus-Hypophysen-System	el sistema hipotálamo hipofisario	le système hypothalamo-hypophysaire	il sistema ipotalamo ipofisario	o eixo hipotálamo-hipófise	el sistema portal hipofisiari	hipofiza portala sistemo	systema portal hypophyseari										7
08139	Parts of the Body	pituitary gland	die Hypophyse 	la glándula pituitaria	l'hypophyse	la ghiandola pituitaria, l'ipofisi	a hipófise	la glàndula pituïtària, la hipòfisi	pituitaria glando, hipofizo	glandula pituitari										7
08140	Parts of the Body	thyroid gland	die Schilddrüse 	la glándula tiroides	la glande thyroïde	la tiroide	a glândula tireóide	la glàndula tiroide, la tiroide	tiroida glando, tiroido	glandula thyroide										7
08141	Parts of the Body	adrenal gland	die Nebenniere 	la glándula suprarrenal	la glande surrénale	la ghiandola surrenale	a glândula adrenal	la glàndula suprarenal	adrena glando	glandula suprarenal										7
08142	Parts of the Body	adrenal cortex	die Nebennierenrinde 	la corteza suprarrenal	la glande cortico-surrénale	la corticale della surrenale	o córtex adrenal	l'escorça suprarenal	adrena kortekso	cortice suprarenal										7
08143	Parts of the Body	adrenal medulla	das Nebennierenmark 	la médula adrenal	la glande médullo-surrénale	il midollare della surrenale	a medula adrenal	la medul·la suprarenal	adrena medolo	medulla adrenal										7
08144	Parts of the Body	endocrine pancreas	das endokrine Pankreas	el páncreas endocrino	le pancréas endocrine	il pancreas endocrino	o pâncreas endócrino	el pàncrees endocrí	endokrina pankreato	pancreas endocrine										7
08145	Parts of the Body	iris	die Iris, die Regenbogenhaut	el iris	Iris	l'iride	a íris	l'iris	iriso	iris										7
08146	Parts of the Body	pupil	die Pupille	la pupila	pupille	la pupilla	a pupila	la pupil·la	pupilo	pupilla										7
08147	Parts of the Body	ciliary body	der Ziliarkörper	el cuerpo ciliar	corps ciliaire	il corpo ciliare	o corpo ciliar	el cos ciliar	ciliara korpo	corpore ciliar										7
08148	Parts of the Body	sclera	die Lederhaut	la esclerótica	sclère	la sclera	a esclera	l'escleròtica	sclero	sclera										7
08149	Parts of the Body	choroid, choroidea	die Choroidea, die Aderhaut	la coroides	choroïde	la coroide	a coroide	la coroide	koroido	choroide										7
08150	Parts of the Body	macula lutea	die Macula lutea, der gelbe Fleck	la mácula lútea	macula	la macula	a mácula	la màcula lútia	makulo	macula jalne										7
08151	Parts of the Body	vitreous humor	der Glaskörper	el humor vítreo	vitré	l'umor vitreo	o humor vítreo	l'humor vitri	vitra humoro	humor vitree										7
08152	Parts of the Body	retina	die Netzhaut	la retina	rétine	la retina	a retina	la retina	retino	retina										7
08153	Diseases	(known) disease 	die bekannte Krankheit	la enfermedad (conocida)	la maladie (identifiée)	la malattia (conosciuta)	a enfermidade (identificada)	la malaltia (coneguda)	(konata) malsano	maladia cognoscite										7
08154	Diseases	sickness	die Erkrankung	la enfermedad	la maladie (état de maladie)	la malattia (stato)	a enfermidade, a doença	la malaltia	malsaneco	maladia										7
08155	Diseases	malaise	das Unbehagen	el malestar	le mal-être	il malessere	o mal-estar	el malestar	misfarto	indisposition										7
08156	Diseases	benign disease	die gutartige Erkrankung	una enfermedad benigna	la maladie bénigne	la malattia benigna	a doença benigna	la malaltia benigna	benigna malsano	maladia benigne										7
08157	Diseases	to be ill, sick	krank sein	estar enfermo	être malade	essere malato, stare male	estar doente	estar malalt(a)	esti malsana	esser malade										7
08158	Diseases	condition, ailment	der Zustand, die Unpässlichkeit	la condición, el estado	l'affection	la malattia, il malanno, l'affezione	a doença, a condição	l'afecció, la malaltia	afekcio, kondiĉo	condition, stato										7
08159	Diseases	infectious disease	die ansteckende Krankheit	la enfermedad infecciosa	la maladie infectieuse	la malattia infettiva	a doença contagiosa	la malaltia infecciosa	infekta malsano	maladia infectiose										7
08160	Diseases	genetic disorder	die genetische Störung	la enfermedad genética	la maladie génétique	la malattia genetica	a doença genética	el trastorn genètic	genetika malordo	maladia genetic										7
08161	Diseases	cancer	der Krebs	el cáncer	le cancer	il cancro	o câncer	el càncer	kancero	cancere										7
08162	Diseases	virus	das Virus	el virus	le virus	il virus	o vírus	el virus	viruso	virus										7
08163	Diseases	bacteria	die Bakterie	la bacteria	la bactérie	il batterio	a bactéria	el bacteri	bakterio	bacteria										7
08164	Diseases	fungus	der Pilz	el hongo	le champignon	il fungo	o fungo	el fong	fungo	fungo										7
08165	Diseases	germ	der Keim	el germen	le microbe	il germe	o germe	el germen	mikrobo	germine										7
08166	Diseases	to be in (was in / were in, been in) good health	sich guter Gesundheit erfreuen	estar en buen estado de salud	être en bonne santé	essere in buona salute	estar saudável	tenir bona salut	esti en bona sano	esser in bon stato de sanitate										7
08167	Diseases	suffering	das Leiden	el sufrimiento	la souffrance	la sofferenza	o sofrimento	el patiment	sufero	suffrentia										7
08168	Diseases	to be in (was in / were in, been in) bad health	in schlechter gesundheitlicher Verfassung sein	estar en mal estado de salud	être en mauvaise santé	essere in cattiva salute	não estar saudável	tenir mala salut	esti en malbona sano	esser in mal stato de sanitate										7
08169	Diseases	to get sick/hurt	krank / verletzt werden	enfermarse	tomber malade, se faire mal	ammalarsi, farsi male	adoecer / se machucar	posar-se malalt(a) / fer-se mal	malsaniĝi / vundiĝi	devenir malade o vulnerate										7
08170	Diseases	to take (good) care of one's self	sich (gut) um sich selbst kümmern	cuidarse a sí mismo	se soigner	prendersi cura di sé	cuidar de si mesmo	cuidar-se (bé)	(bone) zorgi pri si	haber cura de se mesme										7
08171	Diseases	to endure	aushalten, ertragen	aguantar, soportar	endurer	sopportare, resistere	aguentar, soportar	aguentar, soportar	elporti	supportar										7
08172	Diseases	sun exposure	die Sonnenexposition	la exposición al sol	l'exposition au soleil	l'esposizione al sole	a exposição solar	l'exposició al sol	suna ekspozicio	exposition al sol										7
08173	Social Issues	substance abuse	der Drogenmissbrauch	el abuso de sustancias	la toxicomanie	l'abuso di droghe	o abuso de substâncias	l'abús de substàncies	substancmisuzo	abuso de substantias										7
08174	Social Issues	poverty	die Armut	la pobreza	la pauvreté	la povertà	a pobreza	la pobresa	malriĉeco	paupertate										7
08175	Heart diseases	hypertension	der Bluthochdruck, die Hypertonie	la hipertensión	l'hypertension artérielle	l'ipertensione, l'alta pressione sanguigna	a hipertensão	la hipertensió	hipertensio	hypertension										7
08176	Heart diseases	arrhythmia	die Arrhythmie	la arritmia	l'arythmie	l'aritmia	a arritmia	l'arrítmia	aritmio	arrhythmia										7
08177	Heart diseases	thromboembolic disease	die thromboembolische Erkrankung	la enfermedad tromboembólica	la maladie thromboembolique 	la malattia tromboembolica	a doença tromboembólica	la malaltia tromboembòlica	tromboembolia malsano	morbo thromboembolic										7
08178	Heart diseases	aortic regurgitation	die Aortenklappeninsuffizienz	la regurgitación aórtica	l'insuffisance aortique	l'insufficienza aortica	a regurgitação aórtica	la regurgitació aòrtica	aorta regurgitado	regurgitation aortic										7
08179	Heart diseases	aortic dissection	die Aortendissektion	la disección aórtica	la dissection de l'aorte	la dissezione dell'aorta	a dissecção aórtica	la dissecció aòrtica	aorta dissekcio	dissection aortic										7
08180	Heart diseases	pericarditis	die Perikarditis, die Herzbeutelentzündung	la pericarditis	la péricardite	la pericardite	a pericardite	la pericarditis	perikardito	pericarditis										7
08181	Heart diseases	endocarditis	die Herzinnenhautentzündung	la endocarditis	l'endocardite	l'endocardite	a endocardite	l'endocarditis	endokardito	endocarditis										7
08182	Heart diseases	aortic aneurysm	das Aortenaneurysma 	el aneurisma de aorta	l'anévrysme  de l'aorte	l'aneurisma aortico	o aneurisma da aorta	l'aneurisma d'aorta	aorta aneŭrismo	aneurisma del aorta										7
08183	Heart diseases	atrial fibrillation, A-fib	das Vorhofflimmern	la fibrilación auricular	la fibrilation auriculaire	la fibrillazione atriale	a fibrilação atrial	la fibril·lació auricular	atria fibrilado	fibrillation auricular										7
08184	Diseases	pulmonary fibrosis	die Lungenfibrose	la fibrosis pulmonar	la fibrose pulmonaire	la fibrosi polmonare	a fibrose pulmonar	la fibrosi pulmonar	pulma fibrozo	fibrose pulmonar										7
08185	Diseases	bronchial dilatation 	die Bronchodilatation	la bronquiectasia, la dilatación bronquial	la dilatation de bronche	la dilatazione dei bronchi	a dilatação brônquica	la dilatació bronquial	bronka dilatado	bronchiectasia										7
08186	Diseases	pleurisy, pleuritis	die Pleuritis, die Rippenfellentzündung	la pleuritis	la pleurésie	la pleurite	a pleurisia	la pleuritis	pleŭrito	pleuritis										7
08187	Diseases	silicosis	die Silikose, die Staublungenkrankheit	la silicosis	la silicose	la silicosi	a silicose	la silicosi	silikozo	silicosis										7
08188	Diseases	asthma	das Asthma	el asma	l'asthme	l'asma	a asma	l'asma	asmo	asthma										7
08189	Diseases	pneumonia	die Lungenentzündung	la neumonía	la pneumonie	la polmonite	a pneumonia	la pneumònia	pneŭmonio	pneumonia										7
08190	Diseases	pulmonary tuberculosis	die Lungentuberkulose	la tuberculosis pulmonar	la tuberculose pulmonaire	la tubercolosi polmonare	a tuberculose pulmonar	la tuberculosi pulmonar	pulma tuberkulozo	tuberculosis pulmonar										7
08191	Diseases	pneumothorax	der Pneumothorax	el neumotórax	le pneumothorax	lo pneumotorace	o pneumotórax	el pneumotòrax	pneŭmotorakso	pneumothorax										7
08192	Diseases	cerebrovascular disease	die Hirngefäßerkrankung	la enfermedad cerebrovascular	la maladie cérébrovasculaire	la malattia cerebrovascolare	a doença cerebrovascular	la malaltia cerebrovascular	cerbovaskula malsano	maladia cerebrovascular										7
08193	Diseases	epilepsy	die Epilepsie	la epilepsia	l'épilepsie	l'epilessia	a epilepsia	l'epilèpsia	epilepsio	epilepsia										7
08194	Diseases	meningitis	die Meningitis	la meningitis	la méningite	la meningite	a meningite	la meningitis	meningito	meningitis										7
08195	Diseases	head injury	die Kopfverletzung	la herida en la cabeza	le traumatisme crânien	il trauma cranico	o traumatismo craniano	la lesió al cap, el traumatisme cranioencefàlic	kaptraŭmato	lesion del capite										7
08196	Diseases	Parkinson's disease	der Parkinson	el mal de Parkinson	la maladie de Parkinson	la malattia di Parkinson	a doença de Parkinson	la malaltia de Parkinson	Parkinsona malsano	morbo de Parkinson										7
08197	Diseases	Alzheimer's disease	der Alzheimer	la enfermedad de Alzheimer	la maladie d'Alzheimer	la malattia di Alzheimer	a doença de Alzheimer	la malaltia d'Alzheimer	Alzheimer-malsano	morbo de Alzheimer										7
08198	Diseases	multiple sclerosis (MS)	die Multiple Sklerose	la esclerosis múltiple	la sclérose en plaques	la sclerosi multipla	a esclerose múltipla	l'esclerosi múltiple (EM)	multobla sklerozo (MS)	sclerosis multiple										7
08199	Diseases	inflammatory bowel disease (IBD)	die Chronisch-entzündliche Darmerkrankungen (CED)	la enfermedad inflamatoria intestinal	la maladie inflammatoire de l'intestin	malattie infiammatorie dell'intestino	a doença inflamatória intestinal	la malaltia inflamatòria intestinal (MII)	inflama intesta malsano (IIM)	maladia intestinal inflammatori										7
08200	Diseases	viral hepatitis	die Virushepatitis	la hepatitis viral	l'hépatite virale	l'epatite virale	a hepatite viral	l'hepatitis viral	virusa hepatito	hepatitis viral										7
08201	Diseases	colorectal carcinoma	der Dickdarmkrebs	el cáncer colorrectal	le cancer colorectal	il carcinoma colorettale	o câncer colorretal	el càncer colorectal	kolorekta kancero	carcinoma colorectal										7
08202	Diseases	gastric adenocarcinoma	das Magenkarzinom	el adenocarcinoma de estómago	un adénocarcinome gastrique	l'adenocarcinoma gastrico	o adenocarcinoma gástrico	l'adenocarcinoma gàstric	gastrika adenokarcinomo	adenocarcinoma gastric										7
08203	Diseases	malabsorption syndromes	die Malabsorptionssyndrome	el síndrome de malabsorción	les syndromes de malabsorption	la sindrome da malassorbimento	as síndromes de malabsorção	les síndromes de malabsorció	malabsorbaj sindromoj	syndromes de malabsorption										7
08204	Diseases	esophageal cancer	der Speiseröhrenkrebs	el cáncer de esófago	le cancer de l'oesophage	il cancro all'esofago	o câncer de esôfago	el càncer d'esòfag	ezofaga kancero	cancere del esophago										7
08205	Diseases	ulcer	das Geschwür	la úlcera	l'ulcère	l'ulcera	a úlcera	l'úlcera	ulcero	ulcere										7
08206	Diseases	diabetes mellitus	die Diabetes mellitus	la diabetes mellitus	le diabète sucré	il diabete mellito	a diabetes mellitus	la diabetis mellitus	diabeto mellitus	diabetes mellitus										7
08207	Diseases	pituitary tumors	der Hypophysentumor	los tumores pituitarios	les tumeurs pituitaires	i tumori pituitari	os tumores da hipófise	els tumors hipofisaris	pituitariaj tumoroj	tumores pituitari										7
08208	Diseases	scoliosis	die Skoliose	la escoliosis	la scoliose	la scoliosi	a escoliose	l'escoliosi	skoliozo	scoliosis										7
08209	Diseases	osteoporosis	die Osteoporose	la osteoporosis	l'ostéoporose	l'osteoporosi	a osteoporose	l'osteoporosi	osteoporozo	osteoporosis										7
08210	Diseases	septic arthritis	die septische Arthritis	la artritis séptica	l'arthrite septique	l'artrite settica	a artrite séptica	l'artritis sèptica	sepsa artrito	arthritis septic										7
08211	Diseases	gout (disease)	die Gicht	la gota (enfermedad)	la goutte	la gotta	a gota	la gota	podagro	gutta		La gota es una forma de artritis inflamatoria muy dolorosa.								7
08212	Diseases	myasthenia gravis	die Myasthenia gravis	la miastenia gravis	la myasthénie grave	la miastenia grave	a miastenia gravis	la miastènia gravis	miastenio gravis	myasthenia gravis										7
08213	Diseases	systemic lupus erythematosus (SLE)/lupus	der systemische Lupus erythematodes (SLE, Schmetterlingsflechte)	el lupus eritematoso sistémico (LES)/el lupus	le lupus érythémateux aigu disséminé	il lupus erimatoso	o lúpus eritematoso sistémico (LES ou lúpus)	el lupus eritematós sistèmic (LES), el lupus	sistema lupus eritematoso (SLE) / lupuso	lupus erythematose systemic (LES); lupus										7
08214	Diseases	nephrolithiasis	die Nephrolithiasis, die Nierensteine	la nefrolitiasis, los cálculos renales	la néphrolithiase, les calculs rénaux	la nefrolitiasi, i calcoli renali	a nefrolitíase, os cálculos renais	la nefrolitiasi, els càlculs renals	nefrolitiazo	nephrolithiasis; calculos renal										7
08215	Diseases	prostate cancer	der Prostatakrebs	el cáncer de próstata	le cancer de la prostate	il cancro alla prostata	o câncer de próstata	el càncer de pròstata	prostata kancero	cancere de prostata										7
08216	Diseases	subfertility	die Subfertilität	la subfertilidad	la subfertilité	la subfertilità	a subfertilidade	la subfertilitat	subfertileco	subfertilitate										7
08217	Diseases	abnormal menstruation	die anormale Menstruation	la menstruación abnormal	la menstruation anormale	la mestruazione anomala	a menstruação anormal	la menstruació anormal	nenormala menstruo	menstruation anormal										7
08218	Diseases	breast cancer	der Brustkrebs	el cáncer de mama	le cancer du sein	il cancro al seno	o câncer de mama	el càncer de mama	mama kancero	cancere de mamma										7
08219	Diseases	cervical cancer	der Gebärmutterhalskrebs	el cáncer cervical	le cancer du col de l'utérus	il cancro alla cervice	o câncer cervical	el càncer de cèrvix	cervika kancero	cancere cervical										7
08220	Diseases	ovarian cancer	der Eierstockkrebs	el cáncer de ovario	le cancer des ovaires	il cancro alle ovaie	o câncer de ovário	el càncer d'ovari	ovaria kancero	cancere de ovario										7
08221	Diseases	impotence	die Impotenz	la impotencia	l'impuissance	l'impotenza	a impotência	la impotència	impotenteco	impotentia										7
08222	Diseases	anemia	die Anämie	la anemia	l'anémie	l'anemia	a anemia	l'anèmia	anemio	anemia										7
08223	Diseases	leukemia	die Leukämie	la leucemia	la leucémie	la leucemia	a leucemia	la leucèmia	leŭkemio	leucemia										7
08224	Diseases	hemophilia A	die Hämophilie A, die Bluterkrankheit	la hemofilia	l'hémophilie A	l'emofilia A	a hemofilia A	l'hemofília A	hemofilio A	hemophilia A										7
08225	Diseases	bipolar disorder	die bipolare Störung	el trastorno bipolar	le trouble bipolaire	il disordine bipolare	o distúrbio bipolar	el trastorn bipolar	bipolusa malordo	disordine bipolar										7
08226	Diseases	anxiety disorders	die Angststörung	el trastorno de ansiedad	les troubles anxieux	i disturbi dell'ansia	os distúrbios de ansiedade	els trastorns d'ansietat	anksiaj malordoj	disordines de anxietate										7
08227	Diseases	compulsive eating	das zwanghafte Essen	el comedor compulsivo	l'alimentation compulsive	l'alimentazione compulsiva	o comer compulsivo	el menjar compulsiu	kompulsia manĝado	mangiar compulsive										7
08228	Diseases	premature birth	die Frühgeburt	el nacimiento prematuro	la naissance avant terme	la nascita prematura	o nascimento prematuro	el part prematur	antaŭtempa nasko	nascentia premature										7
08229	Diseases	bronchiolitis	die Bronchiolitis	la bronquiolitis	la bronchiolite	la bronchiolite	a bronquiolite	la bronquiolitis	bronkiolito	bronchiolitis										7
08230	Diseases	croup	das Krupp-Syndrom	la laringitis, el crup (AL)	le croup	la difterite	o crupe	el crup	krupo	crup										7
08231	Diseases	child abuse	der Kindesmissbrauch	el maltrato infantil	la maltraitance d'enfants	i maltrattamenti sui bambini	o abuso infantil	el maltractament infantil	infanmistrakto	maltractamento infantil										7
08232	Diseases	malaria	die Malaria	la malaria	la malaria, le paludisme	la malaria	a malária	la malària	malario	malaria										7
08233	Diseases	cholera	die Cholera	el cólera	le choléra	il colera	a cólera	el còlera	kolero	cholera										7
08234	Diseases	pemphigus	der Pemphigus (vulgaris)	el pénfigo	le pemphigus	il pemfigo	o pênfigo	el pèmfig	pemfigo	pemphigus										7
08235	Diseases	erythema multiforme	das Kokarden-Erythem	el eritema multiforme	un érythème multiforme	l'eritema multiforme	o eritema multiforme	l'eritema multiforme	eritemo multiforma	erythema multiforme										7
08236	Diseases	pancreatitis	die Bauchspeicheldrüsenentzündung	la pancreatitis	la pancréatite	la pancreatite	a pancreatite	la pancreatitis	pankreatito	pancreatitis										7
08237	Diseases	hernia	der Bruch	la hernia	une hernie	l'ernia	a hérnia	l'hèrnia	hernio	hernia										7
08238	Diseases	nearsightedness (US), shortsightedness (UK), myopia	die Myopie, die Kurzsichtigkeit	la miopía	la myopie	la miopia	a miopia	la miopia	miopio	myopia										7
08239	Diseases	farsightedness (US), long-sightedness (UK), hyperopia	die Hyperopie, die Weitsichtigkeit	la hipermetropía	l'hypermétropie	l'ipermetropia	a hipermetropia	la hipermetropia	hipermetropio	hypermetropia										7
08240	Diseases	astigmatism	der Astigmatismus	el astigmatismo	l'astigmatisme	l'astigmatismo	o astigmatismo	l'astigmatisme	astigmatismo	astigmatismo										7
08241	Diseases	cataract	der Katarakt, der graue Star	la catarata	la cataracte	la cataratta	a catarata	la cataracta	katarakto	cataracta										7
08242	Diseases	macular degeneration	die Makuladegeneration	la degeneración macular	la dégénérescence maculaire	la degenerazione maculare	a degeneração macular	la degeneració macular	makula degenerado	degeneration macular										7
08243	Diseases	diabetic retinopathy	die diabetische Retinopathie	la retinopatía diabética	la rétinopathie diabétique	la retinopatia diabetica	a retinopatia diabética	la retinopatia diabètica	diabeta retinopatio	retinopathia diabetic										7
08244	Diseases	glaucoma	das Glaukom	el glaucoma	le glaucome	il glaucoma	o glaucoma	el glaucoma	glaŭkomo	glaucoma										7
08245	Diseases	keratoconjunctivitis sicca (KCS), dry eye syndrome	die Keratokonjunktivitis sicca, trockene Augen	la queratoconjuntivitis seca, el síndrome del ojo seco	les yeux secs	la cheratocongiuntivite	a síndrome do olho seco, a ceratoconjuntivite	la queratoconjuntivitis seca, la síndrome de l'ull sec	keratokonjunktivito seka, seka okula sindromo	keratoconjunctivitis sic, syndrome del oculo sic										7
08246	Diseases	blepharitis	die Blepharitis	la blefaritis	la blépharite	la blefarite	a blefarite	la blefaritis	blefarito	blepharitis										7
08247	Diseases	bloodshot eyes	die blutunterlaufenen Augen	los ojos inyectados de sangre	les yeux rouges	gli occhi iniettati di sangue	os olhos vermelhos	els ulls vermells	sangoplenaj okuloj	oculos injectate de sanguine										7
08248	Diseases	uveitis	die Uveitis, die Regenbogenhautentzündung	la uveítis	l'uvéite	l'uveite	a uveíte	la uveïtis	uveito	uveitis										7
08249	Diseases	retinal detachment	die Netzhautablösung	el desprendimiento de retina	le décolement de la rétine	il distaccamento della retina	o descolamento de retina	el despreniment de retina	retina disiĝo	distachamento del retina										7
08250	Diseases	respiratory illness	die Atemwegserkrankung	la enfermedad respiratoria	la maladie du système respiratoire	la malattia respiratoria	a doença respiratória	la malaltia respiratòria	spira malsano	maladia respiratori										7
08251	Diseases	hearing loss	die Taubheit	la sordera	la surdité	la perdita dell'udito	a perda auditiva	la pèrdua d'audició, la sordesa	aŭdperdo, surdeco	surditate										7
08252	Diseases	carpal tunnel syndrome	das Karpaltunnel-Syndrom	el síndrome del túnel carpiano	le syndrôme du canal carpien	la sindrome del tunnel carpale	a síndrome do túnel carpal	la síndrome del túnel carpià	karpala tunela sindromo	syndrome del tunnel carpian										7
08253	Diseases	tendinitis	die Tendinitis, die Sehnenentzündung	la tendinitis	la tendinite	la tendinite	a tendinite	la tendinitis	tendinito	tendinitis										7
08254	Diseases	thyroid cancer	der Schilddrüsenkrebs	el cáncer de tiroides	le cancer de la thyroïde	il cancro alla tiroide	o câncer de tireóide	el càncer de tiroide	tiroida kancero	cancere del thyroide										7
08255	Diseases	type 1 diabetes (insulin-dependant diabetes)	die Diabetes Typ 1 (Insulinabhängige Diabetes)	la diabetes mellitus tipo 1	le diabète de type 1 (diabète insulino-dépendant)	il diabete di tipo 1 (diabete insulino-dipendente) 	a diabetes tipo 1 (diabetes insulino-dependente)	la diabetis tipus 1 (diabetis insulinodependent)	tipo 1 diabeto (insulin-dependa diabeto)	diabete mellito typo 1										7
08256	Diseases	type 2 diabetes (non-insulin-dependant diabetes)	die Diabetes Typ 2 (Insulinunanbhängige Diabetes)	la diabetes mellitus tipo 2	le diabète de type 2 (diabète non insulino-dépendant)	il diabete di tipo 2 (diabete non insulino-dipendente) 	a diabetes tipo 2 (diabetes não insulino-dependente)	la diabetis tipus 2 (diabetis no insulinodependent)	tipo 2 diabeto (ne-insulin-dependa diabeto)	diabete mellito typo 2										7
08257	Diseases	Crohn's disease	die Crohn-Krankheit	la enfermedad de Crohn	la maladie de Chron	il morbo di Crohn	a doença de Crohn	la malaltia de Crohn	Crohn-malsano	morbo de Crohn										7
08258	Diseases	joint dislocation, luxation	die Luxation, die Ausrenkung	la luxación	la luxation	la lussazione	a luxação	la luxació	luksacio	luxation										7
08259	Diseases	mumps	der Mumps	las paperas	les oreillons	gli orecchioni	a caxumba	les galteres	parotito	parotiditis										7
08260	Diseases	otitis, ear infection	die Otitis, die Ohrenentzündung	la otitis	l'otite	l'otite	a otite	l'otitis, la infecció d'oïda	otito, orela infekto	otitis										7
08261	Diseases	measles	die Masern	el sarampión	la rougeole	il morbillo	o sarampo	el xarampió	morbilo	morbillo										7
08262	Diseases	rubella	die Röteln	la rubeola	la rubéole	la rosolia	a rubéola	la rubèola	rubeolo	rubeola										7
08263	Diseases	scarlet fever	der Scharlach	la escarlatina	la scarlatine	la scarlattina	a escarlatina	l'escarlatina	skarlatino	scarlatina										7
08264	Diseases	hepatitis B	die Hepatitis B	la hepatitis B	l'hépatite B	l'epatite B	a hepatite B	l'hepatitis B	hepatito B	hepatitis B										7
08265	Diseases	human papillomavirus (HPV)	das humane Papillomvirus (HPV)	el virus del papiloma humano (VPH)	le papillomavirus humain (HPV)	il papillomavirus umano (HPV)	o vírus do papiloma humano (HPV)	el virus del papil·loma humà (VPH)	homa papilomaviruso (HPV)	virus del papilloma human (VPH)										7
08266	Diseases	influenza, flu	die Grippe	la influenza	la grippe	l'influenza	a gripe	la grip	gripo	influenza										7
08267	Diseases	cystic fibrosis	die Mukoviszidose	la fibrosis quística	la mucoviscidose	la fibrosi cistica	a fibrose cística	la fibrosi quística	kista fibrozo	fibrosis cystic										7
08268	Diseases	swine influenza (SIV)	die Schweinegrippe	la gripe porcina	la grippe porcine	l'influenza suina	a gripe suína	la grip porcina	porka gripo	influenza porcin										7
08269	Diseases	avian influenza, bird flu	die Vogelgrippe	la gripe aviar	la grippe aviaire	l'influenza aviaria	a gripe aviária	la grip aviària	birda gripo	influenza avian										7
08270	Diseases	ebola	die Ebola	el ébola	Ebola	ebola	o Ebola	l'Ebola	Ebolo	ebola										7
08271	Diseases	Chikungunya	das Chikungunya-Fieber	el Chikungunya	le chikungunya	Chikungunya	o Chicungunha	el chikungunya	Ĉikungunjo	chikungunya										7
08272	Diseases	leprosy	die Lepra	la lepra	la lèpre	la lebbra	a lepra	la lepra	lepro	lepra										7
08273	Diseases	chickenpox	die Windpocken	la varicela	la varicelle	la varicella	a varicela, a catapora	la varicel·la	varicelo	varicella										7
08274	Medications	antihistaminic	das Antihistaminikum	el antihistamínico	l'antihistaminique	l'antistaminico	o anti-histamínico	l'antihistamínic (els antihistamínics)	antihistamino	antihistaminico										7
08275	Medications	anti-anxiety medication, anxiolytic	das Anxiolytikum	el ansiolítico	l'anxiolytique	l'ansiolitico	o ansiolítico	l'ansiolític (els ansiolítics)	anksiolitiko	anxiolytico										7
08276	Medications	bronchodilator	der Bronchodilatator	el broncodilatador	le bronchodilatateur	il broncodilatatore	o broncodilatador	el broncodilatador (els broncodilatadors)	bronkodilatilo	bronchodilatator										7
08277	Medications	tranquilizer	das Beruhigungsmittel	el tranquilizante	le tranquilisant	il calmante	o tranquilizante	el tranquil·litzant (els tranquil·litzants)	trankviligilo	tranquillisante										7
08278	Medications	vasodilator	der Vasodilatator	el vasodilatador	le vasodilatateur	il vasodilatatore	o vasodilatador	el vasodilatador (els vasodilatadors)	vazodilatilo	vasodilatator										7
08279	Medications	NSAID (non-steroidal anti-inflammatory drug)	das NSAR (das nichtsteroidale Antirheumatikum)	AINE (antinflamatorio no esteroideo)	AINS (anti-inflammatoire non-stéroïdien)	FANS (farmaci anti infiammatori non steroidei)	o anti-inflamatório não-esteroides (AINEs)	l'AINE (antiinflamatori no esteroidal)	AINS (ne-steroida kontraŭinflama drogo)	medicamento anti-inflammatori non-steroidal										7
08280	Medications	carbonic anhydrase inhibitor	der Carboanhydrasehemmer	el inhibidor de la anhidrasa carbónica	l'inhibiteur de l'anhydrase carbonique	l'inibitore della anidrasi carbonica	o inibidor da anídrase carbônica	l'inhibidor de l'anhidrasa carbònica	inhibitoro de karbona anhidrazo	inhibitor de anhydrase carbonic										7
08281	Medications	mucolytic drug	das Mukolytikum	el expectorante	le fluidifiant bronchique	i mucolitici	o agente mucolítico	el mucolític (els mucolítics)	mukolitiko	mucolytico										7
08282	Medications	antiviral drug	das Virostatikum	el antiviral	l'antiviral	l'antivirale	o antiviral	l'antiviral (els antivirals)	kontraŭvirusa medikamento	antiviral										7
08283	Medications	gout suppressant	das Gichtmedikament	el anti-gota	l'anti-goutteux	l'anti gotta	o antigotoso	l'antigotós (els antigotosos)	kontraŭpodagra medikamento	anti-gutta										7
08284	Medications	benzodiazepine	das Benzodiazepin	la benzodiazepina	le benzodiazépine	la benzodiazepina	a benzodiazepina	la benzodiazepina (les benzodiazepines)	benzodiazepino	benzodiazepina										7
08285	Medications	anti-vertigo drug	das Arzneimittel gegen Schwindel	el medicamento contra el vértigo	l'anti-vertigineux	il farmaco antivertiginoso	o anti-vertiginoso	el medicament antivertiginós (els medicaments antivertiginosos)	kontraŭvertiĝa medikamento	medicamento contra le vertigine										7
08286	Medications	inhibitor	der Hemmstoff	el inhibidor	l'inhibiteur	l'inibitore	o inibidor	l'inhibidor (els inhibidors)	inhibitoro	inhibitor										7
08287	Medications	antidepressant	das Antidepressivum	el antidepresivo	l'antidépresseur	l'antidepressivo	o antidepressivo	l'antidepressiu (els antidepressius)	antidepresiivo	antidepressivo										7
08288	Medications	antifungal	das Antimykotikum	el antihongos	l'antifongique	l'antifungino	o antifúngico	l'antifúngic (els antifúngics)	kontraŭfungino	antifungico										7
08289	Medications	antiretroviral drug	das antiretrovirale Medikament	el antirretroviral	l'antirétroviral	l'antiretrovirale	o antirretroviral	l'antiretroviral (els antiretrovirals)	kontraŭretrovirusa medikamento	antiretroviral										7
08290	Medications	antitubercular agent	das Tuberkulosemittel	el antitubercular	l'anti-tuberculeux	l'antitubercolare	o anti-tuberculoso	l'agent antituberculós (els agents antituberculosos)	kontraŭtuberkuloza agento	antitubercular										7
08291	Medications	androgen, androgenic hormone	das Androgen	el andrógeno	l'androgène	l'androgeno	o andrógeno	l'androgen, l'hormona androgènica	androgeno, androgena hormono	androgeno										7
08292	Medications	anorexic, appetite suppressant	der Appetitzügler	el inhibidor del apetito	l'anorexigène	il soppressore dell'appetito, l'anoressizzante 	o supressor de apetite	l'anorexigen, el supressor de la gana	anoreksigeno, apetitsubpremanto	inhibitor del appetito										7
08293	Medications	aminoglycoside agent	das Aminoglykosid	el aminoglucósido	l'aminoside	gli aminoglicosidi	o aminoglicosídeo	l'aminoglucòsid	aminoglikozido	aminoglycosido										7
08294	Medications	anesthetic	das Anästhetikum	el anestésico	l'anesthésique	l'anestetico	o anestésico	l'anestèsic	anestezilo	anesthetico										7
08295	Medications	receptor antagonist	der Rezeptor-Antagonist	el antagonista de receptor	l'antagoniste	l'antagonista del recettore	o antagonista	l'antagonista del receptor	receptora antagonisto	antagonista de receptor										7
08296	Medications	antiplatelet drug, antiaggregant	der Thrombozytenaggregationshemmer	el antiagregante plaquetario	l'antiagrégant plaquettaire	l'antiaggregante	o antiagregante plaquetário	l'antiagregant plaquetari	kontraŭplaketa medikamento	antiaggregante de plachettas										7
08297	Medications	antiarrhythmic agents	das Antiarrhythmikum	los agentes antiarrítmicos	l'antiarythmique	l'agente antiarirtmico	o antiarrítmico	l'antiarrítmic	kontraŭaritmia agento	agentes antiarrhythmic										7
08298	Medications	anticonvulsant	das Antikonvulsivum	el anticonvulsivo	l'anticonvulsivant	l'anticonvulsivante	o anticonvulsivo	l'anticonvulsiu	kontraŭkonvulsiilo	anticonvulsivo										7
08299	Medications	antiparkinson	das Antiparkinsonmittel	el antiparkinson	l'antiparkinsonien	l'antiparkinson	o antiparkinsoniano	l'antiparkinsonià	kontraŭparkinsona medikamento	antiparkinsoniano										7
08300	Medications	antiseptic drug	das Antiseptikum	el antiséptico	l'antiseptique	l'antisettico	o antisséptico	l'antisèptic	antisepsa medikamento	antiseptico										7
08301	Medications	antispasmodic	das Spasmolytikum	el antiespasmódico	l'antispasmodique	l'antispastico 	o antiespasmódico	l'antiespasmòdic	kontraŭspasmilo	antispasmodico										7
08302	Medications	barbiturate	das Barbiturat	el barbitúrico	le barbiturique	il barbiturico	o barbitúrico	el barbitúric	barbiturato	barbiturato										7
08303	Medications	cephalosporins	die Cephalosporine	las cefalosporina	le céphalosporine	le cefalosporine	as cefalosporinas	la cefalosporina	cefalosporino	cephalosporinas										7
08304	Medications	COX-2 inhibitor	der COX-2-Hemmstoff	el inhibidor de la COX-2	le coxib	l'inibitore della COX-2	os inibidores de COX-2	l'inhibidor de la COX-2	inhibitoro de COX-2	inhibitor de COX-2										7
08305	Medications	curare	die Curare	el curare	le curare	il curaro	o Curare	el curare	kuraro	curare										7
08306	Medications	tetracycline	das Tetracyclin	la tetraciclina	la tétracycline	la tetraciclina	a tetraciclina	la tetraciclina	tetraciklino	tetracyclina										7
08307	Medications	cytotoxic substance	die zellschädigende Substanz	la sustancia citotóxica	cytotoxique	citotossico	o citotóxico	la substància citotòxica	citotoksa substanco	substantia cytotoxic										7
08308	Medications	dopaminergic	dopaminerg	el dopaminérgico	dopaminergique	dopaminergico	o dopaminérgico	dopaminèrgic(a)	dopaminerga	dopaminergico										7
08309	Medications	estrogen	das Östrogen	el estrógeno	l'estrogène	l'estrogeno	o estrogênio	l'estrogen	estrogeno	estrogeno										7
08310	Medications	fibrate	das Fibrat 	el fibrato	la fibrate	il fibrato	o fibrato	el fibrat	fibrato	fibrato										7
08311	Medications	meglitinide	das Glinid	la meglitidina	la glinide	i meglitidini	a meglitinidas	la meglitinida	meglitinido	meglitinida										7
08312	Medications	heparin	das Heparin	la heparina	l'héparine	l'eparina	a heparina 	l'heparina	heparino	heparina										7
08313	Medications	hormone	das Hormon	la hormona	l'hormone	l'ormone	o hormônio	l'hormona	hormono	hormon										7
08314	Medications	hypnotic	das Hypnotikum	el hipnótico	l'hypnotique	l'ipnotico	o hipnótico	l'hipnòtic	hipnotiko	hypnotico										7
08315	Medications	MAOI, Monoamine Oxidase Inhibitor	die MAO-Hemmer, die Monoaminoxidase -Hemmer	IMAO, Inhibidores de la Monoaminooxidasa	IMAO, Inhibiteurs de la Monoamine Oxydase	IMAO, Inibitori delle Monoammino Ossidasi	os inibidores da monoamina oxidase (IMAO)	l'IMAO, inhibidor de la monoaminooxidasa	IMAO, inhibitoro de monoamina oksidazo	IMAO, inhibitor de monoamino-oxydase										7
08316	Medications	immunosuppressor	das Immunsuppressivum	el inmunosupresor	l'immunosuppresseur	l'immunosoppressore	o imunossupressor	l'immunosupressor	imunosupresoro	immunosuppressor										7
08317	Medications	macrolide	das Makrolidantibiotikum	el macrólido	le macrolide	il macrolide	o macrólido / o macrolídeo	el macròlid	makrolido	macrolido										7
08318	Medications	antipsychotic	das Antipsychotikum	el antipsicótico	le neuroleptique	l'antipsicotico, il neurolettico	o antipsicótico, o neurolépticos	l'antipsicòtic, el neurolèptic	antipsikotiko, neŭroleptiko	antipsychotico										7
08319	Medications	penicillin	das Penicillin	la penicilina	la pénicilline	la penicillina	a penicilina	la penicil·lina	penicilino	penicillina										7
08320	Medications	retinoid	das Retinoid	el retinoide	la rétinoïde	il retinoide	o retinóide	el retinoide	retinoido	retinoide										7
08321	Medications	spermicide	das Spermizid	el espermicida	le spermicide	lo spermicida	o espermicida	l'espermicida	spermicido	spermicida										7
08322	Medications	thrombolytic drug	das Thrombolytikum	el tratamiento trombolítico	la thrombolytique	il trombolitico	o fibrinolíticos	el trombolític	trombolitika medikamento	medicamento thrombolytic										7
08324	Medications	metered dose inhaler (MDI)	das Dosieraerosol	el inhalador	l'inhalateur	l'inalatore	o inalador	l'inhalador de dosi mesurada (IDM)	mezurdona inhalilo (MDI)	inhalator a dose mesurate										7
08325	Medications	powder for oral suspension	das Pulver zur Herstellung einer Suspension zum Einnehmen	el polvo para suspensión oral	la poudre pour suspension buvable	la polvere per sospensione orale	o pó para suspensão oral	la pols per a suspensió oral	pulvoro por buŝa suspendo	pulvere pro suspension oral										7
08326	Medications	effervescent substance	Brause-	la sustancia efervescente	effervescent	effervescente	o efervescente	efervescent	eferveska	substantia effervescente										7
08327	Medications	parenteral administration	die parenterale Verabreichung	la vía de administración parenteral	la voie parentérale	la via parenterale	a administração parenteral	l'administració parenteral	parentera administrado	administration parenteral										7
08328	Medications	cutaneous absorption	die Medikamenteneinnahme über die Haut	la vía cutánea	la voie cutanée	la via cutanea	a via cutânea	l'absorció cutània	haŭta absorbo	absorption cutanee										7
08329	Medications	transmucosal absorption	die transmukosale Anwendung	la vía transmucosa	la voie transmuqueuse	la via transmucosale	a via transmucosa	l'absorció transmucosa	transmukosa absorbo	absorption transmucosal										7
08330	Medications	intramuscular	intramuskulär	intramuscular	intramusculaire	intramuscolare	intramuscular	intramuscular	intramuskola	intramuscular										7
08331	Medications	intravenous	intravenös	intravenoso	intraveineuse	intravenoso	intravenoso	intravenós(a)	intravejna	intravenose										7
08332	Medications	subcutaneous	subkutan	subcutáneo	sous-cutanée	sottocutaneo	subcutâneo	subcutani(ània)	subhaŭta	subcutanee										7
08333	Medications	ointment	die Salbe	la pomada	la pommade	la pomata	a pomada	la pomada	ungvento	unguento										7
08334	Medical Procedures	swab	der Abstrich	la torunda, el hisopo (AL)	écouvillonage	i materiali prelevati	o esfregaço	el frotis	ŝmiraĵo	tampon										7
08335	Emergencies	CPR (cardiopulmonary resuscitation)	die kardiopulmonale Reanimation (CPR)	RCP (la reanimación cardiopulmonar)	la RCP (réanimation cardio-pulmonaire)	RCP (la rianimazione cardiopolmonare)	a reanimação cardiopulmonar (RCP)	la RCP (reanimació cardiopulmonar)	KPR (kardiopulma revivigo)	RCP (resuscitation cardiopulmonar)										7
08336	Emergencies	mouth-to-mouth resuscitation	die Mund-zu-Mund-Beatmung	la respiración boca a boca	le bouche-à-bouche	la respirazione bocca-a-bocca	a respiração boca a boca	la respiració boca a boca	buŝ-al-buŝa revivigo	respiration bucca a bucca										7
08337	Emergencies	insect sting/bite	der Insektenstich	la picadura de insecto	la piqûre d'insecte	la puntura d'insetto	a picada/mordida de inseto	la picada d'insecte	insekta piko/mordo	punctura o morsura de insecto										7
08338	Emergencies	intoxication	die Vergiftung	la intoxicación, la embriaguez	l'intoxication	l'intossicazione, l'ubriachezza	a intoxicação	la intoxicació, l'embriaguesa	intoksikado	intoxication										7
08339	Emergencies	overdose 	die Überdosis	la sobredosis	l'overdose	l'overdose	a overdose	la sobredosi	superdozo	dose troppo forte										7
08340	Diseases	blood circulation	der Blutkreislauf	la circulación sanguínea	la circulation sanguine	la circolazione sanguigna	a circulação sanguínea	la circulació sanguínia	sangocirkulado	circulation sanguinee										7
08341	Parts of the Body	placenta	die Plazenta	la placenta	le placenta	la placenta	a placenta	la placenta	placento	placenta										7
08342	Medications	oral contraception	die orale Empfängnisverhütung	el contraceptivo oral	la contraception orale	il contraccettivo orale	o contraceptivo oral	l'anticoncepció oral	buŝa kontraŭkoncipado	contraception oral										7
08343	Medications	to stop taking the pill	aufhören die Pille zu nehmen	dejar de tomar la píldora	arrêter la pilule	smettere la pillola	parar de tomar pílula	deixar de prendre la píndola	ĉesi preni la pilolon	cessar de prender le pilula										7
08344	Medications	morning after pill, plan B	die Pille danach	la píldora del día después	la pilule du lendemain	la pillola del giorno dopo	a pílula do dia seguinte	la píndola de l'endemà	postkoita pilolo	pilula del die sequente										7
08345	Medications	condom	das Kondom	el preservativo	le préservatif	il preservativo	o preservativo, a camisinha	el preservatiu, el condó	kondomo	preservativo										7
08346	Medical Procedures	vasectomy	die Vasektomie, die Sterilisation	la vasectomía	la vasectomie	la vasectomia	a vasectomia	la vasectomia	vazektomio	vasectomia										7
08347	Personal Care	(menstrual) pad	die Binde	la toalla sanitaria, la compresa	la serviette hygiénique	l'assorbente	o absorvente	la compresa (higiènica)	(menstrua) kuseneto	compressa sanitari										7
08363	Diseases	hypopituitarism	der Hypopituitarismus	el hipopituitarismo	l'hypopituitarisme	l'ipopituitarismo	o hipopituitarismo	l'hipopituitarisme	hipopituitarismo	hypopituitarismo										7
08833	Essential Vocabulary	stork	der Storch	la cigüeña	la cigogne	la cicogna	a cegonha	la ciconya	cikonio	ciconia										7
08839	Essential Vocabulary	nylon	das Nylon	el nylon	le nylon	il nylon	o nylon	el niló	nilono	nylon										6
08841	Essential Vocabulary	petticoat	der Unterrock	la enagua	le jupon	la sottogonna	a anágua	les enagos	subjupo	veste										7
08896	Nouns & Objects	Blood pressure cuff	Blutdruckmanschette	Tensiómetro	Brassard de tensiomètre	Sfigmomanometro / Bracciale per la pressione	Braçadeira de pressão / Esfigmomanômetro	Esfigmomanòmetre / Braçalet de pressió arterial	Manumo de sangopremo	manchette de sphygmomanometro										6
08924	Law & Justice	Tell him he is under arrest for leaving the scene of an accident and for failing to comply with a law enforcement officer	Sagen Sie ihm, dass er wegen Unfallflucht und wegen Missachtung der Anweisungen eines Polizeibeamten festgenommen ist.	Dígale que está arrestado por abandonar la escena de un accidente y por no acatar las órdenes de un agente del orden	Dites-lui qu'il est en état d'arrestation pour délit de fuite et pour refus d'obtempérer à un agent des forces de l'ordre.	Gli dica che è in arresto per allontanamento dal luogo dell'incidente e per non aver obbedito a un pubblico ufficiale	Diga a ele que ele está preso por fugir do local de um acidente e por desobedecer às ordens de um policial	Digueu-li que està detingut per abandonar el lloc d'un accident i per no complir les ordres d'un agent de l'autoritat	Diru al li, ke li estas arestita pro forlaso de la loko de akcidento kaj pro neobeo al policisto	Dice le que ille es sub arresto pro haber abandonate le scena de un accidente e pro non haber obedite a un agente del ordine public.										6
08926	Shopping & Services	We don't open car doors. Call Pop-a-Lock or find a locksmith	Wir öffnen keine Autotüren. Rufen Sie einen Pannendienst an oder suchen Sie einen Schlüsseldienst.	Nosotros no abrimos puertas de carros. Llame a Pop-a-Lock o consígase un cerrajero.	Nous n'ouvrons pas les portières de voiture. Appelez un serrurier.	Noi non apriamo le portiere delle auto. Chiami un fabbro.	Nós não abrimos portas de carros. Ligue para o chaveiro.	No obrim portes de cotxes. Truqueu a un servei de serralleria o busqueu un manyà	Ni ne malfermas aŭtopordojn. Voku Pop-a-Lock aŭ trovu seruriston	Nos non aperi portas de automobiles. Appella Pop-a-Lock o trova un serraturero.										6
08927	Idioms & Expressions	In this team, you either step up or step off	In diesem Team ziehst du entweder mit oder du haust ab.	En este equipo, o te pones las pilas o te largas	Dans cette équipe, soit tu assures, soit tu dégages.	In questa squadra, o ti rimbocchi le maniche o te ne vai	Nesse time, ou você mostra a que veio ou cai fora	En aquest equip, o t'hi impliques o te'n vas	En ĉi tiu teamo, vi aŭ strebas aŭ foriras	In iste equipa, o tu assume responsabilitate o tu parti.										6
08928	Idioms & Expressions	To rest on one's laurels	Sich auf seinen Lorbeeren ausruhen	Dormirse en los laureles	S'endormir sur ses lauriers	Adagiarsi sugli allori	Descansar sobre os louros	Adormir-se a la palla / Viure de rendes	Repozi sur siaj laŭroj	reposar super su lauros	Ruhen Sie sich nach einem Erfolg nicht auf Ihren Lorbeeren aus.	No se duerma en los laureles después de un solo éxito.	Ne vous endormez pas sur vos lauriers après un seul succès.	Non si adagi sugli allori dopo un solo successo.	Não descanse sobre os louros depois de um único sucesso	Don't rest on your laurels after one success	No s'adormi a la palla després d'un èxit.	Ne ripozu sur viaj laŭroj post unu sukceso	Non te reposa super tu lauros post un sol successo.	6
08929	Slang & Informal Speech	Jalopy	Klapperkiste / alte Karre (ugs.)	Cacharro (carro feo/viejo)	Tacot / Vieille guimbarde	Catorcio	Calhambeque / Lata velha / Calante	Catxarpa / Cotxe atrotinat	Veteranaĉo / Aŭtaĉo	automobile decrepite										7
08930	Slang & Informal Speech	Contraption	Vorrichtung / neumodisches Ding / Kasten	Mamotreto, armatoste (artefacto grande y feo).	Engin / Machin / Bidule	Arnese ingombrante / Mastodonte / Baraccone	Trambolho / Engenhoca / Treco	Andròmina / Giny	Aparataĉo / Strangilo	apparato bizarre										7
08931	Slang & Informal Speech	Eyesore	Schandfleck	Adefesio	Verrue / Horreur / Crime visuel	Obbrobrio / Pugno nell'occhio	Coisa horrorosa	Esguerro / Feres d'espantar	Vid-aĉaĵo / Malbelaĵo	offensa al vista	Das verlassene Haus nebenan ist ein Schandfleck, der alle umliegenden Grundstücke abwertet.	La casa abandonada al lado es un adefesio que devalúa todas las propiedades circundantes.	La maison abandonnée à côté est une horreur qui dévalue toutes les propriétés environnantes.	La casa abbandonata a fianco è un obbrobrio che svaluta tutte le proprietà vicine.	A casa abandonada do lado é uma coisa horrorosa que desvaloriza todas as propriedades em volta.	The abandoned house next door is an eyesore that devalues all the surrounding properties	La casa abandonada del costat és un esguerro que devalua totes les propietats del voltant.	La forlasita domo apude estas malbelaĵo, kiu devalutas ĉiujn ĉirkaŭajn propraĵojn	Le casa abandonate al latere es un offensa al vista que devaluta tote le proprietates circumjacente.	7
08933	Slang & Informal Speech	My boss picked me up and shoved me headfirst into the toilet.	Mein Chef hob mich hoch und steckte mich mit dem Kopf voran in die Toilette.	Mi jefe me levantó y me metió de cabeza al inodoro.	Mon patron m'a soulevé et m'a mis la tête dans les toilettes.	Il mio capo mi ha sollevato e mi ha infilato la testa nel water.	Meu chefe me levantou e me enfiou de cabeça no vaso sanitário.	El meu cap em va agafar i em va ficar de cap al vàter.	Mia estro levis min kaj puŝis min kapantaŭe en la necesejon.	Mi chef me levava e me impelleva capite avante in le toilette.										6
08934	Travel & Tourism	If we manage to reschedule the flight, how much would the car rental cost change if we arrived one hour earlier?	Wenn es uns gelingt, den Flug umzubuchen, wie stark würde sich der Preis für den Mietwagen ändern, wenn wir eine Stunde früher ankämen?	Si logramos reagendar el vuelo, ¿cuánto cambiaría el costo de alquiler del vehículo por llegar una hora antes?	Si nous réussissons à reporter le vol, de combien changerait le coût de la location de voiture en arrivant une heure plus tôt ?	Se riusciamo a spostare il volo, quanto cambierebbe il costo del noleggio auto arrivando un'ora prima?	Se a gente conseguir remarcar o voo, quanto mudaria o custo do aluguel do carro por chegar uma hora mais cedo?	Si aconseguim reprogramar el vol, quant canviaria el cost del lloguer del cotxe si arribéssim una hora abans?	Se ni sukcesos transloki la flugon, kiom ŝanĝiĝus la kosto de aŭtoluo se ni alvenus unu horon pli frue?	Si nos succede a reprogrammar le volo, quanto cambiarea le costo del location del automobile si nos arrivava un hora plus tosto?										7
08947	Health & Wellness	Chiropractor	Chiropraktiker / Chiropraktikerin	Quiropráctico	Chiropracteur / Chiropraticien	Chiropratico	Quiroprata	Quiropràctic / Quiropràctica	Kiropraktikisto	Chiropractor										6
08949	Psychology & Mental Health	I'm in full possession of my mental faculties	Ich bin im Vollbesitz meiner geistigen Kräfte	Estoy en completo uso de mis facultades mentales	Je suis en pleine possession de mes facultés mentales	Sono in pieno possesso delle mie facoltà mentali	Estou em pleno uso das minhas faculdades mentais	Estic en plena possessió de les meves facultats mentals	Mi plene posedas miajn mensajn kapablojn	Io es in plen possession de mi facultates mental.										7
08952	Idioms & Expressions	The day he left, I cried my eyes out	An dem Tag, als er ging, habe ich mir die Augen aus dem Kopf geweint.	El día que se fue, lloré a mares	Le jour où il est parti, j'ai pleuré toutes les larmes de mon corps.	Il giorno che se n'è andato, ho pianto tutte le mie lacrime	No dia que ele foi embora, eu chorei rios / chorei pra caramba	El dia que va marxar, vaig plorar a llàgrima viva	La tagon kiam li foriris, mi ploregis senkonsole	Le die que ille parti, io plorava multo.										6
08966	Medicine & Anatomy	RhoGAM shot, Rho (D) Immune Globulin	RhoGAM-Spritze, Anti-D-Immunglobulin	Inyección de RhoGAM / Inyección de inmunoglobulina anti-D	Injection de RhoGAM, Immunoglobuline anti-D	Iniezione di RhoGAM / Immunoglobulina anti-D	Injeção de RhoGAM / Imunoglobulina anti-D	Injecció de RhoGAM, Immunoglobulina anti-D	RhoGAM-injekto, Imunglobulino anti-D	injection de RhoGAM / injection de immunoglobulina anti-D										6
08967	Medicine & Anatomy	Dry socket	Alveolitis sicca / Trockene Alveole	Alveolitis seca / alveolar osteitis	Alvéolite	Alveolite secca	Alveolite seca / Osteíte alveolar	Alvèol sec	Alveolito seka	alveolite sic / osteite alveolar										6
08968	Business & Professional	He's moving up the corporate ladder	Er klettert die Karriereleiter hoch / Er steigt auf der Karriereleiter auf.	Él está ascendiendo en la empresa.	Il gravit les échelons de l'entreprise.	Sta facendo carriera in azienda.	Ele está subindo na vida na empresa / subindo na hierarquia.	Està pujant en l'escala corporativa	Li progresas en la kompania hierarkio	Il ascende in le interprisa.										6
08970	Idioms & Expressions	I'm popping pills like candy.	Ich werfe Pillen ein wie Bonbons.	Estoy tomando pastillas como caramelos.	J'avale des cachets comme des bonbons.	Prendo pillole come se fossero caramelle.	Estou tomando comprimido que nem bala.	M'estic prenent pastilles com si fossin caramels.	Mi glutas pilolojn kvazaŭ dolĉaĵojn.	Io prende pilulas como bonbones.										6
08972	Idioms & Expressions	They say **the devil looks after his own**, that's why I'm still here.	Man sagt, **der Teufel sorgt für die Seinen** / **Unkraut vergeht nicht**, deshalb bin ich immer noch hier.	Dicen que **hierba mala nunca muere**, por eso sigo aquí.	On dit que **le diable protège les siens**, c'est pour ça que je suis toujours là.	Dicono che **l'erba cattiva non muore mai**, per questo sono ancora qui.	Dizem que **vaso ruim não quebra**, por isso ainda estou aqui.	Diuen que **mala herba mai mor**, per això encara soc aquí.	Oni diras ke **la diablo protektas siajn proprajn**, tial mi ankoraŭ estas ĉi tie.	On dice que le diabolo protege su amicos; pro isto io es ancora hic.										7
08973	Medicine & Anatomy	Nipple shield	Brusthütchen / Stillhütchen	Protector de pezón / Cubrepezón / pezonera	Téterelle	Paracapezzoli	Protetor de mamilo / Bico de silicone	Mugronera	Mugronŝirmilo / Cica silikona protektilo	protector de papilla	Das **Stillhütchen** wird so aufgesetzt: _man stülpt es um_ und setzt es auf.	Así que la **pezonera** se coloca de esta manera: _la voltea_ y se la pone.	La **téterelle** se met comme ceci : _on la retourne_ et on la place.	Il **paracapezzoli** si mette così: lo rivolti e lo applichi.	O protetor de mamilo é colocado assim: você vira do avesso e coloca.	So the **nipple shield** goes on like this: _you fold it back_ and put it on.	Així que la **mugronera** es posa així: _es doblega cap enrere_ i es col·loca.	Tiel la **mugronŝirmilo** estas metata: _vi faldas ĝin malantaŭen_ kaj surmetas ĝin.	Assi, le protector de papilla se pone assi: tu lo plica retro e lo applica.	6
08974	Basic Conversation	And does he happen to work nearby?	Und arbeitet er zufällig in der Nähe?	¿Y por casualidad él trabaja cerca?	Et est-ce qu'il travaille dans le coin par hasard ?	E per caso lavora qui vicino?	E por acaso ele trabalha perto?	I per casualitat treballa a prop?	Kaj ĉu li hazarde laboras proksime?	E ille per caso labora presso?										6
08986	Medicine & Anatomy	ALL, Acute lymphoblastic leukemia	ALL, Akute lymphoblastische Leukämie	Leucemia linfoblástica aguda	LLA, Leucémie Aiguë Lymphoblastique	Leucemia linfoblastica acuta	Leucemia linfoblástica aguda	LLA, Leucèmia limfoblàstica aguda	ALL, Akuta limfoblasta leŭkemio	LLA, leucemia lymphoblastic acute										7
08990	Medicine & Anatomy	CD4 count	CD4-Zahl	Recuento de CD4 (linfocitos T CD4)	Taux de CD4 / Numération des CD4	Conta dei CD4	Contagem de CD4 (linfócitos T CD4)	Recompte de CD4	CD4-nombro	conto de CD4										6
08996	Health & Wellness	Do you have any trouble grooming, bathing, or getting dressed by yourself?	Haben Sie Schwierigkeiten beim Waschen, Baden oder selbstständigen Anziehen?	¿Tiene algún problema para arreglarse, bañarse o vestirse por sí mismo/a?	Avez-vous des difficultés à faire votre toilette, à vous laver ou à vous habiller seul ?	Ha problemi a lavarsi, farsi il bagno o vestirsi da solo?	Você tem algum problema para se cuidar, tomar banho ou se vestir sozinho?	Té algun problema per arreglar-se, banyar-se o vestir-se tot sol?	Ĉu vi havas ian malfacilon pri kombado, banado aŭ memstara vestiĝo?	Ha vos alcun difficultate a arrangiar vos, baniar vos, o vestir vos per vos mesme?										6
08997	Nouns & Objects	Band-aid	Pflaster	Curita / Tirita / Bandita	Pansement	Cerotto	Curativo / Band-aid	Tirita / Apòsit	Hansaplasto / Glubando	emplastro adhesive										6
09001	Medicine & Anatomy	The Cook's catheter is a double-balloon catheter used to induce labor.	Der Cook-Katheter ist ein Doppelballonkatheter zur Geburtseinleitung.	El catéter de Cook es un catéter de balón doble que se usa para inducir el parto	La sonde de Cook est un cathéter à double ballonnet utilisé pour déclencher le travail.	Il catetere di Cook è un catetere a doppio palloncino usato per indurre il travaglio	O cateter de Cook é um cateter de balão duplo usado para induzir o parto	El catèter de Cook és un catèter de doble baló que s'utilitza per induir el part.	La katetoro de Cook estas du-balona katetoro uzata por provoki naskodoloron.	Le catheter de Cook es un catheter a duple ballon usate pro inducer le parto.										6
09004	Basic Conversation	Would it be possible for you to schedule an appointment for Javier Garcia too? He's my son, so I can bring them both.	Wäre es möglich, auch einen Termin für Javier Garcia zu vereinbaren? Er ist mein Sohn, sodass ich beide mitbringen kann.	¿Sería posible que me programe usted una cita para Javier García, también? Es mi hijo, así que puedo llevar a ambos.	Serait-il possible de prendre rendez-vous pour Javier Garcia aussi ? C'est mon fils, comme ça je peux les amener tous les deux.	Sarebbe possibile fissare un appuntamento anche per Javier García? È mio figlio.	Seria possível marcar uma consulta para o Javier García também? Ele é meu filho, então posso levar os dois.	Seria possible que programés una cita per al Javier Garcia també? És el meu fill, així que puc portar-los a tots dos.	Ĉu eblus plani viziton ankaŭ por Javier Garcia? Li estas mia filo, do mi povas venigi ambaŭ.	Serea possibile que vos fixa un cita etiam pro Javier Garcia? Ille es mi filio, assi io pote apportar ambes.										7
09005	Health & Wellness	I feel like my eye is popping out	Ich habe das Gefühl, mein Auge tritt aus der Augenhöhle	Siento como que se me sale el ojo	J'ai l'impression que mon œil va sortir de son orbite	Sento come se mi stesse uscendo l'occhio	Sinto como se meu olho estivesse pulando para fora	Sento com si em sortís l'ull	Mi sentas kvazaŭ mia okulo elstaras	Io ha le impression que mi oculo es sur le puncto de sortir.										6
09006	Basic Conversation	I'm going to peek outside and see if your PT (physical therapist) is here.	Ich schaue mal kurz nach draußen, ob Ihr Physiotherapeut da ist.	Voy a asomarme afuera a ver si ya llegó tu fisioterapeuta	Je vais jeter un coup d'œil pour voir si votre kiné (kinésithérapeute) est là.	Vado a vedere fuori se è arrivato il tuo fisioterapeuta	Vou dar uma olhada lá fora para ver se o seu fisioterapeuta já chegou	Treuré el cap a fora a veure si el seu fisioterapeuta ja és aquí.	Mi rigardetos eksteren por vidi ĉu via fizika terapiisto estas ĉi tie.	Io va reguardar foras pro vider si tu physiotherapeuta ha jam arrivate.										6
