ID	Category	EN	DE	ES	FR	IT	PT	CA	EO	IA	txt_de	txt_es	txt_fr	txt_it	txt_pt	txt_en	txt_ca	txt_eo	txt_ia	Level
03247	Everyday Phrases	I dunno (I don't know)	Keine Ahnung	No lo sé	J'sais pas	Non so, boh	(Eu) não sei, sei lá	No ho sé, ni idea	Mi ne scias	Io non lo sape	Keine Ahnung, ich habe vorher nie darüber nachgedacht	No lo sé, nunca lo había pensado	J'sais pas, j'y ai jamais pensé avant	Boh, non ci ho mai pensato prima	Eu não sei, eu nunca pensei nisso antes	I dunno; I never thought about it before	No ho sé, mai hi havia pensat.	Mi ne scias; mi neniam pensis pri tio antaŭe.	Io non lo sape; io nunquam habeva pensate a illo antea.	8
03248	Adjectives	unidentified, anonymous	unbekannt, anonym	no identificado(a), anónimo(a)	non identifié, anonyme	non identificato, anonimo	não identificado(a), anônimo(a)	no identificat(ada), anònim(a)	neidentigita, anonima	non identificate; anonyme	Es gibt noch immer unbekannte Nummern in meiner Kontaktliste	Todavía hay números no identificados en mi lista de contactos	Il y a encore des numéros non identifiés dans ma liste de contacts	Ci sono ancora numeri ignoti nei miei contatti	Ainda há números não identificados na minha lista de contatos	There are still unidentified numbers in my contacts	Encara hi ha números no identificats a la meva llista de contactes.	Ankoraŭ estas neidentigitaj nombroj en mia kontaktlisto.	Il ha ancora numeros non identificate in mi lista de contactos.	8
03249	Adjectives	cunning, shrewd	schlau	listo(a)	malin	furbo	esperto(a), malandro(a)	astut(a)	ruza	astute	Du denkst, du bist schlauer als ich?	¿Crees que eres más listo que yo?	Tu penses que tu es plus malin que moi ?	Pensi di essere più furbo di me?	Você acha que é mais esperto do que eu?	Do you think you're more cunning than me?	Penses que ets més astut que jo?	Ĉu vi pensas, ke vi estas pli ruza ol mi?	Crede tu que tu es plus astute que io?	8
03250	Adjectives	automatic	automatisch	automático(a)	automatique	automatico	automático(a)	automàtic(a)	aŭtomata	automatic	Das Flugzeug ist in automatischer Steuerungslage	El avión está en modo piloto automático	L'avion est en mode pilote automatique	L'aereo è in modalità pilota automatico	O avião está no piloto automático	The airplane is on automatic pilot	L'avió està en pilot automàtic.	La aviadilo estas sur aŭtomata piloto.	Le avion es in modo de pilota automatic.	8
03251	Adjectives	delicate	zart, fein	delicado(a)	délicat(e)	delicato(a)	delicado(a)	delicat(ada)	delikata	delicate										8
03252	Adjectives	diplomatic	diplomatisch	diplomático(a)	diplomatique	diplomatico(a)	diplomático(a)	diplomàtic(a)	diplomatia	diplomatic	Frankreich erwartet diplomatische Ünterstützung von seinen Verbündeten	Francia espera el apoyo diplomático de sus aliados	La France attend un appui diplomatique de ses alliés	La Francia aspetta un appoggio diplomatico dai suoi alleati	A França espera o apoio diplomático de seus aliados	France expects diplomatic support from its allies	França espera el suport diplomàtic dels seus aliats.	Francio atendas diplomatian subtenon de siaj aliancanoj.	Francia expecta le appoio diplomatic de su alliatos.	8
03253	Adjectives	elastic	elastisch, dehnbar	elástico(a)	élastique	elastico(a)	elástico(a)	elàstic(a)	elasta	elastic	Brotteig muss elastisch sein, damit er richtig aufgeht.	La masa para hacer pan tiene que ser elástica para que crezca bien	La pâte à pain doit être élastique pour bien lever	L'impasto del pane deve essere elastico per lievitare bene.	A massa do pão deve ser elástica para crescer corretamente	Bread dough must be elastic for it to rise properly	La massa del pa ha de ser elàstica per pujar correctament.	Pana pasto devas esti elasta por bone leviĝi.	Le pasta pro facer pan debe esser elastic pro que illo cresce ben.	8
03254	Adjectives	blank	leer	en blanco, virgen	blanc (blanche), vide, vierge	vergine, vuoto	em branco	en blanc	blanka	blanc	Das ist ein leeres Dokument	Es un documento virgen	C'est un document vierge (vide)	È un documento vergine	É um documento em branco	It's a blank document	És un document en blanc.	Estas blanka dokumento.	Illo es un documento in blanco.	8
03255	Adjectives	tight	eng (anliegend), straff	estrecho(a), ajustado(a)	serré(e), moulant(e)	stretto(a), aderente	apertado(a)	ajustat(ada), cenyit(ida)	streĉa	stricte, adjustate	Sie trug eng anliegende Hosen.	Ella llevaba pantalones estrechos.	Elle portait un pantalon moulant	Indossava dei pantaloni aderenti.	Ela estava usando calças apertadas	She was wearing tight pants	Ella portava uns pantalons ajustats.	Ŝi portis streĉajn pantalonojn.	Illa portava pantalones stricte.	8
03256	Adjectives	extreme	extrem, äußerste/r/s	extremo(a)	extrême	estremo(a)	extremo(a), radical	extrem(a)	ekstrema	extreme	Manu mag extreme Sportarten.	A Manu le gustan los deportes extremos	Manu aime les sports extrêmes	Manu ama gli sport estremi.	Manu gosta dos esportes radicais	Manu likes extreme sports	A en Manu li agraden els esports extrems.	Manu ŝatas ekstremajn sportojn.	Manu ama le sportes extreme.	8
03257	Adjectives	fertile	fruchtbar, ergiebig	fértil	fertile	fertile	fértil	fèrtil	fekunda	fertile	Fruchtbares Land ist ideal für das Pflanzenwachstum.	El suelo fértil es ideal para el crecimiento de las plantas	Une terre fertile est idéale pour la croissance des plantes	Una terra fertile è ideale per la crescita delle piante.	Uma terra fértil é ideal para o crescimento das plantas	Fertile land is ideal for plants' growth	La terra fèrtil és ideal per al creixement de les plantes.	Fekunda tero estas ideala por la kresko de plantoj.	Le terra fertile es ideal pro le crescimento del plantas.	8
03258	Adjectives	vicious	brutal, rücksichtslos, bösartig	brutal, malintencionado	brutal(e), malveillant(e)	violento	violento(a)	brutal, malintencionat(ada)	malica	vitiose	Garys bösartiger Kommentar verletzteMarie	Los comentarios malintencionados de Gary hieren a Marie	Les commentaires malveillants de Gary ont blessé Marie	I commenti violenti di Gary hanno ferito Marie.	Os comentários violentos de Gary feriram Marie	Gary's vicious comments hurt Marie	Els comentaris malintencionats d'en Gary van ferir la Marie.	La malicaj komentoj de Gary vundis Marion.	Le commentarios vitiose de Gary feriva Marie.	8
03259	Adjectives	hostile	feindlich	hostil	hostile	ostile	hostil	hostil	malamika	hostil	Die Militärs befinden sich in feindlicher Umgebung.	Los militares se encuentran en terreno hostil	Les militaires se retrouvent dans un milieu hostile	I militari si trovano in un ambiente ostile	Os militares estão em terreno hostil	The soldiers find themselves in hostile territory	Els militars es troben en territori hostil.	La soldatoj trovas sin en malamika teritorio.	Le soldatos se trova in territorio hostil.	8
03260	Adjectives	intense	intensiv	intenso(a)	intense	intenso(a)	intenso(a)	intens(a)	intensa	intense	Er beobachtete sie mit einem intensiven Blick	La estaba observandocon una mirada intensa	Il l'observait avec un regard intense	La osservava con uno sguardo intenso	Ele a observava com um olhar intenso	He watched her with an intense gaze	La va observar amb una mirada intensa.	Li rigardis ŝin per intensa rigardo.	Ille la observava con un reguardo intense.	8
03261	Adjectives	legal	legal	legal	légal(e)	legale	legal (dentro da lei)	legal	laŭleĝa	legal	Ist es in diesem Land legal, mehr als 40 Stunden pro Woche zu arbeiten?	¿En este país es legal trabajar más de 40 horas a la semana?	Travailler plus de 40 heures par semaine est-il légal dans ce pays ?	In questo paese è legale lavorare più di 40 ore a settimana?	Trabalhar mais de 40 horas por semana é legal neste país?	Is working more than 40 hours a week legal in this country?	És legal en aquest país treballar més de 40 hores a la setmana?	Ĉu labori pli ol 40 horojn semajne estas laŭleĝa en ĉi tiu lando?	Es legal laborar plus que 40 horas per septimana in iste pais?	8
03262	Adjectives	smooth	glatt, regelmäßig, flüssig	fluido(a), liso(a)	lisse, régulier(ère), fluide	liscio, regolare, fluido	fluido(a), liso(a)	fluid(a), llis(a)	glata	lisie	Die Bewegungen des Tänzers waren flüssig	Los movimientos de la bailarina eran fluidos	Les mouvements du danseur étaient fluides	I movimenti del ballerino erano fluidi	Os movimentos do bailarino eram fluidos	The dancer's movements were smooth	Els moviments del ballarí eren fluids.	La movoj de la dancisto estis glataj.	Le movimentos del dansatrice esseva fluide.	8
03263	Adjectives	local	lokal, örtlich	local	local(e)	locale	local	local	loka	local	Neapel hat viele lokale Spezialitäten.	Nápoles tiene varias especialidades locales	Naples possède plusieurs spécialités locales	Napoli possiede numerose specialità locali	Nápoles tem muitas especialidades locais	Naples has several local specialties	Nàpols té diverses especialitats locals.	Napolo havas plurajn lokajn specialaĵojn.	Napoli ha plure specialitates local.	8
03264	Adjectives	neutral	neutral, unparteiisch	neutral	neutre	neutrale	neutro(a)	neutral, imparcial	neŭtrala	neutral	Er muss bei diesem Meeting unparteiisch bleiben	Él debe permanecer neutral durante esta reunión	Il doit rester neutre pendant cette réunion	Deve rimanere neutrale durante questa riunione	Ele deve permanecer neutro durante esta reunião	He must remain neutral during this meeting	Ha de mantenir-se neutral durant aquesta reunió.	Li devas resti neŭtrala dum ĉi tiu kunveno.	Ille debe remaner neutral durante iste reunion.	8
03265	Adjectives	wise	weise	sabio(a)	sage	saggio(a)	sábio	savi(a)	saĝa	sage	Du solltest besser auf diesen weisen Mann hören.	Harías bien de escuchar a este hombre sabio	Tu ferais mieux d'écouter ce sage homme	Faresti meglio ad ascoltare quest'uomo saggio.	Você deveria escutar este sábio	You had better listen to this wise man	Faries bé d'escoltar aquest home savi.	Vi pli bone aŭskultu ĉi tiun saĝan viron.	Tu facerea ben a ascoltar iste homine sage.	8
03266	Adjectives	chemical	chemisch	químico(a)	chimique	chimico(a)	químico(a)	químic(a)	kemia	chimic	Das Heer kann chemische Waffen nicht zum Attackieren verwenden	El ejército no puede usar armas químicas para atacar	L'armée ne peut pas utiliser des armes chimiques pour attaquer	L'esercito non può usare armi chimiche per attaccare.	O exército não pode usar armas químicas para atacar	The army can't use chemical weapons to attack	L'exèrcit no pot utilitzar armes químiques per atacar.	La armeo ne povas uzi kemiajn armilojn por ataki.	Le armea non pote usar armas chimic pro attaccar.	8
03267	Adjectives	sudden	plötzlich	repentino(a), súbito(a)	soudain(e)	improvviso(a)	repentino, súbito	sobtat(ana)	subita	subite	Plötzliche Veränderungen sind manchmal beunruhigend.	Los cambios repentinos a veces son desestabilizadores	Les changements soudains sont parfois déstabilisants	I cambiamenti improvvisi a volte sono destabilizzanti.	Mudanças repentinas muitas vezes são desestabilizadoras.	Sudden changes are sometimes unsettling	Els canvis sobtats de vegades són desestabilitzadors.	Subitaj ŝanĝoj estas foje maltrankviligaj.	Le cambios subite es a vices inquietante.	8
03268	Adjectives	choosy	wählerisch; zimperlich	exigente, selectivo(a)	difficile (pour choisir)	schizzinoso(a), difficile	exigente	exigent, selectiu(va)	elektopreta	exigente	Was das Essen angeht ist er sehr zimperlich.	Él es muy exigente con lo que come	Il est très difficile à propos de ce qu'il mange	(Lui) è molto schizzinoso su quello che mangia	Ele é muito exigente sobre o que come	He's very choosy about what he eats	Ell és molt exigent amb el que menja.	Li estas tre elektopreta pri tio, kion li manĝas.	Ille es multo exigente quanto a lo que ille mangia.	8
03269	Verbs	to spread [spread, spread]	streichen 	untar, extender	étaler	spalmare	passar, espalhar	untar, estendre	ŝmiri	extender	Könnten Sie bitte Butter auf denToast streichen?	¿Podría untar mantequilla en la tostada, por favor?	Pourriez-vous étaler le beurre sur le toast s'il vous plaît ?	Potrebbe spalmare il burro sul toast, per favore?	Você poderia passar manteiga na torrada, por favor?	Could you please spread butter on the toast?	Podries untar mantega a la torrada, si us plau?	Ĉu vi bonvolus ŝmiri buteron sur la toston?	Poterea tu, per favor, extender butyro sur le pan tostate?	8
03270	Verbs	to collect	sammeln	coleccionar 	collectionner	collezionare	colecionar	col·leccionar	kolekti	collectionar	In seiner Freizeit sammelt er Miniaturflugzeuge.	En su tiempo libre, colecciona aviones en miniatura	Pendant son temps libre, il collectionne les avions miniatures	Nel tempo libero colleziona miniature di aerei.	No seu tempo livre, ele coleciona aviões em miniatura	In his free time, he collects miniature airplanes	En el seu temps lliure, col·lecciona avions en miniatura.	En sia libera tempo, li kolektas miniaturajn aviadilojn.	In su tempore libere, ille collectiona aviones in miniatura.	8
03271	Verbs	to interrogate	vernehmen, sich (selbst) fragen	interrogar	interroger	interrogare	interrogar	interrogar	pridemandadi	interrogar	Der Polizeibeamte vernimmt denVerdächtigen	El policía interroga al sospechoso	Le policier interroge le suspect	La polizia interroga il sospettato	O policial interroga o suspeito	The police officer interrogates the suspect	El policia interroga el sospitós.	La policisto pridemandas la suspektaton.	Le agente de policia interroga le suspecto.	8
03272	Verbs	to kick out	rauswerfen	expulsar, echar	renvoyer, mettre à la porte	buttare fuori, cacciare	expulsar	expulsar, fer fora	elĵeti	expeller	Ich habe ihn rausgeworfen, weil er die Miete nicht bezahlt hat	Lo echéya que no había pagado el alquiler.	Je l'ai mis à la porte puisqu'il n'a pas payé son loyer.	L'ho buttato fuori visto che non pagava il suo affitto	Eu o expulsei porque ele não pagou seu aluguel.	I kicked him out as he didn't pay his rent.	El vaig fer fora perquè no pagava el lloguer.	Mi elĵetis lin ĉar li ne pagis sian lupagon.	Io le expelleva perque ille non habeva pagate su location.	8
03273	Verbs	to come true	wahr werden	hacerse realidad	se réaliser, devenir réalité	diventare realtà, realizzarsi	realizar-se, tornar-se realidade	fer-se realitat	realiĝi	devenir realitate	Sein Traum wurde endlich wahr	Su sueño finalmente se hizo realidad	Son rêve est enfin devenu réalité	Il suo sogno alla fine si è realizzato	Seu sonho enfim se realizou	His dream eventually came true	El seu somni finalment es va fer realitat.	Lia sonĝo fine realiĝis.	Su sonio finalmente deveniva realitate.	8
03274	Verbs	to repay	zurückzahlen, zurückgeben	reembolsar, devolver	rembourser, rendre (une faveur)	rimborsare, restituire	pagar, reembolsar	tornar, reemborsar	repagi	repagar	Ich möchte zurückgeben, was ich der Gesellschaft schulde	Quiero devolver lo que le debo a la sociedad	Je veux rendre ce que je dois à la société	Voglio restituire quel che devo alla società	Eu quero pagar o que devo à sociedade	I want to repay what I owe to society	Vull tornar el que dec a la societat.	Mi volas repagi tion, kion mi ŝuldas al la socio.	Io vole repagar lo que io debe al societate.	8
03275	Verbs	to wrap something	einwickeln	envolver algo	envelopper, emballer quelque chose	incartare, avvolgere (qualcosa)	embalar (alguma coisa)	embolicar alguna cosa	envolvi ion	involver alique										8
03276	Verbs	to settle	(etwas) abmachen	decidir, establecer	régler (décision)	risolvere, sistemare	combinar (alguma coisa)	acordar, decidir	solvi	decider, establir	Ich nehme an, es ist jetzt abgemacht	Imagino que está decidido, entonces.	J'imagine que c'est réglé alors.	Suppongo sia risolto, allora.	Eu acho que nós estamos combinados, então.	I guess it's settled, then	Suposo que està decidit, doncs.	Mi supozas, ke tio estas solvita, do.	Io suppone que illo es decidite, alora.	8
03277	Verbs	to search, to rummage through	durchsuchen	rebuscar, buscar	fouiller	perquisire, frugare	procurar, vasculhar	rebuscar, escorcollar	traserĉi	cercar, perquirer	Hast du dein Auto durchsucht?	¿Has rebuscado en tu coche?	As-tu fouillé ta voiture ?	Hai frugato nella tua macchina?	Você procurou no seu carro?	Did you search your car?	Has rebuscat al teu cotxe?	Ĉu vi traserĉis vian aŭton?	Ha tu cercate in tu automobile?	8
03278	Verbs	to accuse	anklagen, beschuldigen	acusar	accuser	accusare	acusar	acusar	akuzi	accusar	Er hat mich beschuldigt, das ist eine Beschuldigung!	¡Él me acusó, es una acusación!	Il m'a accusé, c'est une accusation!	Mi ha accusato, è un'accusa!	Ele me acusou, é uma acusação	He accused me, it's an accusation!	Ell em va acusar, és una acusació!	Li akuzis min, tio estas akuzo!	Ille me accusava; illo es un accusation!	8
03279	Verbs	to act, to play (a role)	(eine Rolle) spielen, schauspielern	actuar, interpretar	jouer (un rôle)	mettere in scena, recitare	atuar, interpretar	actuar, interpretar (un paper)	roli (rolon)	ager, interpretar	Der Schauspieler spielt in diesem Film die Rolle eines reichen Mannes.	El actor interpretael papel de un hombre rico en esta película	L'acteur joue le rôle d'un homme riche dans ce film	L'attore recita il ruolo di un uomo ricco in questo film.	O ator interpreta um homem rico neste filme	The actor playsa rich man in this movie	L'actor interpreta el paper d'un home ric en aquesta pel·lícula.	La aktoro rolas kiel riĉulo en ĉi tiu filmo.	Le actor interpreta le rolo de un homine ric in iste film.	8
03280	Verbs	to perform	erfüllen, erledigen, ausführen	llevar a cabo, ejecutar	accomplir, exécuter	compiere, portare a termine	realizar, executar	realitzar, dur a terme	plenumi	executar	Wenn Sie diese Aufgaben nicht ausführen können, fragen Sie jemand anderen.	Si no puedes llevar a cabo estas tareas, pide ayuda a otra persona	Si vous ne pouvez pas exécuter ces tâches, demandez à quelqu'un d'autre	Se non riesce a portare a termine questi compiti, chieda a qualcun'altro.	Se você não pode executar estas tarefas, peça a outra pessoa	If you can't perform these tasks, ask someone else	Si no pots dur a terme aquestes tasques, demana ajuda a algú altre.	Se vi ne povas plenumi ĉi tiujn taskojn, demandu iun alian.	Si tu non pote executar iste labores, pete auxilio de un altere persona.	8
03281	Verbs	to admit	zugeben 	admitir	admettre	ammettere	admitir	admetre	agnoski	admitter	Sie hat ihren Fehler zugegeben und sich entschuldigt	Ella admitió su error y se disculpó	Elle a admis son erreur et s'est excusée	Ha ammesso il suo errore e si è scusata	Ela admitiu seu erro e pediu desculpas	She admitted her mistake and apologized	Va admetre el seu error i es va disculpar.	Ŝi agnoskis sian eraron kaj pardonpetis.	Illa admitteva su error e se excusava.	8
03282	Verbs	to record	aufnehmen	grabar	enregistrer	registrare	gravar	gravar, enregistrar	registri	registrar	James möchte den Film aufnehmen, um ihn sich später anzusehen	James quiere grabar la película para verla más tarde	James veut enregistrer le film pour le regarder plus tard	James vuole registrare il film per vederlo più tardi	James quer gravar o filme para assistir mais tarde	James wants to record the movie to watch it later	En James vol gravar la pel·lícula per veure-la més tard.	James volas registri la filmon por spekti ĝin poste.	James vole registrar le film pro vider lo postea.	8
03283	Verbs	to announce	ankündigen, verkünden	anunciar	annoncer	annunciare	anunciar	anunciar	anonci	annunciar	Ich habe gute Neuigkeiten zu verkünden	Tengo buenas noticias para anunciarles	J'ai de bonnes nouvelles à annoncer	Ho qualche buona notizia da annunciare	Eu tenho boas notícias para anunciar	I have some good news to announce	Tinc bones notícies per anunciar.	Mi havas bonajn novaĵojn por anonci.	Io ha bon novas a annunciar.	8
03284	Verbs	to crush	zerdrücken	aplastar	écraser	schiacciare	esmagar	esclafar	dispremi	applattar	Du hast mein Obst mit deinem Rucksack zerdrückt	¡Has aplastado mi fruta con tu mochila!	Tu as écrasé mes fruits avec ton sac à dos !	Hai schiacciato la mia frutta con il tuo zaino!	Você esmagou minhas frutas com a sua mochila!	You crushed my fruit with your backpack!	Has esclafat la meva fruita amb la teva motxilla!	Vi dispremis mian frukton per via dorsosako!	Tu ha applattate mi fructa con tu sacco a dorso!	8
03285	Verbs	to raid	stürmen 	asaltar	faire un raid sur, attaquer	fare un blitz, attaccare	assaltar, fazer uma incursão	assaltar	ataki, fari razion	assaltar	Die Soldaten stürmten die Stadt, um die Terroristen zu stoppen	Los soldados asaltaron la ciudad para detener a los terroristas	Les soldats ont attaqué la ville pour arrêter les terroristes	I soldati hanno attaccato la città per arrestare i terroristi	Os soldados fizeram uma incursão na cidade para prender os terroristas	The soldiers raided the city to stop the terrorists	Els soldats van assaltar la ciutat per aturar els terroristes.	La soldatoj atakis la urbon por haltigi la teroristojn.	Le soldatos assaltava le citate pro detener le terroristas.	8
03286	Verbs	to attend	besuchen	asistir, atender	assister (à un spectacle, etc.)	assistere (a uno spettacolo)	assistir a (um espetáculo, etc)	assistir	ĉeesti	assister	Sie ist höchst erfreut, dieses Stück zu besuchen	Ella está encantada de asistir a esta obra de teatro	Elle est ravie d'assister à cette pièce de théâtre	Lei è felicissima di assistere a questo spettacolo di teatro.	Ela está contente por assistir a esta peça de teatro	She is delighted to attend this play	Ella està encantada d'assistir a aquesta obra de teatre.	Ŝi estas ravita ĉeesti ĉi tiun teatraĵon.	Illa es delectate de assister a iste pecia de theatro.	8
03287	Verbs	to capture	einfangen 	capturar	capturer	catturare	capturar	capturar	kapti	capturar	Die Armee hat die Terroristen eingefangen	El ejército ha capturado a los terroristas	L'armée a capturé les terroristes	L'esercito ha catturato i terroristi.	O exército capturou os terroristas	The army captured the terrorists	L'exèrcit ha capturat els terroristes.	La armeo kaptis la teroristojn.	Le exercitio ha capturate le terroristas.	8
03288	Verbs	to eat dinner 	zu Abend essen 	cenar 	dîner	cenare	jantar	sopar	vespermanĝi	cenar	Er isst jeden Tag um 7 Uhr zu Abend	Él cena todos los días a las 19h	Il dîne tous les jours à 19h	Lui cena tutti i giorni alle 19.	Ele janta todos os dias às 19h	He eats dinnerat 7:00 p.m. every day	Ell sopa cada dia a les 19h.	Li vespermanĝas je la 7-a vespere ĉiutage.	Ille cena cata die a 19:00.	8
03289	Verbs	to combine	kombinieren	combinar	combiner	combinare	combinar	combinar	kombini	combinar	Dieses Gerät kombiniert verschiedene Funktionen	Este dispositivo combina varias funciones	Cet appareil combine plusieurs fonctions	Questo dispositivo combina varie funzioni.	Este dispositivo combina diversas funções.	This device combines several features	Aquest dispositiu combina diverses funcions.	Ĉi tiu aparato kombinas plurajn funkciojn.	Iste dispositivo combina plure functiones.	8
03290	Verbs	to trade	handeln, Handel treiben 	comerciar	faire du commerce	commerciare	fazer negócios	comerciar	komerci	commerciar	Frankreich betreibt Handel mit anderen Ländern auf der ganzen Welt.	Francia comercia con otros países del mundo.	La France fait du commerce avec d'autres pays du monde entier	La Francia commercia con altri paesi del mondo.	A França faz negócios com outros países do mundo todo	France trades with other countries all around the world	França comercia amb altres països de tot el món.	Francio komercas kun aliaj landoj tra la mondo.	Francia commercia con altere paises in tote le mundo.	8
03291	Verbs	to compete 	konkurrieren, wetteifern	competir, rivalizar	concurrencer, rivaliser	competere	competir	competir	konkuri	competer	Wenn wir die Preise senken, können wir in diesem Markt konkurrieren.	Si bajamos los precios, podremos competir en este mercado.	Si nous baissons les prix, nous pourrons rivaliser sur ce marché	Se abbassiamo i prezzi, potremmo competere in questo mercato.	Se nós baixarmos os preços, poderemos competir neste mercado	If we lower the price, we will be able to compete on this market	Si baixem els preus, podrem competir en aquest mercat.	Se ni malaltigos la prezon, ni povos konkuri sur ĉi tiu merkato.	Si nos reduce le precios, nos potera competer in iste mercato.	8
03292	Verbs	to connect, to link	verbinden 	conectar	connecter, lier	connettere, collegare	conectar	connectar	konekti	connecter	Auf dieser Webseite können sich Leute miteinander verbinden	Este sitio permite que las personas se conecten entre sí	Ce site permet aux gens de se connecter entre eux	Questo sito permette alle persone di connettersi tra loro.	Este site permite que as pessoas se conectem umas com as outras.	This site lets people connect with one another	Aquest lloc web permet que la gent es connecti entre si.	Ĉi tiu retejo ebligas homojn konektiĝi unu kun la alia.	Iste sito permitte al personas connecter se le unes con le alteres.	8
03293	Verbs	to seize	beschlagnahmen 	confiscar	confisquer, saisir	confiscare	confiscar	confiscar	konfiski	confiscar	Die Polizeibeamten beschlagnahmen die Gegenstände, die als Beweise dienen könnten	Los policías confiscan artículos que pueden ser pruebas.	Les policiers saisissent les objets pouvant être des preuves	I poliziotti confiscano gli oggetti che potrebbero essere delle prove.	Os policiais confiscam os objetos que poderiam ser evidências	The police officers seizethe items that could be evidence	Els policies confisquen articles que poden ser proves.	La policistoj konfiskas la objektojn, kiuj povus esti pruvoj.	Le agentes de policia confisca le articulos que pote esser provas.	8
03294	Verbs	to pollute	verseuchen, verschmutzen	contaminar	polluer	inquinare	poluir	contaminar	polui	contaminar	All diese Chemikalien verschmutzen das Wasser.	Todos estos químicos contaminan el agua	Tous ces produits chimiques polluent l'eau	Tutti questi prodotti chimici inquinano l'acqua.	Todos esses produtos químicos poluem a água	All these chemicals are pollutingthe water	Tots aquests productes químics contaminen l'aigua.	Ĉiuj ĉi tiuj kemiaĵoj poluas la akvon.	Tote iste substantias chimic contamina le aqua.	8
03295	Verbs	to cover	bedecken	cubrir, tapar	couvrir	coprire	cobrir	cobrir, tapar	kovri	coperir	Bedecke deinen Kopf! Du wirst dichverkühlen!	Cúbrete la cabeza. ¡Vas a coger un resfriado!	Couvre ta tête, tu vas prendre froid !	Copriti la testa! Prenderai un raffreddore!	Cubra a cabeça. Você vai pegar friagem.	Cover your head!You're going to catch a cold!	Cobreix-te el cap! Et refredaràs!	Kovru vian kapon! Vi malvarmumos!	Coperi tu capite! Tu va prender un catarrho!	8
03296	Verbs	to kick	(mit dem Fuß) treten	chutar	donner un coup de pied	dare un calcio	chutar	xutar	piedbati	colpar con le pede	Tom hat den Ball getreten.	Tom chutó el balón	Tom a donné un coup de pied dans le ballon	Tom ha dato un calcio al pallone.	Tom chutou a bola	Tom kicked the ball	En Tom va xutar la pilota.	Tom piedbatis la pilkon.	Tom colpava le ballon con le pede.	8
03297	Verbs	to debate	debattieren	debatir	débattre	discutere	debater	debatre	debati	debatter	Die Wissenschaftler haben seit heute Morgen über diese Theorie debattiert	Los científicos llevan debatiendo esta tesis desde esta mañana	Les scientifiques débattent sur cette thèse depuis ce matin	Gli scienziati discutono su questa tesi da stamattina.	Os cientistas têm debatido esta teoria desde esta manhã.	The scientists have been debating this theory since this morning	Els científics han estat debatent aquesta tesi des d'aquest matí.	La sciencistoj debatas ĉi tiun tezon de ĉi-matene.	Le scientistas ha debattite iste theoria desde iste matino.	8
03298	Verbs	to define	definieren	definir	définir	definire	definir	definir	difini	definir	Manche Wörter sind schwer zu definieren	Algunas palabras son difíciles de definir	Certains mots sont difficiles à définir	Alcune parole sono difficili da definire.	Algumas palavras são difíceis de definir	Some words are difficult to define	Algunes paraules són difícils de definir.	Kelkaj vortoj estas malfacile difineblaj.	Alcun parolas es difficile a definir.	8
03299	Verbs	to denounce	anzeigen, denunzieren	denunciar	dénoncer	denunciare	denunciar	denunciar	denunci	denunciar	Das ist eine schreckliche Tat, Sie müssen den Schuldigen anzeigen!	Es un acto horrible.¡Debes denunciar al culpable!	C'est un acte horrible, vous devez dénoncer le coupable !	È un atto orribile, deve denunciare il colpevole!	É um ato horrível; você deve denunciar o culpado!	That is a horrible act. You must denounce the culprit!	És un acte horrible. Has de denunciar el culpable!	Tio estas terura ago. Vi devas denunci la kulpulon!	Isto es un acto horribile. Tu debe denunciar le culpabile!	8
03300	Verbs	to depend	von etwas/jemandem abhängen	depender	dépendre	dipendere	depender	dependre	dependi	depender	Das hängt von deiner Sichtweise ab	Eso depende de tu punto de vista	Ça dépend de ton point de vue	Dipende dal tuo punto di vista	Depende do seu ponto de vista	It depends on your point of view	Això depèn del teu punt de vista.	Tio dependas de via vidpunkto.	Isto depende de tu puncto de vista.	8
03301	Verbs	to develop	entwickeln, ausarbeiten	desarrollar	développer	sviluppare	desenvolver	desenvolupar	disvolvi	disveloppar	Meine Firma entwickelt neue Buchhaltungssoftware	Mi empresa está desarrollando un nuevo software de contabilidad	Mon entreprise est en train de développer un nouveau logiciel de comptabilité	La mia azienda sta sviluppando un nuovo software per la contabilità	Minha empresa está desenvolvendo um novo software de contabilidade	My company is developing new accounting software	La meva empresa està desenvolupant un nou programari de comptabilitat.	Mia kompanio disvolvas novan librotenan programaron.	Mi compania disveloppa un nove software de contabilitate.	8
03302	Verbs	to slide [slid, slid], to slip	rutschen	deslizarse, resbalar	glisser	scivolare	escorregar	llliscar, relliscar	gliti	glissar	Der arme Mann rutschte aus und fiel auf den Boden.	El pobre hombre resbaló y se cayó al suelo	Le pauvre homme a glissé et est tombé sur le sol	Il pover'uomo è scivolato ed è caduto per terra.	O pobre homem escorregou e caiu no chão	The poor man slipped and fell on the floor	El pobre home va relliscar i va caure a terra.	La malriĉulo glitis kaj falis sur la plankon.	Le povre homine glissava e cadeva al solo.	8
03303	Verbs	to deploy	einführen 	implementar , desplegar 	déployer	dispiegare, implementare	implementar	desplegar, implementar	disfaldi	displicar	Wir hoffen, unsere neue Marketingkampagne nächste Woche einzuführen	Esperamos implementar nuestra nueva campaña de marketing la próxima semana	On espère déployer notre nouvelle campagne marketing la semaine prochaine	Speriamo di implementare la nostra nuova campagna di marketing la settimana prossima	Nós esperamos implementar nossa nova campanha de marketing na próxima semana	We hope to deploy our new marketing campaign next week	Esperem desplegar la nostra nova campanya de màrqueting la setmana que ve.	Ni esperas disfaldi nian novan merkatan kampanjon venontsemajne.	Nos spera implementar nostre nove campania de marketing le proxime septimana.	8
03304	Verbs	to miss (target)	verfehlen	perder (un objetivo), fallar	manquer (une cible)	fallire, mancare (obiettivo)	perder, errar (o alvo)	fallar (un objectiu)	maltrafi (celon)	mancar	Er verfehlte einen Pass von seinem Teamkollegen.	Perdió el pase de su compañero de equipo	Il a manqué la passe de son coéquipier	Ha mancato il passaggio del suo compagno di squadra	Ele perdeu o passe do seu companheiro de equipe	He missed the pass from his teammate	Va fallar la passada del seu company d'equip.	Li maltrafis la pason de sia samteamano.	Ille mancava le passa de su companion de equipa.	8
03305	Verbs	to employ	anstellen, beschäftigen	emplear	employer	impiegare, occupare (lavoro)	empregar	emprar	dungi	emplear	Der Chef diesesUnternehmens beschäftigt mehr als 200 Mitarbeiter	El jefe de esta compañía emplea a más de 200 personas	Le patron de cette entreprise emploie plus de 200 personnes	Il capo di questa azienda impiega più di 200 persone	O chefe desta empresa emprega mais de 200 pessoas	The boss of this company employs over 200 people	El cap d'aquesta empresa dóna feina a més de 200 persones.	La estro de ĉi tiu kompanio dungas pli ol 200 homojn.	Le chef de iste compania emplea plus de 200 personas.	8
03306	Verbs	to interfere	sich (in etw.) einmischen	entrometerse	se mêler de	interferire	intrometer-se	interferir, ficar-se en	intermiksiĝi	interferer	Bitte lass ihn sich nicht in ihren Streit einmischen	No dejes que se entrometa en su discusión, por favor	Ne le laisse pas se mêler deleur dispute, s'il te plaît	Per favore non farlo interferire nella loro discussione	Por favor, não deixe que ele se intrometa na briga deles	Please don't let him interfere in their fight	Si us plau, no deixis que s'interfereixi en la seva discussió.	Bonvolu ne lasi lin intermiksiĝi en ilian kverelon.	Per favor, non lassa que ille interfere in lor disputa.	8
03307	Verbs	to establish	etablieren	establecer	établir	stabilire	estabelecer	establir	starigi	establir	Die Regierung etablierte neue Regeln	El gobierno ha establecido nuevas normas	Le gouvernement a établi de nouvelles règles	Il governo ha stabilito delle nuove norme	O governo estabeleceu novas regras	The government established new rules	El govern va establir noves regles.	La registaro starigis novajn regulojn.	Le governamento ha establite nove regulas.	8
03308	Verbs	to stand [stood, stood]	stehen 	estar de pie	se tenir debout	stare in piedi	estar em pé	estar dret	stari	star de pede	Sie stand die ganze Nacht draußen vor seiner Tür.	Estuvo de pie toda la noche delante de su puerta.	Elle s'est tenue debout de l'autre côté de sa porte toute la nuit.	Lei è stata in piedi fuori dalla sua porta per tutta la notte.	Ela ficou em pé ao lado de fora da porta dele a noite toda.	She stood outside his door all night long	Va estar dreta tota la nit davant de la seva porta.	Ŝi staris ekster lia pordo la tutan nokton.	Illa stava de pede ante su porta durante tote le nocte.	8
03309	Verbs	to stretch	strecken, dehnen	estirar	étirer	stirarsi	estirar	estirar	streĉi	extender	Nach dem Joggen, dehnter seine Muskeln	Después de correr, él estira sus músculos	Après son jogging, il étire ses muscles	Dopo la corsa si stira i muscoli	Depois de correr, ele alonga seus músculos	After jogging, he stretches his muscles	Després de córrer, ell estira els músculs.	Post trotado, li streĉas siajn muskolojn.	Post le jogging, ille extende su musculos.	8
03310	Verbs	to sneeze	niesen	estornudar	éternuer	starnutire	espirrar	esternudar	terni	sternutar	Er niestedauernd im Bus	No ha dejado de estornudar en el autobús	Il n'a pas arrêté d'éternuer dans le bus	Non ha smesso di starnutire sul bus	Ele não parou de espirrar dentro do ônibus	He kept sneezing on the bus	No ha parat d'esternudar a l'autobús.	Li daŭre ternis en la buso.	Ille continuava a sternutar in le autobus.	8
03311	Verbs	to demand	fragen, verlangen	exigir	demander, exiger	domandare, esigere	exigir	exigir	postuli	exiger	Die Kundin ist wütend. Sie verlangt nach dem Geschäftsführer.	La clienta está furiosa y exige ver al encargado	La cliente est furieuse, elle demande à voir le patron.	La cliente è furiosa, esige di vedere il capo.	A cliente está furiosa; ela exige ver o chefe.	The client is furious. She demands to see the boss	La clienta està furiosa. Exigeix veure el director.	La klientino estas furioza. Ŝi postulas vidi la estron.	Le cliente es furiose. Illa exige vider le chef.	8
03312	Verbs	to expand	(sich) entwickeln, expandieren	expandir(se)	(se) développer	espandersi, svilupparsi	expandir	expandir-se	vastigi sin	expander							expandir-se	vastigi sin		8
03313	Verbs	to export	exportieren	exportar	exporter	esportare	exportar	exportar	eksporti	exportar	Wir exportieren jeden Tag Warenim Wert von Millionen von Dollar, das meiste davon nach China.	Nosotros exportamos millones de dólares en bienes cada día, la mayor parte de ellos va a China.	Nous exportons des millions de dollars de biens tous les jours, la plupart d'entre eux vont en Chine.	Noi esportiamo milioni di dollari in beni ogni giorno, la maggior parte di loro va in Cina.	Nós exportamos milhões de dólares em bens todos os dias, a maioria deles vai para a China.	We export millions of dollars of goods each day, most of them go to China.	Exportem milions de dòlars en béns cada dia, la majoria a la Xina.	Ni eksportas milionojn da dolaroj da varoj ĉiutage, la plej multaj el ili iras al Ĉinio.	Nos exporta milliones de dollares de merces cata die; le major parte de illos va a China.	8
03314	Verbs	to sign	unterschreiben 	firmar	signer	firmare	assinar	signar	subskribi	signar	Er muss den Vertrag unterschreiben, damit er gültig ist	Él debe firmar el contrato para que sea válido	Il doit signer le contrat pour qu'il soitvalide	Deve firmare il contratto perché sia valido	Ele deve assinar o contrato para que seja válido	He must sign the contract for it to be valid	Ha de signar el contracte perquè sigui vàlid.	Li devas subskribi la kontrakton por ke ĝi validu.	Ille debe signar le contracto a fin que illo sia valide.	8
03315	Verbs	to flow	fließen 	correr, fluir	couler (liquide)	fluire, scorrere	fluir, escorrer	fluir	flui	fluer	Tränen der Freude flossenihr dieWangen herunter	Lágrimas de alegría corren por sus mejillas	Des larmes de joie coulent le long de ses joues	Lacrime di gioia scorrono sulle sue guance	Lágrimas de alegria escorrem pelo seu rosto	Tears of joy flow down her cheeks	Llàgrimes d'alegria li queien per les galtes.	Larmoj de ĝojo fluas laŭ ŝiaj vangoj.	Lacrimas de gaudio flue a basso per su genas.	8
03316	Verbs	to form	bilden, formen	formar	former	formare, creare, costituire	formar	formar	formi	formar	Wir werden ein Team bilden, um dieses Problem zu lösen	Vamos a formar un equipo para solucionar este problema	Nous allons former une équipe pour régler ce problème	Formeremo una squadra per risolvere questo problema	Vamos formar uma equipe para resolver este problema	We're going to form a team to solve this problem	Formarem un equip per solucionar aquest problema.	Ni formos teamon por solvi ĉi tiun problemon.	Nos va formar un equipa pro resolver iste problema.	8
03317	Verbs	to identify	identifizieren	identificar	identifier	identificare	identificar	identificar	identigi	identificar	Haben sie die Schuldigen identifiziert?	¿Han identificadoa los culpables?	Ont-ils identifié les coupables ?	Hanno identificato i colpevoli?	Eles identificaram os culpados?	Have they identified the culprits?	Han identificat els culpables?	Ĉu ili identigis la kulpulojn?	Ha illes identificate le culpabiles?	8
03318	Verbs	to import	importieren	importar	importer	importare	importar	importar	importi	importar	Großbritannien importiert Wein aus Frankreich	Gran Bretaña importa vino de Francia	La Grande-Bretagne importe du vin de France	La Gran Bretagna importa vino dalla Francia	A Grã Bretanha importa vinho da França	Great Britain imports wine from France	Gran Bretanya importa vi de França.	Britio importas vinon el Francio.	Grande Britannia importa vino de Francia.	8
03319	Verbs	to indicate	anzeigen	indicar	indiquer	indicare	indicar	indicar	indiki	indicar	Die roten Lichter zeigen an, dass der Aufzug in Bewegung ist	Las luces rojas indican que el ascensor está en movimiento	Les lumières rouges indiquent que l'ascenseur est en mouvement	Le luci rosse indicano che l'ascensore è in movimento	As luzes vermelhas indicam que o elevador está em movimento	The red lights indicate that the elevator is moving	Els llums vermells indiquen que l'ascensor està en moviment.	La ruĝaj lumoj indikas, ke la lifto moviĝas.	Le luces rubie indica que le ascensor es in movimento.	8
03320	Verbs	to infect	infizieren	infectar	infecter	infettare	infectar	infectar	infekti	infectar	Die Keime infizierten die Wunde.	Los gérmenes han infectado la herida.	Les germes ont infecté la blessure.	I germi hanno infettato la ferita.	Os germes infectaram o ferimento.	The germs infected the wound	Els gèrmens han infectat la ferida.	La ĝermoj infektis la vundon.	Le germines ha infectate le vulnere.	8
03321	Verbs	to locate	lokalisieren	localizar	localiser	localizzare	localizar	localitzar	lokalizi	localisar	Ich würde den Ort gerne auf dem Plan lokalisieren, bevor ich gehe	Me gustaría localizar este lugar en el mapa antes de irme	J'aimerais localiser cet endroit sur la carte avant d'y aller	Vorrei localizzare il posto sulla cartina prima di andarci	Eu gostaria de localizar este lugar no mapa antes de ir	I'd like to locate that place on the map before I go	M'agradaria localitzar aquest lloc al mapa abans de marxar.	Mi ŝatus lokalizi tiun lokon sur la mapo antaŭ ol mi iros.	Io volerea localisar ille loco sur le carta ante partir.	8
03322	Verbs	to mark (with a sign)	markieren	marcar (con una señal)	marquer	segnare	marcar	marcar (amb un senyal)	marki	marcar	Ich habe nicht auf Ihre E-Mail geantwortet, weil ich sie als gelesen markiert hatte	No respondí a tu email porque lo había marcado como leído	Je n'ai pas répondu à ton email car je l'avais marqué comme lu	Non ho risposto alla tua email perché l'avevo segnata come letta	Eu não respondi seu e-mail porque o havia marcado como lido	I didn't reply to your email because I had marked it as read	No vaig respondre al teu correu electrònic perquè l'havia marcat com a llegit.	Mi ne respondis al via retpoŝto ĉar mi markis ĝin kiel legitan.	Io non respondeva a tu message electronic perque io lo habeva marcate como legite.	8
03323	Verbs	to measure	messen 	medir	mesurer	misurare	medir	mesurar	mezuri	mesurar	Diese Messung ist nicht korrekt, ich habe esbereits gemessen.	Esta medida no es correcta, yo ya lo medí	Cette mesure est fausse, j'ai déjà mesuré	Questa misura non è corretta, già l'ho misurato	Esta medida não é correta, eu ja medi.	This measurement is not correct, I already measured it	Aquesta mesura no és correcta, jo ja ho vaig mesurar.	Ĉi tiu mezuro ne estas ĝusta, mi jam mezuris ĝin.	Iste mesura non es correcte; io ja lo ha mesurate.	8
03324	Verbs	to require	erfordern, verlangen 	necesitar, requerir	nécessiter, exiger	necessitare, esigere	exigir, precisar	requerir, necessitar	postuli, bezoni	requirer	Er verlangt Antworten.	Necesita respuestas	Il exige des réponses.	Esige delle risposte.	Ele exige respostas.	He requires responses	Ell requereix respostes.	Li postulas respondojn.	Ille require responsas.	8
03325	Verbs	to deny	bestreiten 	negar	nier	negare	negar	negar	nei	negar	Sie bestreitet, dass sie ihre Freundin angelogen hat	Ella niega haberle mentido a su amiga.	Elle nie avoir menti à son amie.	Lei nega di aver mentito alla sua amica.	Ela nega haver mentido à sua amiga.	She denies that she lied to her friend	Ella nega haver mentit a la seva amiga.	Ŝi neas, ke ŝi mensogis al sia amikino.	Illa nega haber mentite a su amica.	8
03326	Verbs	to belong	gehören	pertenecer	appartenir	appartenere	pertencer	pertànyer	apartenas	pertiner	DiesesAuto gehört mir	Este coche me pertenece	Cette voiture m'appartient	Questa macchina mi appartiene.	Este carro me pertence	This car belongs to me	Aquest cotxe em pertany.	Ĉi tiu aŭto apartenas al mi.	Iste automobile pertine a me.	8
03327	Verbs	to postpone	verschieben  (Termin), aufschieben 	posponer	remettre à plus tard, reporter	posticipare	adiar, postergar	posposar, ajornar	prokrasti	postponer	Er hat zu diesem Zeitpunkt schon ein Meeting. Wir müssen seinen Termin verschieben	Él ya tiene una reunión para esa hora. Habrá que posponer su reunión.	Il a déjà une réunion à cette heure-là, il faut reporter son rendez-vous.	Lui ha già una riunione a quell'ora, quindi bisogna posticipare il suo appuntamento.	Ele já tem uma reunião nesse horário. Tem que adiar seu compromisso.	He already has a meeting at that time; we'll have to postpone his appointment	Ell ja té una reunió a aquella hora. Haurem de posposar la seva cita.	Li jam havas kunvenon tiutempe; ni devos prokrasti lian rendevuon.	Ille ja ha un reunion a ille hora; nos debera postponer su appunctamento.	8
03328	Verbs	to supply, to provide	bereitstellen, liefern	suministrar, proporcionar	fournir	fornire	providenciar, proporcionar	subministrar, proporcionar	provizi	subministrar, proportionar	Sie wurden festgenommen, weil sie Waffen an Terroristen geliefert haben.	Han sido arrestados por haber suministrado armas a los terroristas	Ils ont été arrêtés pour avoir fourni des armes aux terroristes.	Sono stati arrestati per aver fornito armi ai terroristi.	Eles foram presos por providenciar armas para os terroristas.	They have been arrested for supplying arms to the terrorists.	Han estat arrestats per subministrar armes als terroristes.	Ili estis arestitaj pro provizo de armiloj al teroristoj.	Illos ha essite arrestate pro haber fornite armas al terroristas.	8
03329	Verbs	to publish	veröffentlichen	publicar	publier	pubblicare	publicar	publicar	publikigi	publicar	Der Autor hat sein Buchletzten November veröffentlicht	El autor publicó su libro el pasado mes de noviembre.	L'auteur a publié son livre en novembre dernier.	L'autore ha pubblicato il suo libro lo scorso novembre.	O autor publicou seu livro em novembro passado.	The author published his book last November	L'autor va publicar el seu llibre el novembre passat.	La aŭtoro publikigis sian libron pasintnovembre.	Le autor publicava su libro le novembre passate.	8
03330	Verbs	to refuse, to reject	verweigern, ablehnen	negarse, rechazar	refuser, rejeter	rifiutare	recusar, rejeitar	negar-se, rebutjar	rifuzi	negar, rejectar	Er lehntes ab, nach Hause zu gehen, ohne vorher das Haus zu sehen.	Se niega a volver sin haber visto antes la casa.	Il refuse de rentrer sans avoir vu la maison avant.	Rifiuta di tornare senza aver visto prima la casa.	Ele se recusa de voltar sem antes ter visto a casa.	He refuses to go home without seeing the house first	Es nega a tornar a casa sense haver vist abans la casa.	Li rifuzas iri hejmen sen unue vidi la domon.	Illo se nega a ir a casa sin haber vidite le casa prime.	8
03331	Verbs	to call for	fordern	reclamar, exigir	réclamer	reclamare, richiedere	reclamar, exigir	reclamar, exigir	postuli	reclamar, exiger	Er hat eine Intervention noch vor der nächsten Woche gefordert	Él exigió una intervención antes de la semana que viene	Il a réclamé une intervention avant la semaine prochaine	Lui ha richiesto un intervento prima della prossima settimana	Ele exigiu providências antes da próxima semana	He called for an intervention before next week	Va reclamar una intervenció abans de la setmana que ve.	Li postulis intervenon antaŭ la venonta semajno.	Ille reclamava un intervention ante le proxime septimana.	8
03332	Verbs	to offer 	anbieten 	ofrecer, regalar	offrir	offrire	dar, oferecer	oferir	oferti	offerer	Dieser Sektor bietet interessante Möglichkeiten für unsere Firma	Este sector ofrece oportunidades interesantes para nuestra empresa	Ce secteur offre des opportunités intéressantes pour notre entreprise	Questo settore offre delle opportunità interessanti per la nostra azienda	Este setor oferece oportunidades ineressantes para a nossa companhia	This sector offers interesting opportunities for our company	Aquest sector ofereix oportunitats interessants per a la nostra empresa.	Ĉi tiu sektoro ofertas interesajn ŝancojn por nia kompanio.	Iste sector offere interessante opportunitates pro nostre compania.	8
03333	Verbs	to rescue	retten	rescatar	sauver, secourir	salvare, soccorrere	resgatar	rescatar	savi	succurrer	Ich bin von der Feuerwehr gerettet worden.	Fuirescatado por los bomberos	J'ai été secouru par les pompiers	Fui salvato dai pompieri	Eu fui resgatado(a) pelos bombeiros	I was rescued by fire-fighters	Vaig ser rescatat pels bombers.	Mi estis savita de la fajrobrigadistoj.	Io esseva salvate per le pumperos.	8
03334	Verbs	to roll	rollen	rodar	rouler	rotolare	rolar	rodar	ruliĝi	rolar	Der Ball rollte den Hügel herunter	La pelota rodó colina abajo.	Le ballon a roulé en bas de la colline.	Il pallone è rotolato in fondo alla collina.	A bola rolou colina abaixo.	The ball rolled down the hill	La pilota va rodar turó avall.	La pilko ruliĝis malsupren laŭ la monteto.	Le balla rolava a basso del collina.	8
03335	Verbs	to borrow	ausleihen 	tomar prestado	emprunter	prendere in prestito	pegar emprestado	manllevar, agafar en préstec	pruntepreni	prender in presto	Sie hat sich meine Bastelwerkzeuge ausgeliehen	Ella tomó prestadas mis herramientas para hacer bricolaje.	Elle a emprunté mes outils pour bricoler.	Lei ha preso in prestito i miei utensili per fare bricolage.	Ela pegou minhas ferramentas emprestadas para fazer bricolagem.	She borrowed my tools for her repairs	Ella va manllevar les meves eines de bricolatge.	Ŝi prunteprenis miajn ilojn por siaj riparoj.	Illa prendeva mi utensiles in presto pro su reparos.	8
03336	Verbs	to hijack	entführen (z.B. ein Flugzeug)	secuestrar (ej. un avión)	détourner (ex. un avion)	dirottare (es. un aereo)	sequestrar	segrestar (un avió, etc.)	kidnapi (ekz. aviadilon)	sequestrar	Der Terrorist hat das Flugzeug entführt	El terrorista secuestró el avión.	Le terroriste a détourné l'avion.	Il terrorista ha dirottato l'aereo.	O terrorista sequestrou o avião.	The terrorist hijacked the plane	El terrorista va segrestar l'avió.	La teroristo kidnapis la aviadilon.	Le terrorista sequestrava le avion.	8
03337	Verbs	to suspect	verdächtigen	sospechar	suspecter (de)	sospettare	suspeitar	sospitar	suspekti	suspectar	Sie verdächtigen den Mannein Spion zu sein	Sospechan que este hombre es un espía.	Ils suspectent cet homme d'être un espion.	Sospettano che quest'uomo sia una spia.	Eles suspeitam que este homem seja um espião.	They suspect that man of being a spy	Sospiten que aquell home és un espia.	Ili suspektas, ke tiu viro estas spiono.	Illes suspecta ille homine de esser un spion.	8
03338	Verbs	to suggest	vorschlagen 	sugerir	suggérer	suggerire	sugerir	suggerir	sugesti	suggerer	Er glaubt mir nicht. Was schlägst du mir vor jetzt zu tun?	Él no me cree. ¿Qué me sugieres que haga ahora?	Il ne me croit pas. Que me suggères-tu de faire maintenant ?	Lui non mi crede. Cosa mi suggerisci di fare ora?	Ele não acredita em mim. O que você sugere que eu faça agora?	He doesn't believe me. What do you suggest I do now?	Ell no em creu. Què em suggereixes que faci ara?	Li ne kredas min. Kion vi sugestas, ke mi faru nun?	Ille non me crede. Que suggere tu que io face nunc?	8
03339	Verbs	to fix, to attach	festmachen, fixieren	fijar, sujetar	fixer	fissare	fixar	fixar, subjectar	fiksi	fixar	Man muss ihn gut festmachen damit er nicht herunterfällt	Hay que sujetarlo bien para que no se caiga	Il faut bien le fixer pour ne pas qu'il tombe	Bisogna fissarlo bene perché non cada	É preciso fixar para que não caia	You have to attach it well so that it doesn't fall	Cal subjectar-lo bé perquè no caigui.	Vi devas bone fiksi ĝin por ke ĝi ne falu.	Tu debe fixar lo ben, a fin que illo non cade.	8
03340	Verbs	to supervise	beaufsichtigen	supervisar	superviser	sorvegliare, sovrintendere	supervisionar	supervisar	supervizi	supervisar	Ich muss diese Kinder beaufsichtigen -- vor allem dieses da; wir wissennie, was es anstellen wird!	Tengo que supervisar a estos niños -- sobre todo a aquella, ¡no sabemos nunca que hará!	Il faut que je supervise ces enfants -- surtout celle-là; on ne sait jamais ce qu'elle va faire!	Devo sorvegliare questi bambini -- soprattutto quella, non sappiamo mai cosa farà!	Eu preciso supervisionar essas crianças -- especialmente aquela lá; nós nunca sabemos o que ela vai fazer!	I need to supervise these children -- especially that one; we never know what she'll do!	He de supervisar aquests nens -- sobretot aquella; mai sabem què farà!	Mi devas supervizi ĉi tiujn infanojn -- precipe tiun; ni neniam scias, kion ŝi faros!	Io debe supervisar iste infantes -- specialmente celle; nos non sape jammais lo que illa facera!	8
03341	Verbs	to suspend	aussetzen 	suspender	suspendre, interrompre	sospendere	suspender	suspendre	suspensi	suspender										8
03342	Verbs	to betray	verraten 	traicionar	trahir	tradire	trair	trair	perfidi	trair	Diese Soldaten verrieten ihr Land während des Krieges.	Estos soldados traicionaron a su país durante la guerra.	Ces soldats ont trahi leurpays pendant la guerre.	Questi soldati hanno tradito il loro paese durante la guerra.	Estes soldados traíram seu país durante a guerra.	Those soldiers betrayed their country during the war	Aquells soldats van trair el seu país durant la guerra.	Tiuj soldatoj perfidis sian landon dum la milito.	Ille soldatos traiva lor pais durante le guerra.	8
03343	Verbs	to blow [blew, blown]	blasen 	soplar	souffler	soffiare	soprar	bufar	blovi	sufflar	Der Wind blies sehr stark.	El viento estaba soplando muy fuerte.	Le vent soufflait très fort.	Il vento stava soffiando molto forte.	O vento estava soprando muito forte.	The wind was blowing very hard	El vent bufava molt fort.	La vento blovis tre forte.	Le vento sufflava multo forte.	8
03344	Verbs	to tear [tore, torn]	reißen 	rasgar	déchirer	strappare	rasgar	esquinçar, estripar	ŝiri	lacerar	Er hatdie Seite aus meinem Wörterbuch gerissen.	Él rasgó la página de mi diccionario.	Il a déchiré la page de mon dictionnaire.	Ha strappato la pagina dal mio dizionario.	Ele rasgou a página do meu dicionário.	He tore the page from my dictionary	Va esquinçar la pàgina del meu diccionari.	Li ŝiris la paĝon de mia vortaro.	Ille lacerava le pagina ex mi dictionario.	8
03345	Verbs	to sting [stung, stung]	stechen 	picar	piquer	pungere, pizzicare	picar	picar	piki	punger	Ich wurde gestern von einem Insekt gestochen.	Me picó un insecto ayer	J'ai été piqué par un insecte hier	Sono stato punto da un insetto ieri	Fui picado por um inseto ontem	I got stung by an insect yesterday	Ahir em va picar un insecte.	Insekto pikis min hieraŭ.	Io esseva pungite per un insecto heri.	8
03346	Nouns	destiny 	das Schicksal 	el destino (suerte), sino	le destin	il destino	o destino	el destí (els destins)	sorto	destino	Ich habe mir mein Schicksal nicht ausgesucht	Yo no he elegido mi destino.	Je n'ai pas choisi mon destin.	Non ho scelto il mio destino.	Eu não escolhi o meu destino.	I didn't choose my destiny	No he escollit el meu destí.	Mi ne elektis mian sorton.	Io non ha eligite mi destino.	8
03347	Nouns	embarrassment	die Verlegenheit , die Peinlichkeit 	el bochorno (la vergüenza)	l'embarras 	l'imbarazzo	o constrangimento	la vergonya, la torbació	embaraso	vergonia	Die Entscheidung des Chefs hat das ganze Team in Verlegenheit gebracht	La decisión del jefe ha causado bochorno a todo el equipo	La décision du patron a mis dans l'embarras toute l'équipe	La decisione del capo ha messo in imbarazzo tutta la squadra	A decisão do chefe causou constrangimento a toda a equipe	The boss's decision caused embarrassment to the whole team	La decisió del cap ha causat vergonya a tot l'equip.	La decido de la estro kaŭzis embarason al la tuta teamo.	Le decision del chef ha causate vergonia a tote le equipa.	8
03348	Nouns	reunion 	die Wiedervereinigung, das Wiedersehen	el reencuentro, la reunión	la réunion (retrouvaillles)	la rimpatriata, la riunione	a reunião, o reencontro	el retrobament (els retrobaments), la reunió (les reunions)	reunuiĝo	reunion	Ich gehe mit meiner Schwester Lucy nach unserem Wiedersehen durch den Flughafen	Estoy caminando por el aeropuerto con mi hermana Lucy después de nuestro reencuentro	Je traverse l'aéroport avec ma sœur Lucy, après notre réunion.	Attraverso l'aeroporto con mia sorella Lucy dopo la nostra rimpatriata	Atravesso o aeroporto com minha irmã Lucy, depois da nossa reunião	I am walking through the airport with my sister Lucy after our reunion	Estic caminant per l'aeroport amb la meva germana Lucy després del nostre retrobament.	Mi promenas tra la flughaveno kun mia fratino Lucy post nia reunuiĝo.	Io cammina per le aeroporto con mi soror Lucy post nostre reunion.	8
03349	Nouns	trace	die Spur 	el rastro	la trace	la traccia	o traço, o vestígio	el rastre (els rastres), la traça (les traces)	spuro	tracia	Es gibt Spuren von Gift in diesem Wein	Hay rastros de veneno en este vino	Il y a des traces de poison dans ce vin	Ci sono tracce di veleno in questo vino	Há vestígios de veneno nesse vinho	There are traces of poison in this wine	Hi ha rastres de verí en aquest vi.	Estas spuroj de veneno en ĉi tiu vino.	Il ha tracias de veneno in iste vino.	8
03350	Nouns	pistol, gun	die Pistole 	la pistola	le pistolet	la pistola	a pistola	la pistola (les pistoles)	pistolo	pistola	Er weiss, wie man eine Pistole benutzt.	Él sabe cómo usar una pistola	Il sait utiliser un pistolet	Sa usare una pistola.	Ele sabe como usar uma pistola	He knows how to use a pistol	Ell sap com fer servir una pistola.	Li scias uzi pistolon.	Ille sape como usar un pistola.	8
03351	Nouns	honor	die Ehre	el honor	l'honneur 	l'onore 	a honra	l'honor	honoro	honor	Es ist eine Ehre, Sie zu treffen/ kennenzulernen	Es un honor conocerte	C'est un honneur de vous recontrer	È un onore conoscerla	É uma honra conhecer você	It is an honor to meet you	És un honor conèixer-te.	Estas honoro renkonti vin.	Es un honor cognoscer te.	8
03352	Nouns	knot	der Knoten	el nudo	le nœud	il nodo	o nó	el nus (els nusos)	nodo	nodo	Kannst du diesen Knoten bitte für mich lösen?	¿Puedes desatarme este nudo, por favor?	Tu peux me défaire ce nœud, s'il te plaît?	Puoi sciogliermi questo nodo, per favore?	Você pode desfazer esse nó pra mim, por favor?	Can you untie this knot for me, please?	Em pots desfer aquest nus, si us plau?	Ĉu vi povas malnodi ĉi tiun nodon por mi, bonvolu?	Pote tu disnodar iste nodo pro me, per favor?	8
03353	Nouns	matter	die Materie	la materia	la matière	la materia	a matéria	la matèria (les matèries)	materio	materia	Die Materie hat immer eine Masse und ein Volumen.	La materia siempre tiene una masa y un volumen	La matière a toujours une masse et un volume	La materia ha sempre una massa e un volume.	A matéria sempre tem massa e volume	Matter always has mass and volume	La matèria sempre té massa i volum.	Materio ĉiam havas mason kaj volumenon.	Le materia ha sempre massa e volumine.	8
03354	Nouns	confidence	das Selbstvertrauen	la confianza (en uno mismo)	l'assurance  (trait de personnalité), la confiance en soi	la sicurezza (personalità)	a confiança (característica pessoal), a autoconfiança	la confiança en un mateix, la seguretat	memfido	confidentia	Sein Selbstvertrauen war der Schlüssel zum Erfolg.	La confianza en sí mismo ha sido la clave de su éxito.	La confiance en soi a été la clé de son succès.	La sicurezza in sé è stata la chiave del suo successo.	A autoconfiança foi a chave do seu sucesso.	His confidence has been the key to his success	La seva confiança en si mateix ha estat la clau del seu èxit.	Lia memfido estis la ŝlosilo de lia sukceso.	Su confidentia ha essite le clave de su successo.	8
03355	Nouns	dread	die Furcht	el temor	la crainte	il timore	o medo	la por, el temor	timo	timor	Die Furcht vor dem Versagen lähmte ihn	El temor al fracaso lo paralizó	La crainte de l'échec le paralysait	Il timore del fallimento lo paralizzava	O medo do fracasso o paralisava	The dread of failure was paralyzing him	La por al fracàs el paralitzava.	La timo de malsukceso paralizis lin.	Le timor de fracassar lo paralysava.	8
03356	Nouns	wire (electric)	das Kabel	cable (eléctrico)	fil (électrique)	cavo (elettrico)	cabo (elétrico)	el cable (elèctric) (els cables)	drato (elektra)	filo electric	Die Kameras im Museum haben es nichtgefilmt, weil jemand alle Kabel durchtrennt hat.	Las cámaras del museo no lo grabaron porque alguien cortó todos los cables.	Les caméras du musée ne l'ont pas filmé parce que quelqu'un a coupé tous les fils.	Le telecamere al museo non hanno ripreso perché qualcuno ha tagliato tutti i cavi.	As câmeras no museu não filmaram porque alguém havia cortado todos os cabos.	The cameras at the museum did not film it because somebody cut all the wires.	Les càmeres del museu no ho van gravar perquè algú va tallar tots els cables.	La fotiloj ĉe la muzeo ne filmis ĝin ĉar iu tranĉis ĉiujn dratojn.	Le cameras in le museo non lo registrava perque qualcuno ha taliate tote le filos.	8
03357	Nouns	capital (financial) 	das Kapital 	el capital 	le capital	il capitale	o capital	el capital	kapitalo (financa)	capital	Die Firma hat viel Kapital	La empresa tiene un gran capital.	Le capital de l'entreprise est important.	L'azienda dispone di molto capitale	O capital da empresa é importante.	The company has a lot of capital	L'empresa té molt de capital.	La kompanio havas multe da kapitalo.	Le compania ha multo capital.	8
03358	Nouns	drawing, sketch 	die Zeichnung 	el dibujo 	le dessin	il disegno	o desenho	el dibuix (els dibuixos)	desegnaĵo	designo	Diese Zeichnungen sind sehr bekannt	Estos dibujosson muy conocidos.	Ces dessins sont très connus.	Questi disegni sono molto noti.	Esses desenhos são muito conhecidos.	These drawings are very well known	Aquests dibuixos són molt coneguts.	Ĉi tiuj desegnaĵoj estas tre konataj.	Iste designos es multo cognoscite.	8
03359	Nouns	state, condition 	der Zustand ; die Bedingung 	la condición, el estado	l'état , la condition	lo stato, la condizione	o estado, a condição	l'estat (els estats), la condició (les condicions)	stato, kondiĉo	condition	Er ist nicht in dem Zustand, um zu gehen.	Él no está en condiciones de caminar.	Il n'est pas en état de marcher.	Non è nella condizione di camminare.	Ele não tem condições de andar.	He's in no state to walk	No està en condicions de caminar.	Li ne estas en stato por marŝi.	Ille non es in condition de ambular.	8
03360	Nouns	strike 	der Streik	la huelga 	la grève	lo sciopero	a greve	la vaga (les vagues)	striko	cessation de travalio	Der Streik dauert schon zwei Wochen	La huelga dura desde hace dos semanas.	La grève dure depuis deux semaines.	Lo sciopero dura da due settimane.	A greve já dura duas semanas.	The strike has been going on for two weeks	La vaga dura des de fa dues setmanes.	La striko daŭras de du semajnoj.	Le cessation de travalio dura jam desde duo septimanas.	8
03361	Nouns	method 	die Methode 	el método 	la méthode	il metodo	o método	el mètode (els mètodes)	metodo	methodo	Diese Methode ist sehr effizient.	Este método es muy efectivo.	Cette méthode est très efficace.	Questo metodo è molto efficace.	Este é um método muito eficaz.	This is a very efficient method	Aquest mètode és molt eficient.	Ĉi tiu estas tre efika metodo.	Iste methodo es multo efficiente.	8
03362	Nouns	owner, landlord (masc.), landlady (fem)	der Eigentümer , der Besitzer 	el(la) propietario(a)	le(la) propriétaire	il proprietario	o(a) proprietário(a)	el propietari (els propietaris), la propietària (les propietàries)	posedanto	proprietario, proprietaria	DerEigentümerhalf ihr, in ihr neues Apartment einzuziehen.	El propietario le ayudó a mudarse a su nuevo apartamento.	Le propriétaire l'a aidée à emménager dans son nouvel appartement.	Il proprietario l'ha aiutato a trasferirsi nel suo nuovo appartamento.	O proprietário a ajudou a mudar-se para o seu novo apartamento.	The landlord helped her move into her new apartment	El propietari la va ajudar a mudar-se al seu nou apartament.	La posedanto helpis ŝin translokiĝi en ŝian novan apartamenton.	Le proprietario la adjutava a mutar se a su nove appartamento.	8
03363	Nouns	ink 	die Tinte 	la tinta 	l'encre 	l'inchiostro	a tinta	la tinta	inko	tinta	Dieser Stift hat keine Tinte mehr.	No hay más tinta en este bolígrafo	Il n'y a plus d'encre dans ce stylo.	Non c'è più inchiostro in questa penna.	Não tem mais tinta nesta caneta.	This pen is out of ink	Aquest bolígraf ja no té tinta.	Ĉi tiu plumo ne plu havas inkon.	Iste penna non ha plus tinta.	8
03364	Nouns	steel	der Stahl  	el acero	l'acier 	l'acciaio	o aço	l'acer	ŝtalo	aciero	Die Brücke ist aus Stahl	Ese puente está hecho de acero.	Ce pont est en acier.	Questo ponte è di acciaio.	Esta ponte é de aço.	This bridge is made of steel	Aquest pont és d'acer.	Ĉi tiu ponto estas el ŝtalo.	Iste ponte es facite de aciero.	8
03365	Nouns	ally	der Alliierte , der Verbündete 	el aliado	l'allié 	l'alleato	o aliado	l'aliat (els aliats), l'aliada (les aliades)	aliancano	alliato	Sie sind unsere Verbündeten.	Son nuestros aliados.	Ce sont nos alliés.	Loro sono i nostri alleati.	São nossos aliados.	They are our allies	Són els nostres aliats.	Ili estas niaj aliancanoj.	Illes es nostre alliatos.	8
03366	Nouns	army	die Armee  	el ejército	l'armée 	l'esercito	o exército	l'exèrcit (els exèrcits)	armeo	exercitio	Die Arme gewann die Schlacht	El ejército ganó esta batalla	L'armée a gagné cette bataille.	L'esercito ha vinto questa battaglia.	O exército venceu esta batalha.	The army won the battle	L'exèrcit va guanyar la batalla.	La armeo gajnis la batalon.	Le exercitio ganiava le battalia.	8
03367	Nouns	balance, equilibrium	das Gleichgewicht 	el equilibrio	l'équilibre 	l'equilibrio	o equilíbrio	l'equilibri	ekvilibro	equilibrio	Sie arbeitete viel an ihrem Gleichgewicht, als Sie Turnerin war	(Ella) trabajaba mucho en su equilibrio cuando hacía gimnasia	Elle a beaucoup travailléson équilibre quand elle faisait de la gymnastique.	Lei ha lavorato tanto sul suo equilibrio quando faceva ginnastica.	Ela trabalhou muito o seu equilíbrio quando fazia ginástica.	She worked a lot on her balance when she did gymnastics	Va treballar molt el seu equilibri quan feia gimnàstica.	Ŝi multe laboris pri sia ekvilibro kiam ŝi faris gimnastikon.	Illa laborava multo super su equilibrio quando illa faceva gymnastica.	8
03368	Nouns	ban	das Verbot 	la prohibición	l'interdiction 	il divieto	a proibição	la prohibició (les prohibicions)	malpermeso	prohibition	Diese Stadt hat geradefür ein Lastwagen-Verbot in der Innenstadt gestimmt	Esta ciudad acaba de votar la prohibición de camiones en el centro de la ciudad	Cette ville vient de voter pour l'interdiction des camions dans le centre-ville	Questa città ha appena votato il divieto ai camion nel centro città	Esta cidade acaba de votar pela proibição de caminhões no centro da cidade	This city just voted for a ban on trucks in the city center	Aquesta ciutat acaba de votar a favor de la prohibició de camions al centre.	Ĉi tiu urbo ĵus voĉdonis por malpermeso de kamionoj en la urbocentro.	Iste citate ha justo votate pro un prohibition de camiones in le centro del citate.	8
03369	Nouns	bear (animal)	der Bär 	el oso	l'ours 	l'orso	o urso	l'ós (els óssos)	urso	urso	Der Bär ist ein sehr starkes Tier	El oso es un animal fuerte.	L'ours est un animal puissant.	L'orso è un animale forte.	O urso é um animal poderoso.	Bears are very strong animals	L'ós és un animal molt fort.	Ursoj estas tre fortaj bestoj.	Ursos es animales multo forte.	8
03370	Nouns	bone	der Knochen 	el hueso	l'os 	l'osso	o osso	l'os (els ossos)	osto	osso	Die Wissenschaftler haben Knochen in den Ruinen gefunden	Los científicos han encontrado huesos en las ruinas.	Les scientifiques ont trouvé des os dans les ruines.	Gli scienziati hanno trovato delle ossa tra le rovine.	Os cientistas encontraram ossos nas ruínas.	The scientists uncovered some bones in the ruins	Els científics han trobat ossos a les ruïnes.	La sciencistoj malkovris kelkajn ostojn en la ruinoj.	Le scientistas ha discoperite alcun ossos in le ruinas.	8
03371	Nouns	branch	der Ast , der Zweig 	la rama	la branche	il ramo	o ramo	la branca (les branques)	branĉo	branca	Der Ast fiel aufs Haus	Una rama del árbol cayó encima de la casa	La branche de l'arbre est tombée sur la maison.	Il ramo dell'albero è caduto sulla casa.	O galho da árvore caiu sobre a casa.	The tree branch fell on the house	La branca de l'arbre va caure sobre la casa.	La arba branĉo falis sur la domon.	Le branca del arbore cadeva super le casa.	8
03372	Nouns	bullet	die Kugel  (Pistole)	la bala (de pistola)	la balle (de pistolet)	la pallottola	a bala (de pistola)	la bala (de pistola) (les bales)	kuglo	balla	Er hat sich eine Kugel in die Schulter geholt.	Una bala lo alcanzó en el hombro	Il a reçu une balle dans l'épaule.	Ha preso una pallottola nella spalla.	Ele levou uma bala nas costas.	He took a bullet to the shoulder	Li va tocar una bala a l'espatlla.	Li prenis kuglon en la ŝultron.	Un balla le attingeva in le humero.	8
03373	Nouns	camp	das Lager 	el campamento	le campement	il campo, l'accampamento	o acampamento	el campament (els campaments)	tendaro	campamento	Wir sollten ins Lager zurückgehen.	Deberíamos volver al campamento	Nous devrions rentrer au campement.	Dovremmo rientrare al campo.	Nós deveríamos voltar ao acampamento.	We should go back to the camp	Hauríem de tornar al campament.	Ni devus reiri al la tendaro.	Nos deberea retornar al campamento.	8
03374	Nouns	cell	die Zelle 	la célula	la cellule	la cellula	a célula	la cèl·lula (les cèl·lules)	ĉelo	cellula	Ultraviolette Strahlen schädigen die Zellen der Haut	Los rayos ultravioletas dañan las células de la piel	Les rayons ultraviolets endommagent les cellules de la peau	I raggi ultravioletti danneggiano le cellule della pelle	Os raios ultravioleta danificam as células da pele	Ultraviolet rays damage skin cells	Els raigs ultraviolats fan malbé les cèl·lules de la pell.	Ultraviolaj radioj damaĝas haŭtajn ĉelojn.	Le radios ultraviolette damnifica le cellulas del pelle.	8
03375	Nouns	challenge	die Herausforderung 	el desafío	le défi	la sfida	o desafio	el desafiament (els desafiaments), el repte (els reptes)	defio	defia	Sie beschlossen, sich der Herausforderung zu stellen.	Decidieron aceptar el desafío.	Ils ont choisi de relever le défi.	Hanno deciso di accettare la sfida.	Eles decidiram aceitar o desafio.	They decided to rise to the challenge	Van decidir acceptar el desafiament.	Ili decidis alfronti la defion.	Illes decideva acceptar le defia.	8
03376	Nouns	citizen	der Bürger 	el(la) ciudadano(a)	le citoyen(ne)	il cittadino(a)	o cidadão, a cidadã	el ciutadà (els ciutadans), la ciutadana (les ciutadanes)	civitano	cive	Alle Bürger sind aufgefordet, zu wählen.	Todos losciudadanos están llamados a las urnas.	Tous les citoyens sont appelés à aller voter.	Tutti i cittadini sono chiamati ad andare a votare.	Todos os cidadãos são chamados a ir às urnas.	All citizens are encouraged to vote	Tots els ciutadans estan cridats a votar.	Ĉiuj civitanoj estas kuraĝigitaj voĉdoni.	Tote le cives es incoragiate a votar.	8
03377	Nouns	civilian	der Zivilist 	el civil	le (la) civil(e)	il civile	o civil	el civil (els civils), la civil (les civils)	civilulo	civil	Die Streitkräfte stellen auch Zivilisten ein	El ejército también emplea a civiles.	L'armée emploie aussi des civils.	L'esercito impiega anche dei civili.	O exército também emprega civis.	The armed forces also employ civilians	Les forces armades també donen feina a civils.	La armitaj fortoj ankaŭ dungas civilulojn.	Le fortias armate emplea etiam civiles.	8
03378	Nouns	community	die Gemeinschaft 	la comunidad	la communauté	la comunità	a comunidade	la comunitat (les comunitats)	komunumo	communitate	Flüchtlinge gruppieren sich oft in einer Gemeinschaft.	Los refugiados a menudo se agrupan por comunidades.	Les refugiés se regroupent souvent par communauté.	I rifugiati si raggruppano spesso in comunità.	Os refugiados geralmente se agrupam por comunidade.	Refugees often group together in a community	Els refugiats sovint s'agrupen en comunitats.	Rifuĝintoj ofte grupiĝas en komunumo.	Le refugiatos sovente se gruppa in un communitate.	8
03379	Nouns	criminal	der(die) Verbrecher(in) 	el(la) criminal	le(la) criminel(le)	il(la) criminale	o(a) criminoso(a)	el criminal (els criminals), la criminal (les criminals)	krimulo	criminal	Der Verbrecher steht bald vor Gericht	El criminal pronto será juzgado.	Le criminel sera bientôt jugé.	Il criminale sarà giudicato presto.	O criminoso em breve será julgado.	The criminal will be on trial soon	El criminal serà jutjat aviat.	La krimulo baldaŭ estos juĝata.	Le criminal essera judicate tosto.	8
03380	Nouns	duty	die Pflicht 	el deber	le devoir	il dovere	o dever	el deure (els deures)	devo	deber	Jeder Bürger hat sowohl Rechte als auch Pflichten	Todo ciudadano tiene derechos y deberes.	Tout citoyen a des droits et des devoirs.	Tutti i cittadini hanno diritti e doveri.	Todo o cidadão tem direitos e deveres.	Each citizen has both rights and duties	Cada ciutadà té drets i deures.	Ĉiu civitano havas kaj rajtojn kaj devojn.	Cata citatano ha tanto derectos como deberes.	8
03381	Nouns	equipment	die Ausstattung , die Ausrüstung 	el equipamiento	l'équipement 	l'attrezzatura, l'equipaggiamento	o equipamento	l'equipament	ekipaĵo	equipamento	Sie nahmen alle Ausrüstung mit, die sie für ihre Wanderung brauchten.	Cogieron todo el equipamiento necesariopara la excursión	Ils ont pris l'équipement nécessaire pour faire de la randonnée.	Hanno preso l'attrezzatura necessaria per l'escursione.	Eles pegaram o equipamento necessário para fazer a caminhada.	They took all the equipment they needed for their hike	Van agafar tot l'equipament que necessitaven per a la seva excursió.	Ili prenis la tutan ekipaĵon, kiun ili bezonis por sia piedvojaĝo.	Illes prendeva tote le equipamento necessari pro lor excursion.	8
03382	Nouns	finance	die Finanzen	la(s) finanza(s)	la finance	la finanza	as finanças	les finances	financoj	financia	Ich brauche Hilfe. Ich habe keine Ahnung von Finanzen	Necesito ayuda, no entiendo nada de finanzas	J'ai besoin d'aide, je ne comprends rien à la finance	Ho bisogno d'aiuto, non capisco niente di finanza	Preciso de ajuda. Eu não entendo nada de finanças.	I need help.I don't know anything about finance.	Necessito ajuda. No entenc res de finances.	Mi bezonas helpon. Mi scias nenion pri financoj.	Io ha besonio de adjuta. Io non sape nihil de financias.	8
03383	Nouns	rise, increase	die Erhöhung  , die Vermehrung 	la subida, el aumento	l'augmentation , la hausse	l'aumento	o aumento	l'augment (els augments), la pujada (les pujades)	pliiĝo	augmento	Die Erhöhung der Preise wurde schlecht beurteilt	La subida de precios está mal vista	La hausse des prix est très mal vue	L'aumento dei prezzi è molto mal visto	O aumento dos preços é muito mal visto	The increase in prices has been viewed poorly	L'augment dels preus ha estat mal vist.	La pliiĝo de prezoj estis malbone rigardata.	Le augmento del precios ha essite mal vidite.	8
03384	Nouns	gang	die Bande , die Gang 	la pandilla, la banda	le gang	la banda	a gangue, o bando	la banda (les bandes), la colla (les colles)	bando	banda	Es ist schwer, aus einer Gang rauszukommen, wenn man erst mal dabei ist.	Es difícil salir de una pandilla cuando ya estás dentro	Une fois que tu entres dans un gang, il est difficile d'en sortir.	Quando entri in una banda, è difficile uscirne.	Quando você entra em uma gangue, é difícil sair.	It's difficult to get out of a gang once you're in	És difícil sortir d'una banda un cop hi ets a dins.	Estas malfacile eliri el bando post kiam vi eniras.	Il es difficile exir de un banda un vice que on es in illo.	8
03385	Nouns	gun	die Waffe , die Schusswaffe 	el arma de fuego (fusil, pistola…)	l'arme à feu  (fusil, pistolet…)	l'arma da fuoco 	a arma de fogo	l'arma de foc (les armes de foc)	pafilo	arma de foco	Er weiß, wie manverschiedenen Arten von Waffen benutzt	Sabe cómo disparar varias armas de fuego	Il sait utiliser différentes armes à feu.	Sa usare varie armi da fuoco.	Ele sabe usar diversas armas de fogo. 	He knows how to shoot different kinds of guns	Sap com fer servir diversos tipus d'armes de foc.	Li scias pafi diversajn specojn de pafiloj.	Ille sape como tirar con diverse typos de armas de foco.	8
03386	Nouns	hostage	die Geisel 	el rehén	l'otage 	l'ostaggio	o refém	l'ostatge (els ostatges)	ostaĝo	ostage	Die Diebe nahmenGeiseln	Los ladrones tenían rehenes.	Les voleurs détenaient des otages.	I ladri presero degli ostaggi.	Os ladrões mantinham reféns.	The thieves took hostages	Els lladres van prendre ostatges.	La ŝtelistoj prenis ostaĝojn.	Le fures prendeva ostages.	8
03387	Nouns	industry	die Industrie 	la industria	l'industrie 	l'industria	a indústria	la indústria (les indústries)	industrio	industria	Die Mode-Industrie hat eine vielversprechende Zukunft.	La industria de la moda tiene un futuro prometedor	L'industrie de la mode a encore de beaux jours devant elle.	L'industria della moda ha ancora un bel futuro davanti.	A indústria da moda ainda tem um futuro promissor.	The fashion industry has a promising future	La indústria de la moda té un futur prometedor.	La moda industrio havas promesplenan estontecon.	Le industria del moda ha un futuro promittente.	8
03388	Nouns	iron	das Eisen 	el hierro, el fierro (AL)	le fer	il ferro	o ferro	el ferro (els ferros)	fero	ferro	Das ist eine hübsche Eisenkiste.	Es una bonita caja de hierro	C'est une jolie boîte en fer.	È una bella scatola di ferro.	Esta é uma bela caixa de ferro.	This is a pretty iron box	És una bonica caixa de ferro.	Tio estas bela fera skatolo.	Isto es un belle cassa de ferro.	8
03389	Nouns	the main thing, what matters	die Hauptsache (das, was zählt)	lo importante	le principal	principale, importante	o que importa 	el principal (els principals)	la ĉefa afero	le importante	Hauptsacheist, dass man teilnimmt.	Lo importante es participar.	Le principal est de participer.	L'importante è partecipare	O que importa é participar.	The main thing is to participate.	El més important és participar.	La ĉefa afero estas partopreni.	Le importante es participar.	8
03390	Nouns	metal	das Metall 	el metal	le métal	il metallo	o metal	el metall (els metalls)	metalo	metallo	Silber und Gold sind Edelmetalle	La plata y el oro son metales preciosos	L'or et l'argent sont des métaux précieux	Oro e argento sono metalli preziosi.	O ouro e a prata são metais preciosos.	Silver and gold are precious metals	La plata i l'or són metalls preciosos.	Arĝento kaj oro estas valoraj metaloj.	Argento e auro es metallos preciose.	8
03391	Nouns	mine (excavation)	die Mine 	la mina	la mine (pour extraction)	la miniera	a mina	la mina (excavació) (les mines)	minejo	mina	Die Männer haben seit dem Morgen in der Mine gearbeitet	Los hombres llevan trabajando en las minas desde esta mañana.	Les hommestravaillent dans les mines depuis ce matin.	Gli uomini lavorano nelle miniere da stamattina.	Os homens estão trabalhando nas minas desde esta manhã.	The men have been working in the mine since morning	Els homes han estat treballant a la mina des del matí.	La viroj laboras en la minejo de matene.	Le homines labora in le mina desde iste matino.	8
03392	Nouns	minister	der Minister 	el ministro	le ministre	il ministro	o ministro	el ministre (els ministres), la ministra (les ministres)	ministro	ministro	Der Minister beschloss zurückzutreten	El ministro ha decidido dimitir.	Le ministre a décidé de démissionner.	Il ministro ha deciso di dimettersi.	O ministro decidiu renunciar.	The minister decided to resign	El ministre va decidir dimitir.	La ministro decidis demisii.	Le ministro ha decidite dimitter.	8
03393	Nouns	navy	die Marine 	la Marina	la marine	la Marina (forza armata)	a marinha	la marina, l'armada (les armades)	mararmeo	marina	Erist in dieMarine eingetreten	Se unió a la Marina.	Il a rejoint la marine.	È entrato in Marina.	Ele entrou para a marinha.	He joined the Navy	Va ingressar a la marina.	Li aliĝis al la mararmeo.	Ille entrava in le marina.	8
03394	Nouns	news (on TV)	die Nachrichten (im Fernsehen)	las noticias (en la televisión)	les informations (à la TV...)	le notizie (in TV)	as notícias (na TV...)	les notícies (a la televisió)	novaĵoj (en televido)	novas	Er hat sich im Fernsehen die Nachrichten angesehen	Él veía las noticias en la televisión	Il regardait les informations à la TV	Guardava le notizie in tv	Ele via as notícias na TV	He watched the news on TV	Ell es mirava les notícies a la televisió.	Li spektis la novaĵojn en televido.	Ille spectava le novas al television.	8
03395	Nouns	nightmare	der Albtraum 	la pesadilla	le cauchemar	l'incubo	o pesadelo	el malson (els malsons)	koŝmaro	incubo	Seit seinem Unfall hat er Albträume.	Ha tenido pesadillas desde el accidente	Il fait des cauchemars depuis son accident.	Ha degli incubi dopo il suo incidente.	Ele tem tido pesadelos desde o seu acidente. 	He's had nightmares since his accident	Des del seu accident té malsons.	Li havas koŝmarojn de post sia akcidento.	Ille ha habite incubos desde su accidente.	8
03396	Nouns	percentage	der Prozentsatz 	el porcentaje	le pourcentage	la percentuale	a porcentagem	el percentatge (els percentatges)	procento	percentage	Der ProzentsatzenglischsprachigerMenschen ist gestiegen	El porcentaje de gente que habla inglés ha aumentado	Le pourcentage de personnes parlant anglais a augmenté	La percentuale di persone che parlano inglese è cresciuta	A porcentagem de pessoas que falam inglês aumentou	The percentage of people who speak English has grown	El percentatge de persones que parlen anglès ha augmentat.	La procento de homoj, kiuj parolas la anglan, kreskis.	Le percentage de personas qui parla anglese ha crescite.	8
03397	Nouns	plastic	das Plastik ; der Kunststoff 	el plástico	le plastique	la plastica	o plástico	el plàstic	plasto	plastico	Kunststoff ist ein Problem für die Umwelt	El plástico es un problema para el medio ambiente	Le plastique est un problème environnemental	La plastica è un problema ambientale	O plástico é um problema ambiental	Plastic is a problem for the environment	El plàstic és un problema per al medi ambient.	Plasto estas problemo por la medio.	Le plastico es un problema pro le ambiente.	8
03398	Nouns	policy	der Grundsatz , das Programm  	la política (estrategia), las medidas	la politique, les mesures, les règles	la politica, le regole	a política, a regra	la política (estratègia) (les polítiques)	politiko (strategio)	politica	Die neue Regierung sollte ihr Programmin den nächsten Tagen verkünden	El gobierno debería anunciar sus medidas en los próximos días	Le nouveau gouvernement devrait annoncer sa politique dans les prochains jours	Il nuovo governo dovrebbe annunciare la sua politica nei prossimi giorni	O novo governo deve anunciar sua política nos próximos dias	The new government should announce its policy in the next few days	El nou govern hauria d'anunciar la seva política en els propers dies.	La nova registaro devus anonci sian politikon en la venontaj tagoj.	Le nove governamento deberea annunciar su politica in le proxime pauc dies.	8
03399	Nouns	politics	die Politik 	la política	la politique	la politica	a política 	la política	politiko	politica	Meine Freunde reden gern über Politik	A mis amigos les gusta hablar de política	Mes amis aiment parler de politique	Ai miei amici piace parlare di politica	Meus amigos gostam de falar de política	My friends like to talk politics	Als meus amics els agrada parlar de política.	Miaj amikoj ŝatas paroli pri politiko.	A mi amicos place parlar de politica.	8
03400	Nouns	powder	das Pulver 	el polvo	la poudre	la polvere	o pó	la pols	pulvoro	pulvere	Füge ein bisschen Wasser dem Pulver bei, um die Soße cremiger zu machen	Añade un poco de agua al polvo para conseguir una salsa cremosa	Ajoutez un peu d'eau à la poudre pour obtenir une sauce onctueuse	Aggiungete un po' d'acqua alla polvere per ottenere una salsa cremosa	Junte um pouco d'água ao pó para obter um molho cremoso	Add a little water to the powder to get a creamy sauce	Afegeix una mica d'aigua a la pols per obtenir una salsa cremosa.	Aldonu iom da akvo al la pulvoro por akiri kreman saŭcon.	Adde un pauc de aqua al pulvere pro obtener un salsa cremose.	8
03401	Nouns	power, strength	die Macht , die Stärke  	el poder, la fuerza	la puissance, la force	il potere, la forza	o poder, a força	el poder, la força	potenco, forto	potentia, fortia	Die Menschen habenimmer die Stärke der Pferde verwendet.	Los humanos siempre han usado la fuerza de los caballos	Les hommes ont toujours utilisé la force des chevaux	Gli uomini hanno sempre usato la forza dei cavalli	Os humanos sempre usaram a força dos cavalos	Humans have always used the strength of horses	Els humans sempre han utilitzat la força dels cavalls.	Homoj ĉiam uzis la forton de ĉevaloj.	Le humanos ha sempre usate le fortia del cavallos.	8
03402	Nouns	present	die Gegenwart 	el presente	le présent	il presente	o presente (tempo atual)	el present	nuntempo	presente	Lebe in der Gegenwart	Vive el presente	Vis dans le présent	Vivi nel presente	Viva no presente	Live in the present	Viu el present.	Vivu en la nuntempo.	Vive in le presente.	8
03403	Nouns	range	die Reichweite , die Ausdehnung 	el ámbito, el alcance	l'étendue , la portée	la gamma, la portata	o alcance, o âmbito	l'abast, l'àmbit	atingopovo	portata	Die kabellose Verbindung hat eine große Reichweite	El alcance de la red es bastante amplio	La portée du réseau est assez large	La portata della rete è abbastanza ampia	A conexão wireless tem um longo alcance	The wireless connection has a long range	La connexió sense fils té un gran abast.	La sendrata konekto havas longan atingopovon.	Le connexion sin filo ha un grande portata.	8
03404	Nouns	ray	der Strahl 	el rayo (luz...)	le rayon (lumière...)	il raggio	o raio (luz...)	el raig (els raigs)	radio	radio	Ein Sonnenstrahl leuchtet auf das Bild	Un rayo de sol ilumina la imagen	Un rayon de soleil illumine le tableau	Un raggio di sole illumina il quadro	Um raio de sol ilumina o quadro	A ray of sun lights up the painting	Un raig de sol il·lumina el quadre.	Radio de suno lumigas la pentraĵon.	Un radio de sol illumina le pictura.	8
03405	Nouns	refugee	der Flüchtling 	el(la) refugiado(a)	le(a) réfugié(e)	il(la) rifugiato(a)	o(a) refugiado(a)	el refugiat (els refugiats), la refugiada (les refugiades)	rifuĝinto	refugiate	Viele Menschen flüchten vor dem Krieg und werdenin anderen Ländern zu Flüchtlingen	Mucha gente huye de la guerra y se convierte en refugiadoen otro país	Beaucoup de gens fuient la guerre et deviennent réfugiés dans un autre pays	Molte persone fuggono dalla guerra e diventano rifugiati in altri paesi	Muitas pessoas fogem da guerra e se tornam refugiados em outro país	Many people fleeing war become refugees in another country	Molta gent fuig de la guerra i es converteix en refugiada en un altre país.	Multaj homoj fuĝantaj de milito fariĝas rifuĝintoj en alia lando.	Multe personas fugiente le guerra deveni refugiatos in un altere pais.	8
03406	Nouns	resource	die Einnahmequelle , die Ressource 	el recurso	la ressource	la risorsa	o recurso	el recurs (els recursos)	resurso	ressource	Unsere Wirtschaft ist vom Export natürlicher Ressourcen abhängig	Nuestra economía depende de la exportación de recursos naturales	Notre économie dépend de l'exportation de ressources naturelles	La nostra economia dipende dall'esportazione delle risorse naturali	Nossa economia depende da exportação de recursos naturais	Our economy depends on the exportation of natural resources	La nostra economia depèn de l'exportació de recursos naturals.	Nia ekonomio dependas de la eksportado de naturaj resursoj.	Nostre economia depende del exportation de ressources natural.	8
03407	Nouns	revolt	der Aufstand , die Revolte 	la revuelta	la révolte	la rivolta	a revolta	la revolta (les revoltes)	ribelo	revolta	Es gab eine Revolte der Arbeiter	Hubouna revuelta de los trabajadores	Une révolte des ouvriers a éclaté	È scoppiata una rivolta di operai	Houve uma revolta entre os trabalhadores	There was a workers' revolt	Hi va haver una revolta dels treballadors.	Okazis ribelo de laboristoj.	Il habeva un revolta del travaliatores.	8
03408	Nouns	riot	der Aufruhr 	el disturbio	l'émeute 	la sommossa, il tumulto	o distúrbio	l'aldarull (els aldarulls), el disturbi (els disturbis)	tumulto	tumulto	Es gab viel Aufruhr während der kürzlichen Proteste	Ha habido muchos disturbios durante las últimas manifestaciones	Il y a eu beaucoup d'émeutes lors des dernières manifestations	Ci sono stati molti tumulti durante le ultime manifestazioni	Houve muitos distúrbios durante os últimos protestos	There have been a lot of riots during recent protests	Hi ha hagut molts aldarulls durant les últimes protestes.	Estis multaj tumultoj dum lastatempaj protestoj.	Il ha habite multe tumultos durante le protestos recente.	8
03409	Nouns	rocket	die Rakete 	el cohete	la fusée	il razzo	o foguete	el coet (els coets)	raketo	rocchetta	Die Rakete hat inGuyana abgehoben.	El cohete despegó desde Guyana	La fusée a décollé depuis la Guyane.	Il razzo è decollato dalla Guyana.	O foguete decolou da Guiana.	The rocket took off from Guyana.	El coet es va enlairar des de la Guaiana.	La raketo ekflugis el Gujano.	Le rocchetta decollava de Guyana.	8
03410	Nouns	root	die Wurzel 	la raíz	la racine	la radice	a raiz	l'arrel (les arrels)	radiko	radice	Karotten sind ein Wurzelgemüse	La zanahoria es una raíz	La carotte est une racine	La carota è una radice	A cenoura é uma raiz	Carrots are a root vegetable	Les pastanagues són una arrel.	Karotoj estas radikaj legomoj.	Le carota es un legumine a radice.	8
03411	Nouns	rope	das Seil 	la cuerda	la corde	la corda	a corda	la corda (les cordes)	ŝnuro	corda										8
03412	Nouns	script	das Manuskript , das Drehbuch 	el guión, la escritura	le script, le scénario	la sceneggiatura, lo script	o roteiro, o script	el guió (els guions)	scenaro	scripto	Die Schauspieler haben das Drehbuch gelesen	Los actores han leído el guión.	Les acteurs ont lu le scénario.	Gli attori hanno letto la sceneggiatura.	Os atores leram o roteiro.	The actors read the script.	Els actors han llegit el guió.	La aktoroj legis la scenaron.	Le actores legeva le scripto.	8
03413	Nouns	set	die Reihe 	la serie, la colección	la série, la collection	la serie, la collezione	a série 	la sèrie (les sèries), la col·lecció (les col·leccions)	serio	serie										8
03414	Nouns	shelter	der Unterschlupf	el refugio	le refuge	il rifugio	o refúgio, o abrigo	el refugi (els refugis)	ŝirmejo	refugio	Wir müssen vor dem Sturm Unterschlupf finden	Debemos encontrar refugio antes de la tormenta.	Nous devons trouver un refuge avant l'orage.	Dobbiamo trovare un rifugio prima del temporale.	Precisamos encontrar abrigo antes da tempestade.	We need to find shelter before the storm.	Hem de trobar refugi abans de la tempesta.	Ni bezonas trovi ŝirmejon antaŭ la ŝtormo.	Nos debe trovar un refugio ante que le tempesta.	8
03415	Nouns	soul	die Seele 	el alma	l'âme 	l'anima	a alma	l'ànima (les ànimes)	animo	anima	Sie war die Seele des Dorfes.	Ella era el alma del pueblo	Elle était l'âme du village.	Era l'anima del paese.	Ela era a alma da cidade.	She was the soul of the village.	Ella era l'ànima del poble.	Ŝi estis la animo de la vilaĝo.	Illo era le anima del villa.	8
03416	Nouns	speech	die Rede 	el discurso	le discours	il discorso	o discurso	el discurs (els discursos)	parolado	discurso	Die Rede des Präsidenten ist um 8 Uhr.	El discurso del presidente es a las 20h.	Le discours du président est à 20h.	Il discorso del presidente è alle 20.	O discurso do presidente é às 20h.	The president's speech is at 8:00.	El discurs del president és a les 8.	La parolado de la prezidanto estas je la 8-a.	Le discurso del presidente es a le 8:00.	8
03417	Nouns	status	der Status 	el estatus	le statut 	lo status	o status	l'estatus	statuso	statuto	Ihr sozialer Status verlangt Respekt	Su estatus social impone respeto	Son statut social impose le respect	Il suo status sociale impone rispetto	Seu status social impõe respeito	Her social status demands respect	El seu estatus social imposa respecte.	Ŝia socia statuso postulas respekton.	Su statuto social demanda respecto.	8
03418	Nouns	trial	der Prozess 	el proceso, el juicio	le procès	il processo	o julgamento	el procés (els processos), el judici (els judicis)	proceso	processo	Der Prozess wirdin ein paar Tagen stattfinden	El proceso se llevará a cabo en unos días.	Le procès se déroulera dans quelques jours.	Il processo si svolgerà tra qualche giorno.	O julgamento acontecerá daqui a alguns dias.	The trial will take place in a few days.	El procés tindrà lloc d'aquí a uns dies.	La proceso okazos post kelkaj tagoj.	Le processo evenira in pauc dies.	8
03419	Nouns	cord, cable	der Draht , das Ladekabel 	el cable	le fil, le câble	il cavo, il filo	o fio, o cabo	el fil (els fils), el cable (els cables)	kablo	cablo	Hast du ein Ladekabel für mein Handy?	¿Tienes un cable para mi teléfono?	Est-ce que tu as un câble pour mon téléphone?	Hai un cavo per il mio telefono?	Você tem um cabo para o meu telefone?	Do you have a cord for my phone?	Tens un cable per al meu telèfon?	Ĉu vi havas kablon por mia telefono?	Ha tu un cablo pro mi telephono?	8
03420	Nouns	dump	die Mülldeponie, die Müllhalde 	el vertedero, el basurero	la décharge	la discarica	o aterro	l'abocador (els abocadors)	rubejo	discargatorio	Diese Objekte werden auf die Müllhalde gebracht.	Estos objetos van a ir al vertedero	Ces objets vont à la décharge.	Questi oggetti vanno in discarica.	Estes objetos estão indo para o aterro.	These objects are going to the dump.	Aquests objectes aniran a l'abocador.	Ĉi tiuj objektoj iros al la rubejo.	Iste objectos va ir al discargatorio.	8
03421	Food & Dining	brewery	die Brauerei	la fábrica de cerveza	la brasserie (production de bière)	il birrificio	a cervejaria 	la cerveseria (les cerveseries)	bierejo	fabrica de bira										8
03422	Cooking	to heat up, to warm up	aufwärmen	calentar, recalentar	réchauffer	riscaldare	aquecer, esquentar	escalfar, reescalfar	revarmigi	calefacer	Mein Vater hat die Reste vom gestrigen Abendessen aufgewärmt.	Mi padre ha calentado los restos de la cena de ayer	Mon père a réchauffé les restes du dîner d'hier soir	Mio padre ha riscaldato gli avanzi della cena di ieri sera	Meu pai esquentou os restos do jantar de ontem	My father heated up the leftovers from last night's dinner	El meu pare ha escalfat les restes del sopar d'ahir.	Mia patro revarmigis la restaĵojn de la hieraŭa vespermanĝo.	Mi patre calefaceva le restos del cena de heri nocte.	8
03423	Cooking	to fry	frittieren, anbraten	freír, fritar (AL)	faire frire	friggere	fritar	fregir	friti	friger										8
03424	Cooking	to season	würzen	condimentar, sazonar	assaisonner 	condire	temperar	condimentar, assaonar	spici	condimentar										8
03425	Cooking	depending on your taste	je nach deinem Geschmack	dependiendo de tu gusto	suivant ton goût	secondo il tuo gusto	dependendo do seu gosto	depenent del teu gust	depende de via gusto	dependente de tu gusto										8
03426	Cooking	to pour	einschenken	verter	verser	versare	Verter, derramar	abocar	verŝi	versar	Wasser in ein Glaseinschenken	Verter agua en un vaso	Verser de l'eau dans un verre	Versare acqua in un bicchiere	Verter água em um copo	Topour water in a glass	Abocar aigua en un got.	Verŝi akvon en glason.	Versar aqua in un vitro.	8
03427	Cooking	to peel	schälen	pelar	éplucher	pelare	descascar	pelar	senŝeligi	pellar										8
03428	Home & Furniture	ceiling	die Decke 	el techo	le plafond	il soffitto	o teto	el sostre (els sostres)	plafono	plafond										8
03429	Home & Furniture	roof	das Dach	el tejado	le toit	il tetto	o telhado, o teto	la teulada (les teulades)	tegmento	tecto										8
03430	Home & Furniture	dining room	das Esszimmer 	el comedor	la salle à manger 	la sala da pranzo	a sala de jantar	el menjador (els menjadors)	manĝoĉambro	sala a mangiar										8
03431	Home & Furniture	corridor	der Flur , der Korridor 	el pasillo	le couloir	il corridoio	o corredor	el passadís (els passadissos)	koridoro	corridor										8
03432	Home & Furniture	glass door	die Glastür 	la puerta de vidrio	la porte vitrée 	la porta a vetri	a porta de vidro	la porta de vidre (les portes de vidre)	vitra pordo	porta de vitro										8
03433	Household chores	to vacuum  	staubsaugen	pasar la aspiradora  	passer l'aspirateur	passare l'aspirapolvere	passar o aspirador	passar l'aspiradora	polvosuĉi	aspirar										8
03434	Household chores	to clean the windows 	Fenster putzen	limpiar / lavar las ventanas 	laver/nettoyer les vitres / les fenêtres	pulire / lavare i vetri	limpar/lavar as janelas	netejar les finestres	purigi la fenestrojn	nettar le fenestras										8
03435	Household chores	to dust 	abstauben	quitar el polvo	dépoussiérer	spolverare, togliere la polvere	tirar a poeira	treure la pols	senpolvigi	dispulverar										8
03436	Household chores	to sweep (the floor) [swept, swept] 	den Fußboden kehren	barrer (el suelo)	balayer (le sol)	spazzare (il pavimento)	varrer (o piso)	escombrar (el terra)	balai (la plankon)	scopar le solo	Ich habe mein Zimmer gekehrt, bevor ich rausgegangen bin.	He barrido mi habitación antes de salir	J'ai balayé ma chambre avant de sortir.	Ho spazzato la mia stanza prima di uscire.	Eu varri meu quarto antes de sair.	I swept my room before going out	He escombrat la meva habitació abans de sortir.	Mi balais mian ĉambron antaŭ ol eliri.	Io ha scopate mi camera ante de sortir.	8
03437	Household chores	to iron clothes	die Wäsche bügeln	planchar la ropa 	repasser les habits	stirare i vestiti	passar a roupa	planxar la roba	gladi vestojn	repassar le vestimentos										8
03438	Transportation	tire (US), tyre (UK)	der Reifen 	el neumático	le pneu	lo pneumatico, la gomma	o pneu	el pneumàtic (els pneumàtics)	pneŭo	pneumatico										8
03439	Colors	bright	leuchtend, hell	vivo, brillante	vif, lumineux(se)	vivace, luminoso(a)	vivo, brilhante	viu, brillant	brila	brillante										8
03440	Craft	engraving	das Gravieren, die Gravur 	el grabado	la gravure	l'incisione	a gravação	el gravat (els gravats)	gravuraĵo	gravure										8
03441	Banking	debt	die Schulden (Pl)	la deuda	la dette	il debito	o débito	el deute (els deutes)	ŝuldo	debita										8
03442	Banking	to save (money), to spare	(Geld) sparen	ahorrar	épargner	risparmiare	guardar, poupar	estalviar (diners)	ŝpari (monon)	sparniar										8
03443	Banking	to invest	investieren	invertir	investir	investire	investir	invertir	investi	investir										8
03444	Numbers	twentieth [20th]	zwanzigster	vigésimo 	vingtième 	ventesimo 	vigésimo 	vintè	dudeka	vintesime										8
03445	Numbers	fifth [5°]	fünfter	quinto 	cinquième 	quinto 	quinto 	cinquè	kvina	quinte										8
03446	Numbers	sixth [6°]	sechster	sexto 	sixième 	sesto 	sexto 	sisè	sesa	sexte										8
03447	Numbers	seventh [7°]	siebter	séptimo 	septième 	settimo 	sétimo 	setè	sepa	septime										8
03448	Numbers	eighth [8°]	achter	octavo 	huitième 	ottavo 	oitavo 	vuitè	oka	octave										8
03449	Numbers	ninth [9°]	neunter	noveno 	neuvième 	nono 	nono 	novè	naŭa	none										8
03450	Numbers	tenth [10°]	zehnter	décimo 	dixième 	decimo 	décimo 	desè	deka	decime										8
03451	Art & Museums	statue 	die Statue 	la estatua 	la statue	la statua	a estátua	l'estàtua (les estàtues)	statuo	statua										8
03452	Art & Museums	picture	das Gemälde 	el cuadro	le tableau	il quadro	o quadro	el quadre (els quadres)	pentraĵo	quadro										8
03453	Art & Museums	painter	der(die) Maler(in) 	el/la pintor(a)	le peintre	il pittore, la pittrice	o(a) pintor(a)	el pintor (els pintors), la pintora (les pintores)	pentristo	pictor										8
03454	Art & Museums	showroom	der Ausstellungsraum 	el salón de exhibición	la salle d'exposition	la sala delle esposizioni	o salão de exibição	la sala d'exposicions (les sales d'exposicions)	ekspoziciejo	salon de exhibition										8
03455	Art & Museums	art gallery	die Kunstgalerie 	la galería de arte	la galerie d'art	la galleria d'arte	a galeria de arte	la galeria d'art (les galeries d'art)	artgalerio	galeria de arte										8
03456	Art & Museums	collection	die Sammlung 	la colección	la collection	la collezione	a coleção	la col·lecció (les col·leccions)	kolekto	collection										8
03457	Art & Museums	exhibition	die Ausstellung 	la exposición	l'exposition 	l'esibizione	a exposição	l'exposició (les exposicions)	ekspozicio	exposition										8
03458	Art & Museums	artwork	das Kunstwerk  	la obra de arte	l'oeuvre (d'art) 	l'opera (d'arte) 	a obra de arte	l'obra d'art (les obres d'art)	artaĵo	obra de arte										8
03459	Art & Museums	art	die Kunst 	el arte	l'art 	l'arte	a arte	l'art	arto	arte										8
03460	Art & Museums	design	das Design 	el diseño	la conception, le design	il disegno, la concezione	o design	el disseny (els dissenys)	dezajno	designo										8
03461	Art & Museums	style	der Stil 	el estilo	le style	lo stile	o estilo	l'estil (els estils)	stilo	stilo										8
03462	Religion	faith	der Glaube	la fe	la foi	la fede	a fé	la fe	fido	fide										8
03463	Religion	What are your religious beliefs?	Was sind Ihre/deine religiösen Überzeugungen?	¿Cuáles son tus/sus creencias religiosas?	Quelles sont tes/vos croyances religieuses?	Quali sono le sue/tue credenze religiose?	Quais suas/tuas crenças religiosas?	Quines són les teves creences religioses?	Kiuj estas viaj religiaj kredoj?	Quales es tu credentias religiose?										8
03464	Religion	agnostic	agnostisch	agnóstico(a)	agnostique	agnostico(a)	agnóstico(a)	agnòstic(a)	agnostikulo	agnostico										8
03465	Religion	atheist	der Atheist, die Atheistin	ateo(a)	athée (l')	ateo(a)	ateu	ateu(a)	ateisto	atheista										8
03466	Religion	buddhist	buddhistisch	budista	bouddhiste	buddista	budista	budista	budhano	buddhista										8
03467	Religion	catholic	katholisch	católico(a)	catholique	cattolico(a)	católico(a)	catòlic(a)	katoliko	catholic										8
03468	Religion	christian	christlich	cristiano(a)	chrétien(ne)	cristiano(a)	cristão, cristã	cristià(na)	kristano	christian										8
03469	Religion	jewish	jüdisch	judío(a)	juif (juive)	ebreo(a)	judeu, judia	jueu(va)	judo	judee										8
03470	Religion	muslim	muslimisch	musulmán(a)	musulman(e)	musulmano(a)	muçulmano(a)	musulmà(na)	islamano	musulman										8
03471	Religion	religious practitioner	der/die  Gläubige	practicante	le pratiquant (religieux)	il(la) praticante (religioso)	praticante	el practicant (els practicants) (religiós)	praktikanto	practicante religiose										8
03472	Religion	church	die Kirche 	la iglesia	l'église 	la chiesa	a igreja	l'església (les esglésies)	preĝejo	ecclesia										8
03473	Religion	mosque	die Moschee 	la mezquita	la mosquée	la moschea	a mesquita	la mesquita (les mesquites)	moskeo	moschea										8
03474	Religion	synagogue	die Synagoge 	la sinagoga	la synagogue	la sinagoga	a sinagoga	la sinagoga (les sinagogues)	sinagogo	synagoga										8
03475	Religion	to pray	beten	rezar	prier	pregare	rezar	resar, pregar	preĝi	orar										8
03476	Beach & Swimming	snorkel	der Schnorchel 	el tubo de buceo	le tuba	il boccaglio da sub	o tubo respirador	el tub de busseig (els tubs de busseig)	spir tubo	tubo de respiration										8
03477	Beach & Swimming	flippers	die Schwimmflossen	las aletas	les palmes	le pinne	os pés de pato	les aletes	naĝiloj	pinnas										8
03478	Beach & Swimming	mask (scuba diving)	die (Taucher)Maske 	la máscara (de buceo)	le masque (de plongée)	la maschera (da immersione)	a máscara (de mergulho)	la màscara (de busseig) (les màscares)	masko (subakva)	masca de immersion										8
03479	Beach & Swimming	diving suit	der Taucheranzug 	el traje de buceo	la combinaison de plongée	la muta subacquea	a roupa de mergulho	el vestit de busseig (els vestits de busseig)	subakva kostumo	costume de immersion										8
03480	Beach & Swimming	sailing 	das Segeln	la vela (deporte)	la voile (sport)	la vela (sport)	a vela (esporte)	la vela (les veles)	velado	navigation a vela										8
03481	Beach & Swimming	to sail	segeln	navegar	naviguer	navigare	navegar	navegar a vela	veli	navigar										8
03482	Beach & Swimming	shell	die Muschel 	la concha	le coquillage	la conchiglia	a concha	la petxina (les petxines)	konko	concha										8
03483	Animals	the pig	das Schwein 	el cerdo (ES), el marrano (AL)	le cochon	il maiale	o porco	el porc (els porcs)	la porko	porco										8
03484	Animals	squirrel	das Eichhörnchen	la ardilla	l'écureuil 	lo scoiattolo	o esquilo	l'esquirol (els esquirols)	sciuro	sciuro										8
03485	Animals	rabbit	das Kaninchen 	el conejo	le lapin	il coniglio	o coelho	el conill (els conills)	kuniklo	conilio										8
03486	Animals	turtle	die Schildkröte 	la tortuga	la tortue	la tartaruga	a tartaruga	la tortuga (les tortugues)	testudo	tortuca										8
03487	Animals	elephant 	der Elefant 	el elefante 	l'éléphant 	l'elefante	o elefante	l'elefant (els elefants)	elefanto	elephante										8
03488	Animals	gorilla	der Gorilla 	el gorila	le gorille	il gorilla	o gorila	el goril·la (els goril·les)	gorilo	gorilla										8
03489	Farm	tractor	der Traktor 	el tractor	le tracteur	il trattore	o trator	el tractor (els tractors)	traktoro	tractor										8
03490	Countries	Argentina	Argentinien	Argentina	l'Argentine	l'Argentina	Argentina	Argentina	Argentino	Argentina	Argentinier(in)	Argentino(a)	Argentin(e)	Argentino(a)	Argentino(a)	Argentinian, Argentine	argentí(na)	argentinano	argentin	8
03491	Countries	Armenia	Armenien	Armenia	l'Arménie	L'Armenia	Armênia	Armènia	Armenio	Armenia	Armenier(in)	Armenio	Arménien(e)	Armeno(a)	Armeno(a)	Armenian	armeni(ènia)	armeniano	armenio	8
03492	Countries	Australia	Australien	Australia	l'Australie	L'Australia	Austrália	Austràlia	Aŭstralio	Australia	Australier(in)	Australiano(a)	Australien(ne)	Australiano(a)	Australiano(a)	Australian	australià(ana)	aŭstraliano	australiano	8
03493	Countries	Austria	Österreich	 Austria	l'Autriche	L'Austria	Áustria	Àustria	Aŭstrio	Austria	Österreicher(in)	Austriaco	Autrichien(ne)	Austriaco(a)	Austríaco(a)	Austrian	austríac(a)	aŭstriano	austriac	8
03494	Countries	Belgium	Belgien	 Bélgica	la Belgique	Il Belgio	Bélgica	Bèlgica	Belgio	Belgica	Belgier(in)	Belga	Belge	Belga	Belga	Belgian	belga	belgo	belge	8
03495	Countries	Bolivia	Bolivien	 Bolivia	la Bolivie	La Bolivia	Bolívia	Bolívia	Bolivio	Bolivia	Bolivianer(in)	Boliviano(a)	Bolivien(ne)	Boliviano(a)	Boliviano(a)	Bolivian	bolivià(ana)	boliviano	bolivian	8
03496	Countries	Brazil	Brasilien	Brasil	le Brésil	Il Brasile	Brasil	el Brasil	Brazilo	Brasil	Brasilianer(in)	Brasileño(a)	Brésilien(ne)	Brasiliano(a)	Brasileiro(a)	Brazilian	brasiler(a)	brazilano	brasilian	8
03497	Countries	Canada	Kanada	Canadá	le Canada	Il Canada	Canadá	el Canadà	Kanado	Canada	Kanadier(in)	Canadiense	Canadien(ne)	Canadese	Canadense	Canadian	canadenc(a)	kanadano	canadian	8
03498	Countries	Chile	Chile	 Chile	le Chili	Il Cile	Chile	Xile	Ĉilio	Chile	Chilene, Chilenin	Chileno(a)	Chilien(ne)	Cileno(a)	Chileno(a)	Chilean	xilè(na)	ĉiliano	chilen	8
03499	Countries	China	China	China	la Chine	La Cina	China	la Xina	Ĉinio	China	Chinese, Chinesin	Chino(a)	Chinois(e)	Cinese	Chinês, Chinesa	Chinese	xinès(a)	ĉino	chinese	8
03500	Countries	Colombia	Kolumbien	 Colombia	la Colombie	La Colombia	Colômbia	Colòmbia	Kolombio	Colombia	Kolumbianer(in)	Colombiano(a)	Colombien(ne)	Colombiano(a)	Colombiano(a)	Colombian	colombià(ana)	kolombiano	colombian	8
03501	Countries	Costa Rica	Costa Rica	 Costa Rica	le Costa Rica	Il Costa Rica	Costa Rica	Costa Rica	Kostariko	Costa Rica	Costa Ricaner(in)	Costarricense	Costaricien(ne)	Costaricano(a)	Costa-riquenho(a)	Costa Rican	costa-riqueny(a)	kostarikano	costaricano	8
03502	Countries	Croatia	Kroatien	 Croacia	la Croatie	La Croazia	Croácia	Croàcia	Kroatio	Croatia	Kroate, Kroatin	Croata	Croate	Croato(a)	Croata	Croatian	croat(a)	kroato	croate	8
03503	Countries	Cuba	Kuba	 Cuba	Cuba	Cuba	Cuba	Cuba	Kubo	Cuba	Kubaner(in)	Cubano(a)	Cubain(e)	Cubano(a)	Cubano(a)	Cuban	cubà(ana)	kubano	cuban	8
03504	Countries	Czech Republic	die tschechische Republik, Tschechien	República Checa	la République Tchèque	La Repubblica Ceca	República Tcheca	la República Txeca	Ĉeĥio	Republica Chec	Tscheche, Tschechin	Checo(a)	Tchèque	Ceco(a)	Checo(a)	Czech	txec(a)	ĉeĥo	chec	8
03505	Countries	Denmark	Dänemark	 Dinamarca	le Danemark	La Danimarca	Dinamarca	Dinamarca	Danio	Danmark	Däne, Dänin	Danés(a)	Danois(e)	Danese	Dinamarquês, Dinamarquesa	Danish	danès(a)	dano	danese	8
03506	Countries	Ecuador	Ecuador	Ecuador	l'Équateur	L'Ecuador	Equador	l'Equador	Ekvadoro	Ecuador	Ecuadorianer(in)	Ecuatoriano(a)	Équatorien(ne)	Ecuadoriano(a)/Ecuadoregno(a)	Equatoriano(a)	Ecuadorian	equatorià(ana)	ekvadorano	ecuadorian	8
03507	Countries	Egypt	Ägypten	 Egipto	l'Égypte	L'Egitto	Egito	Egipte	Egiptio	Egypto	Ägypter(in)	Egipcio(a)	Égyptien(ne)	Egiziano(a)	Egípcio(a)	Egyptian	egipci(a)	egiptano	egyptian	8
03508	Countries	England	England	 Inglaterra	l'Angleterre	L'Inghilterra	Inglaterra	Anglaterra	Anglio	Anglaterra	Engländer(in)	Ingles(a)	Anglais(e)	Inglese	Inglês, Inglesa	English	anglès(a)	anglo	anglese	8
03509	Countries	Estonia	Estland	 Estonia	l'Estonie	L'Estonia	Estônia	Estònia	Estonio	Estonia	Este, Estin	Estonio	Estonien(ne)	Estone	Estoniano(a)	Estonian	estonià(ana)	estoniano	estonian	8
03510	Countries	Finland	Finnland	 Finlandia	la Finlande	La Finlandia	Finlândia	Finlàndia	Finnlando	Finlandia	Finne, Finnin	Finlandes(a)	Finnois(e)	Finlandese	Finlandês,Finlandesa	Finnish	finlandès(a)	finno	finlandese	8
03511	Countries	France	Frankreich	 Francia	la France	La Francia	França	França	Francio	Francia	Franzose, Französin	Francés(a)	Français(e)	Francese	Francês, Francesa	French	francès(a)	franco	francese	8
03512	Countries	Germany	Deutschland	 Alemania	l'Allemagne	La Germania	Alemanha	Alemanya	Germanio	Germania	Deutscher, Deutsche	Aleman(a)	Allemand(e)	Tedesco(a)	Alemão, Alemã	German	alemany(a)	germano	german	8
03513	Countries	Greece	Griechenland	 Grecia	la Grèce	La Grecia	Grécia	Grècia	Grekio	Grecia	Grieche, Griechin	Griego(a)	Grecque	Greco(a)	Grego(a)	Greek	grec(a)	greko	grec	8
03514	Countries	Guatemala	Guatemala	 Guatemala	le Guatemala	Il Guatemala	Guatemala	Guatemala	Gvatemalo	Guatemala	Guatemalteke, Guatemaltekin	Guatemaltéco(a)	Guatémaltèque	Guatemalteco	Guatemalteca	Guatemalan	guatemalenc(a)	gvatemalano	guatemaltec	8
03515	Countries	Holland, The Netherlands	Holland, die Niederlande	 Holanda, Los Países Bajos	la Hollande, les Pays-Bas	L'Olanda, i Paesi Bassi	Holanda, Países Baixos	Holanda, els Països Baixos	Nederlando	Hollanda, le Paises Basse	Holländer(in)	Holandés	Holandais(e)	Olandese	Holandês, Holandesa	Dutch	holandès(a)	nederlandano	nederlandese	8
03516	Countries	Honduras	Honduras	 Honduras	le Honduras	L'Honduras	Honduras	Hondures	Honduro	Honduras	Honduraner(in)	Hondureño	Hondurien(ne)	Honduregno(a)	Hondurenho(a)	Honduran	hondureny(a)	hondurano	hondurano	8
03517	Countries	Hungary	Ungarn	 Hungría	la Hongrie	L'Ungheria	Hungria	Hongria	Hungario	Hungaria	Ungar(in)	Húngaro(a)	Hongrois(e)	Ungherese	Húngaro(a)	Hungarian	hongarès(a)	hungaro	hungare	8
03518	Countries	Iceland	Island	 Islandia	l'Islande	L'Islanda	Islândia	Islàndia	Islando	Islandia	Isländisch	Islandés(a)	Islandais(e)	Islandese	Islandês, Islandesa	Icelandic	islandès(a)	islandano	islandese	8
03519	Countries	India	Indien	India	l'Inde	L'India	Índia	l'Índia	Barato	India	Inder(in)	Indio(a)	Indien(ne)	Indiano(a)	Indiano(a)	Indian	indi(a)	baratano	indian	8
03520	Countries	Iran	Iran	Irán	l'Iran	L'Iran	Irã	l'Iran	Irano	Iran	Iraner(in)	Iraní	Iranien(ne)	Iraniano(a)	Iraniano(a)	Iranian	iranià(ana)	irano	iranian	8
03521	Countries	Iraq	Irak	Iraq	l'Irak	L'Iraq	Iraque	l'Iraq	Irako	Irak	Iraker(in)	Iraquí	Irakien(ne)	Iracheno(a)	Iraquiano(a)	Iraqi	iraquià(ana)	irakano	irakian	8
03522	Countries	Ireland	Irland	 Irlanda	l'Irlande	L'Irlanda	Irlanda	Irlanda	Irlando	Irlanda	Ire, Irin	Irlandés(a)	Irlandais(e)	Irlandese	Irlandês, Irlandesa	Irish	irlandès(a)	irlandano	irlandese	8
03523	Countries	Israel	Israel	 Israel	Israël	Israele	Israel	Israel	Israelo	Israel	Israeli, Israelin	Israelí	Israélien(ne)	Israeliano(a)	Israelita	Israeli	israelià(ana)	israelano	israelian	8
03524	Countries	Italy	Italien	 Italia	l'Italie	L'Italia	Itália	Itàlia	Italio	Italia	Italiener(in)	Italiano(a)	Italien(ne)	Italiano(a)	Italiano(a)	Italian	italià(ana)	italo	italian	8
03525	Countries	Japan	Japan	Japón	le Japon	Il Giappone	O Japão	el Japó	Japanio	Japon	Japaner(in)	Japonés(a)	Japonais(e)	Giapponese	o japonês, a japonesa	Japanese	japonès(a)	japano	japonese	8
03526	Countries	Laos	Laos	 Laos	le Laos	Il Laos	Laos	Laos	Laoso	Laos	Laote, Laotin	Laosino(a)	Laotien(ne)	Lao	Laosiano(a)	Laotian	laosià(ana)	laosano	laotian	8
03527	Countries	Lithuania	Litauen	 Lituania	la Lituanie	La Lituania	Lituânia	Lituània	Litovio	Lituania	Litauer, Litauerin	Lituano(a)	Lituanien(ne)	Lituano(a)	Lituano(a)	Lithuanian	lituà(ana)	litovo	lituano	8
03528	Countries	Mexico	Mexiko	 México, Méjico	le Mexique	Il Messico	México	Mèxic	Meksiko	Mexico	Mexikaner(in)	Mexicano(a)	Mexicain(e)	Messicano(a)	Mexicano(a)	Mexican	mexicà(ana)	meksikano	mexicano	8
03529	Countries	Mongolia	die Mongolei	 Mongolia	la Mongolie	La Mongolia	Mongólia	Mongòlia	Mongolio	Mongolia	Mongole, Mongolin	Mongol	Mongol(e)	Mongolo(a)	Mongol	Mongolian	mongol(a)	mongolo	mongol	8
03530	Countries	Morocco	Marokko	 Marruecos	le Maroc	Il Marocco	Marrocos	el Marroc	Maroko	Marocco	Marokkaner(in)	Marroquí	Marocain(e)	Marocchino(a)	Marroquino(a)	Moroccan	marroquí	marokano	marocchin	8
03531	Countries	Nepal	Nepal	 Nepal	le Népal	Il Nepal	Nepal	el Nepal	Nepalo	Nepal	Nepalese, Nepalesin	Nepalés	Népalais(e)	Nepalese	Nepalês, Nepalesa	Nepalese / Nepali	nepalès(a)	nepalano	nepalese	8
03532	Countries	New Zealand	Neuseeland	 Nueva Zelanda	la Nouvelle-Zélande	La Nuova Zelanda	Nova Zelândia	Nova Zelanda	Nov-Zelando	Nove Zelanda	Neuseeländer(in)	Neozelandés(a)	Néo-Zélandais(e)	Neozelandese	Neozelandês(a)	New Zealander	neozelandès(a)	novzelandano	neozelandese	8
03533	Countries	Nicaragua	Nicaragua	 Nicaragua	le Nicaragua	Il Nicaragua	Nicarágua	Nicaragua	Nikaragvo	Nicaragua	Nicaraguaner(in)	Nicaragüense	Nicaraguayen(ne)	Nicaraguense	Nicaraguense	Nicaraguan	nicaragüenc(a)	nikaragvano	nicaraguense	8
03534	Countries	Nigeria	Nigeria	 Nigeria	le Nigéria	La Nigeria	Nigéria	Nigèria	Niĝerio	Nigeria	Nigerier(in)	Nigeriano	Nigérian(ne)	Nigeriano(a)	Nigeriano(a)	Nigerian	nigerià(ana)	niĝeriano	nigeriano	8
03535	Countries	Norway	Norwegen	 Noruega	la Norvège	La Norvegia	Noruega	Noruega	Norvegio	Norvegia	Norweger(in	Noruego(a)	Norvégien(ne)	Norvegese	Norueguês, Norueguesa	Norwegian	noruec(ga)	norvego	norvegiano	8
03536	Countries	Pakistan	Pakistan	 Pakistán, Paquistán	le Pakistan	Il Pakistan	Paquistão	el Pakistan	Pakistano	Pakistan	Pakistaner(in)	Pakistaní	Pakistanais(e)	Pachistano(a)	Paquistanês, Paquistenesa	Pakistani	pakistanès(a)	pakistanano	pakistanese	8
03537	Countries	Panama	Panama	 Panamá	le Panama	Panama	Panamá	Panamà	Panamo	Panama	Panamaer(in)	Panameño	Panaméen(ne)	Panamense	Panamenho(a)	Panamanian	panameny(a)	panamano	panamese	8
03538	Countries	Paraguay	Paraguay	Paraguay	le Paraguay	Il Paraguay	Paraguai	el Paraguai	Paragvajo	Paraguay	Paraguayer(in)	Paraguayo(a)	Paraguayen(ne)	Paraguayano(a)	Paraguaio(a)	Paraguayan	paraguaià(ana)	paragvajano	paraguayan	8
03539	Countries	Peru	Peru	Perú	le Pérou	Il Perù	Peru	el Perú	Peruo	Peru	Peruaner(in)	Peruano(a)	Péruvien(ne)	Peruviano(a)	Peruano(a)	Peruvian	peruà(ana)	peruano	peruvian	8
03540	Countries	the Philippines	die Philippinen	Las Filipinas	les Philippines	Le Filippine	As Filipinas	les Filipines	Filipinoj	le Philippinas	Filipino, Filipina	Filipino(a)	Philippins (Philippines)	Filippino(a)	Filipino(a)	Filipino	filipí(na)	filipinano	filipino	8
03541	Countries	Poland	Polen	 Polonia	la Pologne	La Polonia	Polônia	Polònia	Pollando	Polonia	Pole, Polin	Polaco(a)	Polonais(e)	Polacco(a)	Polonês, Polonesa	Polish	polonès(a)	polo	polonese	8
03542	Countries	Puerto Rico	Puerto Rico	 Puerto Rico	Porto Rico	Porto Rico	Porto Rico	Puerto Rico	Porto-Riko	Puerto Rico	Puerto Ricaner(in)	Puertoriqueño	Portoricain(e)	Portoricano(a)	Porto-riquenho(a)	Puerto Rican	porto-riqueny(a)	portorikano	puertoricano	8
03543	Countries	Russia	Russland	 Rusia	la Russie	La Russia	Rússia	Rússia	Rusio	Russia	Russe, Russin	Ruso(a)	Russe	Russo(a)	Russo(a)	Russian	rus(sa)	ruso	russe	8
03544	Countries	Portugal	Portugal	 Portugal	le Portugal	Il Portogallo	Portugal	Portugal	Portugalio	Portugal	Portugiese, Portugiesin	Portugués(a)	Portugais(e)	Portoghese	Português, Portuguesa	Portuguese	portuguès(a)	portugalo	portugese	8
03545	Countries	Romania	Rumänien	 Rumanía	la Roumanie	La Romania	Romênia	Romania	Rumanio	Romania	Rumäne, Rumänin	Rumano(a)	Roumain(e)	Rumeno(a)	Romeno(a)	Romanian	romanès(a)	rumano	romanian	8
03546	Countries	Scotland	Schottland	 Escocia	l'Écosse	La Scozia	Escócia	Escòcia	Skotlando	Scotia	Schotte, Schottin	Escocés(a)	Écossais(e)	Scozzese	Escocês, Escocêsa	Scottish / Scotch	escocès(a)	skoto	scotese	8
03547	Countries	Spain	Spanien	 España	l'Espagne	La Spagna	Espanha	Espanya	Hispanio	Espania	Spanier(in)	Español(a)	Espagnol(e)	Spagnolo(a)	Espanhol(a)	Spanish, Spaniards	espanyol(a)	hispano	espaniol, espanioles	8
03548	Countries	Sweden	Schweden	 Suecia	la Suède	La Svezia	Suécia	Suècia	Svedio	Svedia	Schwede, Schwedin	Sueco(a)	Suédois(e)	Svedese	Sueco(a)	Swedish	suec(a)	svedo	svedese	8
03549	Countries	Switzerland	die Schweiz	 Suiza	la Suisse	La Svizzera	Suíça	Suïssa	Svislando	Suissa	Schweizer(in)	Suizo(a)	Suisse	Svizzero(a)	Suiço(a)	Swiss	suís(sa)	sviso	suisse	8
03550	Countries	Thailand	Thailand	 Tailandia	la Thaïlande	la Tailandia	Tailândia	Tailàndia	Tajlando	Thailandia	Thailänder(in)	Tailandés(a)	Thaïlandais(e)	Tailandese	Tailandês, Tailandesa	Thai	tailandès(a)	tajlandano	thai	8
03551	Countries	Turkey	die Türkei	 Turquía	la Turquie	La Turchia	Turquia	Turquia	Turkio	Turchia	Türke, Türkin	Turco(a)	Turc	Turco(a)	Turco(a)	Turkish	turc(a)	turko	turc	8
03552	Countries	The United States	die Vereinigten Staaten, die USA	los Estados Unidos	Les États-Unis	Gli Stati Uniti	Estados Unidos	els Estats Units	Usono	le Statos Unite	Amerikaner(in)	Estadounidense	Américain(e)	Americano	Americano(a)	American	estatunidenc(a)	usonano	statounitese	8
03553	Countries	Uruguay	Uruguay	Uruguay	l'Uruguay	L'Uruguay	Uruguai	l'Uruguai	Urugvajo	Uruguay	Uruguayer(in)	Uruguayo(a)	Uruguayen(ne)	Uruguayano	Uruguaio(a)	Uruguayan	uruguaià(ana)	urugvajano	uruguayano	8
03554	Countries	Venezuela	Venezuela	Venezuela	le Venezuela	Il Venezuela	Venezuela	Veneçuela	Venezuelo	Venezuela	Venezolaner(in)	Venezolano(a)	Vénézuélien(ne)	Venezuelano	Venezuelano(a)	Venezuelan	veneçolà(ana)	venezuelano	venezuelan	8
03555	Countries	Vietnam	Vietnam	Vietnam	le Vietnam	Il Vietnam	Vietnã	el Vietnam	Vjetnamio	Vietnam	Vietnamese, Vietnamesin	Vietnamita	Vietnamien(ne)	Vietnamita	Vietnamita	Vietnamese	vietnamita	vjetnamano	vietnamese	8
03556	Countries	Wales	Wales	País de Gales	le Pays de Galles	Il Galles	País de Gales	Gal·les	Kimrio	Galles	Waliser(in)	Galés	Gallois(e)	Gallese	Galês, Galesa	Welsh	gal·lès(a)	kimro	gallese	8
03557	Entertainment	musical 	das Musical 	la comedia musical	la comédie musicale	la commedia musicale	a comédia musical	el musical (els musicals)	muzikalo	comedia musical										8
03558	Entertainment	theater (US), theatre (UK)	das Theater 	el teatro	le théâtre	il teatro	o teatro	el teatre (els teatres)	teatro	theatro										8
03559	Sports	to ski 	skifahren	esquiar 	skier	sciare	esquiar	esquiar	skii	skiar										8
03560	Outdoor Activities	to fish 	angeln	pescar	pêcher	pescare	pescar	pescar	fiŝkapti	piscar										8
03561	Hiking & Trekking	altitude 	die Höhe 	la altitud (geografía)	l'altitude 	l'altitudine	a altitude	l'altitud	alteco	altitude										8
03562	Hiking & Trekking	difference in altitude	der Höhenunterschied 	el desnivel	le dénivelé	il dislivello	o desnível	el desnivell (els desnivells)	altodiferenco	differentia de altitude										8
03563	Hiking & Trekking	cliff	das Kliff 	el acantilado	la falaise	la scogliera	o penhasco	el penya-segat (els penya-segats)	klifo	precipitio										8
03564	Introductions & Socializing	bro	der Bruder , der Bro 	el tío (ES), el hermano (AL), el compa (AL)	le pote, le frère	il fratello, l'amico	o irmão, o camarada	el tiet (els tiets), el col·lega (els col·legues)	frato	fratre	Was geht Bruder?	¿Que pasa, tío?	Ça va, frère ?	Come va, fratello?	Como vai, irmão?	What's up, bro?	Què passa, tiet?	Kio okazas, frato?	Que passa, fratre?	8
03565	Introductions & Socializing	dude	der Typ , der Kerl  (bezieht sich auch auf Frauen)	el tipo, el tío, la tía	le mec, le type, la meuf	il tizio, il tipo, la tipa	cara	el tio (els tios), el paio (els paios)	ulo	typo										8
03566	Expressions & Emotions	If I were you, I’d just say no	Wenn ich du wäre, würde ich einfach nein sagen	Si fuera tú, yo simplemente diría que no	A ta place, je dirais simplement non	Se fossi in te, direi solo no	Se eu fosse você, eu diria simplesmente não	Si jo fos tu, simplement diria que no	Se mi estus vi, mi simple dirus ne	Si io esseva tu, io simplemente dicerea no										8
03567	Phrases of Speech	in any case	auf jeden Fall 	de todas formas / en cualquier caso	en tout cas	in ogni caso, comunque	em todo caso / seja como for	en qualsevol cas	ĉiuokaze	in omne caso										8
03568	Phrases of Speech	In other words	in anderen Worten	En otras palabras	Autrement dit	In altre parole	Em outras palavras	en altres paraules	alivorte	in altere parolas										8
03569	Phrases of Speech	For example, for instance	Zum Beispiel	Por ejemplo	Par exemple	Per esempio	Por exemplo	per exemple	ekzemple	per exemplo										8
03570	Conversational Fillers	or else	ansonsten	o si no, o de lo contrario	sinon	altrimenti	ou então	o si no	alie	o si non	Seine Mitarbeiter sind dazu gezwungen, Gemälde zu klauen, ansonsten ...	Sus empleados se ven forzados a robar cuadros, o de lo contrario...	Ses employés sont forcés de voler des peintures, sinon...	I suoi impiegati sono obbligati a rubare quadri, altrimenti...	Seus empregados são forçados a roubar quadros, ou então...	His employees are forced to steal paintings or else...	Els seus empleats es veuen forçats a robar quadres, o si no...	Liaj dungitoj estas devigitaj ŝteli pentraĵojn, alie...	Su empleatos es fortiate a robar picturas, o si non...	8
03571	Conversational Fillers	in addition, moreover	Noch dazu, außerdem, zusätzlich, überdies	además	de plus	inoltre, oltretutto	além disso	a més a més, a més	krome	in ultra	Alleine zu schwimmen ist nicht erlaubt und noch dazugefährlich	Nadar solo no está permitido y, además, es peligroso	Nager seul n'est pas autorisé. De plus, c'est dangereux.	Nuotare da soli non è consentito e, inoltre, è pericoloso	Nadar sozinho não é permitido e, além disso, é perigoso.	Swimming alone is not allowed and, moreover, it is dangerous	Nedar sol no està permès i, a més, és perillós.	Naĝi sola ne estas permesita kaj, krome, estas danĝera.	Natar sol non es permittite e, in ultra, illo es periculose.	8
03572	Conversational Fillers	in spite of, despite	trotz, ungeachtet	a pesar de	malgré	nonostante, malgrado	apesar de	malgrat, tot i	malgraŭ	malgrado	Trotz der Warnungen seiner Mutterverließ er das Haus ohne seinen Mantel.	A pesar de las advertencias de su madre, él salió de la casa sin su abrigo	Malgré les avertissements de sa mère, il est sorti de la maison sans son manteau.	Nonostante gli avvertimenti di sua madre, è uscito di casa senza il suo cappotto	Apesar dos avisos de sua mãe, ele saiu de casa sem seu casaco	In spite of his mother's warnings, he left the house without his coat	Malgrat les advertències de la seva mare, va sortir de casa sense l'abric.	Malgraŭ la avertoj de sia patrino, li eliris la domon sen sia mantelo.	Malgrado le advertimentos de su matre, ille sortiva del casa sin su mantello.	8
03573	Conversational Fillers	however, nevertheless	allerdings	sin embargo	pourtant, cependant	tuttavia, comunque	contudo	tanmateix, no obstant això	tamen	nonobstante	Ich kann allerdings nie bis nach Mitternacht wach bleiben  	Sin embargo, nunca me puedo quedar despierto después de la medianoche	Pourtant, je ne peux jamais rester éveillé après minuit	Comunque, non riesco mai a restare sveglio dopo mezzanotte	Contudo, eu nunca posso ficar acordado após a meia-noite	However, I can never stay awake past midnight	Tanmateix, mai puc quedar-me despert després de mitjanit.	Tamen, mi neniam povas resti veka post noktomezo.	Nonobstante, io nunquam pote remaner vigile post medienocte.	8
03574	Conversational Fillers	still, nevertheless	trotzdem, dennoch, nichtsdestoweniger	sin embargo, aún así	cependant, quand même	ciononostante	ainda	tot i així, no obstant això	tamen	totevia	Die Zeiten haben sich geändert, aber trotzdem sind einige Dinge gleich geblieben	Los tiempos han cambiado, aún así, algunas cosas siguen igual	Les temps ont changé, cependantcertaines choses restent quand même identiques.	I tempi sono cambiati, ciononostante alcune cose sono rimaste invariate.	Os tempos mudaram, mas algumas coisas ainda são as mesmas.	Times have changed, nevertheless some things are still the same	Els temps han canviat, però tot i així, algunes coses segueixen igual.	Tempoj ŝanĝiĝis, tamen iuj aferoj restas la samaj.	Le tempores ha cambiate; totevia alcun cosas remane le mesme.	8
03575	Conversational Fillers	until now	bis jetzt	hasta ahora	jusqu'à maintenant	finora	até agora	fins ara	ĝis nun	usque nunc	Ich habe bis jetzt noch keine Arbeit gefunden.	No he encontrado empleo hasta ahora	Je n'ai pas trouvé de travail jusqu'à maintenant	Non ho trovato un lavoro finora	Eu não encontrei trabalho até agora	I have not found a job until now	Fins ara no he trobat feina.	Mi ne trovis laboron ĝis nun.	Io non ha trovate un empleo usque nunc.	8
03576	Conversational Fillers	basically	grundsätzlich, im Grunde, im Wesentlichen	básicamente	fondamentalement	fondamentalmente	basicamente	bàsicament	esence	fundamentalmente, basicamente	Grundsätzlich denke ich, dass du Recht hast	Básicamente, pienso que tienes razón	Fondamentalement, je pense que tu as raison	Fondamentalmente, penso tu abbia ragione	Basicamente penso que tem razão	Basically, I think you're right	Bàsicament, crec que tens raó.	Esence, mi pensas, ke vi pravas.	Fundamentalmente, io pensa que tu ha ration.	8
03577	Information Sources	It's like in	Es ist wie in	Es como en	C'est comme dans 	È come in	É como em	És com a	Estas kiel en	Il es como in										8
03578	Correction & Clarification	We learn through our mistakes	Aus Fehlern lernt man	Aprendemos de nuestros errores	Nous apprenons à travers nos erreurs	Impariamo attraverso i nostri errori	Nós aprendemos com nossos erros	Aprenem dels nostres errors	Ni lernas per niaj eraroj	Nos apprende per nostre errores										8
03579	Agreeing Disagreeing	No way!	Auf keinen Fall!, Unmöglich!	¡De ninguna manera!	Pas moyen !	Assolutamente no!	De jeito nenhum!	De cap manera!	Neniel!	De necun maniera!	Hey, gibst du mir 20$? - Auf keinen Fall! So viel hab ich nicht	Oye, ¿me das $20? - De ninguna manera, no tengo tanto	Hé, tu me passes 20$ ? - Pas moyen ! J'ai pas autant	Ehi, mi dai 20$? - Assolutamente no! Non ne ho tanti	Ei, me dá 20 dólares? De jeito nenhum! Eu não tenho isso tudo.	Hey, give me $20? - No way! I don't have that much	Ei, em dónes 20$? - De cap manera! No en tinc tants.	He, donu al mi $20? - Neniel! Mi ne havas tiom.	Eh, da me $20? - De necun maniera! Io non ha tanto.	8
03580	Agreeing Disagreeing	Yes, that's exactly it	Ja, das stimmt genau	Sí, es exactamente eso	Oui, c'est exactement ça	Sì, è esattamente questo	Sim, é exatamente isso	Sí, és exactament això	Jes, ĝuste tio	Si, isto es exactemente illo										8
03581	Agreeing Disagreeing	In my opinion, as far as I know	Meiner Meinung nach, sofern ich weiss	En mi opinión, hasta donde yo sé	À mon avis, pour autant que je sache 	A mio avviso, per quanto ne so	Na minha opinião, até onde eu sei	Al meu parer, pel que jo sé	Laŭ mia opinio, laŭ mia scio	In mi opinion, tanto que io sape										8
03582	Agreeing Disagreeing	In my opinion	Meines Erachtens, Meiner Meinung/Ansicht nach	En mi opinión	À mon avis	A mio parere	Em minha opinião 	Al meu parer	Laŭ mia opinio	In mi opinion										8
03583	Agreeing Disagreeing	That may be true, but	Das mag sein, aber	Eso puede ser cierto, pero	C'est peut-être vrai, mais	Forse è vero, ma	Pode ser certo, mas	Això pot ser cert, però	Tio eble veras, sed	Isto pote esser ver, sed										8
03584	Connecting Ideas	Instead, let's talk about...	Lass uns stattdessen über... reden	Mejor hablemos de...	Parlons plutôt de...	Parliamo invece di...	Ao invés disso, vamos falar sobre...	Millor parlem de...	Anstataŭe, ni parolu pri...	In vice, parla nos de...										8
03585	Connecting Ideas	That makes me think of	Das erinnert mich an	Eso me hace pensar en	Cela me fait penser à	Questo mi fa pensare a	Isso me faz pensar em	Això em fa pensar en	Tio pensigas min pri	Isto me face pensar a										8
03586	Concluding Remarks	We are going around in circles	Wir drehen uns im Kreis	Estamos dando vueltas 	On tourne en rond là	Ci stiamo girando intorno	Estamos andando em círculos	Estem donant voltes	Ni rondiras	Nos gira in circulos										8
03587	Concluding Remarks	I hope it is only a matter of time	Ich hoffe, dass es nur eine Frage der Zeit ist	Espero que sea sólo cuestión de tiempo	J'espère que ce n'est qu'une question de temps	Spero che sia solo una questione di tempo	(Eu) espero que seja somente uma questão de tempo	Espero que sigui només qüestió de temps	Mi esperas, ke estas nur demando de tempo	Io spera que illo es solmente un question de tempore										8
03588	Personality Traits	conservative 	der/die Konservative	conservador(a)	conservateur(trice)	conservatore (conservatrice)	conservador(a)	conservador(a)	konservativa	conservative										8
03589	Hair & Beauty	Can you take care of me now?	Können Sie sich nun um mich kümmern?	¿Puede ocuparse de mí ahora?	Pouvez-vous vous occuper de moi maintenant ?	Può occuparsi di me adesso?	Pode me atender agora?	Em pot atendre ara?	Ĉu vi povas nun okupiĝi pri mi?	Pote vos occupar vos de me nunc?										8
03590	Hair & Beauty	shaved	rasiert	afeitado	rasé	rasati	raspado, barbeado	afaitat	razita	rasate										8
03591	Hair & Beauty	a perm	eine Dauerwelle 	una permanente	une permanente	una permanente	um permanente	una permanent (les permanents)	ondumado	un permanente										8
03592	Hair & Beauty	some highlights	einige Strähnen	algunas mechas	quelques mèches	qualche mèches, qualche colpo di sole	algumas mechas	unes metxes	kelkaj meĉoj	alcun fasces de capillos										8
03593	Hair & Beauty	dye	eine (Haar)Farbe 	un tinte, un colorante	une teinture, une coloration	una tintura	uma tintura, uma coloração	un tint (els tints)	tinkturo	tinctura										8
03594	Hair & Beauty	cowlick (hair)	der Wirbel, der Haarwirbel	El remolino (de cabello)	l'épi (de cheveux) (m)	la vertigine (capelli)	O redemoinho (de cabelo)	el remolí (de cabells) (els remolins)	harvortico	vortice de capillos										8
03595	Hair & Beauty	frizzy	kraus; gekräuselt	crespo	crépu	crespo	crespo	cresp	krispa	crispe										8
03596	Hair & Beauty	hair straightening, smoothing	die Glättung 	el alisado	le lissage	il lisciaggio	o alisamento	l'allisat (els allisats)	rektigado	rectification de capillos										8
03597	Hair & Beauty	brush	die Bürste 	el cepillo	la brosse (à cheveux)	la spazzola	a escova (de cabelo)	el raspall (els raspalls)	broso	brossa										8
03598	Hair & Beauty	manicure	die Maniküre 	el manicure (AL), la manicura	la manucure	la manicure	a manicure	la manicura (les manicures)	manikuro	manicura										8
03599	Hair & Beauty	to get a manicure	sich eine Maniküre machen (lassen)	hacerse la manicura	se faire une manucure	farsi una manicure	ir à manicure, fazer as mãos	fer-se la manicura	fari al si manikuron	facer se facer le manicura										8
03600	Hair & Beauty	nail polish	der Nagellack 	el esmalte de uñas	le vernis à ongles	lo smalto per le unghie	o esmalte de unhas	l'esmalt d'ungles (els esmalts d'ungles)	ungolako	vernisse de ungues										8
03601	Hair & Beauty	Could you trim my beard/moustache, please?	Könnten Sie mir bitte den Bart stutzen/schneiden?	¿Podría cortarme la barba/el bigote, por favor?	Pourriez-vous me tailler la barbe/moustache s'il vous plaît ?	Mi può tagliare la barba / i baffi, per favore?	Você poderia aparar a minha barba / o meu bigode por favor?	Podria tallar-me la barba/el bigoti, si us plau?	Ĉu vi bonvolus tondi mian barbon/lipharojn?	Poterea vos accurtar mi barba/mi mustachio, per favor?										8
03602	Hair & Beauty	goatee	der Spitzbart ; der Kinnbart 	la perilla	le bouc, la barbiche	il pizzetto	o cavanhaque	la barbeta (les barbetes), la perilla (les perilles)	pintbarbo	barbula										8
03603	Hair & Beauty	razor	der Rasierer 	la máquina de afeitar, navaja de afeitar	le rasoir	il rasoio	o barbeador	la maquineta d'afaitar (les maquinetes), la navalla (les navalles)	razilo	rasorio										8
03604	Hair & Beauty	razorblade	die Rasierklinge 	la hoja de afeitar	la lame de rasoir	la lametta da barba	a lâmina de barbear	la fulla d'afaitar (les fulles d'afaitar)	razilklingo	lamina de rasorio										8
03605	Hair & Beauty	shaving cream	der Rasierschaum 	la crema de afeitar	la mousse à raser	la schiuma da barba	o creme de barbear	l'escuma d'afaitar	razŝaŭmo	crema de rader										8
03606	Hair & Beauty	aftershave	das Aftershave ; das Rasierwasser 	la loción después del afeitado	l'après-rasage 	il dopobarba	a loção pós barba	la loción per a després de l'afaitada (les locions)	postraz-locio	lotion post rasura										8
03607	Family Members	twins	die Zwillinge	los gemelos	les jumeaux 	i gemelli	os gêmeos	els bessons	ĝemeloj	geminos										8
03608	Family Members	fraternal twins	die zweieiigen Zwillinge	los mellizos	les faux jumeaux	i gemelli dizigoti (eterozigoti)	os gêmeos (heterozigotos)	els bessons fraternals, els mellissos	duovaj ĝemeloj	geminos fraternal										8
03609	Weather Conditions	Despite the rain we all had a great time	Trotz des Regens hatten wir alle eine tolle Zeit	A pesar de la lluvia, todos pasamos un buen rato	Malgré la pluie, nous avons tous passé un bon moment	Nonostante la pioggia ci siamo tutti divertiti tanto	Apesar da chuva, todos nós passamos um bom momento	Malgrat la pluja, tots ens ho vam passar d'allò més bé.	Malgraŭ la pluvo, ni ĉiuj tre bone amuziĝis.	Nonobstante le pluvia, nos omnes passava un excellente tempore										8
03610	Emergencies	lost and found	das Fundbüro 	los objetos perdidos	les objets perdus 	gli oggetti smarriti	os achados e perdidos	els objectes perduts	perditaj kaj trovitaj objektoj	objectos perdite										8
03611	Emergencies	There's a fire	Da ist Feuer	¡Hay un incendio!	Il y a un incendie	C'è un incendio	Há um incêndio	Hi ha un incendi!	Estas fajro!	Il ha un incendio!										8
03612	Medical Situations	I need a receipt for medical insurance purposes	Ich brauche eine Quittung für meine Krankenversicherung	Necesito un recibo para mi seguro médico	J'ai besoin d'un reçu pour mon assurance médicale	Ho bisogno di una ricevuta per la mia assicurazione medica	Preciso de um recibo para o meu plano de saúde	Necessito un rebut per a la meva assegurança mèdica	Mi bezonas kvitancon por mia medicina asekuro	Io necessita un recepta pro mi assecurantia medical										8
03613	Medical Situations	injection	die Injektion 	la inyección	l'injection 	l'iniezione 	a injeção	la injecció (les injeccions)	injekto	injection										8
03614	Medical Situations	sprain	eine Verstauchung 	una torcedura	une entorse	una distorsione	uma torção	l'esquinç (els esquinços)	tordo	distorsion										8
03615	Police Report	dead body	die Leiche	el cadáver	le cadavre	il cadavere	o cadáver	el cadàver (els cadàvers)	kadavro	cadavere	Ich hoffe, wir finden keine Leiche oder sowas!	¡Espero que no encontremos un cadáver ni nada parecido!	J'espère que nous n'allons pas trouver un cadavre ou quelque chose comme ça !	Spero che non troveremo un cadavere o roba del genere!	(Eu) espero que nós não encontremos um cadáver ou algo do gênero!	I hope we are not going to find a dead body or something !	Espero que no trobem un cadàver ni res semblant!	Mi esperas, ke ni ne trovos kadavron aŭ ion similan!	Io spera que nos non va trovar un cadavere nec qualcosa simile!	8
03616	Police Report	I would like to report a robbery	Ich möchte einen Diebstahl melden	Quisiera denunciar un robo	Je voudrais déposer une plainte pour vol	Vorrei denunciare un furto	Gostaria de denunciar um roubo	Voldria denunciar un robatori	Mi ŝatus denunci ŝtelon	Io volerea denunciar un furto										8
03617	Police Report	I need a document proving that I have filed a report so that I can collect the insurance	Ich brauche ein Dokument, um zu beweisen, dass ich eine Anzeige erstattet habe, um eine Entschädigung von der Versicherung zu bekommen	Necesito un documento que demuestre que hice la denuncia para solicitar el seguro. 	J'ai besoin d'un document prouvant que j'ai porté plainte pour pouvoir toucher l'assurance	Ho bisogno di un documento che provi che ho sporto denuncia per poter riscuotere l'assicurazione	Preciso de um documento provando que eu fiz a reclamação para receber o seguro.	Necessito un document que provi que he fet la denúncia per poder reclamar a l'assegurança.	Mi bezonas dokumenton pruvantan, ke mi faris la denuncon por povi postuli la asekuron.	Io necessita un documento que prova que io ha presentate un denuncia, a fin que io pote reciper le assecurantia.										8
03618	Police Report	Someone stole my cell phone (US) / mobile (UK)	Jemand hat mein Handy gestohlen	Alguien me robó el móvil (ES), el celular (AL) 	Quelqu'un a volé mon portable	Qualcuno ha rubato il mio telefonino	Alguém roubou meu celular	Algú m'ha robat el mòbil	Iu ŝtelis mian poŝtelefonon	Alcun persona ha robate mi telephono mobile.										8
03619	Police Report	Can I have your name and address?	Kann ich Ihren Namen und Ihre Adresse haben?	¿Me puede dar (lit. puedo tener) su nombre y dirección?	Je peux avoir votre nom et adresse?	Posso avere il suo nome ed indirizzo?	Pode me dar seu nome e endereço?	Em pot donar el seu nom i adreça?	Ĉu mi povas havi vian nomon kaj adreson?	Pote vos dar me vostre nomine e adresse?										8
03620	Police Report	There has been an accident	Es gab einen Unfall	Hubo un accidente	Il y a eu un accident	C'è stato un incidente	Houve um acidente	Hi ha hagut un accident	Okazis akcidento	Il ha occurrite un accidente.										8
03621	Police Report	I have to call the police	Ich muss die Polizei rufen	Tengo que llamar a la policía	Je dois appeler la police	Devo chiamare la polizia	Tenho que chamar a polícia	He de trucar a la policia	Mi devas voki la policon	Io debe appellar le policia.										8
03622	Police Report	We have to call an ambulance	Wir müssen einen Krankenwagen rufen	Debemos llamar a una ambulancia	Nous devons appeler une ambulance	Dobbiamo chiamare l'ambulanza	(Nós) devemos ligar para uma ambulância	Hem de trucar a una ambulància	Ni devas voki ambulancon	Nos debe appellar un ambulantia.										8
03623	Police Report	How did this accident happen?	Wie ist der Unfall passiert?	¿Cómo sucedió este accidente?	Comment cet accident est arrivé?	Come è successo l'incidente?	Como aconteceu este acidente?	Com ha passat aquest accident?	Kiel okazis ĉi tiu akcidento?	Como ha iste accidente occurrite?										8
03624	Police Report	Was the car going quickly?	Ist das Auto schnell gefahren?	¿El coche viajaba rápido?	La voiture roulait vite?	L'auto andava veloce?	O carro estava indo rápido?	El cotxe anava ràpid?	Ĉu la aŭto veturis rapide?	Le automobile vadeva rapidemente?										8
03625	Police Report	Were there any witnesses?	Gab es Zeugen?	¿Hubo testigos?	Il y a eu des témoins?	C'erano dei testimoni?	Houve testemunhas?	Hi havia testimonis?	Ĉu estis atestantoj?	Habeva il testes?										8
03626	Police Report	It wasn't my fault	Es war nicht meine Schuld	No fue mi culpa	Ce n'était pas de ma faute	Non è stata colpa mia	Não tive culpa	No ha estat culpa meva	Ne estis mia kulpo	Il non esseva mi culpa.										8
03627	Prepositions	beyond	jenseits; über etwas hinaus	más allá de	au-delà de	oltre	além (de)	més enllà de	preter	ultra	Er wanderte jenseits der Hügel und wurde nie mehr gesehen.	El caminó más allá de las colinas y nunca más fue visto.	Il marcha au-delà des collines et ne fût plus jamais vu.	Egli camminò oltre le colline e non fu mai più visto.	Ele caminhou além das colinas e nunca mais foi visto.	He walked beyond the hills and was never seen again.	Va caminar més enllà dels turons i mai més se'l va veure.	Li marŝis preter la montetoj kaj neniam plu estis vidita.	Ille camminava ultra le collinas e non esseva jammais vidite de novo.	8
03628	Question Words	whose (possession)	wessen	de quién (posesivo)	à qui (possession)	a cui, di cui (possessivo)	de quem, cujo(a) (possessivo)	de qui	kies	cuje	Wessen Auto steht vor der Garage?	¿De quién es el coche frente al garaje?	À qui est la voiture devant le garage ?	Di chi è la macchina davanti al garage?	De quem é o carro na frente da garagem?	Whose car is in front of the garage?	De qui és el cotxe que hi ha davant del garatge?	Kies aŭto estas antaŭ la garaĝo?	Cuje auto es ante le garage?	8
03629	Question Words	how	wie	cómo	comment	come	como	com	kiel	como	Wie hast du meinen Bruder kennengelernt?	¿Cómo conociste a mi hermano?	Comment tu as rencontré mon frère ?	Come hai conosciuto mio fratello?	Como você conheceu o meu irmão?	How did you meet my brother?	Com vas conèixer el meu germà?	Kiel vi renkontis mian fraton?	Como ha tu incontrate mi fratre?	8
03630	Common Connectors	no matter	egal	no importa	peu importe	poco importa	não importa	no importa	ne gravas	non importa	Ich bin mir sicher, du wirst die Beste sein, egal für welchen Beruf du dich entscheidest.	Estoy seguro de que serás la mejor, no importa eltrabajo que escojas.	Je suis sûr que tu seras la meilleure, peu importe le métier que tu choisis.	Sono sicuro che sarai la migliore, poco importa quale lavoro scegli.	Tenho certeza de que você será a melhor. Não importa o trabalho que você escolha. 	I'm sure you'll be the best, no matter what job you choose.	Estic segur que seràs la millor, no importa la feina que triïs.	Mi certas, ke vi estos la plej bona, ne gravas kian laboron vi elektos.	Io es secur que tu essera le melior, non importa qual empleo tu selige.	8
03631	Common Connectors	whether	ob	si (o)	si (condition réalisée ou non)	se 	se (condição)	si	ĉu	si	Ich weiß nicht, ob ich darüber lachen oder weinen soll.	No sé si debería reír o llorar por eso.	Je ne sais pas si je dois en rire ou en pleurer.	Non so se devo ridere o piangere	Eu não sei se devo rir ou chorar.	I don't know whether to laugh or to cry	No sé si hauria de riure o plorar per això.	Mi ne scias, ĉu mi ridu aŭ ploru pri tio.	Io non sape si rider o plorar.	8
03632	Common Connectors	as long as	solang, vorausgesetzt	hasta que, todo el tiempo que	aussi longtemps que, tant que	finché, fino a quando	desde que, até que	sempre que, mentre	dum, kondiĉe ke	durante que										8
03633	Irregular Verbs	to deal [dealt, dealt] (with) 	sich befassen, sich kümmern	tratar, ocuparse de, hacerse cargo de	régler, s'occuper	trattare, occuparsi	lidar, tratar (de alguma coisa)	ocupar-se de, encarregar-se de	trakti	occupar se de; tractar	Ich habe mich gestern mit diesem Problem befasst	Me ocupé de este problema ayer.	J'ai réglé ce problème hier.	Mi sono occupato di questo problema ieri.	Eu lidei com este problema ontem	I dealt with that problem yesterday	Em vaig ocupar d'aquest problema ahir.	Mi traktis tiun problemon hieraŭ.	Io me occupava de ille problema heri.	8
03634	Irregular Verbs	to lay [laid, laid] 	setzen, legen	poner, colocar	mettre, poser, coucher	mettere, posare	colocar	posar, col·locar	meti	poner, collocar	Die Arbeiter haben letzte Woche die Ziegel auf das Dach gelegt.	Los obreros colocaron las tejasen el tejado la semana pasada	Les ouvriers ontposé les tuiles sur le toit la semaine dernière.	I lavoratori hanno messo le tegole sul tetto la scorsa settimana.	Os operários colocaram as telhas no telhado na semana passada	The workers laid the tiles on the roof last week	Els treballadors van col·locar les teules a la teulada la setmana passada.	La laboristoj metis la tegolojn sur la tegmenton la pasintsemajne.	Le travaliatores poneva le tegulas sur le tecto le septimana passate.	8
03635	Irregular Verbs	to swing [swung, swung]	schwingen	balancear	(se) balancer	oscillare	balançar	balancejar-se	balanciĝi	balanciar	Er schwang mit den Armen während er ging.	Balanceaba los brazos al caminar.	Il balançaitses bras en marchant.	Oscillava le braccia mentre camminava.	Ele balançava seus braços enquanto andava.	He swung his arms while walking	Balancejava els braços mentre caminava.	Li balancis siajn brakojn dum li marŝis.	Ille balanciava su bracios durante que ille ambulava.	8
03636	Verbal Phrases	to need	brauchen	necesitar	avoir besoin de	avere bisogno di	precisar, necessitar	necessitar, caldre	bezoni	necessitar	Ich bräuchte eine erholsame Nacht. Das ist mir seit Wochen nicht passiert.	Necesitaré una buena noche de sueño. No he dormido en semanas.	J'aurais besoin d'une bonne nuit de sommeil. Cela ne m'est pas arrivé depuis des semaines.	Avrei bisogno di una buona notte di sonno. Non ne ho avuta una da settimane.	Eu preciso de uma boa noite de sono. Eu não tenho uma há semanas.	I could do with a good night's sleep. I haven't had one for weeks.	Necessitaria una bona nit de son. Fa setmanes que no en tinc cap.	Mi povus bezoni bonan noktan dormon. Mi ne havis unu de semajnoj.	Io necessitarea un bon nocte de somno. Io non ha dormite durante septimanas.	8
03637	Verbal Phrases	to do away with (did away with, done away with) (abolish / get rid of something)	etw. hinter sich bringen; etw. loswerden; sich von etw. trennen	deshacerse de / acabar (algo)	en finir avec, se débarrasser de	farla finita con, sbarazzarsi di	acabar com (abolir / livrar-se de algo)	desfer-se de / acabar amb (alguna cosa)	forigi / fini kun (io)	disfacer se de; abolir; eliminar	Wir sind alle alten Computer losgeworden und haben in neue investiert.	Nos hemos deshecho de todos los viejos ordenadores y hemos invertido en unos nuevos.	Nous nous sommes débarrassés de tous les vieux ordinateurs et avons investi dans des ordinateurs neufs.	Ci siamo sbarazzati di tutti i vecchi computer e abbiamo investito in alcuni nuovi.	Acabamos com todos os computadores velhos e investimos em alguns novos.	We did away with all the old computers and invested in some new ones.	Ens hem desfet de tots els ordinadors vells i n'hem invertit en de nous.	Ni forigis ĉiujn malnovajn komputilojn kaj investis en novajn.	Nos nos disfaceva de tote le vetere computatores e investiva in alcunes nove.	8
03638	Verbal Phrases	to do up (did up, done up) (fasten)	befestigen; festmachen	abrochar	attacher	allacciare, legare	amarrar 	cordar-se, lligar-se	ligi	attaccar; laciar	Warte eine Sekunde, ich muss meine Schnürsenkel festmachen.	Espera un segundo, tengo que abrochar mis cordones.	Attends une seconde, il faut que je fasse mes lacets.	Aspetta un secondo, devo legare i miei lacci.	Espere um segundo, eu preciso amarrar meu cadarço.	Wait a second, I have to do up my laces.	Espera un segon, he de cordar-me els cordons.	Atendu sekundon, mi devas ligi miajn laĉojn.	Attende un secunda, io debe laciar mi lacios.	8
03639	Verbal Phrases	to do the cooking	kochen	cocinar	faire la cuisine	cucinare	cozinhar	cuinar	fari la kuiradon	cocer										8
03640	Verbal Phrases	to do some gardening	gärtnern	hacer la jardinería	faire du jardinage	fare giardinaggio	fazer jardinagem	fer jardineria	fari ĝardenadon	facer jardinage										8
03641	Verbal Phrases	to make of (think)	halten von	pensar de (dar una opinión)	penser de	pensare di	pensar de, achar de (dar uma opinião)	pensar de (donar una opinió)	pensi pri	pensar de	Was halten Sie vom Präsidenten?	¿Qué piensa usted del presidente?	Que pensez-vous du président?	Cosa ne pensi del presidente?	O que você pensa do presidene?	What do you make of the president?	Què pensa vostè del president?	Kion vi pensas pri la prezidanto?	Que pensa vos del presidente?	8
03642	Verbal Phrases	to make up for (made up for, made up for) (compensate for)	ausgleichen 	compensar	compenser	rimediare	compensar	compensar	kompensi	compensar	Sie hat ihre Verspätung ausgeglichen, indem sie Überstunden gemacht hat.	Ella compensó su retraso trabajando horas suplementarias.	Elle a compensé son retard en faisant des heures supplémentaires.	Ha rimediato al suo ritardo con del lavoro straordinario.	Ela compensou seu atraso trabalhando horas extras.	She made up for her delay by working overtime.	Va compensar el seu retard treballant hores extres.	Ŝi kompensis sian malfruon laborante kromhorojn.	Illa compensava su retardo per laborar horas supplementari.	8
03643	Verbal Phrases	to make the best of	das Beste aus etwas machen	hacer lo mejor de 	faire ce qu'on peut avec ce qu'on a	tirare fuori il meglio da	tirar o melhor partido de algo	treure el millor partit de	fari la plej bonan el	facer le melior de	Das Auto, das ich angemietet habe mag ich nicht aber ich werde versuchen das Beste draus zu machen.	No me gusta el carro que renté, pero haré lo mejor que pueda con el.	Je n'aime pas la voiture que j'ai louée mais je vais essayer de faire du mieux que je peux.	Non mi piace la macchina che ho affittato, ma cercherò di tirarne fuori il meglio.	Eu não gosto do carro que aluguei, mas eu vou tentar tirar o melhor partido dele. 	I don't like the car that I rented, but I will try to make the best of it.	No m'agrada el cotxe que he llogat, però intentaré treure'n el millor partit.	Mi ne ŝatas la aŭton, kiun mi luis, sed mi provos fari la plej bonan el ĝi.	Io non ama le auto que io locava, sed io essayara facer le melior de illo.	8
03644	Verbal Phrases	to make a face	ein Gesicht/eine Grimasse ziehen	hacer mala cara	faire une grimace	fare una smorfia	fazer uma careta	fer una ganyota	fari grimacon	facer un grimassa										8
03645	Verbal Phrases	to get by on (manage financially)	zurechtkommen (finanziell)	resolverse (financieramente)	s'en sortir (financièrement)	cavarsela (finanziariamente)	sustentar-se (financeiramente)	apanyar-se (financierament)	elspeziumi (finance)	arrangiar se con	Glücklicherweise verdiene ich ausreichend, sodass wir von meinem Gehalt leben können.	Afortunadamente, gano suficiente dinero para resolverme solo con mi salario.	Heureusement que je gagne assez d'argent pour que nous puissions vivre de mon salaire uniquement.	Per fortuna, io guadagno abbastanza soldi da cavarcela solo con il mio stipendio.	Felizmente, eu ganho dinheiro suficiente para podermos nos sustentar apenas com meu salário.	Luckily, I earn enough money that we can get by on my salary alone. 	Afortunadament, guanyo prou diners perquè puguem viure només amb el meu salari.	Feliĉe, mi gajnas sufiĉe da mono por ke ni povu vivteni nin nur per mia salajro.	Fortunatemente, io gania assatis moneta pro que nos pote arrangiar nos solmente con mi salario.	8
03646	Verbal Phrases	to get on (got on, gotten on) / get by (got by, gotten by) (manage)	zurechtkommen	arreglársela	se débrouiller	cavarsela, andare avanti	lidar	apanyar-se, sortir-se'n	elturniĝi	arrangiar se	Wir kommen ganz gut mit der Hausdekorierungzurecht.	Nos las hemos arreglado bien con la decoración de la casa.	On se débrouille très bien dans la décoration de la maison.	Ce la stiamo cavando abbastanza bene con la decorazione della casa.	Nós estamos lidando muito bem com a decoração da casa.	We're getting on quite well with decorating the house.	Ens estem apanyant força bé amb la decoració de la casa.	Ni tre bone elturniĝas kun la ornamado de la domo.	Nos nos arrangia bastante ben con le decoration del casa.	8
03647	Verbal Phrases	to get along / on with (have a good relationship)	sich mit jdm gut verstehen	llevarse bien con	bien s'entendre avec	andare d'accordo con	dar-se bem com	avenir-se amb, portar-se bé amb	bone interkonsenti kun	haber bon relationes con	Ich verstehe mich mit meinen Schwiegereltern sehr gut.	Me llevo bien con mis suegros.	Je m'entends très bien avec mes beaux-parents.	Vado abbastanza d'accordo con i miei suoceri.	Eu me dou bem com meus sogros.	I get along quite well with my in-laws.	M'avinc força bé amb els meus sogres.	Mi tre bone interkonsentas kun miaj bogepatroj.	Io ha bastante bon relationes con mi affines.	8
03648	Verbal Phrases	to get over (got over, gotten over) (recover from)	sich von etw. erholen	recuperarse de	se remettre de	rimettersi	recuperar-se de	recuperar-se de	resaniĝi de	recuperar se de	Er erholt sich grade von einer schweren Grippe.	El se recupera de una gran gripa.	Il est en train de se remettre d'une mauvaise grippe.	Si sta rimettendo da una brutta influenza.	Ele está se recuperando de uma gripe forte.	He's getting over a bad flu.	S'està recuperant d'una forta grip.	Li resaniĝas de malbona gripo.	Ille se recupera de un forte influenza.	8
03649	Verbal Phrases	to be up (was up / were up, been up) to (to do)	etwas anstellen	hacer algo malo	fabriquer, faire	combinare, fare	tramar	tramar alguna cosa	fari ion (malbonan)	facer alco de mal	Ich frage mich, was die da grade im Garten anstellen.	Me pregunto que hacían de malo en el jardín.	Je me demande ce qu'ils sont en train de fabriquer dans le jardin	Mi chiedo che cosa stanno facendo in giardino.	Eu me pergunto o que eles estão tramando no jardim.	I wonder what they are up to in the garden.	Em pregunto què tramen al jardí.	Mi scivolas, kion ili faras en la ĝardeno.	Io me demanda que illes face de mal in le jardin.	8
03650	Verbal Phrases	to get through (got through, gotten through) (finish completely)	beenden	terminar	terminer	terminare	terminar	acabar (completament)	fini (tute)	terminar	Er hat fast zwei Wochen gebraucht, um das Buch zu beenden.	Le tomó casi dos semanas terminar ese libro.	Cela lui a pris presque deux semaines pour finir ce livre. 	Gli ci vollero quasi due settimane per terminare quel libro.	Ele levou quase duas semanas para terminar esse livro.	It took him almost two weeks to get through that book.	Va trigar gairebé dues setmanes a acabar aquell llibre.	Daŭris preskaŭ du semajnojn por li fini tiun libron.	Ille habeva besonio de quasi duo septimanas pro terminar ille libro.	8
03651	Verbal Phrases	to go on (went on, gone on) (pass)	im Laufe der/des	pasar	passer	passare	passar	passar	pasi	passar	Im Laufe der Tage verbesserte sich ihre Gesundheit.	Mientras los días pasaban, su salud mejoró.	Les jours passant, sa santé s'est améliorée.	Mentre i giorni passavano, la sua salute migliorò.	Com o passar dos dias, sua saúde melhorou.	As the days went on, her health improved.	A mesura que passaven els dies, la seva salut va millorar.	Dum la tagoj pasis, lia sano pliboniĝis.	Durante que le dies passava, su sanitate se meliorava.	8
03652	Verbal Phrases	to go for (be attracted by)	abfahren/fliegen/stehen auf	elegir /decidirse por	craquer pour 	optare per	optar por / escolher	preferir, decidir-se per	preferi	preferer	Er steht mehr auf jüngere Frauen.	El elige las mujeres jóvenes.	Il préfère les femmes plus jeunes.	Egli opta per le donne più giovani.	Ele opta pelas mulheres mais jovens.	He goes for younger women.	Ell prefereix les dones més joves.	Li preferas pli junajn virinojn.	Ille prefere feminas plus juvene.	8
03653	Verbal Phrases	to go bad (become rotten)	schlecht werden	echar a perder / pudrirse	expirer, pourrir	andare a male	estragar	fer-se malbé	malboniĝi	deteriorar se	Stellen Sie die Milch in den Kühlschrank, sonst wird sie schnell schlecht.	Conserva la leche en el congelador, de lo contrario va a echarse a perder pronto. 	Mettez le lait au frigidaire sinon il va tourner rapidement.	Tieni il latte in frigo altrimenti andrà a male molto presto.	Conserve o leite na geladeira, senão ele vai estragar rapidamente.	Keep the milk in the fridge otherwise it will go bad very soon.	Posa la llet a la nevera, si no es farà malbé aviat.	Metu la lakton en la fridujon, alie ĝi baldaŭ malboniĝos.	Conserva le lacte in le refrigerator; alteremente illo se deteriorara multo tosto.	8
03654	Verbal Phrases	to go through (went through, gone through) (check)	untersuchen; überprüfen	concluir (not «to control»)	contrôler (not «to control»)	controllare (not «to control»)	examinar (not «to control»)	revisar, comprovar	trarigardi (kontroli)	revider	Ich muss denBerichtüberprüfen, bevor ich eine Entscheidung treffen kann.	Debo concluir el reporte antes de tomar una decisión.	Je dois contrôler tout le rapport avant de prendre une décision.	Devo controllare il rapporto prima di prendere una decisione.	Eu preciso examinar o relatório antes de tomar uma decisão.	I have to go through the report before making a decision.	He de revisar l'informe abans de prendre una decisió.	Mi devas trarigardi la raporton antaŭ ol fari decidon.	Io debe revider le reporto ante de prender un decision.	8
03655	Verbal Phrases	to go through (went through, gone through) (endure)	durchstehen (aushalten)	atravesar (soportado)	supporter (endurer)	attraversare (sopportare)	passar (suportar)	passar per, suportar	travivi (elteni)	passar per	Sie hat viele Schwierigkeiten durchgestanden.	Ella ha atravesado muchas dificultades.	Elle a traversé beaucoup de difficultés.	Lei ha attraversato molte difficoltà.	Ela passou por muitas dificuldades. 	She has gone through much hardship. 	Ha passat per moltes dificultats.	Ŝi travivis multajn malfacilaĵojn.	Illa ha passate per multe difficultates.	8
03656	Verbal Phrases	to have a go (give a try)	ausprobieren (einen Versuch machen)	intentar (hacer el intento)	essayer (faire un essai)	provare (fare una prova)	tentar (fazer uma tentativa)	provar, intentar	provi	facer un tentativa	Ich habe mich dazu entschlossen das Klettern auszuprobieren.	He decidido hacer el intento de escalar.	J'ai décidé d'essayer l'escalade.	Ho deciso provare l'arrampicata.	(Eu) decidi tentar fazer escalada	I decided to have a go at rock climbing.	He decidit provar d'escalar.	Mi decidis provi rokgrimpadon.	Io ha decidite facer un tentativa de scalada de rocca.	8
03657	Verbal Phrases	to come out (came out, come out) (be removed)	verschwinden	remover	s'enlever	rimuovere	sair	desaparèixer, sortir	eliri	esser removite	Dieser Fleck wird nicht so einfach verschwinden.	Esta mancha no se removerá facilmente.	Cette tache ne va pas partir facilement.	Questa macchia non si rimuoverà facilmente. 	Essa mancha não vai sair facilmente.	This stain will not come out easily.	Aquesta taca no sortirà fàcilment.	Ĉi tiu makulo ne eliros facile.	Iste macula non essera removite facilemente.	8
03658	Verbal Phrases	to come up (came up, come up) (be raised)	aufgerührt/aufgewühlt werden	surgir / levantarse	être soulevé	essere sollevato	surgir / aparecer	sorgir, plantejar-se	aperi, esti levita	surger	Wir wussten dass diese Fragen aufgerührt werden würden.	Sabíamos que esa pregunta surgiría.	Nous savions que ces questions seraient soulevées.	Sapevamo che sarebbero state sollevate delle domande.	Nós sabíamos que essa pergunta surgiria.	We knew these questions would come up	Sabíem que aquestes preguntes sorgirien.	Ni sciis, ke ĉi tiuj demandoj aperos.	Nos sapeva que iste questiones surgerea.	8
03659	Verbal Phrases	to come to a standstill	in einer Sackgasse stecken	inmobilizar/ llegar a un punto muerto	s'immobiliser, arriver à un point mort	arrestarsi, giungere ad un punto morto	chegar a um impasse	arribar a un punt mort	atingi sakstraton	arrivar a un impasse	Was die Wirtschaft angeht, steckt Europa in einer Sackgasse	Del lado económico, Europa ha llegado a un punto muerto	Sur le côté économique, l'Europe est arrivée à un point mort	Sul lato economico, l'Europa é arrivata ad un punto morto	Em termos econômicos, a Europa chegou a um impasse.	On the economical side, Europe has come to a standstill	Pel que fa a l'economia, Europa ha arribat a un punt mort.	Pri la ekonomia flanko, Eŭropo atingis sakstraton.	Del latere economic, Europa ha arrivate a un impasse.	8
03660	Verbal Phrases	to come into (came into, come into) sight	auftauchen; erscheinen	llegar / moverse	faire son apparition	fare la sua comparsa	aparecer, despontar	aparèixer, sorgir	aperi, montriĝi	venir in vista										8
03661	Verbal Phrases	to come into (came into, come into) power	an die Macht kommen	llegar al poder	arriver au pouvoir	salire al potere	chegar ao poder	arribar al poder	ekregi	venir al poter	Die vorläufige Regierung ist vor einem Jahr an die Macht gekommen.	El gobierno provisional llego al poder hace un año;	Le gouvernement provisoire est venu au pouvoir il y a un an.	Il governo provvisorio è salito al potere un anno fa.	O governo provisório chegou ao poder há um ano.	The provisional government came into power one year ago.	El govern provisional va arribar al poder fa un any.	La provizora registaro ekregis antaŭ unu jaro.	Le governamento provisional veniva al poter un anno retro.	8
03662	Verbal Phrases	to come into (came into, come into) use	zum Einsatz kommen	empezar a utilizarse	commencer à être utilisé(e) 	iniziare ad essere utilizzato/a	começar a ser utilizada	començar a utilitzar-se	ekuziĝi	entrar in uso	Das Fernsehen kam in den 50er Jahren erstmals zum Einsatz 	La televisión empezó a utilizarse por primera vez en los años 50 	La télévision a commencé à être utilisée pour la première fois dans les années '50 	La televisione iniziò ad essere utilizzata per la prima volta negli anni '50 	A televisão começou a ser usada nos anos '50	Television first came into use in the '50 	La televisió va començar a utilitzar-se per primera vegada als anys 50.	Televido unue ekuziĝis en la 50-aj jaroj.	Le television entrava primemente in uso in le annos 1950.	8
03663	Verbal Phrases	to bring down (brought down, brought down)	ruinieren; zerstören (not «to destroy»)	destruir (not «to destroy»)	détruire (not «to destroy»)	distruggere (not «to destroy»)	destruir (not «to destroy»)	destruir, enderrocar	faligi	abatter	Dieser Skandal wird die Regierung ruinieren.	Ese candidato va a destruir el gobierno.	Ce scandale va détruire le gouvernement.	Questo scandalo distruggerà il governo.	Este escândalo vai destruir o governo.	This scandal will bring down the government.	Aquest escàndol destruirà el govern.	Ĉi tiu skandalo faligos la registaron.	Iste scandalo abattera le governamento.	8
03664	Verbal Phrases	to bring down (brought down, brought down) (lower)	senken	bajar / hundir	abaisser	abbassare	baixar	abaixar, reduir	malaltigi	bassar	Die Regierung hat versprochen die Steuern zu senken.	El gobierno prometió que bajará los impuestos.	Le gouvernement a promis de faire baisser les impôts.	Il governo ha promesso di abbassare le tasse.	O governo prometeu baixar os impostos.	The government promised to bring down taxes.	El govern ha promès abaixar els impostos.	La registaro promesis malaltigi impostojn.	Le governamento promitteva de reducer le impostos.	8
03665	Verbal Phrases	to bring out (brought out, brought out) (introduce)	rausbringen	sacar a relucir	présenter	introdurre	lançar	presentar, llançar	prezenti, lanĉi	lancear	Sie bringen neue Modelle raus.	Ellos están sacando a relucir algunos modelos nuevos.	Ils présentent de nouveaux modèles.	Loro stanno introducendo alcuni nuovi modelli.	Eles estão lançando alguns modelos novos.	They are bringing out some new models.	Estan llançant alguns models nous.	Ili prezentas kelkajn novajn modelojn.	Illes lancea alcun nove modellos.	8
03666	Verbal Phrases	to bring to light	herausstellen	sacar a la luz	révéler	portare alla luce	revelar	treure a la llum	malkaŝi	poner in luce	Seine Untersuchungen haben viele interessante Fakten herausgestellt. 	La investigación sacó a la luz algunos hechos interesantes.	Ces recherches ont révélé des faits intéressants.	La ricerca ha portato alla luce alcuni fatti interessanti.	A pesquisa revelou alguns fatos interessantes.	The research brought some interesting facts to light.	La investigació va treure a la llum alguns fets interessants.	La esplorado malkaŝis kelkajn interesajn faktojn.	Le investigation poneva in luce alcun factos interessante.	8
03667	Verbal Phrases	to bring out (brought out, brought out) the best of / in	das Beste zum Vorschein bringen	sacar lo mejor de	faire ressortir le meilleur de	tirare fuori il meglio	realçar o que há de melhor em	treure el millor de	eltiri la plej bonan el	facer resortir le melior de	Meine Frau bringt in mir das Beste zum Vorschein.	Mi mujer me hace dar lo mejor de mí. 	Ma femme fait ressortir le meilleur de moi. 	Mia moglie tira fuori il meglio di me.	Minha mulher realça o que há de melhor em mim. 	My wife brings out the best in me. 	La meva dona treu el millor de mi.	Mia edzino eltiras la plej bonan el mi.	Mi uxor face resortir le melior in me.	8
03668	Verbal Phrases	to take up (took up, taken up) (start a hobby)	mit etw. anfangen	empezar a hacer	se mettre à	cominciare 	começar a fazer	començar (un hobby)	ekokupiĝi pri	comenciar a practicar	Wann hast du denn mit dem Tennis angefangen?	¿Cuando empezaste con el tenis?	Quand t'es-tu mis au tennis?	Quando hai cominciato il tennis?	Quando você começou a fazer tênis?	When did you take up tennis?	Quan vas començar a jugar a tennis?	Kiam vi ekokupiĝis pri teniso?	Quando ha tu comenciate a practicar tennis?	8
03669	Verbal Phrases	to take in (took in, taken in) (receive)	erhalten; aufnehmen	asimilar 	digérer, assimiler	assimilare, capire appieno 	assimilar 	assimilar, entendre	asimili	assimilar	Ich weiß nicht, ob sie alles aufgenommen hat, aber sie hat fast alles verstanden.	Yo no sé si ella asimiló todo pero entendió la mayoría.	Je ne sais pas si elle a tout assimilé, mais elle a presque tout compris.	Non sono sicuro che lei l'abbia capito tutto appieno, ma ne ha capito la maggior parte.	Eu não tenho certeza se ela assimilou tudo, mas ela entendeu a maior parte.	I'm not sure she took it all in, but she understood most of it.	No sé si ho va assimilar tot, però va entendre la major part.	Mi ne certas, ĉu ŝi ĉion asimilis, sed ŝi komprenis la plej grandan parton.	Io non es secur si illa assimilava toto, ma illa comprendeva le major parte de illo.	8
03670	Verbal Phrases	to take someone's breath away	den Atem rauben	quitado la respiración	couper le souffle à quelqu'un	togliere il respiro	tirar o fôlego	deixar sense alè	senspirigi	quitar le respiration a alicuno	Ihre Worte haben mir den Atem geraubt.	Sus palabras me han quitado la respiración.	Ses mots m'ont coupé le souffle.	Le sue parole mi tolsero il respiro.	Suas palavras me tiraram o fôlego.	Her words took my breath away.	Les seves paraules em van deixar sense alè.	Ŝiaj vortoj senspirigis min.	Su parolas me ha quitate le respiration.	8
03671	Verbal Phrases	to take part in	teilnehmen	participar en	participer à	partecipare	participar de	participar en	partopreni en	participar in	Meine Schwester nahm letzten Sonntag an einer Demonstration teil.	Mi hermana participó en una protesta el domingo pasado.	Ma soeur a participé à une manifestation dimanche dernier.	Mia sorella ha preso parte a una protesta Domenica scorsa.	Minha irmã participou de um protesto no domingo passado.	My sister took part in a protest last Sunday.	La meva germana va participar en una manifestació diumenge passat.	Mia fratino partoprenis proteston pasintdimanĉe.	Mi soror participava in un protesta le dominica passate.	8
03672	Verbal Phrases	to be proud of, to take pride in	stolz auf etw. sein	estar orgulloso de	être fier de	essere orgoglioso di	ter orgulho/estar orgulhoso(a) de	estar orgullós de	esti fiera pri	esser orgoliose de	Er sollte stolz auf mich sein.	Él debería estar orgulloso de mí.	Il devrait être fier de moi.	Dovrebbe essere orgoglioso di me.	Ele devia ter orgulho de mim.	He should be proud of me.	Hauria d'estar orgullós de mi.	Li devus esti fiera pri mi.	Ille deberea esser orgoliose de me.	8
03673	Verbal Phrases	to put away (put away, put away) (tidy)	aufräumen	ordenar / dejar a un lado	ranger	mettere via / mettere da parte	jogar fora / deixar de lado	ordenar, desar	ordigi	poner in ordine / poner a parte	Räum bitte alle deine Sachen auf. Wir sollten unsere Sorgen beiseite legen.	Por favor, ordena todas estas cosas. Debemos dejar a un lado nuestros temores.	S'il te plait, range toutes ces affaires. Nous devrions mettre nos inquiétudes de côté.	Per favore, metti via tutta questa roba. Dovremmo mettere da parte le nostre preoccupazioni.	Por favor, jogue fora todas essas coisas. Nós devemos deixar de lado nossas preocupações.	Please put away all this stuff. We should put away our worries.	Si us plau, ordena totes aquestes coses. Hauríem de deixar de banda les nostres preocupacions.	Bonvolu ordigi ĉiujn ĉi aĵojn. Ni devus flankenmeti niajn zorgojn.	Per favor, pone in ordine tote iste cosas. Nos deberea poner a parte nostre timores.	8
03674	Verbal Phrases	to put down (put down, put down) (belittle someone)	erniedrigen	menospreciar, hablar mal de alguien	rabaisser	denigrare	depreciar	menysprear, parlar malament d'algú	malestimi	depreciar, parlar mal de alicuno	Sein Vater erniedrigt ihn oft vor allen.	Su padre siempre lo está menospreciando en frente de todo el mundo.	Son père le rabaisse souvent devant tout le monde.	Suo padre lo denigra sempre davanti a tutti.	O pai dele está sempre o depreciando na frente de todos.	His father is always putting him down in front of everyone.	El seu pare sempre el menysprea davant de tothom.	Lia patro ĉiam malestimas lin antaŭ ĉiuj.	Su patre sempre le deprecia ante omnes.	8
03675	Verbal Phrases	to put off (put off, put off) (postpone)	verschieben	posponer, aplazar	remettre à plus tard	rimandare, posporre	adiar, deixar para mais tarde	ajornar, posposar	prokrasti	postponer, ajornar	Die Versammlung wurde auf später verschoben	La reunión se pospuso	La réunion a été remise à plus tard	La riunione è stata rimandata a più tardi	A reunião foi adiada	The meeting was put off until later	La reunió es va ajornar.	La kunveno estis prokrastita ĝis poste.	Le reunion esseva postponite usque plus tarde.	8
03676	Verbal Phrases	to put up (put up, put up) (raise)	erhöhen (not «to increase»)	aumentar (not «to increase»)	augmenter (not «to increase»)	aumentare (not «to increase»)	aumentar (not «to increase»)	apujar	altigi	augmentar	Die Regierung wird bald die Steuern erhöhen.	El gobierno va a aumentar los impuestos muy pronto.	Le gouvernement va augmenter les impôts très bientôt.	Il governo aumenterà le tasse molto presto.	O governo vai aumentar os impostos muito em breve.	The government will put up taxes really soon.	El govern apujarà els impostos molt aviat.	La registaro tre baldaŭ altigos impostojn.	Le governamento va augmentar le impostos multo tosto.	8
03677	Verbal Phrases	to put up (put up, put up) with (tolerate)	aushalten mit	tolerar	tolérer	tollerare	tolerar	aguantar, suportar	toleri	tolerar, supportar	Sie hält es mit lauten Kindern nicht aus.	Ella tiene dificultades para tolerar los niños traviesos.	Elle a du mal à tolérer les enfants bruyants.	Lei ha difficoltà a tollerare i bambini rumorosi.	Ela tem dificuldade em tolerar as crianças travessas.	She has trouble putting up with noisy children.	Té dificultats per aguantar els nens sorollosos.	Ŝi malfacile toleras bruajn infanojn.	Ella ha difficultates a tolerar infantes rumorose.	8
03678	Verbal Phrases	to put one's mind to	sich konzentrieren auf	concentrarse en	se concentrer sur	concentrarsi su	concentrar-se em	concentrar-se en	koncentriĝi pri	concentrar se in	Es tut gut zu sehen, dass ihr euch komplett auf euer Projekt konzentriert.	Es bueno que vosotros os hayáis concentrado en este proyecto.	C'est bien de voir que vous vous concentrez à fond sur ce projet.(👨‍👩‍👧)	È bello vedere che vi state concentrando su questo progetto.	É bom ver que vocês se concentraram neste projeto.	It' s nice to see that you have put your mind to this project. (👨‍👩‍👧)	És bo veure que us heu concentrat completament en aquest projecte.	Estas bone vidi, ke vi koncentriĝis pri ĉi tiu projekto.	Es agradabile vider que vos ha concentrate vos in iste projecto.	8
03679	Verbal Phrases	to set up (set up, set up)	errichten, gründen, konfigurieren	establecer, fundar, configurar	établir, fonder, configurer	stabilire, fondare, configurare	montar, fundar	establir, fundar	starigi	establir, fundar, configurar	Mein Bruder hat sich (dazu) entschieden seine eigene Firma zu gründen.	Mi hermano decidió fundar su propio negocio.	Mon frère a decidé de fonder sa propre entreprise. 	Mio fratello ha deciso di fondare una propria attività.	Meu irmão decidiu montar sua própria empresa.	My brother has decided to set up his own business.	El meu germà ha decidit establir el seu propi negoci.	Mia frato decidis starigi sian propran entreprenon.	Mi fratre ha decidite fundar su proprie interprisa.	8
03680	Verbal Phrases	to set foot in	einen Fuß in/auf etwas setzen	poner los pies en	mettre les pieds dans/en	mettere piede in 	colocar os pés em	posar els peus a	meti piedon en	poner pede in	Auch wenn er noch nie einen Fuß auf französischen Bodengesetzt hat,ist sein Französisch einwandfrei. 	A pesar que el nunca a puesto un pie en Francia, habla muy bien francés.	Bien qu'il n'ait jamais mis les pieds en France, son français est excellent. 	Anche se non ha mai messo piede in Francia, egli parla un ottimo francese.	Apesar de ele nunca ter colocado os pés na França, seu francês é excelente.	Although he has never set foot in France, he speaks excellent French.	Tot i que mai ha posat els peus a França, el seu francès és excel·lent.	Kvankam li neniam metis piedon en Francion, li parolas bonegan francan.	Ben que ille nunquam ha ponite pede in Francia, ille parla francese excellente.	8
03681	Verbal Phrases	to set a good example	ein Vorbild  sein	dar un buen ejemplo	montrer le bon exemple	dare il buon esempio	dar um bom exemplo	donar un bon exemple	doni bonan ekzemplon	dar un bon exemplo	Er versucht wirklich ein echtes Vorbild für seine Kinder zu sein.	El está intentando dar un buen ejemplo a sus hijos.	Il essaye vraiment de montrer le bon exemple à ses fils.	Sta davvero cercando di dare il buon esempio per i suoi figli.	Ele está tentando dar um bom exemplo a seus filhos.	He's really trying to set a good example for his sons.	Realment està intentant donar un bon exemple als seus fills.	Li vere provas doni bonan ekzemplon al siaj filoj.	Ille realmente tenta dar un bon exemplo a su filios.	8
03682	Verbal Phrases	to set fire to	Feuer legen	meter fuego a	mettre le feu à	dare fuoco	colocar fogo em	cal-li foc a	bruligi	mitter foco a	Jemand hat letzte Nacht ein Feuer in meinem Haus gelegt.	Alguien metió fuego en mi casa la noche anterior.	Quelqu'un a mis le feu à ma maison la nuit dernière.	Qualcuno ha dato fuoco a casa mia ieri sera.	Alguém colocou fogo na minha casa na noite passada.	Someone set fire to my house last night.	Algú va calar foc a casa meva ahir a la nit.	Iu bruligis mian domon hieraŭ nokte.	Alcuno mitteva foco a mi casa heri nocte.	8
03683	Verbal Phrases	to look into (to investigate)	Ermittlungen durchführen	indagar	mener l'enquête sur	indagare su	investigar	investigar	enketi pri	investigar	Die Polizei führt Ermittlungen zu diesem Fall durch. 	La policía está indagando este caso. 	La police mène l'enquête sur ce dossier. 	La polizia sta indagando su quel caso. 	A polícia está investigando esse caso.	The police are looking into that case. 	La policia està investigant aquest cas.	La polico enketas pri tiu kazo.	Le policia investiga ille caso.	8
03684	Verbal Phrases	to look out (be careful)	vorsichtig sein	tener cuidado	faire attention	stare attento	ter cuidado	anar amb compte	atenti	esser caute	Vorsicht! Dieser LKW wird dich anfahren!	¡Ten cuidado! ¡Ese camió te va a golpear!	Attention! Ce camion va te heurter!	Stai attento! Quel camion sta per colpirti!	Tenha cuidado! Esse caminhão vai bater em você!	Look out! That truck is going to hit you!	Ves amb compte! Aquest camió t'atropellarà!	Atentu! Tiu kamiono trafos vin!	Attention! Ille camion va colpar te!	8
03685	Phrasal Verbs	to look on the bright side of	Dinge von der guten Seite aus sehen	ver las cosas por el lado positivo	voir les choses du bon côté	guardare il lato positivo	ver as coisas pelo lado positivo	veure les coses pel costat positiu	rigardi la helan flankon	vider le latere positive de	Es ist nicht immer leicht Dinge von ihrer guten Seite aus zu sehen.	No siempre es facil ver las cosas por el lado positivo.	Il n'est pas toujours facile de se montrer positif.	Non è sempre facile guardare il lato positivo delle cose.	Nem sempre é fácil ver as coisas pelo lado positivo.	It's not always easy to look on the bright side of things.	No sempre és fàcil veure les coses pel costat positiu.	Ne ĉiam estas facile rigardi la helan flankon de aferoj.	Il non es sempre facile vider le cosas per le latere positive.	8
03686	Phrasal Verbs	to look down his/her nose at	gering schätzen	menospreciar	mépriser	disprezzare	menosprezar	mirar per sobre de l'espatlla, menystenir	malestimi iun	dispreciar	Mein Chef schätzt alle die, die keine Überstunden machen, gering ein.	Mi jefe menosprecia a todos los que no trabajan horas extra.	Mon patron méprise tous ceux qui ne font pas d'heures supplémentaires.	Il mio capo disprezza tutti coloro che non fanno gli straordinari.	Meu chefe menospreza aqueles que não fazem hora extra.	My boss looks down his nose at everyone who isn't working overtime.	El meu cap menysté tothom que no fa hores extres.	Mia estro malestimas ĉiujn, kiuj ne laboras kromhorojn.	Mi chef disprecia omnes qui non labora horas extra.	8
03687	Phrasal Verbs	to ask out (invite on a date)	einladen (not «to invite»)	invitar (not «to invite»)	inviter (not «to invite»)	invitare (not «to invite»)	convidar (not «to invite»)	convidar a sortir	inviti iun eliri	invitar a sortir	Michael hat Lisa zum Abendessen eingeladen.	Michael invitó a Lisa a cenar.	Michael a invité Lisa à dîner.	Michael invitò Lisa a cena fuori.	Michael convidou Lisa para jantar.	Michael asked Lisa out to dinner.	En Michael va convidar a sopar la Lisa.	Mikaelo invitis Lisan vespermanĝi.	Michael invitava Lisa a dinar.	8
03688	Phrasal Verbs	to back up (support)       	unterstützen	respaldar	soutenir	sostenere	apoiar	recolzar, donar suport	subteni	appoiar	Seine Frau hat seine Entscheidung über die Kündigung seines Jobs unterstützt.	Su esposa respaldó su decisión de dejar su trabajo.	Sa femme a soutenu sa décision de démissionner de son emploi.	Sua moglie ha sostenuto la sua decisione di lasciare il suo lavoro.	A esposa dele apoiou sua decisão de deixar seu emprego.	His wife backed up his decision to quit his job.	La seva dona va recolzar la seva decisió de deixar la feina.	Lia edzino subtenis lian decidon forlasi sian laboron.	Su sposa appoiava su decision de quitar su empleo.	8
03689	Phrasal Verbs	to break down (broke down, broken down) (stop working)	stehen bleiben	averiarse	tomber en panne	guastarsi	quebrar	avaria-se, espatllar-se	panei	se avariar	Unser Auto ist gestern stehen geblieben.	Nuestro coche se averio la noche anterior.	Notre voiture est tombée en panne hier soir.	La nostra auto si è guastata ieri sera.	Nosso carro quebrou na noite passada.	Our car broke down last night.	El nostre cotxe es va avariar ahir a la nit.	Nia aŭto paneis hieraŭ nokte.	Nostre automobile se avariava le nocte precedente.	8
03690	Phrasal Verbs	to break down (broke down, broken down) (get upset)	zusammenbrechen	colapsar	s'effondrer	scoppiare a piangere, collassare	sofrer um colapso	ensorrar-se (emocionalment)	emocie kolapsi	collaber	Die Frau ist zusammengebrochen als die Polizei ihr sagte, dass ihr Mann tot wäre.	La mujer colapsó cuando la policía le dijo que su esposo había fallecido.	La femme s'est effondrée quand la police lui a dit que son mari était mort.	La donna è collassata quando la polizia le ha detto che suo marito era morto.	A mulher sofreu um colapso quando a polícia falou que seu esposo havia falecido.	The woman broke down when the police told her that her husband had died.	La dona es va ensorrar quan la policia li va dir que el seu marit havia mort.	La virino emoci-kolapsis kiam la polico diris al ŝi, ke ŝia edzo mortis.	Le femina collabeva quando le policia le diceva que su marito habeva morite.	8
03691	Phrasal Verbs	to break in (broke in, broken in) (interrupt)	unterbrechen	interrumpir	interrompre	interrompere	interromper	interrompre	interrompi	interrumper	Der Radiosender hat das Programm unterbrochen, um Neuigkeiten von der Präsidentenwahl anzukündigen.	La estación de radio fue interrumpida para dar la noticia de la elección del presidente.	La station radio fit une interruption pour annoncer la nouvelle de l'élection du président.	La stazione radio ha interrotto la trasmissione per segnalare la notizia della elezione del presidente.	A transmissão de rádio foi interrompida para noticiar a eleição do presidente.	The radio station broke in to report the news of the president's election.	L'emissora de ràdio va interrompre per donar la notícia de l'elecció del president.	La radiostacio interrompis por raporti la novaĵon pri la elekto de la prezidanto.	Le station de radio interrumpeva le programma pro reportar le novas del election del presidente.	8
03692	Phrasal Verbs	to crack up (start laughing)	lachen (not («to laugh»)	reir (not «to laugh»)	rire (not «to laugh»)	ridere (not «to laugh»)	rir (not «to laugh»)	esclafir a riure	ekridi	rider	Wir müssen immer lachen, wenn Tim einen Witz erzählt.	Siempre reimos cuando Tim cuenta chistes.	Nous rions toujours quand Tim raconte des blagues.	Ridiamo sempre quando Tim racconta barzellette.	Nós sempre rimos quando Tim conta piadas.	We always crack up when Tim tells jokes.	Sempre esclafim a riure quan en Tim explica acudits.	Ni ĉiam ekridas kiam Tim rakontas ŝercojn.	Nos sempre ride quando Tim conta jocos.	8
03693	Phrasal Verbs	to cut off (cut off, cut off) (stop providing)	abschalten	cortar	couper, enlever	tagliare	cortar	tallar (el subministrament)	fortranĉi	interrumper le servicio	Meine Telefongesellschaft hat mein Telefon abgeschaltet, weil ich meine Rechnung nicht bezahlt habe.	La compañía telefónica cortó mi teléfono porque no había pagado la factura.	La compagnie de téléphone a coupé ma ligne téléphonique parce que je n'ai pas payé la facture.	La compagnia mi ha tagliato il telefono perché non ho pagato la bolletta.	A companhia telefônica cortou meu telefone, porque eu não paguei a conta.	The phone company cut off my phone because I didn't pay the bill.	La companyia telefònica em va tallar el telèfon perquè no vaig pagar la factura.	La telefona kompanio fortranĉis mian telefonon ĉar mi ne pagis la fakturon.	Le compania telephonic interrumpeva mi servicio telephonic proque io non habeva pagate le factura.	8
03694	Phrasal Verbs	to eat out (ate out, eaten out) (eat at a restaurant)	im Restaurant essen	comer en un restaurante	manger dans un restaurant	mangiare fuori	comer fora	menjar fora (en un restaurant)	manĝi ekstere	mangiar in un restaurante	Ich möchte heute Abend in einem Restaurant essen.	Me gustaría comer en un restaurante esta noche.	J'aimerais manger dans un restaurant ce soir.	Mi piacerebbe mangiare fuori stasera.	Eu gostaria de comer fora esta noite.	I'd like to eat out tonight.	M'agradaria menjar fora aquesta nit.	Mi ŝatus manĝi ekstere ĉi-nokte.	Io volerea mangiar in un restaurante iste nocte.	8
03695	Phrasal Verbs	to fall apart (break into pieces)	kaputtgehen	romperse 	se casser	rompersi	destruir	desfer-se, trencar-se	disfali	disfacer se	Mein neues Hemd ist in der Waschmaschine kaputtgegangen.	Mi nueva camisa se rompió en la lavadora.	Ma nouvelle chemise a été détruite dans la machine à laver.	La mia nuova camicia si è rotta in lavatrice.	Minha nova camisa foi destruída pela máquina de lavar.  	My new shirt fell apart in the washing machine.	La meva camisa nova es va desfer a la rentadora.	Mia nova ĉemizo disfalis en la lavmaŝino.	Mi nove camisa se disfaceva in le machina a lavar.	8
03696	Phrasal Verbs	to fall down (fell down, fallen down) (fall to the ground)	(herunter)fallen	caer (a tierra)	tomber par terre	cadere (a terra)	cair (no chão)	caure (a terra)	fali (teren)	cader a terra	Mein Fernseher ist von meiner Wand gefallen.	La pantalla de mi televisor se cayó de la pared.	L'écran de ma télé est tombé du mur.	La mia TV è caduta giù dal muro.	Minha tela de TV caiu da parede.	My TV screen fell down from the wall.	La pantalla del meu televisor va caure de la paret.	Mia televida ekrano falis de la muro.	Le schermo de mi television cadeva del pariete.	8
03697	Phrasal Verbs	to fall out (fell out, fallen out) (fall from inside something)	(heraus)fallen	caérsele a uno algo	tomber (à partir de quelque chose)	cadere (da un punto)	cair	caure (de dins d'alguna cosa)	elfali	cader foras de alique	Mein Handy muss mir aus meiner Handtasche herausgefallen sein.	Mi teléfono debió caer de mi bolso.	Mon téléphone portable a dû tomber de mon sac à main.	Il mio telefono cellulare deve essere caduto dalla mia borsa.	O meu celular deve ter caído da minha bolsa.	My mobile phone must have fallen out of my purse.	El meu mòbil devia caure de la meva bossa.	Mia poŝtelefono certe elfalis el mia mansako.	Mi telephono mobile debe haber cadite foras de mi bursa.	8
03698	Phrasal Verbs	to hang out (hung out, hung out) (spend time relaxing)	abhängen (zusammen entspannen)	pasar el tiempo 	passer du temps/traîner	passare il tempo 	passar o tempo	passar l'estona	pasigi tempon	passar le tempore	Warum hängen wir nicht bei mir ab?	¿Porqué no pasamos el tiempo en mi casa?	Pourquoi on n'irait pas traîner chez moi?	Perché non passiamo il tempo a casa mia?	Por que nós não passamos o tempo na minha casa?	Why don't we hang out at my place?	Per què no passem l'estona a casa meva?	Kial ni ne pasigas tempon ĉe mi?	Proque non passa nos le tempore a mi casa?	8
03699	Phrasal Verbs	to hang up (hung up, hung up) (end a phone call)	auflegen	colgar	raccrocher	riagganciare	desligar	penjar (el telèfon)	mallevi la telefonon	clauder le telephono	Tut mir Leid, ich muss jetzt wirklich auflegen.	Lo siento, debo colgar ahora.	Désolé, je dois vraiment raccrocher maintenant.	Mi dispiace, devo proprio riagganciare il telefono ora.	Desculpe, eu realmente tenho que desligar o telefone agora.	Sorry, I really have to hang up the phone now.	Ho sento, realment he de penjar ara.	Pardonu, mi vere devas nun mallevi la telefonon.	Io regretta, io debe realmente clauder le telephono ora.	8
03700	Phrasal Verbs	to let down (disappoint)	enttäuschen	decepcionar	décevoir	deludere	decepcionar	decebre	maliluziigi	disappunctar	Enttäusche mich nicht noch einmal.	No me decepciones otra vez.	Ne me déçois pas encore une fois.	Non mi deludere di nuovo.	Não me decepcione outra vez.	Don't let me down again.	No em decebis una altra vegada.	Ne maliluziigu min denove.	Non me disappuncta de novo.	8
03701	Phrasal Verbs	to pass away (to die)	sterben (phrasal verb)	fallecer (phrasal verb)	mourir (phrasal verb)	morire (phrasal verb)	falecer (phrasal verb)	morir, finar	forpasi	deceder	Sein Boss ist letzte Nacht nach einem Autounfall gestorben.	Su jefe falleció anoche luego de un accidente de tráfico.	Son patron est mort la nuit dernière après un accident de voiture.	Il suo capo è morto la scorsa notte dopo un incidente d'auto.	Seu chefe faleceu ontem à noite, depois de um acidente de carro.	His boss passed away last night after a car accident.	El seu cap va morir ahir a la nit després d'un accident de cotxe.	Lia estro forpasis hieraŭ nokte post aŭtoakcidento.	Su chef decedeva le nocte passate post un accidente de automobile.	8
03702	Phrasal Verbs	to pass out (faint)	in Ohnmacht fallen	desmayarse	s'évanouir	svenire	desmaiar	desmaiar-se	sveni	perder le conscientia	Es war so heiß, dass eine junge Frau in Ohnmacht gefallen ist.	Hacía tanto calor que esa joven se desmayó.	Il faisait si chaud qu'une jeune femme s'est évanouie.	Era così caldo che una giovane donna è svenuta.	Estava tão quente que uma jovem desmaiou.	It was so hot that a young woman passed out.	Feia tanta calor que una jove es va desmaiar.	Estis tiel varme, ke juna virino svenis.	Il faceva tanto calor que un juvene femina perdeva le conscientia.	8
03703	Phrasal Verbs	to pick out (to choose)	aussuchen	escoger	choisir (prendre un parmi plusieurs)	scegliere	escolher	escollir, triar	elekti	seliger	Es ist sehr schwer nur eins aussuchen zu dürfen. Ich würde alle Bücher des Ladens kaufen.	Es muy duro de escoger solo uno. ¡Compraría todos los libros de la tienda!	C'est très dur de n'en choisir qu'un. J'achèterais tous les livres du magasin !	È molto difficile sceglierne solo uno. Vorrei comprare tutti i libri nel negozio!	É muito difícil escolher apenas um; eu compraria todos os livros da loja!	It's very hard to pick out just one. I would buy all the books in the store!	És molt difícil triar-ne només un. Compraria tots els llibres de la botiga!	Estas tre malfacile elekti nur unu. Mi aĉetus ĉiujn librojn en la vendejo!	Il es multo difficile seliger solmente un. Io comprarea tote le libros in le magazin!	8
03704	Phrasal Verbs	to point out (indicate with your finger)	mit dem Finger zeigen	señalar (con el dedo)	montrer du doigt	indicare (col dito)	indicar (com o dedo)	assenyalar (amb el dit)	montri per fingro	indicar con le digito	Könnten Sie mir die Adresse auf der Karte zeigen?	¿Me podría señalar la dirección en el mapa?	Pourriez-vous montrer l'adresse sur la carte?	Può indicarmi l'indirizzo sulla mappa, per favore?	Você poderia, por favor, indicar o endereço no mapa?	Could you please point out the address on the map?	Podria assenyalar-me l'adreça al mapa, si us plau?	Ĉu vi bonvolus montri per fingro la adreson sur la mapo?	Pote vos per favor indicar le adresse sur le mappa?	8
03705	Phrasal Verbs	to run into (ran into, run into) (meet unexpectedly)	auf jdn stoßen	tropezar	rencontrer, tomber sur quelqu'un	imbattersi, incontrare inaspettatamente	deparar com	trobar-se inesperadament	renkonti neatendite	incontrar per hasardo	Ich bin auf dem Markt auf einen alten Schulfreund gestoßen.	Me tropecé con un antiguo amigo en el mercado.	Je suis tombé sur un ancien ami d'école au marché.	Mi sono imbattuto in un vecchio amico di scuola al mercato.	Eu me deparei com um velho amigo de escola no mercado.	I ran into an old school friend at the market.	Em vaig trobar un vell amic de l'escola al mercat.	Mi renkontis malnovan lernejan amikon en la bazaro.	Io incontrava per hasardo un vetere amico de schola al mercato.	8
03706	Phrasal Verbs	to run over (ran over, run over) (drive a vehicle over)	überfahren	atropellar	écraser, rouler sur	investire (con un veicolo)	atropelar, passar por cima	atropellar	surveturi	calcar	Er hat gestern dein Fahrrad aus Versehen überfahren.	El atropelló ayer tu bicicleta accidentalmente.	Sans faire exprès, il a écrasé ton vélo hier.	Ha accidentalmente investito la tua bicicletta ieri.	Acidentalmente, ele passou por cima de sua bicicleta ontem.	He accidentally ran over your bicycle yesterday.	Ahir va atropellar accidentalment la teva bicicleta.	Li hazarde surveturis vian biciklon hieraŭ.	Il accidentalmente calcava tu bicyclo heri.	8
03707	Phrasal Verbs	to run over (ran over, run over) / to run through (ran through, run through) (rehearse, review)	noch einmal durchgehen	repetir	revoir/répéter	ripassare	repassar, rever	repassar	ripeti, revizii	repeter	Wir sollten diese Zeilen noch einmalvor der Vorstellung durchgehen	Debemos repetir estas lineas por lo menos una vez más antes del espectáculo.	Nous devrions relire ces répliques une dernière fois avant le spectacle.	Dovremmo ripassare queste battute almeno un'altra volta prima dello spettacolo.	Nós deveríamos repassar esse texto, pelo menos mais uma vez antes do show.	We should run over these lines at least one more time before the show.	Hauríem de repassar aquestes línies almenys una vegada més abans de l'espectacle.	Ni devus ripeti ĉi tiujn liniojn almenaŭ unu plian fojon antaŭ la spektaklo.	Nos deberea repeter iste lineas al minus un altere vice ante le spectaculo.	8
03708	Phrasal Verbs	to run away (ran away, run away) (leave unexpectedly)	weglaufen	escaparse	s'enfuir	scappare via, fuggirsene	fugir	fugir, escapar-se	forkuri	fugir	Ihre Kinder sind von Zuhause weggelaufen und werden seit zwei Tagen vermisst.	Sus hijos se escaparon de la casa y llevan perdidos dos días.	Ses enfants se sont enfuis de la maison et ils ont disparu depuis deux jours.	I suoi figli sono fuggiti da casa e sono scomparsi da due giorni.	Seus filhos fugiram de casa e estão desaparecidos há dois dias.	Her children ran away from home and have been missing for two days.	Els seus fills van fugir de casa i fa dos dies que estan desapareguts.	Ŝiaj infanoj forkuris de hejme kaj estas malaperintaj de du tagoj.	Su filios fugiva de domo e ha essite disparite durante duo dies.	8
03709	Phrasal Verbs	to run out (ran out, run out) (have none left)	von etw. nichts mehr haben	faltar de	venir à manquer de	terminare, restare senza	ficar sem	quedar-se sense	elĉerpiĝi	restar sin	Wir hatten kein Brot mehr, also musste ich zum Supermarkt fahren.	Nos hace falta pan, entonces tuve que ir al supermercado.	Nous n'avions plus de pain alors j'ai dû me rendre au supermarché.	Abbiamo terminato il pane, così sono dovuto andare al supermercato.	Nós ficamos sem pão, então eu tive que ir ao supermercado.	We ran out of bread so I had to go to the supermarket.	Ens hem quedat sense pa, així que he hagut d'anar al supermercat.	Ni elĉerpiĝis je pano do mi devis iri al la superbazaro.	Nos restava sin pan, assi io debeva vader al supermercato.	8
03710	Phrasal Verbs	to see through (saw through, seen through) (not be deceived by)	ein Spiel durchschauen	ver a través de	voir à travers le jeu de	non farsi ingannare da	ver através de	veure-li el llautó a algú	travidi	penetrar	Es ist leicht ihr Spiel zu durchschauen	Es fácil ver a través de su comportamiento	C'est facile de voir à travers son jeu	È facile non farsi ingannare dal suo comportamento	É fácil ver através de seu comportamento	It's easy to see through her behavior	És fàcil veure-li el llautó al seu comportament.	Estas facile travidi ŝian konduton.	Il es facile penetrar su comportamento.	8
03711	Phrasal Verbs	to show off (showed off, shown off) (behave arrogantly)	angeben	presumir / alardear	se vanter/crâner	vantarsi 	mostrar-se	presumir, fardar	fanfaroni	facer ostentation	Sie gibt an, um ihren Ex-Mann zu beeindrucken.	Ella alardea para impresionar a su ex esposo.	Elle se vante pour impressionner son ex-mari.	Si sta vantando per impressionare il suo ex-marito.	Ela está se mostrando para impressionar seu ex-marido.	She's showing off to impress her ex-husband.	Ella presumeix per impressionar el seu exmarit.	Ŝi fanfaronas por impresi sian eksedzon.	Illa face ostentation pro impressionar su ex-marito.	8
03712	Phrasal Verbs	to sleep over (slept over, slept over) (stay somewhere for the night)	übernachten	pasar la noche (en casa de alguien)	passer la nuit	passare la notte	passar a noite	passar la nit	tranokti	passar le nocte	Ich sollte hier übernachten, wenn das Wetter zu schlecht ist, um mit dem Auto nach Hause zu fahren	Debería pasar la noche aquí si el tiempo es tan malo como para conducir hasta casa.	Je devrais passer la nuit ici si le temps est trop mauvais pour conduire jusque chez moi.	Dovrei passare la notte qui se il tempo è troppo brutto per guidare fino a casa.	Eu deveria passar a noite aqui se o tempo estiver muito ruim para eu voltar para casa de carro.	I should sleep over tonight if the weather is too bad to drive home.	Hauria de passar la nit aquí si el temps és massa dolent per conduir fins a casa.	Mi devus tranokti ĉi-nokte se la vetero estas tro malbona por veturi hejmen.	Io deberea passar le nocte hic iste nocte si le tempore es troppo mal pro conducer a casa.	8
03713	Phrasal Verbs	to turn up (appear suddenly)	auftauchen	presentarse	apparaître brusquement	uscire fuori	aparecer	aparèixer (de sobte)	aperi subite	presentar se	Nachdem ich sie den ganzen Tag gesucht habe ist meine Schwester aufgetaucht.	Mi hermana se presentó después de que la hubieramos buscado todo el día.	Après l'avoir cherchée toute la journée, ma soeur est apparue.	Mia sorella è uscita fuori dopo che l'avevamo cercata tutto il giorno.	Minha irmã apareceu depois de procurarmos ela o dia todo.	My sister turned up after we had looked for her the whole day.	La meva germana va aparèixer després que l'haguéssim buscat tot el dia.	Mia fratino aperis post kiam ni serĉis ŝin la tutan tagon.	Mi soror se presentava post que nos habeva cercate la durante le integre die.	8
03714	Phrasal Verbs	to think back (thought back, thought back) (remember)	zurückdenken	recordar	repenser, se rappeler	ripensare	recordar	recordar, pensar en el passat	rememori	rememorar	Wenn ich an meine Jugend zurückdenke, bedauere ich es nicht genug Zeit mit meinen Eltern verbracht zu haben.	Cuando recuerdo mi joventud, desearía haber pasado más tiempo con mis padres.	Quand je repense à ma jeunesse, j'aurai aimé passer plus de temps avec mes parents.	Quando ripenso alla mia giovinezza, vorrei aver passato più tempo con i miei genitori.	Quando recordo da minha juventude, lamento não ter passado mais tempo com meus pais.	When I think back on my youth, I wish I had spent more time with my parents.	Quan recordo la meva joventut, m'agradaria haver passat més temps amb els meus pares.	Kiam mi rememoras mian junecon, mi deziras, ke mi pasigis pli da tempo kun miaj gepatroj.	Quando io rememora mi juventute, io desirarea haber passate plus tempore con mi genitores.	8
03715	Phrasal Verbs	to try on (sample clothing)	anprobieren (ein Kleidungsstück)	probarse (ropa)	essayer (un vêtement)	provare (un vestito)	experimentar, provar (roupa)	emprovar-se (roba)	surprovi	provar se	Du solltest dieses Hemd anprobieren, um zu sehen ob es dir passt.	Deberías probarte esta camisa para ver si te queda bien.	Tu devrais essayer cette chemise pour voir si elle te va.	Ti dovresti provare questa camicia per vedere se ti sta bene.	(Você) deveria provar esta camisa para ver se ela cai bem.	You should try on this shirt to see if it fits you.	Hauries d'emprovar-te aquesta camisa per veure si et va bé.	Vi devus surprovi ĉi tiun ĉemizon por vidi ĉu ĝi taŭgas al vi.	Tu deberea provar te iste camisa pro vider si illo te va ben.	8
03716	Phrasal Verbs	to try out (test)	ausprobieren	probar, ensayar	essayer, tester	provare, testare	provar, testar	provar, assajar	elprovi	provar, essayar	Ich werde diese neue Route ausprobieren.	Voy a probar est nuevo itinerario.	Je vais essayer ce nouvel itinéraire.	Ho intenzione di provare questo nuovo itinerario.	(Eu) vou provar este novo itinerário.	I am going to try out this new itinerary.	Provaré aquesta nova ruta.	Mi elprovos ĉi tiun novan itineron.	Io va provar iste nove itinerario.	8
03717	Game Commentary	The match has begun!	Das Spiel hat begonnen!	¡El partido ha comenzado!	Le match a commencé !	La partita è iniziata!	Começou a partida!	El partit ha començat!	La matĉo komenciĝis!	Le partita ha comenciate!										8
03718	Game Commentary	What a goal!	Was für ein Tor!	¡Qué golazo! (ES), ¡Qué gol! (AL) 	Quel but !	Che gol!	Que golaço!	Quin gol!	Kia golo!	Que magnific goal!										8
03719	Game Commentary	My team won	Meine Mannschaft hat gewonnen	Mi equipo ganó	Mon équipe a gagné	La mia squadra ha vinto	Meu time venceu	El meu equip ha guanyat	Mia teamo venkis	Mi equipa ha vincite										8
03720	Game Commentary	My team lost	Meine Mannschaft hat verloren	Mi equipo perdió	Mon équipe a perdu	La mia squadra ha perso	Meu time perdeu	El meu equip ha perdut	Mia teamo malvenkis	Mi equipa ha perdite										8
03721	Game Commentary	My team tied	Meine Mannschaft hat unentschieden gespielt	Mi equipo empató	Mon équipe a fait match nul	La mia squadra ha pareggiato	Meu time empatou	El meu equip ha empatat	Mia teamo egalvenkis	Mi equipa ha facite un partita nulle										8
03722	Game Commentary	He scored a great goal	Er hat ein super Tor geschossen!	Marcó un golazo	Il a marqué un très bon but	Ha segnato un bellissimo gol	Ele marcou um golaço	Ha marcat un golàs	Li faris bonegan golon	Ille ha marcate un magnific goal										8
03723	Game Commentary	The referee showed him a yellow card	Der Schiedsrichter hat ihm eine gelbe Karte gegeben	El árbitro le ha sacado tarjeta amarilla	L'arbitre lui a mis un carton jaune	L'arbitro gli ha dato un cartellino giallo	O árbitro mostrou a ele um cartão amarelo	L'àrbitre li ha mostrat una targeta groga	La arbitraciisto montris al li flavan karton	Le arbitro le ha monstrate un carta jalne										8
03724	Game Commentary	What's the score?	Wie ist der Spielstand?	¿Cuánto van? (ES), ¿Cuál es el puntaje? (AL) 	Quel est le score ?	Qual è il punteggio?	Qual é o placar?	Quin és el marcador?	Kio estas la poentaro?	Qual es le resultato?										8
03725	Game Commentary	3 goals to 1	3 Tore zu 1	3 goles a 1	3 buts à 1	3 (gol) a 1	3 gols a 1	3 gols a 1	3 goloj kontraŭ 1	Tres goales a un										8
03726	Game Commentary	Zero to zero	null zu null	cero a cero	zéro à zéro	Zero a zero	zero a zero	Zero a zero	Nulo kontraŭ nulo	Zero a zero										8
03727	Game Commentary	Two to zero	Zwei zu null	dos a cero	deux à zéro	Due a zero	dois a zero	Dos a zero	Du kontraŭ nulo	Duo a zero										8
03728	Game Commentary	The player was disqualified	Der Spieler wurde disqualifiziert	El jugador ha sido descalificado	Le joueur a été disqualifié	Il giocatore è stato squalificato	O jogador foi eliminado	El jugador ha estat desqualificat	La ludanto estis malkvalifikita	Le jocator ha essite disqualificate										8
03729	Game Commentary	There was a penalty!	Es gab einen Elfmeter!	¡Fue penalti!	Il y avait penalty !	C'era un rigore!	Foi pênalti!	Ha estat penal!	Estis penalo!	colpo de penalitate									Il habeva un colpo de penalitate!	8
03730	Game Commentary	They were lucky, that's all	Sie hatten einfach Glück, das ist alles	Tuvieron suerte, solo eso	Ils ont eu de la chance, c'est tout	Sono stati fortunati e basta	Eles tiveram sorte, só isso	Han tingut sort, i prou	Ili bonŝancis, jen ĉio	fortunate									Illes esseva fortunate, isto es toto.	8
03731	Game Commentary	That's a foul!	Das ist ein Foul!	¡Es falta! (ES), ¡Es una falta! (AL)	C'est une faute !	Fallo!	É falta!	Això és falta!	Tio estas faŭlo!	falta									Isto es un falta!	8
03732	Game Commentary	The referee calls a foul	Der Schiedsrichter pfeift ein Foul	El árbitro pita una falta	L'arbitre siffle une faute	L'arbitro fischia un fallo	O árbitro marca uma falta	L'àrbitre xiula una falta	La arbitraciisto fajfas faŭlon	arbitro									Le arbitro signala un falta.	8
03733	Game Commentary	The referee is blind!	Der Schiedsrichter ist blind!	¡El árbitro está ciego!	L'arbitre est aveugle !	L'arbitro è cieco!	O árbitro é cego!	L'àrbitre és cec!	La arbitraciisto estas blinda!	cec									Le arbitro es cec!	8
03734	Game Commentary	It was a good game	Das war ein gutes Spiel	Fue un buen partido	C'était un bon match	È stata una bella partita	Foi um bom jogo	Ha estat un bon partit	Estis bona matĉo	partita									Il esseva un bon partita.	8
03735	Game Commentary	This player is very good	Dieser Spieler ist sehr gut	Este jugador es muy bueno	Ce joueur est très bon	Questo giocatore è molto bravo	Esse jogador é muito bom	Aquest jugador és molt bo	Ĉi tiu ludanto estas tre bona	jocator									Iste jocator es multo bon.	8
03736	Game Commentary	Our goalkeeper really sucks!	Unser Torwart ist wirklich eine Niete!	Nuestro portero es un manta	Notre gardien est vraiment nul !	Il nostro portiere fa veramente schifo!	Nosso goleiro é muito ruim!	El nostre porter és un desastre!	Nia golulo estas vere aĉa!	portero									Nostre portero es vermente pessime!	8
03737	Game Commentary	He feigns	Er tut nur so / Er stellt sich an	Está fingiendo	Il fait semblant	Simula	Ele está fingindo	Està fingint	Li ŝajnigas	finger									Ille finge.	8
03738	Game Commentary	He is seriously injured	Er ist ernsthaft verwundet	Tiene una lesión grave	Il est sérieusement blessé	È gravemente infortunato	Ele está gravemente ferido	Està greument lesionat	Li estas grave vundita	ferite									Ille es gravemente ferite.	8
03739	Football Terminology	entrance to the stadium	der Eingang des Stadions 	la entrada del estadio	l'entrée du stade	L'entrata dello stadio	a entrada do estádio	l'entrada de l'estadi (les entrades)	enirejo de la stadiono	entrata al stadio										8
03740	Football Terminology	a seat, ticket (sporting event)	ein Platz  (im Stadion)	un lugar (en el estadio)	une place (au stade)	un posto (allo stadio)	um lugar (no estádio)	un seient (els seients), una localitat (esdeveniment esportiu) (les localitats)	sidloko	placia										8
03741	Football Terminology	football (ball)	der Fußball 	el balón de fútbol	le ballon de football	il pallone da calcio	a bola de futebol	la pilota de futbol (les pilotes de futbol)	futbalpilko	ballon de football										8
03742	Football Terminology	goalposts	die Torpfosten	los postes de la portería	les poteaux de but	i pali	as traves do gol	els pals de la porteria	golstangoj	postes del porta										8
03743	Football Terminology	field, playground	das Spielfeld 	el terreno de juego	le terrain de jeu	il terreno di gioco	o campo	el terreny de joc (els terrenys de joc)	ludejo	terreno de joco										8
03744	Football Terminology	timeout	die Auszeit	el tiempo muerto	l'arrêt de jeu	L'interruzione del gioco	a paralisação	el temps mort (els temps morts)	paŭzo	tempore morte										8
03745	Football Terminology	offside	ein Abseits 	fuera de juego	un hors jeu	un fuorigioco	impedimento	el fora de joc (els fors de joc)	ofsajdo	foras de joco										8
03746	Football Terminology	to score a goal	ein Tor schießen	meter gol (ES), hacer un gol (AL) 	mettre un but	segnare un gol	fazer um gol	marcar un gol	fari golon	marcar un goal										8
03747	Football Terminology	yellow / red card	eine gelbe / rote Karte	una tarjeta amarilla / roja 	un carton jaune / rouge	un cartellino giallo / rosso	um cartão amarelo / vermelho	la targeta groga (les targetes grogues), la vermella (les vermelles)	flava / ruĝa karto	carta jalne / rubie										8
03748	Football Terminology	penalty kick	ein Elfmeter  	un tiro penal (ES), un cobro de penalti (AL) 	un tir de penalty	Un calcio di rigore	uma cobrança de pênalti	el llançament de penal (els llançaments)	penala ŝoto	tiro penal										8
03749	Football Terminology	corner (foot)	eine Ecke (Fußball)	un córner	un corner	un calcio d'angolo	um escanteio (futebol)	el córner (els córners)	kornero	colpo de angulo										8
03750	Football Terminology	duration of the game	die Spieldauer	la duración del partido	la durée de match	la durata della partita	a duração do jogo	la durada del partit	daŭro de la matĉo	duration del partita										8
03751	Football Terminology	kick off	der Anstoß 	el saque inicial	le coup d'envoi	il calcio d'inizio	pontapé inicial	el servei inicial (els serveis inicials)	ekbato	colpo initial										8
03752	Football Terminology	foul (serious)	ein (schweres) Foul 	una falta (grave)	une faute (grave)	un fallo (grave)	uma falta (grave)	la falta (greu) (les faltes)	faŭlo (grava)	falta grave										8
03753	Football Terminology	to dismiss a player	einen Spieler des Feldes verweisen	expulsar un jugador	expulser un joueur	espellere un giocatore	expulsar um jogador	expulsar un jugador	forpeli ludanton	expeller un jocator										8
03754	Football Terminology	dangerous game	ein gefährliches Spiel	un juego peligroso	un jeu dangereux	un gioco pericoloso	um jogo perigoso	el joc perillós (els jocs perillosos)	danĝera ludo	un joco periculose										8
03755	Football Terminology	first / second half	die erste / zweite Halbzeit	el primer / segundo tiempo	la première/ la deuxième mi temps	il primo / il secondo tempo	o primeiro / o segundo tempo	la primera / la segona part (les parts)	unua / dua duono	le prime / secunde medietate										8
03756	Football Terminology	break / half-time	die Halbzeitpause	el descanso / el medio tiempo 	la pause / mi temps	l'intervallo	a pausa / o intervalo	el descans (els descansos), la mitja part	paŭzo / duontempo	le intervallo / le medie tempore										8
03757	Football Terminology	penalty area	der Strafraum	la zona de penalti	la surface de réparation	l'area di rigore	a grande área	l'àrea de penal (les àrees de penal)	penalejo	area de penalitate										8
03758	Football Terminology	throw-in	der Einwurf	el saque de banda	la touche (remise en jeu d'un ballon sorti)	la rimessa in gioco	a reposição (da bola)	el servei de banda (els serveis de banda)	enĵeto	jecto de banda										8
03759	Football Terminology	to dribble	dribbeln	driblar	dribbler	dribblare	driblar	driblar	dribli	dribblar										8
03760	Football Terminology	header	ein Kopfball 	el cabezazo 	un tir de la tête	un tiro di testa	cabeçada	el cop de cap (els cops de cap)	kapfrapo	colpo de capite										8
03761	Football Terminology	tackle	ein Tackling; das Hineingrätschen	un tacle	un tacle	un contrasto	um carrinho	l'entrada (futbol) (les entrades)	taklo	tacle										8
03762	Football Terminology	referee	der Schiedsrichter ; der Schiri 	el árbitro	l'arbitre	l'arbitro	o árbitro	l'àrbitre (els àrbitres), l'àrbitra (les àrbitres)	arbitraciisto	arbitro										8
03763	Football Terminology	forward (football player)	der Angreifer , der Stürmer 	el atacante	l'attaquant	l'attaccante	o atacante	el davanter (els davanters), la davantera (les davanteres) (jugador de futbol)	atakanto	attaccante										8
03764	Football Terminology	defender	der Verteidiger 	el defensor, el defensa	le défenseur	il difensore	o zagueiro	el defensa (els defenses) (jugador)	defendanto	defensor										8
03765	Football Terminology	striker	der Torjäger	el goleador	le buteur	il bomber	o centroavante	el davanter centre (els davanters centre)	centra avanulo	marcator de goales										8
03766	Football Terminology	football player	der Fußballspieler 	el jugador de fútbol	le joueur de football	il giocatore	o jogador de futebol	el jugador (els jugadors), la jugadora (les jugadores) de futbol	futbalisto	jocator de football										8
03767	Football Terminology	midfielder	der Mittelfeldspieler	el centrocampista (ES), el mediocampista (AL) 	le milieu de terrain	il centrocampista	o meio-campista	el migcampista (els migcampistes)	mezulo	mediano										8
03768	Football Terminology	jersey	das Trikot 	el jersey	le maillot	la maglia	a camisa	la samarreta (esportiva) (les samarretes)	ĵerzo	jersey										8
03769	Football Terminology	overtime	die Verlängerung	el tiempo añadido (ES), el tiempo suplementario (AL) 	temps supplémentaire	il tempo supplementare	tempo suplementar	la pròrroga (les pròrrogues)	kromtempo	tempore supplementari										8
03770	Sports Events	pool, group (sports)	die Gruppe 	el grupo	la poule (foot)	il gruppo (calcio)	o grupo, a liga	el grup (els grups) (esports)	grupo (sportoj)	gruppo										8
03771	Sports Events	Our team is in the quarterfinals	Unsere Mannschaft ist im Viertelfinale	Nuestro equipo está en cuartos de final	Notre équipe est en quart de finale	La nostra squadra è nei quarti di finale	Nosso time está nas quartas de final	El nostre equip és als quarts de final	Nia teamo estas en la kvaronfinalo	Nostre equipa es in le quartos de final										8
03772	Sports Events	round of sixteen	das Achtelfinale	octavos de final (ES), octavas de final (AL) 	les huitièmes de finale	ottavi di finale	oitavas de final	els vuitens de final	okonfinalo	octavos de final										8
03773	Sports Events	We are in the semifinals	Wir sind im Halbfinale	Estamos en semifinales	On est en demi finale	Siamo in semi-finale	Nós estamos nas semifinais	Estem a les semifinals	Ni estas en la duonfinalo	Nos es in le semifinales										8
03774	Sports Events	We have to be in the finals	Wir müssen ins Finale kommen	Tenemos que estar en la final	Il faut être en finale	Bisogna essere in finale	Precisamos chegar às finais	Hem d'estar a la final	Ni devas esti en la finalo	Nos debe esser in le final										8
03775	Sports Events	I came to support my team	Ich bin gekommen um meine Mannschaft zu unterstützen	Vine a apoyar a mi equipo	Je suis venu pour supporter mon équipe	Sono venuto a tifare per la mia squadra	Eu vim para apoiar meu time	He vingut a donar suport al meu equip	Mi venis por subteni mian teamon	Io veniva pro supportar mi equipa										8
03776	Sports Events	We will win!	Wir werden gewinnen!	¡Vamos a ganar!	On va gagner !	Vinceremo!	Nós vamos vencer!	Guanyarem!	Ni venkos!	Nos va vincer!										8
03777	Sports Events	Where is the stadium?	Wo ist das Stadion?	¿Dónde está el estadio? 	Où est le stade ?	Dove è lo stadio?	Onde é o estádio?	On és l'estadi?	Kie estas la stadiono?	Ubi es le stadio?										8
03778	Sports Events	We won by 3 goals to 1	Wir haben 3 Tore zu 1 gewonnen	Hemos ganado 3 goles a 1	Nous avons gagné par 3 buts à 1	Abbiamo vinto 3 (gol) a 1	Nós vencemos por 3 gols a 1	Hem guanyat 3 a 1	Ni venkis per 3 goloj kontraŭ 1	Nos ha vincite per 3 goales a 1										8
03779	Sports Events	They played into overtime	Sie haben eine Verlängerung gespielt.	Han jugado la prórroga	Ils ont joué les prolongations	Hanno giocato i supplementari	Eles foram para a prorrogação	Han jugat la pròrroga	Ili ludis kromtempon	Illes ha jocate usque al tempore supplementari										8
03780	Sports Events	We are in a very difficult pool	Wir sind in einer sehr schwierigen Gruppe	Jugamos en un grupo muy difícil	Nous sommes dans une poule très difficile	Siamo in un gruppo difficile	Nós estamos em um grupo muito difícil	Estem en un grup molt difícil	Ni estas en tre malfacila grupo	Nos es in un gruppo multo difficile										8
03781	Sports Events	We're playing against Brazil; this will be hard!	Wir spielen gegen Brasilien; das wird schwer!	Nos toca jugar contra Brasil, ¡va a ser difícil!	Nous sommes tombés sur le Brésil, ça va être dur !	Giochiamo contro il Brasile, sarà difficile!	Nós vamos pegar o Brasil. Vai ser duro!	Juguem contra el Brasil; serà difícil!	Ni ludas kontraŭ Brazilo; estos malfacile!	Nos joca contra Brasil; isto essera difficile!										8
03782	Sports Events	The stadiums here are enormous!	Die Stadien hier sind riesig!	¡Los estadios de aquí son enormes!	Les stades ici sont énormes !	Gli stadi qui sono enormi!	Os estádios daqui são enormes!	Els estadis d'aquí són enormes!	La stadionoj ĉi tie estas grandegaj!	Le stadios de hic es enorme!										8
03783	Sports Events	They are going to take penalties	Sie werden zum Elfmeterschießen antreten	Van a tirar los penaltis	Ils vont tirer les penalties	Vanno a tirare i rigori	Eles vão para a cobrança de pênalti 	Llançaran els penals	Ili faros penalŝotojn	Illes va executar tiros de penalitate										8
03784	Sports Events	Our team is very strong this year	Unsere Mannschaft ist dieses Jahr sehr stark	Nuestro equipo este año está muy fuerte	Notre équipe est très forte cette année	La nostra squadra quest'anno è molto forte	Nosso time está muito forte este ano	El nostre equip és molt fort aquest any	Nia teamo estas tre forta ĉi-jare	Nostre equipa es multo forte iste anno										8
03785	Sports Events	Do you want to grab a beer after the game?	Hättest du Lust, nach dem Spiel ein Bier trinken zu gehen?	¿Te apetece tomar una cerveza después del partido?	Ça te dirait de boire une bière après le match ?	Ti andrebbe di bere una birra dopo la partita?	O que você acha de beber uma cerveja depois do jogo?	Vols anar a fer una cervesa després del partit?	Ĉu vi volas iri trinki bieron post la matĉo?	Vole tu prender un bira post le partita?										8
03786	Sports Events	I paid a fortune for my ticket!	Ich habe ein Vermögen für mein Ticket bezahlt!	¡He pagado una fortuna por mi entrada!	J'ai payé mon billet une fortune !	Ho pagato il mio biglietto una fortuna!	Eu paguei uma fortuna pelo meu bilhete!	He pagat una fortuna per la meva entrada!	Mi pagis riĉaĵon por mia bileto!	Io ha pagate un fortuna pro mi billet!										8
03787	Sports Events	Our team plays in Paris tonight	Unsere Mannschaft spielt heute Abend in Paris	Nuestro equipo juega en París esta noche	Notre équipe joue à Paris ce soir	La nostra squadra gioca a Parigi stasera	Nossa equipe joga em Paris esta noite	El nostre equip juga a París aquesta nit	Nia teamo ludas en Parizo ĉi-nokte	Nostre equipa joca in Paris iste nocte										8
03788	Sports Events	I'm going to take advantage of the Euros to visit France.	Ich werde die EM nutzen, um Frankreich zu besuchen	Voy a aprovechar los Euros para visitar Francia.	Je vais profiter de l'Euro pour visiter la France	Approfitterò dell'Europeo per visitare la Francia	Eu vou aproveitar o Campeonato Europeu de Futebol para visitar a França	Aprofitaré l'Eurocopa per visitar França.	Mi profitos la Eŭropan Ĉampionadon por viziti Francion.	Io va profitar del Euros pro visitar Francia.										8
03789	Sports Events	This is the last Euro that's going to be held in a single country	Das ist die letzte EM, die in einem einzigen Land stattfindet	Esta es la última Eurocopa que tendrá lugar en un solo país	C'est le dernier Euro qui va se dérouler dans un seul pays	Èl'ultimo Europeo che si svolge in un solo paese	Esta é a última Eurocopa que ocorrerá em apenas um país	Aquesta és l'última Eurocopa que se celebrarà en un sol país.	Jen la lasta Eŭropa Ĉampionado kiu okazos en unu sola lando.	Isto es le ultime Eurocopa que habera loco in un sol pais.										8
03790	Sports Events	The Bleus will be under pressure for the opening match	Les Bleus werden beim Eröffnungsspiel unter Druck stehen	Los Bleues estarán bajo presión por el partido de apertura	Les Bleus auront la pression pour le match d'ouverture	I Bleus sentiranno la pressione della partita di apertura	Os Bleus vão sentir a pressão do jogo de abertura	Els Bleus estaran sota pressió per al partit inaugural.	La «Bleus» havos premon por la malferma matĉo.	Le Bleus essera sub pression pro le partita de apertura.										8
03791	Sports Events	The German team will be the favorite once again	Die deutsche Mannschaft wird noch einmal der Favorit sein	El equipo alemán será el favorito una vez más	L'équipe allemande sera une fois de plus favorite	La squadra tedesca sarà di nuovo la favorita	A equipe alemã será, mais uma vez, a favorita	L'equip alemany serà el favorit un cop més.	La germana teamo estos la favorato denove.	Le equipa german essera le favorito un vice de plus.										8
03792	Sports Events	The level of the Euros is tougher than that of a world cup	Das Niveau der EM ist höher als das einer Weltmeisterschaft	El nivel de los Euros es más alto que el de una copa del mundo	Le niveau de l'Euro est plus élevé que celui d'une coupe du monde	Il livello dell'Europeo è più elevato di quello di una coppa del mondo	O nível da Eurocopa é mais elevado do que o de uma Copa do Mundo.	El nivell de l'Eurocopa és més dur que el d'una copa del món.	La nivelo de la Eŭropa Ĉampionado estas pli malfacila ol tiu de Monda Pokalo.	Le nivello del Euros es plus dur que illo de un cupa mundial.										8
03793	Sports Events	Are you going to show the game tonight? 	Werden Sie heute Abend das Spiel zeigen?	¿Van a transmitir el partido esta noche?	Est-ce que vous diffusez le match ce soir ?	Farete vedere la partita stasera?	Você vai transmitir o jogo esta noite?	Transmetreu el partit aquesta nit?	Ĉu vi elsendos la matĉon ĉi-vespere?	Va vos transmitter le partita iste nocte?										8
03794	Sports Events	The match will be broadcast on a giant screen in the city	Das Spiel wird auf einem gigantischen Bildschirm in der Stadt ausgestrahlt werden.	El partido será transmitido en una pantalla gigante en la ciudad	Le match sera transmis en ville sur un écran géant	La partita sarà trasmessa in città su uno schermo gigante	A partida será transmitida na cidade através de uma tela gigante	El partit es retransmetrà en una pantalla gegant a la ciutat.	La matĉo estos elsendita sur giganta ekrano en la urbo.	Le partita essera transmittite sur un schermo gigante in le citate.										8
03795	Sports Events	I bet 10 euros on Italy (past)	Ich habe 10 Euro auf Italien gesetzt	Aposté 10 euros en Italia	J'ai misé 10 euros sur l'Italie	Ho scommesso 10 euro sull'Italia	Eu apostei 10 euros na Itália!	Vaig apostar 10 euros per Itàlia.	Mi vetis 10 eŭrojn por Italio.	Io ha spondite 10 euros sur Italia.										8
03796	Sports Events	I root for the Bleus	Ich bin für «les Bleus»	Yo apoyo a los Bleues	Je suis pour les Bleus	Io tifo per i Bleus	Eu torço para a seleção francesa (les Bleus)	Sóc dels Bleus.	Mi subtenas la «Bleus».	Io appoia le Bleus.										8
03797	Classroom Phrases	On what page?	Auf welcher Seite?	¿En qué página?	À quelle page ?	A che pagina?	Em qual página?	A quina pàgina?	Sur kiu paĝo?	In qual pagina?										8
03798	Classroom Phrases	I forgot my ...	Ich habe mein / meine... vergessen	He olvidado mi...	J'ai oublié ma / mon ...	Ho dimenticato il mio / la mia...	(Eu) esqueci meu / minha...	He oblidat el meu / la meva...	Mi forgesis mian...	Io ha oblidate mi ...										8
03799	Classroom Phrases	Is there any homework ?	Gibt es Hausaufgaben?	¿Hay deberes?, ¿Hay tareas?	Est-ce qu'il y a des devoirs ?	Ci sono compiti (per casa)?	Há deveres?	Hi ha deures?	Ĉu estas hejmtaskoj?	Ha il alcun deberes?										8
03800	Classroom Phrases	Can you pass me... ?	Kannst du mir... geben?	¿Me puedes pasar... ?	Peux-tu me passer... ?	Puoi passarmi... ?	Pode me passar... ?	Em pots passar...?	Ĉu vi povas pasigi al mi...?	Pote tu passar me ...?										8
03801	Classroom Phrases	Come up to the board	Komm (Kommen Sie) an die Tafel	Sal a la pizarra, Acércate a la pizarra	Viens au tableau  	Vieni alla lavagna	Venha à lousa	Surt a la pissarra.	Venu al la tabulo.	Veni al tabula										8
03802	Classroom Phrases	You are late	Du bist zu spät	Llegas con retraso	Tu es en retard	Sei in ritardo	(Você) está atrasado(a)	Fas tard.	Vi malfruas.	Tu es in retardo										8
03803	Classroom Phrases	What time do you start classes?	Um wie viel Uhr beginnst du den Unterricht?	¿A qué hora empiezas las clases?	À quelle heure tu commences les cours ?	A che ora inizi i corsi?	A que horas começa a aula?	A quina hora comences les classes?	Je kioma horo vi komencas la lecionojn?	A qual hora comencia tu classes?										8
03804	Classroom Phrases	In what room do we have class?	In welchem Raum haben wir Unterricht?	¿En qué aula tenemos clase?	Dans quelle salle a-t-on cours ?	In che aula abbiamo il corso?	Em que sala temos aula?	A quina aula tenim classe?	En kiu klasĉambro ni havas lecionon?	In qual aula ha nos classe?										8
03805	Classroom Phrases	I have class from 8 o'clock until noon	Ich habe Unterricht von 8 bis 12 Uhr	Tengo clase desde las ocho hasta el mediodía	J'ai cours de huit heures à midi	Ho corsi dalle 8 a mezzogiorno	(Eu) tenho curso de oito horas a meio-dia	Tinc classe de 8 a 12.	Mi havas lecionojn de la 8-a ĝis tagmezo.	Io ha classe desde le octo horas usque al mediedie										8
03806	Classroom Phrases	I am coming back from college tonight	Ich komme heute Abend von der Universität zurück.	Vuelvo de la universidad esta noche	Je reviens de l'université ce soir	Rientro dall'università stasera	(Eu) volto da universidade esta noite	Aquesta nit torno de la universitat.	Mi revenas de la universitato ĉi-vespere.	Io retorna ab le universitate iste nocte										8
03807	Classroom Phrases	I missed class because I was sick	Ich habe im Unterricht gefehlt, weil ich krank war	No he ido a clase porque estaba enfermo(a)	J'ai manqué le cours parce que j'étais malade	Ho saltato la lezione perché ero malato	(Eu) faltei aula, porque estava doente	Vaig faltar a classe perquè estava malalt.	Mi forestis de la leciono ĉar mi estis malsana.	Io perdeva le classe perque io esseva malade										8
03808	Classroom Phrases	Is this the class for English?	Ist das der Raum für den Englischunterricht?	¿Esta es la clase de Inglés?	Est-ce que c'est le cours d'anglais ?	Questa è l'aula di inglese?	Esta é a sala de inglês?	Aquesta és la classe d'anglès?	Ĉu ĉi tio estas la angla klaso?	Es isto le classe de anglese?										8
03809	Classroom Phrases	Open your book to page...	Öffnet euer Buch auf der Seite...	Abrid el libro en la página... (ES), Abran el libro a la página... (AL)	Ouvrez votre livre à la page...	Aprite il vostro libro a pagina...	Abram seus livros na página...	Obriu el llibre per la pàgina...	Malfermu vian libron al paĝo...	Aperi vostre libro al pagina...										8
03810	Classroom Phrases	That's correct, that's right	Das ist korrekt, das ist richtig	Es correcto	C'est correct, c'est juste	È corretto, è giusto	Isso é correto, isso é justo	És correcte.	Tio estas ĝusta.	Isto es correcte.										8
03811	Classroom Phrases	I didn't do my homework	Ich habe meine Hausaufgaben nicht gemacht	No he hecho los deberes	Je n'ai pas fait mes devoirs	Non ho fatto i compiti	(Eu) não fiz meus deveres	No he fet els deures.	Mi ne faris mian hejmtaskon.	Io non ha facite mi deberes.										8
03812	Classroom Phrases	Can you check my exercise please?	Können Sie bitte meine Aufgabe überprüfen?	¿Puede corregir mi ejercicio, por favor?	Pouvez-vous vérifier mon exercice, s'il vous plaît ?	Può correggere il mio esercizio per favore?	Pode verificar meu exercício, por favor?	Pots corregir el meu exercici, si us plau?	Ĉu vi povas kontroli mian ekzercon, bonvolu?	Pote vos corriger mi exercitio, per favor?										8
03813	Classroom Phrases	I have a busy schedule !	Ich habe einen vollen Stundenplan!	¡Tengo el horario hasta arriba!	J'ai un emploi du temps chargé!	Ho un orario pieno!	(Eu) tenho uma agenda lotada!	Tinc un horari molt atapeït!	Mi havas plenplenan horaron!	Io ha un horario multo cargate!										8
03814	Classroom Phrases	I suck at maths (UK) / math (US)	Ich bin schlecht in Mathe	Soy un inútil para las mates (ES), matemáticas (AL)	Je suis nul en maths	Faccio pena in matematica	(Eu) sou ruim em matemática	Sóc un negat en matemàtiques.	Mi estas aĉa pri matematiko.	Io es multo mal in mathematica.										8
03815	Classroom Phrases	to raise a hand	die Hand heben	levantar la mano	lever la main	alzare la mano	levantar a mão	aixecar la mà	levi la manon	levar le mano										8
03816	Classroom Phrases	Write down ...	Schreibt...	Anota..., escribe...	Écrivez ...	Scrivete...	Escrevam...	Escriviu...	Skribu...	Nota...										8
03817	Classroom Phrases	Listen up!	Hört zu!	¡Escuchad! (ES), ¡Escuchen! (AL)	Écoutez !	Ascoltate!	Escutem!	Escolteu!	Aŭskultu!	Ascoltate!										8
03818	Classroom Phrases	I've almost finished	Ich bin fast fertig	Casi he acabado	J'ai presque fini	Ho quasi finito	(Eu) quase terminei	Gairebé he acabat.	Mi preskaŭ finis.	Io ha quasi finite.										8
03819	Classroom Phrases	Wait a minute please	Warten Sie bitte einen Augenblick	Espere un momento, por favor	Attendez un moment, s'il vous plaît	Aspetti un attimo per favore	Espere um pouco, por favor	Esperi un moment, si us plau.	Atendu momenton, bonvolu.	Attende un momento, per favor										8
03820	Classroom Phrases	Is it correct to say ... ?	Ist es richtig, wenn man sagt...?	¿Es correcto decir...?	Est-ce que c'est correct de dire ... ?	È corretto dire...?	É correto dizer...?	És correcte dir...?	Ĉu estas ĝuste diri...?	Es correcte dicer ... ?										8
03821	Classroom Phrases	I think there is a mistake	Ich glaube, da ist ein Fehler	Creo que hay un error	Je pense qu'il y a une erreur	Penso ci sia un errore	(Eu) penso que há um erro	Crec que hi ha un error.	Mi pensas, ke estas eraro.	Io crede que il ha un error										8
03822	Classroom Phrases	What do we have to do?	Was sollen wir machen?	¿Qué debemos hacer?	Que doit-on faire ?	Cosa dobbiamo fare?	O que devemos fazer?	Què hem de fer?	Kion ni devas fari?	Que debe nos facer?										8
03823	Classroom Phrases	to take attendance	die Anwesenheit prüfen	pasar lista	faire l'appel	fare l'appello	fazer a chamada	passar llista	fari la nomalvokon	facer le appello										8
03824	Classroom Phrases	Try again	Versuch es noch einmal	Inténtalo de nuevo	Essaie encore	Provaci di nuovo	Tente novamente	Torna-ho a provar.	Provu denove.	Essaya de novo										8
03825	Classroom Phrases	Louder!	Lauter!	¡Más alto!	Plus fort !	Più alta (la voce)!	Mais alto!	Més alt!	Pli laŭte!	Plus forte!										8
03826	Classroom Phrases	Quieter!	Leiser!	¡Más bajo! (la voz)	Moins fort!	Più piano (la voce)!	Mais baixo!	Més baix!	Pli mallaŭte!	Plus basso!										8
03827	Classroom Phrases	Shut the door	Schließ die Tür	Cierra la puerta	Ferme la porte	Chiudi la porta	Feche a porta	Tanca la porta.	Fermu la pordon.	Claude le porta										8
03828	Classroom Phrases	Think carefully 	Denken Sie gut nach	Reflexionad bien (ES), Piénsalo bien	Réfléchissez bien	Pensateci attentamente	Pensem bem	Penseu-ho bé.	Pripensu zorge.	Pensa attentemente										8
03829	University Life	university, college	die Universität 	la universidad	l'université	l'università	a universidade	la universitat (les universitats)	universitato	universitate										8
03830	University Life	the university dining hall, refectory	die (Universitäts)Mensa 	el comedor de la universidad	le restaurant universitaire	la mensa universitaria	o restaurante universitário	el menjador universitari (els menjadors universitaris)	universitata manĝejo	refectorio universitari										8
03831	University Life	college campus, university campus	der (Uni)campus 	la ciudad universitaria, el campus universitario	le campus universitaire	la città universitaria, il campus	a cidade universitária	el campus universitari (els campus universitaris)	universitata kampuso	campus universitari, citate universitari										8
03832	University Life	to graduate	sein Diplom erhalten	graduarse	recevoir son diplôme	laurearsi, diplomarsi	graduar(-se)	graduar-se	diplomiĝi	graduar se										8
03833	University Life	dining hall, cafeteria	die Cafeteria 	comedor, cafetería	réfectoire, self-service	la mensa, il refettorio	o refeitório, a cafeteria	el menjador (els menjadors), la cafeteria (les cafeteries)	manĝejo, kafeterio	refectorio, cafeteria										8
03834	University Life	residence hall, dormitories, dorms	das Studentenwohnheim 	la residencia universitaria, dormitorios	cité universitaire, dortoirs	i dormitori, le residenze per studenti	a residência universitária, os dormitórios	la residència d'estudiants (les residències d'estudiants), els dormitoris	studenta restadejo, dormejoj	residentia universitari, dormitorios										8
03835	University Life	term (university - 3 months or 6 months)	das Trimester 	el trimestre, el semestre	le trimestre, le semestre	il trimestre, il semestre	o trimestre, o semestre	el trimestre (els trimestres), el semestre (els semestres)	trimestro, semestro	trimestre, semestre										8
03836	University Life	subject	das (Schul)Fach 	la materia, la asignatura	la matière, le sujet	la materia (scuola)	a matéria (escola)	la matèria (les matèries), l'assignatura (les assignatures)	fako	materia, disciplina										8
03837	University Life	(hour-long) class	die Unterrichtsstunde 	la clase de una hora	le cours (d'une heure)	la lezione (un'ora)	o curso de uma hora	la classe (d'una hora) (les classes)	leciono (unuhora)	classe de un hora										8
03838	University Life	two-hour class	die Doppelstunde 	la clase de dos horas	le cours de deux heures	la lezione di due ore	o curso de duas horas	la classe de dues hores (les classes)	duhora leciono	classe de duo horas										8
03839	University Life	roll call	das Register , die Namensliste 	el pasaje de lista	l'appel  (de présence)	l'appello	a lista de chamada	la llista de classe (les llistes de classe)	nomlisto	appello, passage de lista										8
03840	University Life	passing grade	die ausreichende Leistung (Note)	el aprobado (nota)	la moyenne	la sufficienza (voto)	a média, nota de aprovação	l'aprovat (nota) (els aprovats)	aprobita noto	nota approbatori										8
03841	University Life	short breaks (US), (short) holidays (UK) 	die kurzen Ferien	las vacaciones cortas	les petites vacances 	le vacanze (brevi)	as férias curtas	les vacances curtes	mallongaj ferioj	vacantias curte										8
03842	University Life	summer, Christmas, Easter holidays (UK) / break (US)	die Sommerferien, die Weihnachtsferien, die Osterferien	las vacaciones de verano, Navidad, Semana Santa	les vacances d'été, de Noël, de Pâques 	le vacanze estive, di Natale, di Pasqua	as férias de verão, de Natal, de Páscoa	les vacances d'estiu, Nadal, Pasqua	someraj, kristnaskaj, paskaj ferioj	le vacantias de estate, de Natal e de Pascha										8
03843	University Life	break-out groups, labs	der praktische Unterricht 	las prácticas del curso	les travaux dirigés 	i gruppi, i laboratori specialistici	os trabalhos dirigidos	els grups de pràctiques, els laboratoris	praktikaj grupoj, laboratorioj	le sessiones practic del curso										8
03844	University Life	college of science	die Wissenschaftliche Fakultät	la facultad de ciencias	la faculté de sciences	la facoltà di scienze	a faculdade de ciências	la facultat de ciències (les facultats de ciències)	scienca fakultato	le facultate de scientias										8
03845	University Life	law school	die Juristische Fakultät	la facultad de derecho	la faculté de droit	la facoltà di giurisprudenza	a faculdade de direito	la facultat de dret (les facultats de dret)	jura fakultato	le facultate de derecto										8
03846	University Life	business school	die Handelsakademie , die Handelsschule 	la escuela de comercio	l'école de commerce 	la scuola di business	a escola de comércio	l'escola de negocis (les escoles de negocis)	komerca lernejo	le schola de commercio										8
03847	University Life	student ID card	der Studentenausweis 	el carné de estudiante	la carte d'étudiant	la tessera studentesca	a carteira de estudante	el carnet d'estudiant (els carnets d'estudiant)	studenta identigkarto	le carta de identitate de studente										8
03848	University Life	to enroll, to register (university)	sich an der Universität einschreiben / immatrikulieren	matricularse en la universidad	s'inscrire à l'université	immatricolarsi, iscriversi all'università	matricular-se na universidade	matricular-se (universitat)	enskribiĝi (universitato)	matricular se in le universitate										8
03849	University Life	I have to pay my tuition, my fees	Ich muss meine Immatrikulationsgebühren bezahlen	Debo pagar mi tarifa de inscripción	Je dois payer mes frais d'inscription	Devo pagare le mie tasse di iscrizione	(Eu) devo pagar minha taxa de matrícula	He de pagar la matrícula.	Mi devas pagi miajn studkotizojn.	Io debe pagar mi taxa de inscription										8
03850	University Life	to attend class, to go to class	am Unterricht teilnehmen, in den Unterricht gehen	ir a clase	aller en cours	frequentare un corso	ir à aula, ir ao curso	anar a classe, assistir a classe	ĉeesti lecionon	assister al classe										8
03851	University Life	to fail an exam (a test)	eine Prüfung nicht bestehen	suspender un examen (ES), no pasar un examen (AL)	rater un examen	non passare un esame, essere bocciato	reprovar em um exame	suspendre un examen	malsukcesi ekzamenon	non passar un examine										8
03852	University Life	to succeed at doing something (on a test)	etwas erfolgreich machen (in einer Prüfung)	hacer algo bien (en un examen)	réussir à faire quelque chose (à un examen)	riuscire a fare qualcosa (in un esame)	obter êxito em alguma coisa (em um exame)	fer alguna cosa bé (en un examen)	sukcesi fari ion (en ekzameno)	succeder in facer qualcosa in un examine										8
03853	University Life	admission requirements	die Aufnahmebedingungen	las condiciones de admisión	les conditions d'inscription	i requisiti di ammissione	as condições de admissão	els requisits d'admissió	akceptokondiĉoj	le conditiones de admission										8
03854	University Life	sorority / fraternity, student association 	die studentische Vereinigung 	asociación de estudiantes	association d'étudiantes / d'étudiants	l'associazione studentesca	associação de estudantes	l'associació d'estudiants (les associacions d'estudiants)	studenta asocio	association de studentes										8
03855	University Life	electives	die Wahlfächer (Pl) 	las clases opcionales 	les cours facultatifs 	i corsi facoltativi (m)	as aulas facultativas	les assignatures optatives	elekteblaj kursoj	le classes optional										8
03856	University Life	history student	der Geschichtsstudent 	el(la) estudiante de Historia	l'étudiant(e) en histoire	lo studente, la studentessa di storia	o(a) estudante de história	l'estudiant (els estudiants), l'estudianta (les estudiantes) d'història	historia studento	le studente de historia										8
03857	University Life	to receive a passing grade	eine durchschnittliche Note erhalten	tener un suficiente	avoir la moyenne	prendere la sufficienza	obter a média	obtenir un aprovat	ricevi aprobitan noton	reciper un nota sufficiente										8
03858	University Life	state school	die öffentliche Schule, die staatliche Schule	la escuela pública	l'école publique 	la scuola pubblica	a escola pública	l'escola pública (les escoles públiques)	publika lernejo	schola public										8
03859	University Life	private school	die Privatschule 	la escuela privada	l'école privée 	la scuola privata	a escola privada	l'escola privada (les escoles privades)	privata lernejo	schola private										8
03860	University Life	boarding school	das Internat 	el internado	l'internat 	il collegio, il convitto	o internato	l'internat (els internats)	internulejo	internato										8
03861	University Life	boarder	der Internatsschüler 	el interno	l'interne	il pensionante del collegio	o(a) pensionista	l'intern (els interns), la interna (les internes)	internulo	interno										8
03862	University Life	break	die Pause 	el recreo, el descanso	la récréation, la pause	la ricreazione, la pausa	o recreio, a pausa	l'esbarjo (els esbarjos), el descans (els descansos)	paŭzo	pausa; recreation										8
03863	University Life	uniform	die Uniform 	el uniforme	l'uniforme 	l'uniforme 	o uniforme	l'uniforme (els uniformes)	uniformo	uniforme										8
03864	University Life	internship	das Praktikum 	las prácticas (ES), la pasantía (AL)	le stage	il tirocinio, lo stage	o estágio	les pràctiques	staĝo	periodo de practica										8
03865	University Life	exchange student	der Erasmus-Student , der Austauschstudent 	el estudiante Erasmus, el estudiante de intercambio	l'étudiant ERASMUS, l'étudiant étranger	lo studente Erasmus, lo studente straniero	o estudante Erasmus, o estudante estrangeiro	l'estudiant d'intercanvi (els estudiants), l'estudianta (les estudiantes)	interŝanĝa studento	studente de intercambio										8
03866	University Life	intensive course	der Intensivkurs 	el curso intensivo	le cours intensif	il corso intensivo	o curso intensivo	el curs intensiu (els cursos intensius)	intensa kurso	curso intensive										8
03867	University Life	summer school (university)	die Sommerschule 	el curso de verano	l'université d'été 	il corso estivo	o curso de verão	el curs d'estiu (universitat) (els cursos d'estiu)	somera kurso (universitato)	curso de estate										8
03868	University Life	to ace an exam	eine Spitzennote in einer Prüfung erhalten	sacar una buena nota en un examen	obtenir une très bonne note à un examen	prendere un bel voto	obter uma boa nota em um exame	treure una nota excel·lent en un examen	brili en ekzameno	obtener un excellente nota in un examine										8
03869	University Life	to pull an all-nighter	die ganze Nacht lernen	repasar toda la noche	réviser toute la nuit	ripassare tutta la notte	revisar durante a noite toda	passar la nit estudiant	studi la tutan nokton	repassar tote le nocte										8
03870	University Life	assignment	die Aufgabe , die Hausarbeit 	el encargo, la tarea	le devoir, la tâche	l'incarico, il compito	os deveres, a tarefa	la tasca (les tasques), l'encàrrec (els encàrrecs)	tasko	travalio										8
03871	University Life	to cheat on an exam	in einer Prüfung schummeln	hacer trampa en un examen	tricher à un examen	imbrogliare a un esame	colar em um exame	fer trampes en un examen	trompi en ekzameno	facer fraude in un examine										8
03872	Education Terms	pupil	der Schüler 	el alumno	l'élève	l'alunno	o aluno	l'alumne (els alumnes), l'alumna (les alumnes)	lernanto	alumno										8
03873	Education Terms	pen	der Kugelschreiber , der Kuli 	el bolígrafo	le stylo	la penna	a caneta	el bolígraf (els bolígrafs)	plumo	penna										8
03874	Education Terms	homework	die Hausaufgaben	los deberes (ES), las tareas (AL)	les devoirs 	i compiti	os deveres, a tarefa de casa	els deures	hejmtasko	deberes										8
03875	Education Terms	exam, test	die Prüfung , die Klausur , die Klassenarbeit 	el examen	l'examen 	l'esame	o exame, o teste	l'examen (els exàmens), la prova (les proves)	ekzameno, testo	examine										8
03876	Education Terms	blackboard, chalkboard	die Tafel 	la pizarra	le tableau (de classe)	la lavagna	a lousa	la pissarra (les pissarres)	nigra tabulo	tabula nigre										8
03877	Education Terms	degree, certificate, diploma	das Zeugnis , das Diplom 	el diploma	le diplôme	la laurea, il diploma, il certificato	o diploma, o certificado	el títol (els títols), el diploma (els diplomes), el certificat (els certificats)	diplomo, atestilo	diploma										8
03878	Education Terms	(school) bag	die (Schul)Tasche , der (Schul)Ranzen 	la mochila (del colegio)	le sac (de classe) 	lo zaino (di scuola)	a bolsa (de aula)	la motxilla (escolar) (les motxilles)	lerneja sako	sacco de schola										8
03879	Education Terms	sheet of paper	das Blatt 	el folio, la hoja	la feuille de papier	il foglio di carta	a folha de papel	el full de paper (els fulls de paper)	paperfolio	folio de papiro										8
03880	Education Terms	book page	die Buchseite 	la página del libro	la page (de livre)	la pagina del libro	a página do livro	la pàgina de llibre (les pàgines de llibre)	libro-paĝo	pagina del libro										8
03881	Education Terms	textbook	das Lehrbuch 	el libro de texto	le manuel de classe	il libro di testo	o livro didático	el llibre de text (els llibres de text)	lernolibro	libro de texto										8
03882	Education Terms	binder	der Ordner 	el archivador	le classeur	il classificatore ad anelli	o fichário	l'arxivador (els arxivadors)	dosierujo	classificator										8
03883	Education Terms	pencil case	das (Feder)mäppchen 	el estuche	la trousse	l'astuccio	o estojo	l'estoig (els estoigs)	plumujo	cassa de stilos										8
03884	Education Terms	chalk	die Kreide 	la tiza	la craie	il gesso	o giz	el guix (els guixos)	kreto	creta										8
03885	Education Terms	good (bad) grade	die gute (schlechte) Note 	la buena (mala) nota	la bonne (mauvaise) note	il bel (brutto) voto	a boa (má) nota	la bona (mala) nota (les bones/males notes)	bona (malbona) noto	bon (mal) nota										8
03886	Education Terms	classroom	das Klassenzimmer , der Klassenraum 	la clase, el aula	la salle de classe	la classe, l'aula	a sala de aula	l'aula (les aules), la classe (les classes)	klasĉambro	aula										8
03887	Education Terms	to take a test/exam	eine Prüfung machen / ablegen	hacer un examen	passer un examen	fare / sostenere un esame	fazer um teste/exame	fer un examen	fari ekzamenon	facer un examine										8
03888	Education Terms	campus	der Campus 	el campus	le campus	il campus	o campus	el campus (els campus)	kampuso	campus										8
03889	Education Terms	language class	der Sprachunterricht , der Sprachkurs 	la clase de lengua	le cours de langue	il corso di lingua	o curso de língua	la classe d'idiomes (les classes d'idiomes)	lingva klaso	classe de lingua										8
03890	Education Terms	to pass an exam	eine Prüfung bestehen	aprobar un examen	réussir un examen	passare un esame	passar em um exame	aprovar un examen	trapasi ekzamenon	passar un examine										8
03891	Education Terms	to skip classes	Unterricht schwänzen	faltar a clase	sécher les cours	marinare, bigiare le lezioni	faltar as aulas	faltar a classe	foresti de klaso	absentar se del classes										8
03892	Education Terms	to repeat (a year)	sitzen bleiben, wiederholen	repetir (curso)	redoubler	ripetere (l'anno)	repetir (de ano)	repetir (curs)	ripeti (jaron)	repeter un anno										8
03893	Education Terms	to take an oral exam	eine mündliche Prüfung ablegen	hacer un examen oral	passer un oral	fare un orale	fazer um exame oral	fer un examen oral	fari parolan ekzamenon	facer un examine oral										8
03894	Education Terms	to take a written exam	eine schriftliche Prüfung ablegen	hacer un examen escrito	passer un écrit	fare un esame scritto	fazer um exame escrito	fer un examen escrit	fari skriban ekzamenon	facer un examine scripte										8
03895	Education Terms	group work	die Gruppenarbeit 	el trabajo de grupo	le travail de groupe	il lavoro di gruppo	o trabalho em grupo	el treball en grup (els treballs en grup)	grupa laboro	labor de gruppo										8
03896	Education Terms	trash can, garbage can, waste basket	der Papierkorb , der Mülleimer 	la papelera, la basura	la corbeille, la poubelle	il bidone della spazzatura	a lixeira	la paperera (les papereres), les escombraries	rubujo	corbe a papiro										8
03897	Education Terms	to do one's homework	seine Hausaufgaben machen	hacer los deberes, hacer las tareas	faire ses devoirs	fare i compiti (a casa)	fazer os deveres	fer els deures	fari la hejmtaskojn	facer le deberes										8
03898	Education Terms	calculator	der Taschenrechner 	la calculadora	la calculatrice	la calcolatrice	a calculadora	la calculadora (les calculadores)	kalkulilo	calculator										8
03899	Education Terms	schoolbag	die Schultasche , der Schulranzen 	la cartera (ES), el morral (AL)	le cartable	lo zainetto, la cartella	a mochila escolar	la cartera (les carteres), la motxilla (les motxilles)	lerneja sako	sacco de schola										8
03900	Education Terms	draft (early version of writing)	der Entwurf 	el borrador	le brouillon	la brutta copia	o projeto	l'esborrany (els esborranys)	malneto	minuta										8
03901	Common Colloquialisms	to screw up	vermasseln	estropear	merder, foirer	rovinare tutto, mandare a rotoli	ferrar, estragar 	espatllar-ho, cagar-la	fuŝi	facer un fiasco										8
03902	Common Colloquialisms	50 bucks	50 Kröten (informell)	50 dólares (slang)	50 dollars (argot)	50 dollari (slang)	50 dólares (gíria)	els 50 dòlars	50 dolaroj	50 dollares	Das T-Shirt kostet 50 Kröten	Esta camiseta cuesta 50 dolares	Ce t-shirt coûte 50 dollars	Questa t-shirt costa 50 dollari	Esta camiseta custa 50 dólares	This t-shirt costs 50 bucks	Aquesta samarreta costa 50 dòlars	Ĉi tiu ĉemizo kostas 50 dolarojn	Iste camisetta costa 50 dollares.	8
03903	Environment & Ecology	biological	biologisch	biológico	biologique	biologico	biológico	biològic(a)	biologia	biologic										8
03904	Economics & Finance	rise in prices	der Preisanstieg 	el aumento de los precios	la hausse des prix	l'aumento dei prezzi	a alta dos preços	l'augment de preus	prezaltiĝo	augmento del precios										8
03905	Economics & Finance	to be down (was down / were down, been down) / be up (was up / were up, been up)	fallen/steigen	a la baja/en alza	être à la baisse/à la hausse	essere al ribasso/al rialzo	estar em baixa/alta	a la baixa/a l'alça	esti en malkresko/kresko	esser in declino / esser in augmento										8
03906	Economics & Finance	fall/drop in prices	der Preisrückgang 	la caída/la bajada de precios	la chute/la baisse des prix	il calo/la caduta dei prezzi	a baixa/queda dos preços	la caiguda/baixada de preus	prezmalaltiĝo	le cadita de precios										8
03907	Economics & Finance	expensive, costly	kostspielig	caro, costoso	cher (chère) ; onéreux, onéreuse	costoso, caro	caro(a), custoso(a)	car, costós	multekosta	car, costose										8
03908	War & Conflict	homeland	die Heimat , das Heimatland 	la patria	la patrie	la patria	a pátria	la pàtria	patrujo	le patria										8
03909	Social Issues	homeless	der Obdachlose 	persona sin hogar, el/la indigente	Sans Domicile Fixe (SDF)	il senzatetto	o(a) sem-teto	sense sostre, indigent	senhejma persono	persona sin domo, indigente										8
03910	Social Issues	weekly pay	das Wochengehalt 	el salario semanal	le salaire hebdomadaire	il salario settimanale	o salário semanal	el salari setmanal (els salaris setmanals)	semajna salajro	le salario septimanal										8
03911	Social Issues	fingerprint	der Fingerabdruck 	la huella dactilar	l'empreinte digitale , l'empreinte de doigt	l'impronta 	a impressão digital	l'empremta dactilar (les empremtes dactilars)	fingrospuro	le impression digital	Der Dieb hinterließnicht einen einzigenFingerabdruck ander Tür	El ladrón no dejóuna sola huella dactilar en la puerta	Le voleur n'a laissé aucune empreinte digitale sur la porte	Il ladro non ha lasciato una sola impronta sulla porta	O ladrão não deixou nenhuma impressão digital na porta	The thief didn't leave a single fingerprint on the door	El lladre no va deixar ni una sola empremta dactilar a la porta	La ŝtelisto ne lasis eĉ unu fingrospuron sur la pordo	Le fur non lassava un sol impression digital sur le porta.	8
03912	Disasters & Emergencies	to sink [sank, sunk] 	sinken, untergehen	hundirse	couler, sombrer	affondare, naufragare	afundar, naufragar	enfonsar-se	sinki	submerger se	Die Titanicsank 1912	El Titanic se hundió en 1912.	Le Titanic a coulé en 1912	Il Titanic è affondato nel 1912	O Titanic afundou em 1912	The Titanic sank in 1912	El Titànic es va enfonsar el 1912.	La Titaniko sinkis en 1912.	Le Titanic se submergeva in 1912.	8
03913	News & Media	column (of a newspaper)	die Rubrik  (in einer Zeitung)	la columna (de un periódico)	la rubrique (d'un journal)	la rubrica	a coluna (de jornal etc.)	la columna (d'un diari) (les columnes)	kolumno (de gazeto)	le columna de un jornal										8
03914	Nouns	contribution	der Beitrag 	la contribución	la contribution	il contributo	a contribuição	la contribució (les contribucions)	kontribuo	le contribution										8
03915	Nouns	shock	der Schock 	el choque	le choc	lo shock, la scossa	o choque	el xoc (els xocs)	ŝoko	choc										8
03916	Nouns	territory	das Territorium 	el territorio	le territoire	il territorio	o território	el territori (els territoris)	teritorio	territorio										8
03917	Nouns	impression	der Eindruck 	la impresión	l'impression 	l'impressione 	a impressão	la impressió (les impressions)	impreso	impression										8
03918	Nouns	fighter	der Kämpfer 	el luchador	le combattant	il combattente	o(a) combatente	el lluitador (els lluitadors), la lluitadora (les lluitadores)	batalanto	luctator										8
03919	Nouns	sector	der Sektor , der Bereich 	el sector	le secteur	il settore	o setor	el sector (els sectors)	sektoro	sector										8
03920	Nouns	custody	die Haft , die Verwahrung 	la custodia	la garde, la détention	la custodia, l'arresto	a custódia	la custòdia	gardo	custodia										8
03921	Nouns	opening	die Öffnung	la apertura	l'ouverture 	l'apertura	a abertura	l'obertura (les obertures)	malfermaĵo	apertura	Mein Hund geht immer auf den Hof meines Nachbarn durch die kleine Öffnung in unserem Zaun.	Mi perro siempre entra en el jardín de mi vecino a través de la minúscula apertura de nuestra valla.	Mon chien va toujours dans la cour de mon voisin par la petite ouverture dans notre clotûre.	Il mio cane va sempre nel cortile del mio vicino attraverso la minuscola apertura nel nostro recinto.	Meu cachorro sempre vai ao quintal do meu vizinho através da pequena abertura em nossa cerca.	My dog always goes into my neighbor's yard through the tiny opening in our fence.	El meu gos sempre entra al pati del meu veí per la petita obertura de la nostra tanca.	Mia hundo ĉiam iras en la korton de mia najbaro tra la eta malfermaĵo en nia barilo.	Mi can sempre entra in le jardin de mi vicino per le minuscule apertura in nostre cerca.	8
03922	Nouns	grade	die Klasse , das Niveau 	la clasificación	le niveau, la catégorie, l'échelon	il voto, il livello	o nível, o tipo, o grau	la classificació (les classificacions), el nivell (els nivells)	klaso, nivelo	classification										8
03923	Nouns	combat	der Kampf 	el combate	le combat	la lotta, il combattimento	o combate	el combat (els combats)	batalo	combatto										8
03924	Nouns	section	die Abteilung , der Teil 	la sección	la section, la division	la sezione, il settore	a seção	la secció (les seccions)	sekcio	section										8
03925	Nouns	stress	der Stress 	el estrés	le stress	lo stress	o estresse	l'estrès	streso	stress										8
03926	Nouns	volunteer	der Freiwillige 	el(la) voluntario(a)	le volontaire	il volontario	o(a) voluntário(a)	el voluntari (els voluntaris), la voluntària (les voluntàries)	volontulo	voluntario										8
03927	Nouns	activist	der Aktivist 	el(la) activista	l'activiste 	l'attivista 	o(a) ativista	l'activista (els activistes)	aktivulo	activista										8
03928	Nouns	asset (finance)	der Vermögenswert	el activo (finanzas)	l'actif  (finance)	la risorsa, l'asset 	o recurso (financeiro)	l'actiu (finances) (els actius)	aktivo (financo)	activo										8
03929	Nouns	ambassador	der Botschafter 	el(la) embajador(a)	l'ambassadeur , l'ambassadrice 	l'ambasciatore (ambasciatrice)	o(a) embaixador(a)	l'ambaixador (els ambaixadors), l'ambaixadora (les ambaixadores)	ambasadoro	ambassador										8
03930	Nouns	interpreter	der Dolmetscher 	el(la) intérprete	l'interprète	l'interprete 	o(a) intérprete	l'intèrpret (els intèrprets)	interpretisto	interprete										8
03931	Nouns	protest	der Protest , die Demonstration 	la protesta	la protestation, la manifestation	la protesta	o protesto, a manifestação	la protesta (les protestes), la manifestació (les manifestacions)	protesto	protesta										8
03932	Nouns	yard	der Hof , der Garten 	el patio, el jardín	la cour, le jardin	il cortile, il giardino	o pátio, o jardim	el pati (els patis), el jardí (els jardins)	korto, ĝardeno	patio										8
03933	Nouns	planet	der Planet 	el planeta	la planète	il pianeta	o planeta	el planeta (els planetes)	planedo	planeta										8
03934	Nouns	headquarters	die Hauptgeschäftsstelle , der Sitz 	la oficina principal	le quartier général	il quartier generale	o quartel-general, a sede	la seu central (les seus centrals), les oficines centrals	ĉefsidejo	sede central	Auch wenn unsere Hauptgeschäftsstellein New York ist, haben wir überall auf der Welt Niederlassungen.	Aunque nuestra oficina principal está en Nueva York, tenemos establecimientos en todo el mundo.	Bien que notre quartier général soit à New York, nous avons des établissements partout dans le monde.	Nonostante il nostro quartier generale sia a New York, abbiamo stabilimenti in tutto il mondo.	Embora nossa sede seja em Nova York, nós temos estabelecimentos em todo o mundo.	Although our headquarters are in New York, we have establishments all over the world.	Encara que la nostra seu central és a Nova York, tenim establiments a tot el món.	Kvankam nia ĉefsidejo estas en Novjorko, ni havas establaĵojn tra la tuta mondo.	Ben que nostre sede central es in New York, nos ha establimentos in tote le mundo.	8
03935	Nouns	clinic	die Klinik 	la clínica	la clinique	la clinica	a clínica	la clínica (les clíniques)	kliniko	clinica										8
03936	Nouns	concept	das Konzept 	el concepto	le concept	il concetto	o conceito	el concepte (els conceptes)	koncepto	concepto	Ich mag das Konzept der Sendung -- es ist eine interessante Idee. 	Me gusta el concepto del espectáculo -- es una idea interesante. 	J'aime le concept de l'émission -- c'est une idée intéressante.	Mi piace il concetto del programma -- è un'idea interessante.	Eu gosto do conceito do show -- é uma ideia interessante.	I like the concept of the show -- it's an interesting idea.	M'agrada el concepte del programa, és una idea interessant.	Mi ŝatas la koncepton de la programo -- ĝi estas interesa ideo.	Me place le concepto del spectaculo -- illo es un idea interessante.	8
03937	Nouns	row	die Reihe 	la fila	la rangée	la fila	a fileira	la fila (les files)	vico	fila										8
03938	Nouns	fellow	der Freund , der Mitmensch 	el(la) colega	le compagnon, le camarade	l'individuo, il compagno, il membro	o(a) companheiro(a), o(a) camarada	el company (els companys), el col·lega (els col·legues)	kolego, kamarado	collega										8
03939	Nouns	outcome, result	das Resultat , das Ergebnis  	el resultado	le résultat	il risultato	o resultado, a consequência	el resultat (els resultats)	rezulto	resultato										8
03940	Nouns	approval	die Zustimmung 	la aprobación	l'approbation 	l'approvazione 	a aprovação	l'aprovació (les aprovacions)	aprobo	approbation										8
03941	Nouns	gene	das Gen 	el gen	le gène	il gene	o gene	el gen (els gens)	geno	gene										8
03942	Nouns	conviction, sentence	die Verurteilung 	la condena	la condamnation	la condanna	a condenação	la condemna (les condemnes)	kondamno	condemna										8
03943	Nouns	surface	die Oberfläche 	la superficie	la surface	la superficie	a superfície	la superfície (les superfícies)	surfaco	superficie										8
03944	Nouns	corporation	das Unternehmen 	la corporación, la empresa	la société (entreprise)	la società (impresa)	a sociedade, a corporação	la corporació (les corporacions), l'empresa (les empreses)	korporacio	corporation										8
03945	Nouns	mark	der Abdruck , der Fleck 	la marca	la marque, la trace	il segno	a marca, o traço	la marca (les marques), la taca (les taques)	marko	marca										8
03946	Nouns	invasion	die Invasion 	la invasión	l'invasion 	l'invasione 	a invasão	la invasió (les invasions)	invado	invasion										8
03947	Nouns	priest	der Priester 	el padre, el sacerdote (figura religiosa)	le prêtre	il prete	o padre	el sacerdot (els sacerdots), el capellà (els capellans)	pastro	sacerdote										8
03948	Nouns	republican	der Republikaner 	el(la) republicano(a)	le républicain	il repubblicano	o(a) republicano(a)	el republicà (els republicans), la republicana (les republicanes)	respublikano	republicano										8
03949	Nouns	gate	das Tor ; die Schranke 	la puerta, la reja	la porte, la barrière	il cancello	o portão, a barreira	la porta (les portes), la reixa (les reixes)	pordego	porta										8
03950	Nouns	recording	die Aufnahme 	la grabación	l'enregistrement  audio	la registrazione	o registro, a gravação	la gravació (les gravacions)	registraĵo	registration										8
03951	Nouns	reputation	der Ruf	la reputación	la réputation	la reputazione	a reputação	la reputació (les reputacions)	reputacio	reputation										8
03952	Nouns	talent	das Talent 	el talento	le talent	il talento	o talento	el talent (els talents)	talento	talento										8
03953	Nouns	desire	der Wunsch 	el deseo	le désir	il desiderio	o desejo, a vontade	el desig (els desitjos)	deziro	desiro										8
03954	Nouns	trail, track	die Spur , der Pfad 	la pista	la trainée, la trace	la scia, la pista	o rastro	la pista (les pistes), el rastre (els rastres)	spuro	pista										8
03955	Nouns	column	die Säule , die Spalte 	la columna	la colonne	la colonna	a coluna	la columna (les columnes)	kolono	columna										8
03956	Nouns	gap	die Lücke 	la brecha	l'écart , le trou	il divario	a brecha, a fenda	la bretxa (les bretxes), el buit (els buits)	breĉo	brecha										8
03957	Nouns	definition	die Definition 	la definición	la définition	la definizione	a definição	la definició (les definicions)	difino	definition										8
03958	Nouns	relative	der Verwandte 	el pariente	le parent (au sens large)	il parente	o(a) parente	el parent (els parents), la parenta (les parentes)	parenco	parente										8
03959	Nouns	capability	die Fähigkeit 	el potencial	la capacité, le potentiel	la capacità, la competenza	a capacidade, a aptidão	la capacitat (les capacitats), el potencial (els potencials)	kapablo	capacitate										8
03960	Nouns	conspiracy	das Komplott , die Verschwörung 	la conspiración	la conspiration, le complot	la cospirazione, il complotto	a conspiração	la conspiració (les conspiracions)	konspiro	conspiration										8
03961	Nouns	sale	der Verkauf 	la venta	la vente	la vendita	a venda	la venda (les vendes)	vendo	vendita	Der Verkauf von geklauten Waren ist in den meisten Ländern auf der Welt illegal.	La venta de bienes robados es ilegal en la mayoría de países del mundo. 	La vente de biens volés est illégale dans la plupart des pays à travers le monde.	La vendita di beni rubati è illegale nella maggior parte dei paesi del mondo.	A venda de bens roubados é ilegal na maioria dos países do mundo.	The sale of stolen good is illegal in most countries across the world.	La venda de béns robats és il·legal a la majoria de països del món.	La vendo de ŝtelitaj varoj estas kontraŭleĝa en la plej multaj landoj de la mondo.	Le vendita de benes robate es illegal in le majoritate del paises del mundo.	8
03962	Nouns	scenario	das Szenario 	el escenario	le scénario	lo scenario	o cenário	l'escenari (els escenaris)	scenaro	scenario										8
03963	Nouns	mortgage	die Hypothek 	la hipoteca	l'hypothèque 	il mutuo, l'ipoteca	a hipoteca	la hipoteca (les hipoteques)	hipoteko	hypotheca										8
03964	Nouns	courage	der Mut 	el valor, la valentía	le courage	il coraggio	a coragem	el coratge, el valor	kuraĝo	corage										8
03965	Nouns	combination	die Zahlenkombination 	la combinación	la combinaison (de chiffres)	la combinazione	a combinação (números)	la combinació (les combinacions)	kombinaĵo	combination										8
03966	Nouns	capacity	die Kapazität 	la capacidad	la capacité, la contenance	la capacità, la posizione	a capacidade, a lotação	la capacitat (les capacitats)	kapacito	capacitate										8
03967	Nouns	pill	die Tablette 	la píldora, la pastilla	la pilule, le cachet	la pillola	a pílula	la píndola (les píndoles), la pastilla (les pastilles)	pilolo	pilula										8
03968	Nouns	intention	die Absicht 	la intención	l'intention 	l'intenzione 	a intenção	la intenció (les intencions)	intenco	intention										8
03969	Nouns	miracle	das Wunder 	el milagro	le miracle	il miracolo	o milagre	el miracle (els miracles)	miraklo	miraculo										8
03970	Nouns	mood	die Laune 	el estado de ánimo	l'humeur 	l'umore 	o humor	l'estat d'ànim (els estats d'ànim), l'humor	humoro	stato de animo										8
03971	Nouns	transportation	der Transport , das Transportmittel 	el transporte	le transport	il trasporto	o transporte	el transport	transporto	transporto	Die einzigen Transportmittel, die auf der Autobahn erlaubt sind, sind motorisierte Fahrzeuge. 	La única forma de transporte permitida en la autopista es la de vehículos motorizados. 	Les seules formes de transport autorisées sur l'autoroute sont les véhicules motorisés. 	Le uniche forme di trasporto permesse sull'autostrada sono i veicoli motorizzati.	As únicas formas de transporte permitidas na rodovia são veículos motorizados.	The only forms of transportation allowed on the highway are motorized vehicles. 	L'únic mitjà de transport permès a l'autopista són els vehicles motoritzats.	La solaj transportrimedoj permesitaj sur la aŭtovojo estas motorizitaj veturiloj.	Le sol formas de transporto permittite sur le autostrata son vehiculos motorisate.	8
03972	Nouns	childhood	die Kindheit 	la infancia, la niñez	l'enfance 	l'infanzia 	a infância	la infància	infanaĝo	infantia										8
03973	Nouns	charity	die Wohltätigkeitsorganisation ; die Nächstenliebe 	la caridad	la charité	la carità, la beneficenza	a caridade	la caritat	karitato	caritate	Das ist ein Geschäft, keine Wohltätigkeitsorganisation; wir können es uns nicht erlauben, Sachen umsonst abzugeben.	Esto es una empresa, no una asociación de caridad; no podemos dar cosas gratis.	C'est une entreprise, pas une association caritative; on ne peut pas se permettre de donner des choses gratuitement.	Questa è un'azienda, non un'associazione di beneficenza; non possiamo dare via cose gratis.	Este é um negócio, não uma instituição de caridade; nós não podemos dar coisas de graça.	This is a business, not a charity; we cannot be giving stuff out for free.	Això és un negoci, no una organització de caritat; no ens podem permetre regalar coses.	Ĉi tio estas komerco, ne karitato; ni ne povas permesi doni aĵojn senpage.	Isto es un interprisa, non un obra de caritate; nos non pote dar cosas gratis.	8
03974	Nouns	legacy	das Vermächtnis 	el legado	l'héritage 	l'eredità	o legado, a herança	el llegat (els llegats)	heredaĵo	legato	Napoleon hat ein großes Vermächtnishinterlassen; sein Name wird überall auf der Welt erkannt.	Napoleón ha dejado un importante legado, su nombre es reconocido en todo el mundo.	Napoléon a laissé derrière lui un héritage important; son nom est reconnu partout dans le monde.	Napoleone ha lasciato un'importante eredità; il suo nome è riconosciuto in tutto il mondo.	Napoleão deixou um extenso legado; seu nome é reconhecido em todo o mundo.	Napoleon has left behind an extensive legacy; his name is recognized all over the world.	Napoleó ha deixat un extens llegat; el seu nom és reconegut a tot el món.	Napoleono postlasis vastan heredaĵon; lia nomo estas rekonita tra la tuta mondo.	Napoleon ha lassate un vaste legato; su nomine es recognoscite in tote le mundo.	8
03975	Nouns	meal	das Mahl, die Mahlzeit , das Essen 	la comida	le repas	il pasto	a refeição	l'àpat (els àpats), el menjar	manĝo	repasto										8
03976	Nouns	episode	die Episode , die Folge 	el episodio	l'épisode 	l'episodio	o episódio	l'episodi (els episodis)	epizodo	episodio										8
03977	Nouns	personnel	das Personal , die Angestellten	el personal, los empleados	le personnel, les employés	il personale, gli impiegati	o pessoal, os empregados	el personal, els empleats	personaro	personal	All unsere Angestellten haben mindestens eine zweijährige Ausbildung in ihrem Arbeitsbereich.	Todo nuestro personal ha recibido al menos dos años de formación en su propio campo de trabajo.	Tout notre personnel a reçu au moins deux années de formation dans leur domaine professionnel.	Tutto il nostro personale ha ricevuto almeno due anni di formazione nel proprio campo di lavoro.	Todos os nossos empregados receberam, pelo menos, dois anos de treinamento na área de trabalho deles. 	All of our personnel has received at least two years training in their field of work. 	Tot el nostre personal ha rebut almenys dos anys de formació en el seu camp de treball.	Nia tuta personaro ricevis almenaŭ du jarojn da trejnado en sia laborkampo.	Tote nostre personal ha recipite al minus duo annos de formation in su proprie campo de labor.	8
03978	Nouns	dialogue	der Dialog 	el diálogo	le dialogue	il dialogo	o diálogo	el diàleg (els diàlegs)	dialogo	dialogo										8
03979	Nouns	sample	die Warenprobe 	la muestra	l'échantillon 	il campione, l'esempio	a amostra	la mostra (les mostres)	specimeno	monstra										8
03980	Nouns	museum	das Museum 	el museo	le musée	il museo	o museu	el museu (els museus)	muzeo	museo										8
03981	Nouns	consultant	der Berater , die Beraterin 	el(la) consultor(a)	le(la) consultant(e)	il(la) consulente	o(a) consultor(a)	el consultor (els consultors), la consultora (les consultores)	konsultisto	consultor										8
03982	Nouns	doubt	der Zweifel 	la duda	le doute	il dubbio	a dúvida	el dubte (els dubtes)	dubo	dubita										8
03983	Nouns	demonstration	die Demonstration 	la manifestación	la manifestation	la manifestazione	a manifestação	la manifestació (les manifestacions)	manifestacio	manifestation	Die Studenten sind aufgestanden, haben den Saal verlassen und sind zur Demonstration am Rathaus gegangen.	Los estudiantes se levantaron, salieron de las aulas y luego fueron a la manifestación en el ayuntamiento.	Les étudiants se sont levés, ont quitté les salles de classe et sont allés ensuite à la manifestation à l'hôtel de ville.	Gli studenti si sono alzati, hanno lasciato l'aula e poi sono andati alla manifestazione in comune.	Os alunos se levantaram, saíram das salas de aula e, depois, foram à manifestação na prefeitura.	The students got up, left the classrooms and then went to the demonstration at city hall.	Els estudiants es van aixecar, van sortir de les aules i després van anar a la manifestació a l'ajuntament.	La studentoj leviĝis, forlasis la klasĉambrojn kaj poste iris al la manifestacio ĉe la urbodomo.	Le studentes se levava, sortiva del aulas e postea vadeva al manifestation al domo municipal.	8
03984	Nouns	walk	der Spaziergang 	la caminata	la promenade	la passeggiata, la camminata	a caminhada	la passejada (les passejades), la caminada (les caminades)	promenado	camminata										8
03985	Adjectives	fundamental	fundamental	fundamental	fondamental(e)	fondamentale	fundamental	fonamental	fundamenta	fundamental	Eine fundamentale Differenz in unseren Meinungen lässt uns dauernd streiten. 	Una diferencia fundamental en nuestras opiniones nos lleva a discutir todo el tiempo	Une différence fondamentale dans nos opinions nous amène à nous disputer tout le temps.	Una differenza fondamentale nelle nostre opinioni ci porta a litigare tutto il tempo.	Uma diferença fundamental entre nossas opiniões nos leva a discutir o tempo todo.	A fundamental difference in our opinions causes us to argue all the time.	Una diferència fonamental en les nostres opinions fa que discutim tota l'estona.	Fundamenta diferenco en niaj opinioj kaŭzas nin kvereli la tutan tempon.	Un differentia fundamental in nostre opiniones nos face disputar tote le tempore.	8
03986	Adjectives	particular	besonders	particular	particulier(ère)	particolare	particular	particular	aparta	particular										8
03987	Adjectives	deadly	tödlich	mortal, fatal	mortel(le), létal(e)	mortale	mortal, letal	mortal, letal	mortiga	mortal										8
03988	Adjectives	desperate	verzweifelt	desesperado(a)	désespéré(e)	disperato(a)	desesperado(a)	desesperat(ada)	despera	desperate										8
03989	Adjectives	severe (very bad)	schlimm, ernst (sehr schlecht)	grave, serio (muy mal)	sévère, grave	grave, severo(a)	severo, grave	greu, seriós	severa	grave										8
03990	Adjectives	double	doppelt	doble	le double	doppio(a), duplice	duplo(a)	el doble (els dobles)	duobla	duple										8
03991	Adjectives	alleged	angeblich	supuesto(a)	prétendu(e)	presunto(a)	pretenso(a)	presumpte, suposat	supozata	presumite										8
03992	Adjectives	Olympic	olympisch	olímpico(a)	olympique	olimpico(a)	olímpico	olímpic(a)	olimpika	olympic										8
03993	Adjectives	missing	fehlend	ausente	absent(e), manquant(e)	mancante, scomparso	ausente, perdido(a)	desaparegut, absent	mankanta	absente										8
03994	Adjectives	soft	weich, sanft	suave, tierno	doux, douce , mou , molle 	morbido(a), tenero(a)	suave, macio(a)	suau, tou	mola	suave										8
03995	Adjectives	painful	schmerzvoll, schmerzhaft	doloroso(a)	douloureux , douloureuse 	doloroso(a)	doloroso(a)	dolorós(osa)	dolora	dolorose										8
03996	Adjectives	ordinary	gewöhnlich	ordinario(a), corriente	ordinaire	ordinario(a)	ordinário(a), comum	ordinari(ària), comú	ordinara	ordinari										8
03997	Adjectives	curious	neugierig	curioso	curieux , curieuse 	curioso(a)	curioso(a)	curiós(osa)	scivolema	curiose										8
03998	Adjectives	sensitive	sensibel	sensible	sensible, délicat	sensibile	sensível	sensible	sentema	sensibile										8
03999	Adjectives	surprising	überraschend	sorprendente	surprenant(e)	sorprendente	surpreendente	sorprenent	surpriza	surprendente										8
04000	Adjectives	exclusive	exklusiv	exclusivo(a)	exclusif , exclusive 	esclusivo(a)	exclusivo(a)	exclusiu(iva)	ekskluziva	exclusive	In einem exklusiven Interview auf ABC unterhält sich unser Journalist mit dem Präsidenten.	En una entrevista exclusiva con ABC, nuestro reportero habla con el presidente	Dans une interview exclusive à ABC, notre journaliste s'entretient avec le président	In un'intervista esclusiva su ABC, il nostro giornalista parla al presidente.	Em uma entrevista exclusiva para o ABC, nosso repórter fala com o presidente	In an exclusive ABC interview, our reporter talks to the president	En una entrevista exclusiva a ABC, el nostre periodista parla amb el president.	En ekskluziva intervjuo por ABC, nia raportisto parolas kun la prezidanto.	In un interview exclusive con ABC, nostre reporter parla con le presidente.	8
04001	Adjectives	ridiculous	lächerlich	ridículo(a)	ridicule	ridicolo(a)	ridículo(a)	ridícul(a)	ridinda	ridicule										8
04002	Adjectives	convinced	überzeugt	convencido(a)	convaincu(e)	convinto(a)	convencido(a)	convençut(uda)	konvinkita	convincite										8
04003	Adjectives	optimistic	optimistisch	optimista	optimiste	ottimista	otimista	optimista	optimisma	optimista										8
04004	Adjectives	technical	technisch	técnico(a)	technique	tecnico(a)	técnico(a)	tècnic(a)	teknika	technic										8
04005	Adjectives	helpful	hilfreich	útil	utile, aidant(e)	utile, d'aiuto	útil	útil	helpa	utile										8
04006	Adjectives	fewer, less	weniger	menos	moins, moins de 	meno	menos, menos de	menys	malpli	minus										8
04007	Adjectives	cultural	kulturell	cultural	culturel(le)	culturale	cultural	cultural	kultura	cultural										8
04008	Adjectives	fantastic	fantastisch	fantástico(a)	fantastique	fantastico(a)	fantástico(a)	fantàstic(a)	fantasta	phantastic										8
04009	Adjectives	capable	fähig	capaz	capable	capace, abile	capaz	capaç	kapabla	capace	Ich glaube nicht, dass er fähig ist, diese Arbeit zu erledigen	No creo que sea capaz de hacer este trabajo	Je ne crois pas qu'il soit capable de faire ce travail	Non credo sia capace di fare questo lavoro	Eu não acredito que ele seja capaz de fazer esse trabalho	I don't believe he is capable of doing that job	No crec que sigui capaç de fer aquesta feina.	Mi ne kredas, ke li estas kapabla fari tiun laboron.	Io non crede que ille sia capace de facer ille labor.	8
04010	Adjectives	lower	niedriger	inferior	inférieur	in basso, inferiore	abaixo, embaixo	inferior	malsupra	inferior										8
04011	Adjectives	objective	objektiv, neutral	objetivo(a)	objectif , objective 	oggettivo(a)	objetivo(a)	objectiu(iva)	objektiva	objective										8
04012	Adjectives	internal	intern	interno(a)	interne	interno(a)	interno(a)	intern(a)	interna	interne										8
04013	Adjectives	crucial	entscheidend	crucial	crucial(e)	cruciale, decisivo(a)	crucial	crucial	kruca	crucial	Es ist absolut entscheidend, gute Noten zu bekommen, wenn du eine Graduiertenschule besuchen willst. 	Es absolutamente crucial obtener buenas notas si quieres ir a la universidad. 	Il est absolument crucial d'obtenir de bonnes notes si tu veux aller en troisième cycle.	È assolutamente decisivo ottenere buoni voti se vuoi andare all'università.	É absolutamente crucial obter boas notas se você quiser ir para a universidade.	It's absolutely crucial to get good grades if you want to go to graduate school.	És absolutament crucial treure bones notes si vols anar a la universitat.	Estas absolute kruca ricevi bonajn notojn se vi volas iri al universitato.	Il es absolutemente crucial obtener bon notas si tu vole continuar a studios postuniversitari.	8
04014	Adjectives	furious	wütend, zornig	furioso(a)	furieux, furieuse	furioso(a)	furioso(a)	furiós(osa)	furioza	furiose										8
04015	Adverbs	relatively	relativ	relativamente	relativement	relativamente	relativamente	relativament	relative	relativemente										8
04016	Adverbs	whenever	wann auch immer	cuando sea, cuando quieras	n'importe quand	in qualsiasi momento	quando quer que...	quan sigui, sempre que	kiam ajn	quandocunque										8
04017	Adverbs	potentially	potenziell, möglicherweise	potencialmente	potentiellement	potenzialmente	potencialmente	potencialment	potenciale	potentialmente	Diese Behauptungen könnten möglicherweise seiner Karriere schaden.	Esas alegaciones serán potencialmente perjudiciales para su carrera.	Ces allégations seront potentiellement nuisibles à sa carrière.	Quelle accuse saranno potenzialmente dannose per la sua carriera.	Essas alegações vão ser potencialmente prejudiciais à carreira dele.	Those allegations will potentially be harmful to his career.	Aquestes al·legacions seran potencialment perjudicials per a la seva carrera.	Tiuj akuzoj estos potenciale damaĝaj por lia kariero.	Iste allegationes essera potentialmente prejudicial a su carriera.	8
04018	Adverbs	constantly	ständig, dauernd	constantemente	constamment	continuamente	constantemente	constantment	konstante	constantemente	Warum musst du dauernd arbeiten? Du musst auch mal eine Pause machen!	¿Por qué debes trabajar constantemente? ¡Tienes que tomar un descanso de vez en cuando!	Pourquoi tu dois constamment travailler ? Tu dois prendre une pause de temps en temps !	Perché devi continuamente lavorare? Devi prenderti una pausa ogni tanto!	Por que você deve trabalhar constantemente? Você precisa fazer uma pausa às vezes!	Why must you constantly work? You need to take a break sometimes! 	Per què has de treballar constantment? Has de fer una pausa de tant en tant!	Kial vi devas konstante labori? Vi devas paŭzi de tempo al tempo!	Proque debe tu laborar constantemente? Tu debe prender un pausa de tempore in tempore!	8
04019	Adverbs	slightly, lightly	leicht, ein bisschen	ligeramente	légèrement	leggermente	ligeiramente, levemente	lleugerament	leĝere	levemente										8
04020	Adverbs	slowly	langsam	lentamente	lentement	lentamente	lentamente	lentament	malrapide	lentemente										8
04021	Adverbs	increasingly	zunehmend	cada vez más	de plus en plus	sempre più	progressivamente	cada vegada més	ĉiam pli	de plus in plus	Die Situation wurde zunehmend schlimmer, bis sie außer Kontrolle geriet.	La situación empeoró cada vez más hasta que estaba fuera de control.	La situation a empiré de plus en plus, jusqu'à ce qu'elle soit hors de contrôle.	La situazione è peggiorata sempre più, finché fu fuori controllo.	A situação piorou progressivamente até ficar fora de controle.	The situation increasingly got worse until it was out of control.	La situació va empitjorar cada vegada més fins que va estar fora de control.	La situacio ĉiam pli malboniĝis ĝis ĝi estis ekster kontrolo.	Le situation se aggravava de plus in plus usque illo esseva foras de controlo.	8
04022	Adverbs	initially	anfangs	inicialmente	initialement	inizialmente	inicialmente	inicialment	komence	initialmente										8
04023	Verbs	to expose	ans Licht bringen	exponer	exposer	esporre, mostrare	expor	exposar, destapar	malkaŝi	exponer	Der Dokumentarfilm brachte die Korruption im Verlagswesenans Licht.	El documental expuso la corrupción de la industria editorial	Le documentaire a exposé la corruption dans l'industrie de l'édition.	Il documentario ha mostrato la corruzione nell'industria editoriale.	O documentário expôs a corrupção na indústria editorial.	The documentary film exposed the corruption in the publishing industry.	El documental va exposar la corrupció a la indústria editorial.	La dokumenta filmo malkaŝis la korupton en la eldoneja industrio.	Le film documentari exponeva le corruption in le industria editorial.	8
04024	Verbs	to emerge	aufstreben	emerger, salir	émerger, apparaître	emergere, spuntare	emergir	emergir, sorgir	aperi	emerger										8
04025	Verbs	to appoint someone	jdn. ernennen	nombrar a alguien	nommer quelqu'un à un poste	nominare qualcuno	nomear alguém	nomenar algú	nomumi iun	nominar alicuno	Wir wissen alle, dass der Präsident jemanden zum Finanzminister ernennen muss, aber das einzige Problem ist wen! 	Todos sabemos que el presidente tiene que nombrar aalguien como Ministro de Hacienda, ¡pero el único problema es quien! 	Nous savons tous que le président doit nommer quelqu'un comme Secrétaire du Trésor, mais le seul problème est qui! 	Noi tutti sappiamo che il presidente deve nominare qualcuno come Ministro del Tesoro, ma l'unico problema è chi!	Nós todos sabemos que o presidente precisa nomear alguém como Ministro da Fazenda, o único problema é quem!	We all know the president needs to appoint someone as the Secretary of the Treasury, but the only problem is who! 	Tots sabem que el president ha de nomenar algú com a ministre d'Hisenda, però l'únic problema és qui!	Ni ĉiuj scias, ke la prezidanto devas nomumi iun kiel Financministron, sed la sola problemo estas kiun!	Nos omnes sape que le presidente debe nominar alicuno como Secretario del Thesauro, ma le unic problema es qui!	8
04026	Verbs	to attract	anziehen	atraer	attirer	attirare, attrarre	atrair	atraure	allogi	attraher										8
04027	Verbs	to upset somebody	jdn. aufregen	molestar a alguien	vexer, contrarier quelqu'un	turbare qualcuno, offendere	contrariar alguém	molestar algú	ĝeni iun	molestar alicuno										8
04028	Verbs	to score	punkten, einen Punkt machen, ein Tor schießen	anotar, marcar (puntos, un gol)	marquer (des points, un but)	segnare (dei punti, un gol)	marcar (pontos, um gol)	marcar, anotar (punts, un gol)	poenti	marcar										8
04029	Verbs	to prosecute	strafrechtlich verfolgen	procesar	poursuivre (justice)	perseguire (giustizia)	processar (justiça)	processar (judicialment)	procesi	processar										8
04030	Verbs	to change	wechseln, ändern	cambiar	changer	cambiare	mudar	canviar	ŝanĝi	cambiar										8
04031	Verbs	to inspire	inspirieren	inspirar	inspirer	ispirare	inspirar	inspirar	inspiri	inspirar	Viele Filme wurden von Filmen inspiriert, die bereits gedreht worden sind.	Muchas películas están inspiradas en otras películas que ya se han producido	Beaucoup de films furent inspirés par ceux qui avaient déjà été faits	Molti film furono ispirati da film che sono stati già fatti	Muitos filmes foram inspirados em filmes que já tinham sido feitos	Many movies were inspired from movies that have already been made	Moltes pel·lícules s'han inspirat en pel·lícules que ja s'han fet.	Multaj filmoj estis inspiritaj de filmoj jam faritaj.	Multe filmes esseva inspirate per altere filmes que jam habeva essite producite.	8
04032	Verbs	to design, to conceive	entwerfen, konzipieren	diseñar, concebir	concevoir	progettare, concepire	projetar, conceber	dissenyar, concebre	dizajni, koncepti	designar, conciper	Ich habe dieses Modell nach dem Prototyp entworfen. 	Yo diseñé este modelo de conformidad con el prototipo. 	J'ai conçu ce modèle selon le prototype.	Ho progettato questo modello secondo il prototipo. 	Eu projetei este modelo em conformidade com o protótipo.	I designed this model in accordance with the prototype.	Vaig dissenyar aquest model d'acord amb el prototip.	Mi dizajnis ĉi tiun modelon laŭ la prototipo.	Io designava iste modello in conformitate con le prototypo.	8
04033	Verbs	to advocate	befürworten, empfehlen 	proponer, abogar por, recomendar	préconiser, prôner	sostenere la validità di, raccomandare	advogar, defender	defensar, advocar per	pledi por	advocar, proponer, recommendar	Auch wenn ich selbst rauche, empfehle ich es anderen mit Sicherheit nicht.	Aunque fume, desde luego no se lo recomiendo a nadie	Bien que je fume, je ne préconise certainement pas que d'autres le fassent.	Anche se fumo, di certo non raccomando che lo facciano altri.	Embora eu fume, eu certamente não defendo que outros façam isso.	Although I smoke, I certainly don't advocate others' doing it.	Encara que fumi, certament no recomano que altres ho facin.	Kvankam mi fumas, mi certe ne pledas por ke aliaj faru tion.	Ben que io fuma, io certemente non recommenda a alteres de facer lo.	8
04034	Verbs	to decline	zurückweisen, ablehnen	rechazar, declinar	décliner	declinare, rifiutare	declinar, recusar	rebutjar, declinar	malakcepti	declinar, refusar										8
04035	Verbs	to be brief	sich kurzfassen	ser breve	être bref	essere breve	ser breve	ser breu	esti mallonga	esser breve										8
04036	Verbs	to hold back (held back, held back)	zurückhalten	retener, ocultar	retenir	trattenere	conter, segurar	retenir, contenir	reteni	retener, celar										8
04037	Verbs	wealthy, well-off	wohlhabend	afortunado(a)	fortuné(e)	benestante, agiato(a)	rico(a), endinheirado(a)	ric(a), adinerat(da)	riĉa	ric, opulente										8
04038	Social Situations	What do you think about this bar, there are a lot of people, right?	Was denken Sie von dieser Bar, hier sind viele Leute, nicht?	¿Qué opina de este bar? Hay mucha gente, ¿no?	Que pensez-vous de ce bar, il y a beaucoup de monde, non ?	Che pensa di questo bar, c'è tanta gente, vero?	O que você acha deste bar, tem bastante gente, não é?	Què en penses d'aquest bar, hi ha molta gent, oi?	Kion vi pensas pri ĉi tiu trinkejo, estas multaj homoj, ĉu ne?	Que pensa vos de iste bar? Il ha multe gente, non?										8
04039	Social Situations	Haven't we already met at.. ?	Haben wir uns nicht schon einmal bei ... getroffen?	¿Nosotros no nos vimos ya en...?	On ne s'est pas déjà rencontré chez... ?	Non ci siamo già visti da... ?	Já não nos encontramos em...?	No ens hem vist ja a...?	Ĉu ni ne jam renkontiĝis ĉe...?	Non nos ha jam incontrate a...?										8
04040	Social Situations	And you, how did you meet...?	Und Sie, wie haben Sie ... kennengelernt?	Y usted, ¿cómo conoció...?	Et vous, comment avez-vous connu… ?	E lei, come ha conosciuto... ?	E você, como conheceu...?	I tu, com vas conèixer...?	Kaj vi, kiel vi konatiĝis kun...?	E vos, como cognosceva vos...?										8
04041	Social Situations	Are you from this neighborhood? (US) (neighbourhood?, UK)	Sind Sie aus der Gegend (lit. aus der Nachbarschaft)?	¿Usted es de este barrio?	Vous êtes du quartier ?	Lei è del quartiere?	Você é deste bairro?	Ets d'aquest barri?	Ĉu vi estas el ĉi tiu kvartalo?	Es vos de iste quartiero?										8
04042	Social Situations	Do you know what's on the schedule tonight? 	Kennen Sie das Programm für heute Abend?	¿Sabe qué está previsto para esta noche?	Vous savez ce qui est au programme ce soir ?	Sa cosa c'è in programma stasera?	Você sabe qual é o programa desta noite?	Saps què hi ha programat per a aquesta nit?	Ĉu vi scias, kio estas en la programo ĉi-vespere?	Sape vos que es previste pro iste nocte?										8
04043	Social Situations	Have you tried these...? They are delicious!	Haben Sie diese ... probiert? Sie sind köstlich!	¿Ha probado estos...? ¡Son deliciosos!	Avez-vous goûté ces … ? Ils sont délicieux !	Ha assaggiato questi...? Sono deliziosi!	Você provou esses...? Eles são deliciosos!	Has tastat aquests...? Són deliciosos!	Ĉu vi gustumis ĉi tiujn...? Ili estas bongustegaj!	Ha vos probate istos...? Illos es deliciose!										8
04044	Social Situations	Do you know when the next bus comes by?	Wissen Sie, wann der nächste Bus kommt?	¿Sabe (usted) cuándo pasa el próximo bus?	Savez-vous quand le prochain bus passe ?	Sa quando passa il prossimo bus?	Você sabe quando passa o próximo ônibus?	Saps quan passa el proper autobús?	Ĉu vi scias, kiam venos la sekva buso?	Sape vos quando passa le proxime autobus?										8
04045	Social Situations	Is there always such a long wait here?	Ist die Wartezeit hier immer so lange?	¿Siempre hay tanta espera aquí?	Il y a toujours autant d'attente ici ?	Èsempre così lunga l'attesa qui?	Há sempre tanta espera aqui?	Sempre hi ha tanta espera aquí?	Ĉu ĉiam estas tiom da atendado ĉi tie?	Ha il sempre un si longe tempore de attenta hic?										8
04046	Social Situations	Do you know what is scheduled next?	Wissen Sie, was als nächstes geplant ist?	¿Sabe qué hay programado para después?	Vous savez ce qui est prévu ensuite ?	Sa cosa è previsto dopo?	Você sabe o que está programado para depois?	Saps què hi ha programat per a després?	Ĉu vi scias, kio estas planita poste?	Sape vos que es programmate pro postea?										8
04047	Sports	finalist	der(die) Finalist(in) 	el finalista	le finaliste	il finalista	o segundo classificado	el finalista (els finalistes)	finalisto	finalista										8
04048	Sports	medalist	der(die) Medaillengewinner(in) 	el medallista	le médaillé	il medagliato	o medalhista	el medallista (els medallistes)	medalisto	ganiator de medalia, laureato										8
04049	Sports	to set an Olympic record	einen Olympia-Rekord  aufstellen	establecer un récord olímpico	établir un record olympique	stabilire un record olimpico	estabelecer um recorde olímpico	establir un rècord olímpic	starigi olimpikan rekordon	establir un record olympic										8
04050	Sports	medal table	der Medaillenspiegel 	la mesa de medallas	le tableau des médailles	il medagliere	o quadro de medalhas	el medaller (els medallers)	medaltabelo	tabula de medalias										8
04051	Sports	victory lap	die Ehrenrunde 	la vuelta de honor	le tour d'honneur	il giro d'onore	a volta olímpica	la volta d'honor (les voltes d'honor)	honora rondiro	giro de honor										8
04052	Sports	parade of nations	die Parade der Nationen 	el desfile de naciones	la parade des nations	la parata delle nazioni	o desfile das nações	la desfilada de les nacions	parado de la nacioj	parada de nationes										8
04053	Sports	Olympic committee	das olympische Komitee	el comité olímpico	le comité olympique	il comitato olimpico	o comitê olímpico	el comitè olímpic (els comitès olímpics)	olimpika komitato	committee olympic										8
04054	Sports	football 5-a-side	der Hallenfußball , der Fußball 5-a-side	el fútbol 5 contra 5	le football à cinq	il calcio a 5	o futebol «5-a-side» (variação do futebol de salão)	el futbol 5	kvin-flanka futbalo	football cinque contra cinque										8
04055	Sports	goalball	der Blindenfußball  	el golbol	le goalball	la pallarete	o golbol	el goalball	golbalo	goalball										8
04056	Sports	paracanoe	das Paracanoe 	la paracanoa	le paracanoë	la paracanoa	a paracanoagem	el paracanoe (els paracanoes)	parakanoado	paracanoa										8
04057	Sports	paratriathlon	der Paratriathlon	el paratriatlón	le triathlon handisport	il paratriathlon	o paratriatlo	el paratriatló (els paratriatlons)	paratriatlono	paratriathlon										8
04058	Sports	powerlifting	der Kraftdreikampf 	el levantamiento de potencia	l'haltérophilie	il powerlifting	o levantamento de peso básico	l'aixecament de potència	potenclevado	levamento de potentia										8
04059	Sports	disabled sports	der Behindertensport 	el handisport	le handisport	gli sport per disabili	o desporto para pessoas com deficiência	l'esport adaptat (els esports adaptats)	handikapa sporto	sportes pro invalidos										8
04060	Sports	wheelchair basketball	der Rollstuhlbasketball 	el baloncesto en silla de ruedas	le basket-ball en fauteuil roulant	la pallacanestro in carrozzina	o basquetebol em cadeira de rodas	el bàsquet en cadira de rodes	radseĝa korbopilkado	basketball in sedia a rotas										8
04061	Sports	disability	die Behinderung 	la discapacidad	le handicap	l'handicap, la disabilità	a deficiência	la discapacitat (les discapacitats)	handikapo	invaliditate										8
04062	Sports	amputee	der Amputierte	el amputado	l'amputé 	l'amputato	o amputado	amputat(ada)	amputito	amputato										8
04063	Sports	visual impairment	die Sehbehinderung 	la discapacidad visual	le handicap visuel	la disabilità visiva	a deficiência visual	la discapacitat visual (les discapacitats visuals)	vida difekto	invaliditate visual										8
04064	Sports	intellectual disability	die geistige Behinderung 	la discapacidad intelectual	le handicap mental	la disabilità intellettiva	a deficiência intelectual	la discapacitat intel·lectual (les discapacitats intel·lectuals)	intelekta malkapablo	invaliditate intellectual										8
04065	Basics	creeped out	verängstigt	asustado	effrayé	spaventato	apavorado(a)	fastiguejat(ada)	naŭzita	espaventate	Oh, sag das nicht! Ich habe jetzt schon Angst!	¡Ay, no digas eso! ¡Ya estoy asustada!	Oh ne dis pas ça ! Je suis déjà effrayée !	Oh, non dire così! Sono già terrorizzata!	Oh, não diga isso! Eu já estou apavorada! 	Oh don't say that! I'm already creeped out !	Oh, no diguis això! Ja estic fastiguejada!	Ho, ne diru tion! Mi jam estas naŭzita!	Oh, non dice isto! Io es ja espaventate!	8
04066	Basics	to kid around	kindisch sein, albern sein	hacer el tonto	faire l'imbécile	fare lo scemo	brincar, fazer palhaçada	fer el ximple	ŝerci, stulti	facer le buffon	Du bist immer so albern!	¡Siempre estás haciendo el tonto!	Tu es toujours en train de faire l'imbécile !	Fai sempre lo scemo!	Você está sempre fazendo palhaçada!	You're always kidding around!	Sempre estàs fent el ximple!	Vi ĉiam ŝercas!	Tu sempre face le buffon!	8
04067	Communication	to commit a crime	ein Verbrechen begehen 	cometer un crimen	commettre un crime	commettere un crimine	cometer um crime	cometre un crim	fari krimon	committer un crimine										8
04068	Communication	kind gesture	die nette Geste	el gesto (atención)	le geste (l'attention)	il gesto	o gesto (atenção)	el gest amable (els gestos amables)	ĝentila gesto	gesto gentil	Ich weiss deine nette Geste wirklich zu schätzen.	Aprecio mucho tu gesto.	J'apprécie vraiment ton geste.	Apprezzo davvero il tuo gesto	Eu realmente agradeço pelo seu gesto.	I really appreciate your kind gesture	Aprecio molt el teu gest amable.	Mi tre aprezas vian ĝentilan geston.	Io apprecia multo tu gesto gentil.	8
04069	Communication	to confess	gestehen	confesar	avouer	confessare	confessar	confessar	konfesi	confessar										8
04070	Communication	to count on someone	auf jemanden zählen	contar con alguien	compter sur quelqu'un	contare su qualcuno	contar com alguém	comptar amb algú	fidi je iu	contar con alicuno	Kann ich auf dich zählen mein Sohn?	¿Puedo contar contigo, hijo?	Est-ce que je peux compter sur toi, fiston ?	Posso contare su di te, figliolo?	Posso contar com você, filho?	Can I count on you, son?	Puc comptar amb tu, fill?	Ĉu mi povas fidi je vi, filo?	Pote io contar con te, filio?	8
04071	Communication	side effects	die Nebenwirkungen (Sg. die Nebenwirkung)	efectos secundarios	les effets secondaires	gli effetti secondari	os efeitos colaterais	els efectes secundaris	kromefikoj	effectos secundari										8
04072	Basics	burned out	ausgelaugt sein	agotado, exhausto	épuisé, extenué, mort de fatigue	esausto, esaurito	exausto, estafado	esgotat, exhaust	elĉerpita	exhauste										8
04073	Positive Attitudes	to drop out	(etwas) beenden, (mit etwas) aufhören, (etwas) abbrechen	dejar, abandonar (los estudios)	abandonner (ses études, la course)	abbandonare, lasciare (la scuola)	abandonar (um curso)	deixar, abandonar (els estudis)	forlasi (studojn)	abandonar le studios	Ich habe beschlossen, dasMedizin Studiumabzubrechen	¡He decidido dejar la facultad de medicina!	J'ai décidé d'abandonner la fac de médecine !	Ho deciso di lasciare la facoltà di medicina!	Eu decidi abandonar a faculdade de medicina!	I've decided to drop out of med school!	He decidit deixar la facultat de medicina!	Mi decidis forlasi la medicinan fakultaton!	Io ha decidite abandonar le facultate de medicina!	8
04074	Everyday Objects	ice cream stand	die Eis-Bude, der Eis-Stand	el carrito de los helados	le stand de glace	il carretto dei gelati	barraca/carrinho de sorvete	la paradeta de gelats (les paradetes de gelats)	glaciaĵbudo	carro de gelato										8
04075	Business Basics	marketing	das Marketing	el marketing, la publicidad	le marketing, le commerce	il marketing	o marketing	el màrqueting	merkatiko	marketing										8
04076	Business Basics	to register a business	eine Firma registrieren	registrar una empresa	immatriculer une entreprise	registrare un'impresa	formalizar um negócio	registrar una empresa	registri komercon	registrar un interprisa										8
04077	Finance Vocabulary	(to pay) out of pocket	aus eigener Tasche (bezahlen)	(pagar) de su propio bolsillo	(payer) de sa poche	(pagare) di tasca propria	(pagar) do próprio bolso	(pagar) de la pròpia butxaca	(pagi) el propra poŝo	pagar de su proprie tasca										8
04078	Finance Vocabulary	financially stable	finanziell stabil	financieramente estable	financièrement stable	finanziariamente stabile	financeiramente estável	financerament estable	finance stabila	financiarimente stabile										8
04079	Common Phrases	clientele	die Klientel, die Kundschaft	la clientela	la clientèle	la clientela	a clientela	la clientela	klientaro	clientela										8
04080	General Terms	nightgown	das Nachthemd	el camisón	la chemise de nuit	la camicia da notte	a camisola	la camisola de dormir (les camisoles de dormir)	noktoĉemizo	camisa de nocte										8
04081	General Terms	revealing (clothes)	freizügig (Kleidung)	que no esconde nada (ropa)	qui ne cache rien (vêtement)	succinto, che non nasconde nulla (abito)	reveladoras (roupas)	revelador (roba)	malkaŝema (vestaĵo)	revelante	Ihr Nachthemdwar sehr freizügig	¡Su camisa no esconda nada!	Sa chemise de nuit ne cache vraiment rien !	La sua camicia da notte è molto succinta!	Sua camisola é muito reveladora!	Her nightgown is very revealing!	La seva camisola de dormir era molt reveladora.	Ŝia noktoĉemizo estis tre malkaŝema.	Su camisa de nocte es multo revelante!	8
04082	Daily Actions	to tip over	umkippen, sich wenden	volcar, caerse	renverser, être renversé	rovesciare, ribaltare	derramar, derramar-se	bolcar, caure	renversiĝi	reverter se										8
04083	Daily Actions	to go straight to voicemail	direkt in der Sprachbox landen	ir directamente al contestador automático	tomber directement sur le répondeur	andare direttamente alla segreteria	ir direto para a caixa postal	anar directament a la bústia de veu	iri rekte al la voĉpoŝto	vader directemente al responditor automatic										8
04084	Daily Actions	to file an application	einen Antrag einreichen	presentar una solicitud	déposer une demande	presentare, depositare una richiesta	enviar um pedido 	presentar una sol·licitud	prezenti peton	presentar un requesta	Wir reichen einen Kreditantrag ein und haben deineDokumente immer noch nicht	Estamos presentando nuestra solicitud de préstamo y todavía no tenemos...	Nous sommes en train de déposer notre demande de prêt et nous avons toujours pas tes papiers.	Stiamo presentando la nostra richiesta di prestito e non abbiamo ancora i tuoi documenti.	Estamos enviando nosso pedido de empréstimo e ainda não temos sua documentação.	We're filing our loan application and we still don't have your paperwork.	Estem presentant la nostra sol·licitud de préstec i encara no tenim els teus papers.	Ni prezentas nian pruntpeton kaj ankoraŭ ne havas viajn dokumentojn.	Nos presenta nostre requesta de presto, e nos ancora non ha vostre documentos.	8
04085	Daily Actions	lobby	die Lobby, die Eingangshalle	la entrada	le hall d'entrée, le lobby	l'ingresso	o hall de entrada	el vestíbul (els vestíbuls), el rebedor (els rebedors)	 vestiblo	vestibulo										8
04086	Finance Vocabulary	investor	der Investor	inversor	l'investisseur	l'investitore	o(a) investidor(a)	l'inversor (els inversors), la inversora (les inversores)	investanto	investitor										8
04087	Everyday Life	to break the news	(jemandem) Neuigkeiten mitteilen	dar la noticia	annoncer la nouvelle	dare la notizia	dar a notícia	donar la notícia	doni la novaĵon	dar le notitia	Ich mache ihr ein nettes Abendessen, bevor ich ihr die schlechten Neuigkeiten mitteile	Voy a prepararle una buena comida antes de darle la noticia.	Je vais lui cuisiner un bon repas avant de lui annoncer la mauvaise nouvelle.	Le cucinerò una bella cena prima di darle la brutta notizia.	Vou cozinhar um belo jantar para ela antes de lhe dar a má notícia.	I'll cook her a nice dinner before I break the bad news to her.	Li prepararé un bon sopar abans de donar-li la mala notícia.	Mi kuiros al ŝi bonan vespermanĝon antaŭ ol doni al ŝi la malbonan novaĵon.	Io va preparar pro illa un bon cena ante que io da a illa le mal novas.	8
04088	Everyday Life	sous chef	der Souschef	el pinche, ayudante (de cocina)	le second de cuisine, le sous-chef	il sous chef	o sous-chef	el segon de cuina (els segons de cuina), l'ajudant de cuina (els ajudants de cuina)	subkuiristo	chef adjuncte de cocina										8
04089	Everyday Life	to be in (was in / were in, been in) the process of doing something	gerade dabei sein etwas zu tun	estar haciendo algo	être en train de faire quelque chose	stare per fare qualcosa	estar fazendo alguma coisa	estar fent alguna cosa	esti faranta ion	esser in processo de facer qualcosa	Ich bin gerade dabei eine neue Firma zu gründen	Estoy abriendo una nueva empresa.	Je suis en train d'ouvrir une nouvelle entreprise.	Sto per aprire una nuova attività.	Eu estou abrindo uma nova empresa.	I'm in the process of opening a new business.	Estic en procés d'obrir una nova empresa.	Mi estas en la procezo malfermi novan komercon.	Io es in processo de aperir un nove interprisa.	8
04090	Everyday Life	estimate, quote	die Schätzung	el presupuesto	l'estimation, le devis	la stima, la valutazione, la quotazione	estimativa, orçamento	el pressupost (els pressupostos), l'estimació (les estimacions)	takso, oferto	estimation, budget	Könnten Sie uns eine Schätzung geben?	¿Podrías darnos un presupuesto aproximado?	Pourriez-vous nous donner une estimation ?	Può darci una valutazione?	Você poderia nos dar uma estimativa?	Could you give us an estimate?	Podries donar-nos un pressupost?	Ĉu vi povus doni al ni takson?	Poterea tu dar nos un estimation approximative?	8
04091	Everyday Life	I'm calling in regard to...	Ich rufe in Bezug auf ... an	Llamo en relación a...	J'appelle au sujet de...	Sto chiamando in merito a...	Eu estou ligando a respeito de...	Truco en relació a...	Mi telefonas pri...	Io telephona con respecto a...										8
04092	Everyday Life	under pressure	unter Druck	bajo presión	sous pression	sotto pressione	sob pressão	sota pressió	sub premo	sub pression	Du musst in der Lage sein unter Druck gut arbeiten zu können	Debes ser capaz de trabajar bajo presión.	Vous devez être capable de bien travailler sous pression.	Dovete essere in grado di lavorare bene sotto pressione.	Você precisa ser capaz de trabalhar bem sob pressão.	You need to be able to work well under pressure.	Has de ser capaç de treballar bé sota pressió.	Vi devas povi bone labori sub premo.	Tu debe esser capace de laborar ben sub pression.	8
04093	Everyday Life	to be a team player	Teamgeist haben	tener espírito de equipo	avoir l'esprit d'équipe	avere spirito di squadra	ter espírito de equipe	tenir esperit d'equip	esti teamludanto	haber spirito de equipa										8
04094	Everyday Life	speakerphone	der Lautsprecher (Telefon)	el manos libres	le haut-parleur (d'un téléphone)	l'altoparlante (del telefono)	o viva voz (do telefone)	l'altaveu (telèfon) (els altaveus)	laŭtparolilo (telefono)	telephono a manos libere										8
04095	Everyday Life	to launch (a business)	eine Firma gründen	lanzar (un negocio)	lancer (une entreprise)	lanciare (un'attività economica)	lançar (uma empresa)	llançar (un negoci)	lanĉi (komercon)	lancear (un interprisa)										8
04096	Everyday Life	expenses	die Ausgaben	los gastos	les dépenses, les frais (professionnels)	le spese	as despesas	les despeses	elspezoj	expensas	Wie genau haben wir es geschafft alle Ausgaben zu zahlen?	¿Cómo hemos conseguido gestionar todos nuestros gastos?	Comment a-t-on fait exactement pour payer tous nos frais ?	Come abbiamo fatto a pagare tutte le nostre spese, esattamente?	Como, exatamente, fizemos para pagar todas as nossas despesas?	How exactly did we manage to pay all our expenses?	Com exactament hem aconseguit pagar totes les nostres despeses?	Kiel precize ni sukcesis pagi ĉiujn niajn elspezojn?	Como exactemente nos succedeva pagar tote nostre expensas?	8
04097	Everyday Life	psycho	der/die Irre (beleidigend)	el loco, el psicópata	le taré, le malade mentale (insulte)	il pazzo, il fuori di testa (insulto) 	o(a) maluco(a)	el boig (els bojos), la boja (les boges), el psicòpata (els psicòpates)	psikopato	psychopathe										8
04098	Everyday Life	to go out (went out, gone out) of business	in Konkurs gehen, bankrott gehen	quebrar (un negocio)	faire faillite, déposer le bilan	fallire	falir 	fer fallida, quebrar (un negoci)	bankroti	facer bancarupta										8
04099	Everyday Life	non-negotiable	nicht verhandelbar	no negociable	non négociable	non negoziabile	não negociável 	no negociable	ne-intertraktebla	non negotiabile										8
04100	Everyday Life	instinct	der Instinkt	el instinto	l'instinct	l'istinto	o instinto 	l'instint (els instints)	instinkto	instincto	Du meinst, wenn du das Gefühl hast, dass du deinem Instinkt vertrauen solltest?	Es decir, como cuando sientes que deberías fiarte de...	Tu veux dire, comme quand tu sens que tu devrais faire confiance à ton instinct ?	Cioè, come quando senti che dovresti fidarti del tuo istinto?	Quer dizer... como quando você sente que devia confiar no seu instinto?	You mean, like when you feel like you should trust your instinct?	Vols dir, com quan sents que hauries de confiar en el teu instint?	Vi celas, kiel kiam vi sentas, ke vi devus fidi vian instinkton?	Tu vole dicer, como quando tu senti que tu deberea confider in tu instincto?	8
04101	Everyday Life	to blind	verblenden	cegar, deslumbrar	aveugler	accecare	cegar	cegar, enlluernar	blindigi	cecar	Könnte ich vor Eifersucht verblendet sein?	¿Quizá estoy ciego por los celos?	Pourrais-je être aveuglé par la jalousie ?	Potevo essere accecato dalla gelosia?	Será que eu posso estar cego de ciúme?	Could I be blinded by jealousy?	Podria ser que estigués encegat per la gelosia?	Ĉu mi povus esti blindigita de ĵaluzo?	Poterea io esser cecate per jelosia?	8
04102	Everyday Life	electric panel, electrical panel	der Sicherungskasten	el panel eléctrico	le tableau électrique	il pannello elettrico	o quadro elétrico	el quadre elèctric (els quadres elèctrics)	elektra panelo	panel electric										8
04103	Health & Emotions	to feel dizzy	schwindlig sein	marearse	avoir la tête qui tourne	avere le vertigini	sentir-se tonto(a)	sentir-se marejat, tenir vertigen	sentiĝi kapturna	sentir vertigine										8
04104	Health & Emotions	conscious	bewusst	consciente	conscient	cosciente	consciente	conscient	konscia	consciente										8
04105	Health & Emotions	paralyzed	gelähmt	paralizado	paralysé	paralizzato	paralisado (a)	paralitzat(ada)	paralizita	paralysate										8
04106	Basic Vocabulary	to adjust	anpassen	modificar, ajustar	ajuster, arranger	modificare, aggiustare	ajustar, modificar	ajustar, modificar	alĝustigi	adjustar	Zuerst lass mich seine Behandlung anpassen, jetzt wo ich weiss, was nicht stimmt mit ihm	Antes que nada, deja que ajuste su tratamiento ahora que...	Avant toute chose, laisse moi ajuster son traitement maintenant que je sais ce qui ne va pas avec lui	Prima fammi aggiustare la sua cura, ora che so cos'ha che non va.	Primeiro, vou ajustar o tratamento dele, agora que sei qual é o problema.	First let me adjust his treatment now that I know what's wrong with him.	Primer, deixa'm ajustar el seu tractament ara que sé què li passa.	Unue, lasu min alĝustigi lian kuracadon nun, kiam mi scias, kio estas malbona ĉe li.	Prime lassa me adjustar su tractamento, ora que io sape lo que es mal con ille.	8
04107	Basic Vocabulary	condition	der gesundheitliche Zustand, die Krankheit	el estado (de salud)	état (médical), maladie	la condizione (di salute)	o estado de saúde	l'estat (de salut) (els estats), la condició (les condicions)	kondiĉo (sana)	stato de sanitate										8
04108	General Vocabulary	revenge	die Rache	la venganza	la vengeance	la vendetta	a vingança	la venjança	venĝo	vengiantia										8
04109	Office Terms	video conference	die Videokonferenz	vídeo conferencia	la vidéoconférence	la videoconferenza	a videoconferência	la videoconferència (les videoconferències)	videokonferenco	videoconferentia										8
04110	Office Terms	quote (price)	das Preisangebot	presupuesto	le devis, l'estimation (prix)	la quotazione (prezzo)	orçamento (preço)	el pressupost (preu) (els pressupostos)	prezpropono	quotation de precio										8
04111	Office Terms	to get checked out	sich ärztlich untersuchen lassen	hacerse un control	se faire examiner	farsi controllare	ser examinado	fer-se una revisió mèdica	esti ekzamenita	facer se examinar	Vielleicht solltest du dich ärztlich untersuchen lassen David	A lo mejor deberías hacerte un control, David.	Peut-être que tu devrais te faire examiner, David.	Forse dovresti farti controllare, David.	Talvez você devesse ser examinado, David.	Maybe you should get checked out, David.	Potser hauries de fer-te una revisió mèdica, David.	Eble vi devus esti ekzamenita, David.	Forsan tu deberea facer te examinar, David.	8
04112	Workplace Vocabulary	organizational skills	die Organisationsfähigkeiten 	capacidad organizativa	les qualités organisationnelles	le qualità organizzative	a capacidade de organização	la capacitat d'organització	organizaj kapabloj	habilitates de organisation										8
04113	Workplace Vocabulary	to come up (came up, come up) with something	sich etwas einfallen lassen	Ocurrir (algo) a alguien	trouver, inventer, imaginer quelque chose	inventare, creare	criar, inventar	ocórrer-se-li (alguna cosa) a algú	elpensi ion	occurrer a alicuno	Ich habe mir bisher etwa hundertRezepte einfallen lassen	Se me han ocurrido cientos de recetas hasta ahora.	J'ai inventé environ une centaine de recettes jusque là.	Ho inventato circa cento ricette finora.	Eu criei cerca de cem receitas, até o momento.	I have come up with about a hundred recipes so far.	Fins ara se m'han ocorregut un centenar de receptes.	Mi elpensis ĉirkaŭ cent receptojn ĝis nun.	Circa cento receptas me ha occurrite usque nunc.	8
04114	Workplace Vocabulary	to test out (something)	etwas austesten/ausprobieren	probar (algo)	essayer, expérimenter quelque chose	testare, provare	experimentar, provar	provar (alguna cosa)	elprovi (ion)	probar (alique)										8
04115	Everyday Phrases	nicely	nett	amablemente (ES), gentilmente (AL)	gentiment	gentilmente	gentilmente	amablement, gentilment	ĝentile	amabilemente										9
04116	Adjectives	influential	einflussreich	influyente	influent(e)	influente	o(a) influente	influent	influa	influente	Sie ist eine einflussreiche Person. Sie kann dir helfen	Ella es una persona influyente. Puede ayudarte.	C'est une personne influente, elle peut t'aider.	È una persona influente, ti può aiutare.	É uma pessoa influente. Ela pode ajudá-lo(a).	She is an influential person. She can help you	És una persona influent. Pot ajudar-te.	Ŝi estas influa persono. Ŝi povas helpi vin.	Illa es un persona influente. Illa pote adjutar te.	9
04117	Adjectives	lifelong	ewig	permanente, perpetuo(a) para toda la vida	perpétuel(le)	permanente, perpetuo(a)	perpétuo(a)	permanent, per a tota la vida	dumviva	permanente; pro tote le vita	Es ist ein ewiger Kreislauf.	Es un ciclo permanente	C'est un cycle perpétuel	È un ciclo perpetuo.	É um ciclo perpétuo	It is a lifelong cycle	És un cicle permanent.	Ĝi estas dumviva ciklo.	Il es un cyclo permanente.	9
04118	Adjectives	major	Haupt-	importante	majeur(e)	importante	importante	important	grava	importante	Das ist eine Hauptentscheidung für die Zukunft des Unternehmens	Es una decisión importante para el futuro de la empresa	C'est une décision majeure pour l'avenir de l'entreprise	È una decisione importante per il futuro dell'azienda	Esta é uma decisão importante para o futuro da empresa	It's a major decision for the company's future	És una decisió important per al futur de l'empresa.	Ĝi estas grava decido por la estonteco de la kompanio.	Il es un decision importante pro le futuro del compania.	9
04119	Adjectives	ethnic	ethnisch	étnico(a)	ethnique	etnico	étnico	ètnic(a)	etna	ethnic	Sie trägt ethnischen Schmuck	Lleva joyas étnicas	Elle porte des bijoux ethniques	Lei porta dei gioielli etnici	Ela usa joias étnicas	She wears ethnic jewelry	Porta joies ètniques.	Ŝi portas etnajn juvelojn.	Illa porta joieles ethnic.	9
04120	Adjectives	hollow	hohl	hueco(a)	creux (creuse)	cavo	oco(a)	buc(a), foradat(ada)	kava	cavo	Dieser Baum ist hohl, er muss gefällt werden	Este árbol está hueco, hay que cortarlo	Cet arbre est creux, il faut le couper	Questo albero è cavo, deve essere tagliato	Esta árvore está oca, precisa ser cortada	This tree is hollow, it has to be cut down	Aquest arbre està buit, cal tallar-lo.	Ĉi tiu arbo estas kava, oni devas ĝin tranĉi.	Iste arbore es cavo; on debe abatter lo.	9
04121	Adjectives	miscellaneous	verschieden, unterschiedlich	diverso(a), varios	divers(e)	diverso, vario	diversos(as)	divers(a), variat(ada)	diversa	diverse; varie	Die Bibliothek hat Bücher zu verschiedenen Themen	La biblioteca tiene libros sobre diversos temas	La bibliothèque contient des livres sur divers sujets.	La biblioteca contiene libri su diversi argomenti.	A biblioteca contém livros sobre diversos assuntos.	The library has books on miscellaneous subjects	La biblioteca té llibres sobre diversos temes.	La biblioteko havas librojn pri diversaj temoj.	Le bibliotheca ha libros super subjectos diverse.	9
04122	Adjectives	moderate	mäßig	moderado(a)	modéré(e)	moderato	moderado(a)	moderat(ada)	modera	moderate	Mäßiger Alkoholkonsum verringert das Risiko schwerer Erkrankungen	El consumo moderado de alcohol reduce el riesgo de enfermedades graves	Une consommation modérée d'alcool réduit les risques de maladies graves	Un consumo moderato di alcool riduce i rischi di malattie gravi	Um consumo moderado de álcool reduz os riscos de doenças graves	Moderate alcohol consumption reduces the risk of serious diseases	El consum moderat d'alcohol redueix el risc de malalties greus.	Modera alkoholkonsumo reduktas la riskon de gravaj malsanoj.	Le consumo moderate de alcohol reduce le risco de maladias grave.	9
04123	Verbs	to realize	sich klar werden; realisieren	darse cuenta (de algo)	se rendre compte	rendersi conto (di/che)	dar-se conta	adonar-se (d'alguna cosa)	konsciiĝi pri	render se conto de alco	Ich hoffe, er wird sich bald überseine Fehler klar	Espero que se dé cuenta rápidamente de sus errores.	J'espère qu'il se rendra rapidement compte de ses erreurs.	Spero si renderà prestoconto dei suoi errori.	Espero que ele se dê conta de seus erros rapidamente.	I hope he'llrealize his mistakes soon	Espero que s'adoni aviat dels seus errors.	Mi esperas, ke li baldaŭ konsciiĝos pri siaj eraroj.	Io spera que ille se rendera conto rapidemente de su errores.	9
04124	Verbs	to promise, to pledge to do something	versprechen, sich für etwas verpflichten	prometer, comprometerse a hacer algo	promettre, s'engager à faire quelque chose	promettere, impegnarsi a fare qualcosa	prometer, comprometer-se a fazer algo	prometre, comprometre's a fer alguna cosa	promesi, sin devontigi fari ion	promitter	Victor versprach, seinen Freund beim Spielanzufeuern	Víctor ha prometido apoyar a su amigo durante el partido	Victor a promis de soutenir son ami pendant le match	Victor ha promesso di sostenere il suo amico durante la partita	Victor prometeu apoiar seu amigo durante a partida	Victor promised to cheer on his friend during the game	En Víctor va prometre donar suport al seu amic durant el partit.	Viktoro promesis subteni sian amikon dum la matĉo.	Victor ha promittite incoragiar su amico durante le partita.	9
04125	Verbs	to whisper	flüstern	susurrar, murmurar	chuchoter, murmurer	sussurrare	sussurrar	xiuxiuejar, murmurar	flustri	susurrar	Tom flüstert seinem Nachbarn ins Ohr	Tom susurra al oído de su vecino	Tom chuchote à l'oreille de son voisin	Tom sussurra all'orecchio del vicino.	Tom sussurra no ouvido do seu vizinho.	Tom whispers into his neighbor's ear	En Tom xiuxiueja a l'orella del seu veí.	Tom flustras en la orelon de sia najbaro.	Tom susurra in le aure de su vicino.	9
04126	Verbs	to value	schätzen	valorar	estimer, donner de la valeur	valutare, stimare	estimar, avaliar	valorar	valorigi	valutar	Der Makler hat letztes Jahr den Wert unseres Hauses geschätzt, bevor wir es verkauft haben.	El agente inmobiliario valoró nuestra casa el año pasado antes de venderla	L'agent immobilier a estimé le prix de notre maison l'année dernière avant que nous la vendions.	L'agente immobiliare ha valutato la nostra casa l'anno scorso prima che la vendessimo	O corretor imobiliário avaliou nossa casa no ano passado, antes que a vendêssemos	The real estate agent valued our house last year before we sold it	L'agent immobiliari va valorar la nostra casa l'any passat abans de vendre-la.	La nemoveblaĵisto valorigis nian domon pasintjare antaŭ ol ni vendis ĝin.	Le agente immobiliari valutava nostre casa le anno passate ante que nos le vendeva.	9
04127	Verbs	to stumble, to trip	stolpern	tropezar	trébucher	inciampare	tropeçar	ensopegar	stumbli	titubar	Der Wanderer sah den Stein nicht und stolperte	El caminante no vio la piedra y tropezó	Le randonneur n'a pas vu la pierre et a trébuché	L'escursionista non ha visto la pietra ed è inciampato	O caminhante não viu a pedra e tropeçou	The hiker didn't see the rock and tripped	El caminant no va veure la pedra i va ensopegar.	La migranto ne vidis la ŝtonon kaj stumblis.	Le excursionista non videva le petra e titubava.	9
04128	Verbs	to affect	treffen  (Gefühl)	afectar	affecter	riguardare, toccare	afetar	afectar	afekti	affectar	Der Tod seiner Großmutter hat ihn sehr getroffen	Ha estado muy afectado por la muerte de su abuela	Il a été très affecté par le décès de sa grand-mère	È stato molto toccato dalla morte di sua nonna	Amorte da sua avó o afetou muito	He was very affected by the death of his grandmother	La mort de la seva àvia el va afectar molt.	La morto de lia avino tre afektis lin.	Ille esseva multo affectate per le morte de su granmatre.	9
04129	Verbs	to track (down)	verfolgen, aufspüren	rastrear	suivre la trace de	seguire le tracce di	rastrear	rastrejar	spuri	traciar	Ich habe ihn verfolgt.	Yo lo rastreé	J'ai suivi sa trace	Ho seguito le sue tracce	Eu o rastreei	I tracked him down	L'he rastrejat.	Mi spuris lin.	Io le traciava e trovava.	9
04130	Verbs	to cooperate	zusammenarbeiten	cooperar	coopérer	collaborare	cooperar	cooperar	kunlabori	cooperar	Es liegt in ihremInteresse zusammenzuarbeiten, wenn sie die Ersten sein möchten	Tienen mucho interés en cooperar ya que quieren ser los primeros	Ils ont tout intérêt à coopérer s'ils veulent être les premiers	Hanno tutto l'interesse a collaborare se vogliono essere i primi	Eles têm todo o interesse em cooperar, já que querem ser os primeiros	It is in their best interest to cooperate if they want to come in first	Tenen tot l'interès a cooperar si volen ser els primers.	Ili havas plenan intereson kunlabori se ili volas esti la unuaj.	Es in lor melior interesse cooperar si illes vole esser le primes.	9
04131	Verbs	to prove, to demonstrate	beweisen 	demostrar	démontrer	provare, dimostrare	demonstrar	demostrar, provar	pruvi, demonstri	demonstrar	Er will beweisen, dass seine Hypothese stichhaltig ist	Él quiere demostrar que su hipótesis es válida	Il veut démontrer que son hypothèse est valide	Vuole provare che la sua ipotesi è valida	Ele quer demonstrar que sua hipótese é válida	He wants to prove that his hypothesis is valid	Ell vol demostrar que la seva hipòtesi és vàlida.	Li volas pruvi, ke lia hipotezo estas valida.	Ille vole demonstrar que su hypothese es valide.	9
04132	Verbs	to oust	vertreiben 	derrocar, eliminar, expulsar	évincer, forcer quelqu'un à démissionner	costringere alle dimissioni, estromettere	expulsar, eliminar	derrocar, expulsar	forpeli	expeller	Er vertriebseine Konkurrenten	Él ha derrocadoa sus competidores	Il a évincé ses concurrents	Ha estromesso i suoi concorrenti	Ele eliminou seus concorrentes	He ousted his opponents	Ell ha derrocat els seus competidors.	Li forpelis siajn konkurantojn.	Ille expelleva su opponentes.	9
04133	Verbs	to dismiss	ausschließen , entlassen, wegschicken	despedir, excluir, desechar	congédier, exclure, écarter	congedare, scartare	despedir, excluir, dispensar	acomiadar, descartar	eksigi, forsendi	dimitter	Als er die Neuigkeit erfährt, schickt er schnell seine Gäste weg	Al escuchar la noticia, él rápidamente despide a sus invitados	En apprenant la nouvelle, il congédie rapidement ses invités	Apprendendo la notizia, congeda rapidamente i suoi invitati	Ao se inteirar da notícia, ele rapidamente dispensa seus convidados	Upon hearing the news, he quickly dismisseshis guests	En assabentar-se de la notícia, acomiada ràpidament els seus convidats.	Aŭdinte la novaĵon, li rapide forsendas siajn gastojn.	Al audir le novas, ille rapidemente dimitte su invitatos.	9
04134	Verbs	to differ	abweichen	diferir	différer	differire	diferir	diferir	diferenci	differer	Diese Themen weichen zu sehr voneinander ab	Estos temas difieren demasiado entre sí	Ces sujets diffèrent trop l'un de l'autre	Questi argomenti differiscono troppo l'uno dall'altro	Esses assuntos diferem muito uns dos outros	These subjects differ too much from one another	Aquests temes difereixen massa entre si.	Ĉi tiuj temoj tro diferencas unu de la alia.	Iste themas differe troppo inter se.	9
04135	Verbs	to enforce	durchsetzen	hacer cumplir, hacer respetar	appliquer, faire respecter	fare rispettare	fazer cumprir, impor	fer complir, fer respectar	plenumi	facer observar	Die Polizeibeamten setzen die Gesetze durch	La policía hace cumplir las leyes	Les policiers font respecter les lois	I poliziotti fanno rispettare la legge.	Os policiais fazem cumprir as leis.	Police officers enforce the laws	La policia fa complir les lleis.	La polico plenumas la leĝojn.	Le agentes de policia face observar le leges.	9
04136	Verbs	to drain	auslassen 	vaciar, drenar	drainer, vider	drenare, svuotare	drenar	buidar, drenar	malplenigi	vacuar	Er hat die Badewanne ausgelassen	Él ha vaciado la bañera	Il a vidé la baignoire	Ha svuotato la vasca.	Ele esvaziou a banheira.	He drained the bathtub	Ell ha buidat la banyera.	Li malplenigis la banujon.	Ille ha vacuate le banio.	9
04137	Verbs	to shrink [shrank, shrunk]	schrumpfen; einlaufen  	reducir, encoger	réduire, rétrécir	ridurre, restringere	encolher	encongir-se, reduir-se	ŝrumpi	contraher se	Mein T-Shirt ist beim Waschen eingelaufen.	Micamiseta se ha encogido en el lavado	Mon t-shirt a rétréci au lavage	La mia t-shirt si è ristretta con il lavaggio	Minha camiseta encolheu na lavagem	My t-shirt has shrunk in the wash	La meva samarreta s'ha encongit en rentar-la.	Mia ĉemizo ŝrumpis en la lavado.	Mi T-shirt se ha contrahite in le lavage.	9
04138	Verbs	to wreck	ruinieren, zerstören	destrozar, destruir	ruiner, détruire	distruggere, rovinare	destruir	destrossar, destruir	ruinigi	destruer	Die Gerüchte zerstörten das Leben des Ministers	Los rumores han destrozado la vida del ministro	Les rumeurs ont détruit la vie du ministre	I pettegolezzi hanno rovinato la vita del ministro	Os boatos destruíram a vida do ministro	The rumors wrecked the minister's life	Els rumors han destrossat la vida del ministre.	La onidiroj ruinigis la vivon de la ministro.	Le rumores ha destruite le vita del ministro.	9
04139	Verbs	to evaporate	verdunsten, verdampfen	evaporarse	s'évaporer	evaporare	evaporar	evaporar-se	vaporiĝi	evaporar se	Wasser verdunstet und verwandelt sich in eine Wolke	El agua se evapora y luego se convierte en nube	L'eau s'évapore puis se transforme en nuage	L'acqua evapora e poi si trasforma in nuvola	A água evapora e, depois, se transforma em nuvem	Water evaporates and then turns into a cloud	L'aigua s'evapora i després es converteix en un núvol.	La akvo vaporiĝas kaj poste fariĝas nubo.	Le aqua se evapora e postea deveni un nube.	9
04140	Verbs	to urge (on)	antreiben , ermutigen	animar, incitar	inciter, encourager	incitare, incoraggiare	instigar, encorajar	animar, incitar	instigi	incitar	Elena ermutigt ihre Freundin sich beim Wettbewerb anzumelden	Elena anima a su amiga a participar en el concurso.	Elena encourage son amie à s'inscrire au concours.	Elena incoraggia la sua amica ad iscriversi al concorso.	Elena encoraja sua amiga a se inscrever no concurso.	Elena urges her friend to sign up for the contest	L'Elena anima la seva amiga a inscriure's al concurs.	Elena instigas sian amikinon enskribiĝi en la konkurso.	Elena incita su amica a inscriber se al concurso.	9
04141	Verbs	to inject	spritzen, injizieren	inyectar	injecter	iniettare	injetar	injectar	injekti	injectar	Die Schlange injiziiert der Maus Gift	La serpiente inyecta veneno al ratón.	Le serpent injecte du poison à la souris	Il serpente inietta del veleno nel topo.	A cobra injeta veneno no rato.	The snake injects venom into the mouse	La serp injecta verí al ratolí.	La serpento injektas venenon en la muson.	Le serpente injecta veneno in le mus.	9
04142	Verbs	to process	bearbeiten	procesar	traiter, transformer	processare	processar	processar	prilabori	processar	Die Bank bearbeitet gerade unseren Kreditantrag	El banco está procesando nuestra solicitud de préstamo	La banque est en train de traiter notre demande de prêt	La banca sta processando la nostra richiesta di prestito	O banco está processando nosso pedido de empréstimo	The bank is processing our loan application	El banc està processant la nostra sol·licitud de préstec.	La banko prilaboras nian pruntpeton.	Le banco processa nostre requesta de presto.	9
04143	Verbs	to broadcast	übertragen  (Radio, TV)	emitir, transmitir (radio, televisión...)	émettre, diffuser (radio, TV…)	trasmettere (radio, TV...)	transmitir	emetre, transmetre (ràdio, TV)	elsendi (radio, TV)	transmitter	Manchmal überträgt das Radio interessante Sendungen.	La radio a veces emite programas interesantes.	La radio diffuse parfois des émissions intéressantes.	A volte la radio trasmette programmi interessanti.	A rádio às vezes transmite programas interessantes.	Sometimes the radio broadcasts interesting shows	De vegades la ràdio emet programes interessants.	Kelkfoje la radio elsendas interesajn programojn.	A vices le radio transmitte programmas interessante.	9
04144	Nouns	genius	das Genie 	el genio	le génie	il genio	o gênio	el geni (els genis)	geniulo	genio	Einstein wird als Genie angesehen	Einstein es considerado un genio	Einstein est considéré comme un génie	Einstein è considerato un genio	Einstein é considerado um gênio	Einstein is considered a genius	Einstein és considerat un geni.	Einstein estas konsiderata geniulo.	Einstein es considerate un genio.	9
04145	Nouns	clue, hint	der Hinweis , das Zeichen 	la pista, el indicio	l'indice 	l'indizio	o indício	la pista (les pistes), l'indici (els indicis)	indico	indicio	Der Kriminalbeamte sucht nach Hinweisen	El detective está en busca de pistas	Le détective est à la recherche d'indices	Il detective è alla ricerca di indizi.	O detetive está procurando indícios.	The detective is searching for clues	El detectiu busca pistes.	La detektivo serĉas indicojn.	Le detective cerca indicios.	9
04146	Nouns	consciousness	das Bewusstsein 	la consciencia	la conscience	la coscienza	a consciência	la consciència	konscio	conscientia	Wir wissen wenig über die Natur unseres Bewusstseins	Se sabe poco sobre la naturaleza de nuestra conciencia	On sait peu de chose sur la nature de notre conscience	Sappiamo molto poco sulla natura della nostra coscienza	Sabemos muito pouco sobre a natureza da nossa consciência	We know very little about the nature of our consciousness	Sabem molt poc sobre la naturalesa de la nostra consciència.	Ni scias tre malmulte pri la naturo de nia konscio.	Nos sape multo pauco super le natura de nostre conscientia.	9
04147	Nouns	compromise	der Kompromiss 	el compromiso, el acuerdo	le compromis , l'accord	il compromesso, l'accordo	o acordo, o compromisso	el compromís (els compromisos), l'acord (els acords)	kompromiso	compromisso	Wir müssen einen Kompromiss finden	Debemos llegar a un compromiso	Nous avons besoin d'atteindre un compromis	Dobbiamo raggiungere un compromesso	Nós precisamos chegar a um acordo	We need to reach a compromise	Hem d'arribar a un compromís.	Ni devas atingi kompromison.	Nos debe arrivar a un compromisso.	9
04148	Nouns	obligation, engagement	die Verpflichtung 	el compromiso	l'engagement 	l'obbligo 	a obrigação, o compromisso	l'engagement (els engaments), l'obligació (les obligacions)	devontigo	compromisso	Das ist ein Angebot ohne Verpflichtung	Es una oferta sin ningún compromiso	C'est une offre sans engagement	È un'offerta senza obbligo	É uma oferta sem nenhum compromisso	It's a no-obligation offer	És una oferta sense cap compromís.	Ĝi estas sen-devontiga oferto.	Isto es un offerta sin ulle compromisso.	9
04149	Nouns	conference, lecture 	die Konferenz 	la conferencia 	la conférence	la conferenza	a conferência	la conferència (les conferències)	konferenco	conferentia	Viele Menschen interessierten sich für die Konferenz.	Había muchas personas interesadas en la conferencia	La conférence a intéressé beaucoup de monde	La conferenza è stata interessante per molte persone.	Muitas pessoas se interessaram pela conferência	Many people were interested in the lecture	Molta gent estava interessada en la conferència.	Multaj homoj interesiĝis pri la prelego.	Multe personas esseva interessate in le conferentia.	9
04150	Nouns	brick	der Ziegelstein 	el ladrillo	la brique	il mattone	o tijolo	el maó (els maons)	briko	latere	Das Dach ist aus Ziegelsteinen gemacht	El techo está hecho de ladrillo	Le toit est fait en brique.	Il tetto è fatto di mattoni.	O telhado é feito de tijolos.	The roof is made of brick	La teulada està feta de maons.	La tegmento estas farita el brikoj.	Le tecto es facite de lateres.	9
04151	Nouns	coal	die Kohle 	el carbón	le charbon	il carbone	o carvão	el carbó	karbo	carbon	Kohle wird heutzutage nicht sehr viel verwendet.	El carbón ya no se usa demasiado en la actualidad.	Le charbon n'est plus trop utilisé aujourd'hui.	Il carbone non è più molto usato oggi.	O carvão já não é muito usado hoje em dia.	Coal isn't used very much today	El carbó ja no s'utilitza gaire avui dia.	Karbo ne plu estas multe uzata hodiaŭ.	Le carbon non es multo usate hodie.	9
04152	Nouns	colony	die Kolonie 	la colonia	la colonie	la colonia	a colônia	la colònia (les colònies)	kolonio	colonia	Viele afrikanische Länder waren einst europäische Kolonien.	Muchos países africanos fueron colonias europeas	Beaucoup de pays africains étaient d'anciennes colonies européennes.	Molti paesi africani un tempo erano colonie europee.	Muitos países africanos já foram colônias europeias.	Many African countries were once European colonies	Molts països africans van ser antigament colònies europees.	Multaj afrikaj landoj iam estis eŭropaj kolonioj.	Multe paises african esseva olim colonias europee.	9
04153	Nouns	cork	der Korken 	el corcho	le bouchon (en liège)	il tappo (di sughero)	a rolha	el suro	korko	suber	Sei vorsichtig, der Korken wird wieder in der Flasche steckenbleiben	¡Cuidado! ¡Vas a volver a atascar el corcho en la botella de vino!	Attention, tu vas encore bloquer le bouchon dans la bouteille de vin !	Stai attento, bloccherai di nuovo il tappo nella bottiglia di vino!	Cuidado. Você vai fazer a rolha ficar presa na garrafa de vinho outra vez!	Be careful, you're going to get the cork stuck in the wine bottle again!	Ves amb compte, tornaràs a encallar el suro a l'ampolla de vi!	Atentu, vi denove blokos la korkon en la vinbotelo!	Sia caute, tu va de novo blocar le tappo de suber in le bottilia de vino!	9
04154	Nouns	harvest	die Ernte 	la cosecha	la récolte	il raccolto	a colheita	la collita (les collites)	rikolto	recolta	Die Ernte von Tomaten findet den ganzen Sommer statt	La cosecha de tomate se realiza durante todo el verano	La récolte des tomates se fait tout l'été	Il raccolto dei pomodori si fa per tutta l'estate	A colheita dos tomates é feita durante todo o verão	The tomato harvest takes place all summer long	La collita de tomàquets es fa durant tot l'estiu.	La tomatorikolto okazas dum la tuta somero.	Le recolta de tomates se face durante tote le estate.	9
04155	Nouns	feather	die Feder 	la pluma	la plume	la piuma	a pluma, a pena	la ploma (les plomes)	plumo	pluma	Er hob die Feder vom Boden auf.	Cogió la pluma del suelo	Il ramassela plume qui était par terre.	Raccoglie la piuma che era in terra.	Ele pegou a pena do chão	He picked the feather up from the ground	Va agafar la ploma de terra.	Li prenis la plumon de la tero.	Ille prendeva le pluma ab le solo.	9
04156	Nouns	fuel	der Brennstoff  	el combustible	le combustible	il combustibile, il carburante	o combustível	el combustible (els combustibles)	brulaĵo	combustibile	Holz ist eine Art Brennstoff	La madera es un combustible	Le bois est un combustible.	Il legno è un combustibile.	A madeira é um tipo de combustível.	Wood is a type of fuel	La fusta és un tipus de combustible.	Ligno estas speco de brulaĵo.	Le ligno es un combustibile.	9
04157	Nouns	gas	das Gas 	el gas	le gaz	il gas	o gás	el gas (els gasos)	gaso	gas	Der Herd funktioniert mit Gas	La cocina funciona con gas.	La cuisinière fonctionne avec du gaz.	La cucina funziona a gas.	O fogão funciona com gás.	The stove uses gas	La cuina funciona amb gas.	La kuirforno funkcias per gaso.	Le estufa functiona con gas.	9
04158	Nouns	inch	der Zoll (Maßeinheit) 	la pulgada (medida)	le pouce (mesure)	il pollice (misura)	a polegada	la polzada (les polzades)	colo	pollice	Die Holzleiste ist einen halben Zoll breit	La viga mide media pulgada de ancho	La poutre en bois a une épaisseur d'un demi-pouce.	La trave di legno ha uno spessore di mezzo pollice.	A viga de madeira tem meia polegada de espessura.	The wood beam is half an inch wide	La biga de fusta fa mitja polzada d'ample.	La ligna trabo larĝas duoncolon.	Le trabe de ligno ha un largor de medie pollice.	9
04159	Nouns	jury	die Geschworenen 	el jurado	le jury	la giuria	o jurado	el jurat (els jurats)	ĵurio	juratos	Die Geschworenen hören den Argumenten aller Anwälte genau zu	El jurado escucha con atención a los abogados de ambas partes	Le jury écoute attentivement les avocats des deux partis.	La giuria ascolta attentamente gli avvocati delle due parti.	O jurado escuta atentamente os advogados de ambas as partes.	The jury listens carefully to each lawyer's argument	El jurat escolta atentament els arguments dels advocats de les dues parts.	La ĵurio atente aŭskultas la argumentojn de ĉiu advokato.	Le juratos ascolta attentemente le argumentos de cata advocato.	9
04160	Nouns	mercy	die Gnade 	la clemencia	la clémence	la misericordia, la clemenza	a misericórdia	la clemència, la pietat	kompato	clementia	Der Gefangene bat den Richter um Gnade.	El prisionero pidió clemencia al juez	Le prisonnier a demandé la clémence du juge.	Il prigioniero ha chiesto la clemenza del giudice.	O prisioneiro pediu misericórdia ao juiz.	The prisoner begged the judge for mercy	El presoner va demanar clemència al jutge.	La malliberulo petegis la juĝiston pri kompato.	Le prisionero supplicava le judice pro clementia.	9
04161	Nouns	mile	die Meile 	la milla (=1609 metros)	le mile(=1609 mètres)	il miglio/le miglia(=1609 metri)	a milha (=1609 metros)	la milla (les milles)	mejlo	milia	Er rann5 Meilen, bevor er vor Erschöpfung zusammenbrach	Corrió 5 millas antes de desmayarse por el agotamiento.	Il a parcouru 5 miles avant de tomber de fatigue.	Ha percorso 5 miglia prima di crollare per la fatica.	Ele percorreu 5 milhas antes de cair de cansaço.	He ran five miles before collapsing from exhaustion	Va córrer 5 milles abans de desmaiar-se per l'esgotament.	Li kuris kvin mejlojn antaŭ ol sveni pro elĉerpiĝo.	Il curreva cinque millias ante collaber de exhaustion.	9
04162	Nouns	officer	der Offizier 	el oficial	l'officier 	l'ufficiale	o oficial	l'oficial (els oficials)	oficiro	officiero	Der Offizier befehligte seine Truppen.	El oficial estaba al mando de sus tropas.	L'officier commandait ses troupes.	L'ufficiale comandava le sue truppe.	O oficial comandava suas tropas.	The officer commanded his troops	L'oficial comandava les seves tropes.	La oficiro komandis siajn trupojn.	Le officiero commandava su truppas.	9
04163	Nouns	parade	die Parade 	el desfile, la formación	le défilé	la sfilata, la parata	o desfile	la desfilada (les desfilades)	parado	parada	Wir sind in der ersten Reihe, um die Parade zu sehen.	Estamos en primera fila para ver el desfile.	Nous sommesau premier rang pour voir le défilé.	Siamo in prima fila per vedere la parata.	Estamos na primeira fila para ver o desfile.	We're in the front row to watch the parade	Estem a primera fila per veure la desfilada.	Ni estas en la unua vico por spekti la paradon.	Nos es in le prime fila pro vider le parada.	9
04164	Nouns	parliament	das Parlament 	el parlamento	le parlement	il parlamento	o parlamento	el parlament (els parlaments)	parlamento	parlamento	Die Minister hatten ein Treffen im Parlament	Los ministros se reunieron en el parlamento.	Les ministres avaient rendez-vous au parlement.	I ministri avevano una riunione in parlamento.	Os ministros se reuniram no parlamento.	The ministers had a meeting at Parliament	Els ministres es van reunir al parlament.	La ministroj kunvenis en la parlamento.	Le ministros se reuniva in le parlamento.	9
04165	Nouns	pint	der Schoppen , die Pinte  (0.57 Liter)	la pinta (GB = 0.57 l, US = 0.47 l)	la pinte (GB = 0.57 Litre, US = 0.47 Litre)	la pinta (GB = 0.57 Litri, US = 0.47 Litri)	o quartilho (GB = 0.57 l, US = 0.47 l)	la pinta (les pintes)	pindo	pinta	Er trank eine Pinte Bier	Él bebió una pinta de cerveza	Il a bu une pinte de bière	Ha bevuto una pinta di birra	Ele bebeu um quartilho de cerveja	He drank a pint of beer	Va beure una pinta de cervesa.	Li trinkis pindon da biero.	Ille bibeva un pinta de bira.	9
04166	Nouns	pound	das Pfund  (= 453,6g)	la libra (=453.6g)	la livre (=453.6g)	la libbra (=453.6g)	a libra	la lliura (les lliures)	funto	libra	Er hat zwei Pfund Butter zum Kuchenbacken gekauft	Él compró dos libras de mantequilla para hacer pasteles	Il a acheté deux livres de beurre pour faire des gâteaux	Ha comprato due libbre di burro per fare dei dolci	Ele comprou duas libras de manteiga para fazer bolos	He bought two pounds of butter for baking cakes	Va comprar dues lliures de mantega per fer pastissos.	Li aĉetis du funtojn da butero por baki kukojn.	Ille comprava duo libras de butyro pro cocer tortas al furno.	9
04167	Nouns	rubber	der Gummi , der Kautschuk 	el caucho	le caoutchouc	la gomma	a borracha	el cautxú, la goma (les gomes)	kaŭĉuko	cauchu	Kautschuk ist grundsätzlich ein natürlich vorkommendes Material	El caucho es básicamente un material natural	Le caoutchouc est à la base une matière naturelle	La gomma alla base è un materiale naturale	A borracha é essencialmente um material natural	Rubber is essentially a naturally occurring material	El cautxú és bàsicament un material natural.	Kaŭĉuko estas esence nature okazanta materialo.	Cauchu es essentialmente un material natural.	9
04168	Nouns	structure	die Struktur 	la estructura	la structure	la struttura	a estrutura	l'estructura (les estructures)	strukturo	structura	Die Struktur hielt für mehr als 80 Kinder	La estructura ha acogidoa más de 80 niños	La structure a accueilli plus de 80 enfants	La struttura ha accolto più di 80 bambini	A estrutura acolheu mais de 80 crianças	The structure held more than 80 children	L'estructura va acollir més de 80 nens.	La strukturo tenis pli ol 80 infanojn.	Le structura contineva plus de 80 infantes.	9
04169	Nouns	troop	die Truppe 	la tropa, el grupo	la troupe, le groupe	la truppa	a tropa, o grupo	la tropa (les tropes), el grup (els grups)	trupo	truppa	Die Truppen der Soldaten befreiten die Stadt.	Las tropas de soldados liberaron la ciudad.	Les troupes de soldats ont libéré la ville.	Le truppe dei soldati hanno liberato la città.	As tropas de soldados libertaram a cidade.	The troops of soldiers liberated the city.	Les tropes de soldats van alliberar la ciutat.	La trupoj de soldatoj liberigis la urbon.	Le truppas de soldatos liberava le citate.	9
04170	Cooking	to boil	kochen; aufkochen	hervir	faire bouillir	bollire	ferver	bullir	boli	bullir										9
04171	Cooking	to beat [beat, beaten], to whip (eggs)	(Eier) schlagen	batir (los huevos)	battre (les oeufs)	sbattere (le uova)	bater (os ovos)	batre (els ous)	bati (ovojn)	batter										9
04172	Cooking	to chill, to cool	abkühlen	enfriar, refrescar	refroidir, rafraichir	raffreddare, rinfrescare	esfriar, resfriar	refredar	malvarmigi	refrigerar, refrescar										9
04173	Cooking	to drain (dishes, food)	abtropfen	escurrir	égoutter	scolare	escorrer	escórrer	dreni	colar, escolar										9
04174	Cooking	to brown	überbacken, gratinieren	gratinar	gratiner	gratinare	gratinar	gratinar	gratini	gratinar										9
04175	Cooking	to melt	schmelzen	fundir, derretir	fondre	fondere	derreter	fondre, desfer	fandi	funder										9
04176	Cooking	lemon squeezer	die Zitronenpresse 	el exprimidor de limones	le presse-agrumes	lo spremiagrumi	o espremedor de limão	l'espremedora de llimones (les espremedores de llimones)	citronpremilo	exprimitor de citros										9
04177	Home & Furniture	sideboard	das Büfett 	el aparador	le buffet 	la credenza	o aparador	l'aparador (els aparadors)	bufedo	buffet										9
04178	Personal care	to crash (in one's bed)	ins Bett fallen	ir directo a la cama	s'échouer dans son lit, s'affaler	crollare a letto	cair na cama	anar directe al llit	fali en la liton	ir directemente al lecto	Nach diesem Arbeitstag bin ich ins Bett gefallen	Después de una jornada de trabajo, me fui directo a la cama	Après la journée de travail, je me suis affalé dans mon lit	Dopo la giornata di lavoro, sono crollato a letto	Após o dia de trabalho, eu caí na cama	After the workday, I crashed in my bed	Després de la jornada de treball, vaig anar directe al llit.	Post la labortago, mi falis en mian liton.	Post un jornata de labor, io vadeva directemente al lecto.	9
04179	Car Maintenance	gearbox	das Getriebe 	la caja de cambios 	la boîte de vitesses	il cambio	a caixa de marcha	la caixa de canvis (les caixes de canvis)	rapidumskatolo	cassa de cambios										9
04180	Car Maintenance	clutch	die Kupplung 	el embrague 	l'embrayage 	la frizione	a embreagem	l'embragatge (els embragatges)	kluĉilo	accopulamento										9
04181	Car Maintenance	accelerator	das Gaspedal 	el acelerador 	l'accélérateur 	l'acceleratore	o acelerador	l'accelerador (els acceleradors)	akcelilo	accelerator										9
04182	Car Maintenance	windshield (US), windscreen (UK)	die Windschutzscheibe 	el parabrisas 	le pare-brise	il parabrezza	o pára-brisas	el parabrisa (els parabrises)	antaŭa glaco	parabrisa										9
04183	Car Maintenance	windshield wiper (US), windscreen wiper (UK)	der Scheibenwischer 	el limpiaparabrisas 	l'essuie-glace 	il tergicristallo	o limpa-vidros	l'eixugaparabrises (els eixugaparabrises)	glacoviŝilo	essugavitros										9
04184	Car Maintenance	battery	die Batterie 	la batería 	la batterie	la batteria	a bateria	la bateria (les bateries)	baterio	batteria										9
04185	Car Maintenance	fan belt	der Keilriemen 	la correa del ventilador 	la courroie du ventilateur	la cinghia della ventola	a correia do ventilador	la corretja del ventilador (les corretges del ventilador)	ventolila rimeno	cinctura del ventilator										9
04186	Car Maintenance	spark plug	die Zündkerze 	la bujía 	la bougie d'allumage	la candela di accensione	a vela	la bugia (les bugies)	sparkilo	candela de ignition										9
04187	Car Maintenance	exhaust pipe	das Auspuffrohr 	el tubo de escape 	le pot d'échappement	il tubo di scappamento, la marmitta	o tubo de escapamento	el tub d'escapament (els tubs d'escapament)	ellastubo	tubo de escappamento										9
04188	Car Maintenance	spare part	das Ersatzteil 	la pieza de repuesto / el recambio 	la pièce de rechange	il ricambio, il pezzo di ricambio	a peça de reposição	la peça de recanvi (les peces de recanvi), el recanvi (els recanvis)	rezerva parto	pecia de recambio										9
04189	Car Maintenance	bumper	die Stoßstange 	el parachoques 	le pare-chocs	il paraurti	o pára-choques	el para-xocs (els para-xocs)	bufro	paracolpos										9
04190	Car Maintenance	oil (for a car)	das Öl  (Ölwechsel)	el aceite 	l'huile  (de vidange)	l'olio (del motore)	o óleo	l'oli (per a un cotxe) (els olis)	oleo (por aŭto)	oleo										9
04191	Car Maintenance	to change / check the oil	das Öl wechseln/kontrollieren	cambiar / revisar el aceite 	changer / vérifier l'huile	cambiare / verificare l'olio	trocar o óleo	canviar / revisar l'oli	ŝanĝi / kontroli la oleon	cambiar / verificar le oleo										9
04192	Car Maintenance	antifreeze	das Frostschutzmittel 	el anticongelante 	l'antigel 	l'antigelo	o anticongelante	l'anticongelant (els anticongelants)	kontraŭfrostilo	anticongelante										9
04193	Car Maintenance	puncture (in a tire)	die Reifenpanne	el pinchazo 	la crevaison	la foratura, la bucatura	o furo (em um pneu)	la punxada (en un pneumàtic) (les punxades)	trapikiĝo (en pneŭo)	punctura										9
04194	Craft	pitcher, carafe	der Krug 	la jarra 	la carafe	la brocca	o jarro	la gerra (les gerrres)	kruĉo	carrafa										9
04195	Craft	tin	das Zinn 	el estaño	l'étain 	lo stagno	o estanho	l'estany	stano	stanno										9
04196	Craft	silk	die Seide 	la seda	la soie	la seta	a seda	la seda	silko	seta										9
04197	Art & Museums	baroque	barock	Barroco	baroque	barocco	barroco	barroc	baroka	baroc										9
04198	Art & Museums	impressionist	Impressionist	impresionista	impressionniste	impressionista	impressionista	impressionista	impresionisma	impressionista										9
04199	Art & Museums	Renaissance (style)	die Renaissance (Stil)	el Renacimiento (movimiento cultural)	(style de la) renaissance	Rinascimento (stile)	O Renascimento (movimento cultural)	el Renaixement (estil)	Renesanco (stilo)	renascentia										9
04200	Nature	sunrise	der Sonnenaufgang	el amanecer	le lever de soleil	l'alba	o nascer do sol	la sortida de sol (les sortides de sol), l'alba	sunleviĝo	levar del sol										9
04201	Nature	sunset	der Sonnenuntergang	la puesta de sol	le coucher de soleil	il tramonto	o pôr do sol	la posta de sol (les postes de sol), el capvespre (els capvespres)	sunsubiro	poner del sol										9
04202	Entertainment	circus	der Zirkus 	el circo	le cirque	il circo	o circo	el circ (els circs)	cirko	circo										9
04203	Outdoor Activities	skydiving 	das Fallschirmspringen	el paracaidismo 	le parachutisme	il paracadutismo	o paraquedismo	el paracaigudisme	paraŝutado	paracaditismo										9
04204	Outdoor Activities	paragliding	das Gleitschirmfliegen	el parapente	le parapente	il parapendio	o parapente	el parapent (els parapents)	parapentado	parapente										9
04205	Outdoor Activities	to go canoeing 	Kanu fahren	hacer piragüismo	faire du canoë 	andare in canoa	praticar canoagem	fer piragüisme	kanuado	ir in canoa										9
04206	Introductions & Socializing	I'm gonna (I'm going to)...	Ich werde... 	Estoy por... 	J'vais... 	Sto per...	(Eu) vou...	Vaig a...	Mi tuj...	io va...	Ich werde eben zum Laden laufen, Kippen holen	Estoy por ir corriendo a la tienda para comprar tabaco	J'vais courir au magasin pour des clopes	Sto per correre al negozio per le sigarette	Eu vou correr até a loja para comprar cigarro	I'm gonna run to the store for smokes	Vaig a córrer a la botiga a comprar tabac.	Mi tuj kuros al la vendejo por cigaredoj.	Io va currer al boteca pro comprar tabaco.	9
04207	Introductions & Socializing	I gotta (I have got to, I have to) 	Ich muss	Tengo que	J'dois	Devo	(Eu) devo...	He de...	Mi devas...	Io debe	Ich muss bald zu einem Konzert gehen	Tengo que ir a un concierto dentro de poco	J'dois aller à un concert bientôt	Devo andare ad un concerto tra poco	Eu devo ir a um concerto em breve	I gotta go to a concert some time soon	He d'anar a un concert aviat.	Mi devas iri al koncerto baldaŭ.	Io debe vader a un concerto intra poco tempore.	9
04208	Expressions & Emotions	Hit the road!	Verzieh dich!, Hau ab!	¡Vete!, ¡Lárgate!	Dégage !	Sparisci!	Se mande!	Ves-te'n!, Toca el dos!	Foriru!	Vade via!	Verzieh dich Jack, und komm nie mehr zurück!	¡Vete Jack y no vuelvas!	Dégage, Jack et ne reviens jamais !	Sparisci Jack, e non tornare più!	Se mande, Jack, e não volte nunca mais!	Hit the road Jack and don't you come back no more!	Ves-te'n, Jack, i no tornis mai més!	Foriru, Jack, kaj ne revenu plu!	Vade via, Jack, e non retorna jammais!	9
04209	Phrases of Speech	As for me, as for myself ...	Was mich betrifft...	En lo que me concierne	En ce qui me concerne	Per quanto mi riguarda	Quanto a mim... 	Pel que a mi respecta...	Koncerne min...	Quanto a me										9
04210	Phrases of Speech	To tell you the truth	um ehrlich zu sein	A decir verdad	À vrai dire	A dire il vero	Para dizer a verdade	A dir la veritat...	Por diri la veron...	A dicer le veritate										9
04211	Phrases of Speech	Between you and me	Zwischen dir und mir	Entre tú y yo	Entre toi et moi	Tra te e me	Entre você e eu	Entre tu i jo...	Inter vi kaj mi...	Inter te e me										9
04212	Phrases of Speech	All joking aside	Spaß beiseite	Bromas aparte	Blague à part	Scherzi a parte	Brincadeiras à parte	Bromes a part...	Ŝercojn flanken...	Jocos a parte										9
04213	Phrases of Speech	Well, then	Nun (also)	Bueno, entonces	Bon, alors	Bene, allora	Bem, então	Bé, doncs...	Nu, do...	Bon, alora										9
04214	Phrases of Speech	Well, as a matter of fact	Naja, tatsächlich ... / Ehrlich gesagt ...	Bueno, de hecho / a decir verdad	Bon, en fait / à vrai dire...	Beh, in realtà	Bem, na verdade	Bé, de fet...	Nu, fakte...	Bon, de facto										9
04215	Phrases of Speech	I must say that	Ich muss sagen, dass...	Debo decir que	Je dois dire que	Devo dire che	Devo dizer que	He de dir que...	Mi devas diri, ke...	Io debe dicer que										9
04216	Phrases of Speech	I presume that	Ich vermute, dass	Supongo que	Je suppose que	Suppongo che	Suponho que	Suposo que...	Mi supozas, ke...	Io presume que										9
04217	Phrases of Speech	I hope that	Ich hoffe, dass	Espero que	J'espère que	Spero che	Espero que	Espero que...	Mi esperas, ke...	Io spera que										9
04218	Phrases of Speech	I get the impression that	Ich habe den Eindruck, dass	Tengo la impresión que	J'ai l'impression que	Ho l'impressione che	Tenho a impressão que	Tinc la impressió que...	Mi havas la impreson, ke...	Io ha le impression que										9
04219	Phrases of Speech	I would like to think that...	Ich möchte gerne denken/annehmen, dass	Me gustaría pensar que...	J'aimerais penser que...	Mi piacerebbe pensare che...	Gostaria de pensar que...	M'agradaria pensar que...	Mi ŝatus pensi, ke...	Io volerea pensar que...										9
04220	Phrases of Speech	The way I see it is that...	So wie ich es sehe.../ Meiner Ansicht nach...	La manera como lo veo es que...	Selon moi.../La manière dont je le vois est que...	Per come la vedo io...	Da forma como vejo...	La manera com ho veig és que...	La maniero, kiel mi vidas ĝin, estas ke...	Le maniera in que io lo vide es que...										9
04221	Phrases of Speech	As you already know	Wie Sie schon wissen	Como usted ya sabe 	Comme vous le savez déjà	Come già sa	Como o(a) senhor(a) já sabe	Com ja saps...	Kiel vi jam scias...	Como vos jam sape										9
04222	Phrases of Speech	That is to say	Das heißt	Es decir	C'est-à-dire	Vale a dire	Quer dizer	És a dir...	Tio estas...	Isto es										9
04223	Phrases of Speech	That is why	Deshalb	Es por eso que	C'est pour cela que 	È per questo che	É por isso	És per això que...	Tial...	Es pro isto que										9
04224	Phrases of Speech	Let me see	Lass' mich sehen	Déjame ver	Laisse-moi voir	Lasciami vedere	Me deixa ver	Deixa'm veure	Lasu min vidi	Lassa me vider	Lass' mich sehen... es müsste diese Straße sein	Déjame ver... debe ser esta calle	Laisse-moi voir... cela devrait être cette rue	Lasciami vedere... dovrebbe essere questa strada	Me deixa ver... deve ser esta rua	Let me see... it should be this street	Deixa'm veure... hauria de ser aquest carrer.	Lasu min vidi... devus esti ĉi tiu strato.	Lassa me vider... debe esser iste strata	9
04225	Phrases of Speech	Mind you	Ich warne dich	Te prevengo	Je te préviens	Ti avviso	Te previno	Això sí, adverteixo	Atentu	Nota ben	Das ist ein außergewöhnliches Restaurant! Ich warne dich, es ist sehr teuer.	¡Es un restaurante fantástico! Te prevengo, es muy caro.	C'est un restaurant extraordinaire ! Je te préviens, il est très cher.	È un ristorante fantastico! Ti avviso, è molto caro.	É um restaurante fantástico, mas te previno, é muito caro!!	It's a fantastic restaurant! Mind you, it's very expensive.	És un restaurant fantàstic! Això sí, adverteixo que és molt car.	Ĝi estas bonega restoracio! Atentu, ĝi estas tre multekosta.	Illo es un restaurante phantastic! Nota ben, illo es multo costose.	9
04226	Phrases of Speech	Hold on / hang on	Warte mal / Bitte warte einen Moment	Espera	Attends	Aspetta	Espere	Espera't	Atendu	Attende	Warte mal, lassmich ausreden!	Espera, ¡déjame terminar con lo que tengo que decir!	Attends, laisse-moi finir ce que je dois dire!	Aspetta, fammi finire quello che devo dire!	Espere, deixe-me terminar o que tenho a dizer!	Hang on, let me finish what I have to say!	Espera't, deixa'm acabar el que he de dir!	Atendu, lasu min fini, kion mi devas diri!	Attende, lassa me finir lo que io ha a dicer!	9
04227	Phrases of Speech	As it were, so to speak	sozusagen	Por así decirlo	Pour ainsi dire	Per così dire	Digamos, por assim dizer	Per dir-ho d'alguna manera	por tiel diri	per assi dicer	Er lebt, sozusagen, in einer anderen Welt	El vive, por así decirlo, en otro mundo	Il vit, pour ainsi dire, dans un autre monde	Lui vive, per così dire, in un altro mondo	Ele vive, digamos, em um outro mundo.	He lives, so to speak, in another world	Ell viu, per dir-ho d'alguna manera, en un altre món.	Li vivas, por tiel diri, en alia mondo.	Ille vive, per assi dicer, in un altere mundo.	9
04228	Phrases of Speech	It goes without saying that... (we will help you)	Es versteht sich von selbst, dass...(wir dir helfen werden)	No hace falta decir que... (te ayudaremos)	Cela va sans dire que... (on va t'aider)	Non c'è bisogno di dire che... (ti aiuteremo)	É evidente que... (nós vamos ajudar)	No cal dir que... (t'ajudarem)	Estas memkompreneble, ke... (ni helpos vin)	Il va sin dicer que...										9
04229	Phrases of Speech	As it stands / as it is	im Augenblick / im aktuellen Zustand	Tal y como está	En l'état actuel	Allo stato attuale, tutto sommato	Desse jeito	Tal com està	kiel ĝi estas	tal como illo es	Der Artikel ist im aktuellen Zustand nicht so schlecht, aber ich würde gerne etwas Ausführlicheres haben	El artículo no es tan malo tal y como está, pero me gustaría algo más detallado	L'article n'est pas si mauvais en l'état actuel, mais j'aimerais quelque chose de plus détaillé	L'articolo non è tanto male allo stato attuale, ma mi piacerebbe qualcosa di più dettagliato	O artigo não está ruim desse jeito, mas gostaria de algo mais detalhado	The article isn't bad as it is, but I'd like something more detailed	L'article no està tan malament tal com està, però m'agradaria alguna cosa més detallada.	La artikolo ne estas malbona kiel ĝi estas, sed mi ŝatus ion pli detalan.	Le articulo non es mal tal como illo es, sed io volerea qualcosa plus detaliate.	9
04230	Conversational Fillers	that being said	abgesehen davon	dicho esto	cela dit	detto ciò	dito isso	dit això	dirite	isto dicite	Abgesehen davon würde ich das Land dennochgerne besuchen.	Dicho esto, todavía me encantaría visitar el país.	Cela dit, j'aimerais toujours visiter le pays.	Detto ciò, mi piacerebbe comunque visitare il paese.	Dito isso, eu ainda adoraria visitar o país.	That being said, I would still love to visit the country	Dit això, encara m'encantaria visitar el país.	Dirite, mi ankoraŭ amus viziti la landon.	Isto dicite, io ancora amarea visitar le pais.	9
04231	Conversational Fillers	firstly, first of all	erstens, zunächst einmal	en primer lugar, antes que nada	premièrement, avant tout	in primo luogo, prima di tutto	em primeiro lugar, antes de tudo	en primer lloc, primer de tot	unue, antaŭ ĉio	in prime loco, ante toto	Sammeln Sie zunächst alle Zutaten, die Sie benötigen.	En primer lugar, reúne todos los ingredientes que vayas a necesitar.	Avant tout, rassembleztous les ingrédients dont vous aurez besoin.	Prima di tutto, raccoglitutti gli ingredienti che ti serviranno.	Antes de tudo, reúna todos os ingredientes de que irá precisar.	First of all, gather all the ingredients you will need.	En primer lloc, reuneix tots els ingredients que necessitaràs.	Unue, kolektu ĉiujn ingrediencojn, kiujn vi bezonos.	In prime loco, collige tote le ingredientes que tu va necessitar.	9
04232	Information Sources	He said something like	Er sagte etwas wie	Él dijo algo como	Il a dit quelque chose comme	Ha detto qualcosa tipo	Ele disse algo como	Va dir una cosa com...	Li diris ion kiel...	Ille diceva alique como										9
04233	Information Sources	I recently read that...	Ich habe kürzlich gelesen, dass	Hace poco leí que	J'ai lu récemment que	Di recente ho letto che	Há pouco tempo, li que	Fa poc vaig llegir que...	Mi lastatempe legis, ke...	Recentemente io ha legite que										9
04234	Information Sources	I don't know if it's true, but I heard that	Ich weiß nicht ob es stimmt, aber ich habe gehört dass	No sé si es verdad, pero he oído que	Je ne sais pas si c'est vrai, mais j'ai entendu que	Non so se questo è vero, ma ho sentito che	Não sei se é verdade, mas escutei que	No sé si és veritat, però he sentit que...	Mi ne scias, ĉu estas vere, sed mi aŭdis, ke...	Io non sape si illo es ver, sed io ha audite que										9
04235	Agreeing Disagreeing	Why in the world...	Warum um alles in der Welt... 	¿Por qué demonios?, ¿Por qué diablos...?	Pourquoi diable...	Perché cavolo...	Por que diabos...	Per què diables...?	Kial diable...?	Proque le diabolo	Warum um alles in der Welt bist du dorthin gegangen?	¿Por qué diablos fuiste allí?	Pourquoi diable es-tu allé là-bas ?	Perché cavolo sei andato là?	Por que diabos você foi lá?	Why in the world did you go there?	Per què diables hi vas anar?	Kial diable vi iris tien?	Proque le diabolo tu vadeva illac?	9
04236	Agreeing Disagreeing	Finally, someone who thinks like me!	Endlich einer, der so denkt wie ich!	Finalmente, ¡alguien que piensa como yo!	Enfin quelqu'un qui pense comme moi !	Finalmente qualcuno che la pensa come me!	Finalmente, alguém pensa como eu!	Finalment, algú que pensa com jo!	Fine, iu kiu pensas kiel mi!	Finalmente, alicuno qui pensa como me!										9
04237	Agreeing Disagreeing	Without a doubt	Zweifellos/ Zweifelsohne	Sin duda alguna	Sans aucun doute	Senza alcun dubbio	Sem nenhuma dúvida	Sens dubte	Sendube	Sin ulle dubita										9
04238	Agreeing Disagreeing	On the other hand	andererseits	Por otra parte	D'autre part	D'altra parte	Por outro lado	D'altra banda...	Aliflanke...	De altere parte										9
04239	Agreeing Disagreeing	I am not really an expert, but	Ich bin wirklich kein Experte, aber	Yo no soy realmente un experto, pero	Je ne suis pas vraiment un expert, mais	Non sono veramente un esperto, ma	Eu não sou realmente um especialista, mas	No sóc realment un expert, però...	Mi ne estas vere fakulo, sed...	Io non es vermente un experto, sed										9
04240	Agreeing Disagreeing	If that is true	Wenn das stimmt/ Wenn das wahr ist	Si eso es cierto	Si c'est vrai	Se questo è vero	Se é certo	Si això és cert...	Se tio estas vera...	Si illo es ver										9
04241	Agreeing Disagreeing	That is generally true, but	Dies ist im Allgemeinen richtig, aber	Generalmente es verdad, pero	C'est généralement vrai, mais	Questo di solito è vero, ma	Geralmente é verdade, mas	Això és generalment cert, però...	Tio estas ĝenerale vera, sed...	Illo es generalmente ver, sed										9
04242	Agreeing Disagreeing	I think it's an exaggeration	Ich denke, das ist eine Übertreibung	Pienso que es una exageración	Je pense que c'est une exagération	Penso che sia un'esagerazione	Acho que é um exagero	Crec que és una exageració.	Mi pensas, ke tio estas troigo.	Io pensa que illo es un exaggeration										9
04243	Agreeing Disagreeing	I really can't believe that...	Ich kann wirklich nicht glauben, dass...	Verdaderamente no puedo creer que...	Je ne peux vraiment pas croire que...	Davvero non posso credere che...	Realmente não posso acreditar que...	Realment no puc creure que...	Mi vere ne povas kredi, ke...	Io vermente non pote creder que...										9
04244	Agreeing Disagreeing	Under no circumstances	Unter keinen Umständen	Bajo ninguna circunstancia , en ningún caso	En aucun cas	In nessun caso	De modo algum	Sota cap circumstància	Sub neniu cirkonstanco	Sub nulle circumstantia										9
04245	Agreeing Disagreeing	I'm sorry, but	Es tut mir Leid, aber	Lo siento, pero	Je suis désolé, mais	Mi dispiace, ma	(Eu) sinto muito, mas	Ho sento, però...	Pardonu, sed...	Io regretta, sed										9
04246	Agreeing Disagreeing	That is a matter of opinion	Das ist Ansichtssache	Es cuestión de opinión	C'est une question d'opinion	È una questione di opinioni	É uma questão de opinião	Això és una qüestió d'opinió.	Tio estas demando de opinio.	Illo es un question de opinion										9
04247	Connecting Ideas	Let’s get back to the issue under discussion, shall we?	Kommen wir zum Diskussionsthema zurück, in Ordnung?	Volvamos al tema del debate, ¿de acuerdo?	Revenons-en au sujet de discussion, d'accord?	Torniamo all'argomento in discussione, vuoi?	Vamos voltar à questão em debate, de acordo?	Tornem al tema de discussió, d'acord?	Ni revenu al la diskutata temo, ĉu bone?	Retorna nos al thema in discussion, non?										9
04248	Connecting Ideas	We don’t have time to go into that matter right now	Wir haben keine Zeit, um jetzt dieses Thema anzugehen	No tenemos tiempo para entrar en ese tema en este momento	Nous n'avons pas le temps d'aborder ce sujet en ce moment	Non abbiamo il tempo di trattare la questione ora	Nós não temos tempo de abordar este assunto neste momento	No tenim temps per entrar en aquest assumpte ara mateix.	Ni ne havas tempon nun por trakti tiun aferon.	Nos non ha tempore pro entrar in ille question justo nunc										9
04249	Connecting Ideas	I'm not very interested in that	Ich bin nicht wirklich daran interessiert	No estoy muy interesado en eso	Je ne suis pas très intéressé par cela	Non sono molto interessato a questo	Não estou muito interessado nisso	No m'interessa gaire això.	Mi ne tre interesiĝas pri tio.	Io non es multo interessate in illo										9
04250	Concluding Remarks	We're not going to solve all the world's problems now	Wir werden jetzt nicht alle Probleme dieser Welt lösen	No vamos a arreglar todos los problemas del mundo ahora	On ne va pas résoudre tous les problèmes du monde maintenant	Non risolveremo tutti i problemi del mondo adesso	(Nós) não vamos resolver todos os problemas do mundo agora	No solucionarem tots els problemes del món ara.	Ni ne solvos ĉiujn mondajn problemojn nun.	Nos non va solver ora tote le problemas del mundo										9
04251	Concluding Remarks	And one last thing	Und noch etwas	Y una última cosa	Et une dernière chose	E un'ultima cosa	E uma última coisa	I una última cosa...	Kaj unu lasta afero...	E un ultime cosa										9
04252	Concluding Remarks	That is all for today	Das ist alles für heute	Es todo por hoy	C'est tout pour aujourd'hui	È tutto per oggi	É tudo por hoje	Això és tot per avui.	Tio estas ĉio por hodiaŭ.	Isto es toto pro hodie										9
04253	Concluding Remarks	In summary, we can say that...	Zusammenfassend können wir sagen dass...	Para resumir, podemos decir que...	Pour résumer, nous pouvons dire que...	Riassumendo, possiamo dire che...	Em resumo, podemos dizer que...	En resum, podem dir que...	Resume, ni povas diri, ke...	In summario, nos pote dicer que...										9
04254	Hair & Beauty	to trim (the ends)	die Spitzen schneiden	cortar las puntas	tailler les pointes	tagliare le punte	cortar as pontas	tallar les puntes	tondi la pintojn	accurtar le punctas										9
04255	Hair & Beauty	just out of bed look	ein «Out of bed Style»; wie frisch aufgestanden	un look despeinado	un look «sorti du lit»	un look spettinato	um look «despenteado»	l'aspecte «despentinat»	ĵus el lito aspekto	un aspecto discapillate										9
04256	Hair & Beauty	anti-dandruff treatment	eine Anti-Schuppen-Behandlung/-Therapie	un tratamiento anticaspa	un traitement antipelliculaire	un trattamento anti-forfora	um tratamento anticaspa	el tractament anticaspa (els tractaments anticaspa)	kontraŭ-skvama traktado	un tractamento anti-furfure										9
04257	Hair & Beauty	I'd like my hair thinned	Ich würde meine Haare gern ausdünnen lassen	Quisiera aligerar mi cabello	Je voudrais désépaissir mes cheveux	Vorrei sfoltire i miei capelli	Eu gostaria de afinar meu cabelo.	Voldria aprimar-me els cabells.	Mi ŝatus maldikigi miajn harojn.	Io volerea que on attenua mi capillos										9
04258	Hair & Beauty	braid	ein (Haar)Zopf  	la trenza	la natte, la tresse	la treccia	a trança	la trena (les trenes)	harplektaĵo	tressa										9
04259	Hair & Beauty	gel	das Gel 	el gel	le gel	il gel	o gel	el gel (els gels)	ĝelo	gel										9
04260	Hair & Beauty	hairspray	das Haarspray 	la laca	la laque	la lacca	o laquê	la laca (les laques)	harlako	lacca										9
04261	Hair & Beauty	wax	das Wachs 	la cera	la cire	la cera	a cera	la cera (les ceres)	vakso	cera										9
04262	Hair & Beauty	wig	die Perücke 	la peluca	la perruque	la parrucca	a peruca	la perruca (les perruques)	peruko	perrucca										9
04263	Professions & Occupations	lawyer 	der Rechtsanwalt , die Rechtsanwältin 	el(la) abogado(a)	l'avocat(e)	l'avvocato(a)	o(a) advogado(a)	l'advocat (els advocats), l'advocada (les advocades)	advokato	advocato										9
04264	Professions & Occupations	actor (actress)	der/die Schauspieler(in) 	el actor (la actriz)	l'acteur (l'actrice)	l'attore (l'attrice)	o(a) ator (atriz)	l'actor (els actors), l'actriu (les actrius)	aktoro (aktorino)	actor; actrice										9
04265	Professions & Occupations	househusband, housewife, homemaker	(der) Hausmann, (die) Hausfrau 	el(la) amo(a) de casa	l'homme  au foyer, la femme au foyer	il casalingo, la casalinga	o(a) dono(a) de casa	l'amo (els amos) de casa, l'ama (les ames) de casa	dommastro(ino)	patrono de casa; ama de casa										9
04266	Professions & Occupations	architect	der (die) Architekt(in) 	el(la) arquitecto(a)	l'architecte	l'architetto(a)	o(a) arquiteto(a)	l'arquitecte (els arquitectes), l'arquitecta (les arquitectes)	arkitekto	architecto										9
04267	Professions & Occupations	artist	der/die Künstler(in) 	un(a) artista	l'artiste	l'artista	o(a) artista	l'artista (els artistes)	artisto	artista										9
04268	Professions & Occupations	stewardess/flight attendant	der/die Flugbegleiter(in) 	una azafata	l'hôtesse de l'air , le steward 	l'assistente di volo, l'hostess	o(a) comissário(a) de bordo	l'hostessa de vol (les hostesses de vol), l'assistent de vol (els assistents de vol)	stevardo(ino)	assistente de volo										9
04269	Professions & Occupations	librarian	der/die Bibliothekar(in) 	el(la) bibliotecario(a)	le(la) bibliothécaire	il(la) bibliotecario(a)	o(a) bibliotecário(a)	el bibliotecari (els bibliotecaris), la bibliotecària (les bibliotecàries)	bibliotekisto	bibliothecario										9
04270	Professions & Occupations	truck driver	der/die LKW-Fahrer(in) 	el(la) camionero(a)	le(la) camionneur(se)	il(la) camionista	o(a) caminhoneiro(a)	el camioner (els camioners), la camionera (les camioneres)	kamionisto	camionero										9
04271	Professions & Occupations	butcher	der Fleischer , der Metzger 	el(la) carnicero(a)	le boucher	il(la) macellaio(a)	o(a) açougueiro(a)	el carnisser (els carnissers), la carnissera (les carnisseres)	buĉisto	macellero										9
04272	Professions & Occupations	carpenter	der Zimmermann 	el(la) carpintero(a)	le charpentier	il(la) falegname	o(a) carpinteiro(a)	el fuster (els fusters), la fusterra (les fusteres)	ĉarpentisto	carpentero										9
04273	Professions & Occupations	postman (postwoman), mailman (mailwoman)	der (die) Briefträger(in) 	el(la) cartero(a)	le(la) facteur (factrice)	il(la) postino(a)	o(a) carteiro(a)	el carter (els carters), la cartera (les carteres)	poŝtisto	currero										9
04274	Professions & Occupations	surgeon	der/die Chirurg(in) 	el(la) cirujano(a)	le(la) chirurgien(ne)	il(la) chirurgo(a)	o cirurgião / a cirurgiã	el cirurgià (els cirurgians), la cirurgiana (les cirurgianes)	kirurgo	chirurgo										9
04275	Professions & Occupations	cook, chef (profession)	der Koch, die Köchin , der Chef 	el(la) cocinero(a)	le(la) cuisinier(ère)	il(la) cuoco(a)	o(a) cozinheiro(a)	el cuiner (els cuiners), la cuinera (les cuineres)	kuiristo	cocinero										9
04276	Professions & Occupations	dentist	(der) Zahnarzt/(die) Zahnärztin 	el(la) dentista 	le(la) dentiste	il(la) dentista	o(a) dentista	el dentista (els dentistes), la dentista (les dentistes)	dentisto	dentista										9
04277	Professions & Occupations	businessman (businesswoman) 	der Geschäftsmann, die Geschäftsfrau 	el hombre (la mujer) de negocios 	l'homme (la femme) d'affaires	l'uomo (la donna) d'affari	o homem (a mulher) de negócios	l'home (els homes) de negocis, la dona (les dones) de negocis	komercisto(ino)	persona de negotios										9
04278	Professions & Occupations	the soldier 	der(die) Soldat(in) 	el soldado (la mujer soldado) 	le soldat	il soldato (la soldatessa)	o(a) soldado(a)	el soldat (els soldats)	soldato	soldato										9
04279	Professions & Occupations	electrician	der/die Elektriker/in  	el(la) electricista	l'électricien(nne)	l'elettricista	o(a) eletricista	l'electricista (els electricistes)	elektristo	electricista										9
04280	Professions & Occupations	entrepreneur	der/die Unternehmer(in) 	el(la) empresario(a)	l'entrepreneur(se)	l'imprenditore(trice)	o(a) empresário(a)	l'empresari (els empresaris), l'empresària (les empresàries)	entreprenisto	interprenditor										9
04281	Professions & Occupations	nurse	der/die Krankenpfleger(in) , die Krankenschwester 	el(la) enfermero(a)	l'infirmier(ère)	l'infermiere(a)	o(a) enfermeiro(a)	l'infermer (els infermers), la infermera (les infermeres)	flegisto	infirmero										9
04282	Professions & Occupations	student	der (die) Student(in) 	el(la) estudiante	l'étudiant(e)	lo(la) studente(tessa)	o(a) estudante	l'estudiant (els estudiants)	studento	studente										9
04283	Professions & Occupations	guide	der(die) Reiseführer(in) 	el(la) guía de turismo	le(la) guide	la guida	o(a) guia	el guia (els guies)	gvidisto	guida de tourismo										9
04284	Professions & Occupations	engineer 	der (die) Ingenieur(in) 	el(la) ingeniero(a)	l'ingénieur(e)	l'ingegnere(a)	o(a) engenheiro(a)	l'enginyer (els enginyers), l'enginyera (les enginyeres)	inĝeniero	ingeniero										9
04285	Professions & Occupations	chef	der Chefkoch, die Chefköchin 	el(la) jefe(a) de cocina	le(la) chef(fe) (cuistot)	lo(la) chef	o(a) chefe de cozinha	el xef (els xefs)	kuiristo-ĉefo	chef de cocina										9
04286	Professions & Occupations	judge	der (die) Richter(in) 	el(la) juez(a)	le(la) juge	il(la) giudice	o juiz / a juíza	el jutge (els jutges), la jutgessa (les jutgesses)	juĝisto	judice										9
04287	Professions & Occupations	teacher	der/die Lehrer(in) 	el(la) maestro(a)	l'enseignant(e)	l'insegnante	o(a) professor(a), o(a) docente	el mestre (els mestres), la mestra (les mestres), el professor (els professors), la professora (les professores)	instruisto	maestro										9
04288	Professions & Occupations	mechanic 	der/die Mechaniker(in) 	el(la) mecánico(a)	le(la) mécanicien(ne)	il(la) meccanico(a)	o(a) mecânico(a)	el mecànic (els mecànics), la mecànica (les mecàniques)	mekanikisto	mechanico										9
04289	Professions & Occupations	doctor	der Arzt, die Ärztin 	el(la) médico(a), el(la) doctor(a)	le(la) médecin	il medico, il(la) dottore(ressa)	o(a) médico(a)	el metge (els metges), la metgessa (les metgesses)	kuracisto	medico										9
04290	Professions & Occupations	baker	der/die Bäcker(in) 	el(la) panadero(a)	le(la) boulanger(ère)	il(la) panettiere(a)	o(a) padeiro(a)	el forner (els forners), la fornera (les forneres)	bakisto	panetero										9
04291	Professions & Occupations	hairdresser	der (die) Friseur,/in 	el(la) peluquero(a)	le(la) coiffeur(se)	il(la) parrucchiere(a)	o(a) cabeleireiro(a)	el perruquer (els perruquers), la perruquera (les perruqueres)	frizisto	barbero										9
04292	Professions & Occupations	journalist 	der/die Journalist(in) 	el(la) periodista 	le(la) journaliste	il(la) giornalista	o(a) jornalista	el periodista (els periodistes), la periodista (les periodistes)	ĵurnalisto	jornalista										9
04293	Professions & Occupations	fishmonger, fish vendor	der (die) Fischverkäufer(in) 	el(la) pescadero(a)	le(la) poissonnier(ère)	il(la) pescivendolo(a)	o(a) vendedor(a) de peixes	el peixater (els peixaters), la peixatera (les peixateres)	fiŝvendisto	venditor de pisce										9
04294	Professions & Occupations	pilot	der/die Pilot(in) 	el(la) piloto	le(la) pilote	il(la) pilota	o(a) piloto(a)	el pilot (els pilots), la pilota (les pilotes)	piloto	pilota										9
04295	Professions & Occupations	plumber	der/die Klempner(in) 	el(la) fontanero(a) (ES), el(la) plomero(a) (AL)	le(la) plombier	l'idraulico(a)	o(a) encanador(a)	el lampista (els lampistes)	tubisto	plumbator										9
04296	Professions & Occupations	politician	der/die Politiker(in) 	el(la) político(a)	le(la) politicien(nne)	il(la) politico(a)	o(a) político(a)	el polític (els polítics), la política (les polítiques)	politikisto	politico										9
04297	Professions & Occupations	professor 	der/die Professor(in) 	el(la) profesor(a) 	le(la) professeur	il(la) professore(ressa)	o(a) professor(a)	el professor (els professors), la professora (les professores)	profesoro	professor										9
04298	Professions & Occupations	programmer 	der/die Programmierer(in) 	el(la) programador(a) 	le(la) programmeur(se)	il(la) programmatore(trice)	o(a) programador(a)	el programador (els programadors), la programadora (les programadores)	programisto	programmator										9
04299	Professions & Occupations	receptionist	der (die) Rezeptionist(in) 	un(a) recepcionista	le(la) réceptionniste	l'addetto(a) alla reception, il(la) receptionist	o(a) recepcionista	el recepcionista (els recepcionistes), la recepcionista (les recepcionistes)	akceptisto	receptionista										9
04300	Professions & Occupations	secretary	der/die Sekretär(in) 	el(la) secretario(a)	le(la) secrétaire	il(la) segretario(a)	o(a) secretário(a)	el secretari (els secretaris), la secretària (les secretàries)	sekretario	secretario										9
04301	Professions & Occupations	psychologist 	(der) Psychologe/ (die) Psychologin 	el(la) psicólogo(a)	le(la) psychologue	lo(la) psicologo(a)	o(a) psicólogo(a)	el psicòleg (els psicòlegs), la psicòloga (les psicòlogues)	psikologo	psychologo										9
04302	Professions & Occupations	psychiatrist	der(die) Psychiater(in) 	el(la) psiquiatra 	le(la) psychiatre	lo(la) psichiatra	o(a) psiquiatra	el psiquiatre (els psiquiatres), la psiquiatra (les psiquiatres)	psikiatro	psychiatro										9
04303	Professions & Occupations	technician 	der Techniker, die Technikerin 	el(la) técnico(a)	le(la) technicien(ne)	il tecnico	o(a) técnico	el tècnic (els tècnics), la tècnica (les tècniques)	teknikisto	technico										9
04304	Professions & Occupations	social worker 	der(die) Sozialarbeiter(in) 	el(la) trabajador(a) social 	l'assistant(e) social(e)	l'assistente sociale	o(a) assistente social	el treballador (els treballadors) social, la treballadora (les treballadores) social	sociala laboristo	assistente social										9
04305	Professions & Occupations	translator	der(die) Übersetzer(in) 	el(la) traductor(a)	le(la) traducteur(-trice)	il traduttore (la traduttrice)	o(a) tradutor(a)	el traductor (els traductors), la traductora (les traductores)	tradukisto	traductor										9
04306	Professions & Occupations	salesperson	der(die) Verkäufer(in) 	el(la) vendedor(a) 	le(la) vendeur(se)	il(la) commesso(a)	o(a) vendedor(a)    	el venedor (els venedors), la venedora (les venedores)	vendisto	venditor										9
04307	Professions & Occupations	veterinarian	der Tierarzt, die Tierärztin 	el(la) veterinario(a)	le(la) vétérinaire	il(la) veterinario(a)	o(a) veterinário(a)	el veterinari (els veterinaris), la veterinària (les veterinàries)	veterinaro	veterinario										9
04308	Computer Hardware	(wireless) router	 der Router 	el enrutador (AL), el rúter (ES) (sin cable)	le routeur (sans fil)	il router (wireless)	o roteador	l'encaminador (els encaminadors), el router (els routers) (sense fil)	enkursigilo (sendrata)	router (sin cablos)										9
04309	Computer Hardware	modem 	das Modem 	el módem 	le modem	il modem	o modem	el mòdem (els mòdems)	modemo	modem										9
04310	Computer Hardware	microprocessor 	der Mikroprozessor 	el microprocesador 	le microprocesseur	il microprocessore	o microprocessador	el microprocessador (els microprocessadors)	mikroprocesoro	microprocessor										9
04311	Computer Hardware	hard (disk) drive	die Festplatte 	el disco duro 	le disque dur	l'hard disk	o HD (disco rígido)	el disc dur (els discs durs)	durdisko	disco dur										9
04312	Computer Hardware	random-access memory, RAM	der Arbeitsspeicher 	la memoria viva, la RAM	la mémoire vive, la RAM	la memoria RAM	a memória RAM	la memòria RAM	RAM-memoro	memoria a accesso aleatori, RAM										9
04313	Computer Hardware	hardware (computer part)	die Hardware  (Teil des Computers)	el hardware (parte del ordenador)	le matériel (pièce d'ordinateur)	l'hardware (parte del computer)	o hardware (parte do computador)	el maquinari (els maquinari) (part de l'ordinador)	aparataro (komputila parto)	hardware (parte del computator)										9
04314	Computer Hardware	satellite dish 	die Satellitenschüssel 	la antena parabólica 	l'antenne parabolique	l'antenna parabolica	a antena parabólica	l'antena parabòlica (les antenes parabòliques)	parabola anteno	antenna parabolic										9
04315	Emergencies	to be in (was in / were in, been in) hot water	in Schwierigkeiten stecken	estar en problemas	être dans le pétrin	essere nei guai, essere nei pasticci	entrar numa fria	ficar-se en un embolic	havi problemojn	esser in problemas	Du warst zu lange aus? Jetzt steckst du in Schwierigkeiten!	¿Has salido hasta tarde? ¡Ahora estás en problemas!	Tu es resté tard ? Tu es dans le pétrin maintenant !	Sei rimasto fuori fino a tardi? Ora sei nei guai!	Você ficou fora até tarde? Você entrou numa fria!	You stayed out late? You're in hot water now!	Has estat fora fins tard? Ara t'has ficat en un embolic!	Vi restis ekstere malfrue? Vi nun havas problemojn!	Tu ha remanite foras usque tarde? Ora tu es in problemas!	9
04316	Emergencies	to mess up	Mist bauen	pifiarla	(tout) foirer	fare un casino	pisar na bola	fer-la grossa, cagar-la	fuŝi	facer un fiasco	Juan hat auf der Arbeit schon wieder Mist gebaut	Juan la pifió de nuevo en el curro	Jean a tout foiré à nouveau au boulot	Juan ha di nuovo fatto un casino a lavoro	Juan pisou na bola novamente no trabalho	John messed up everything again at work	En Joan l'ha tornat a fer grossa a la feina.	Johano denove fuŝis en la laboro.	Johannes ha facite un fiasco de toto de novo al labor.	9
04317	Emergencies	flood	die Überschwemmung 	la inundación	l'inondation 	l'inondazione	a inundação	la inundació (les inundacions)	inundo	inundation										9
04318	Medical Situations	amnesia	die Amnesie	la amnesia	l'amnésie 	l'amnesia	a amnésia	l'amnèsia	amnezio	amnesia										9
04319	Medical Situations	I want to see an eye doctor (ophthalmologist)	Ich möchte einen Augenarzt aufsuchen	Quiero ver al oculista 	Je veux voir l'oculiste / l'ophtalmo (logue)	Voglio vedere l'oculista	Quero ver o oculista	Vull veure un oftalmòleg (els oftalmòlegs).	Mi volas vidi okuliston.	Io vole vider un oculista.										9
04320	Medical Situations	I prefer a female doctor	Ich hätte lieber eine Ärztin	Prefiero un médico que sea mujer	Je préfère un médecin femme	Preferisco che il medico sia donna	Prefiro um médico que seja mulher	Prefereixo una metgessa (les metgesses).	Mi preferas virinan kuraciston.	Io prefere un medico femina.										9
04321	Medical Situations	heart attack	der Herzanfall 	el infarto, el ataque cardíaco	l'attaque cardiaque , la crise cardiaque	l'attacco cardiaco , l'infarto 	o ataque cardíaco	l'atac de cor (els atacs de cor), l'infart (els infarts)	koratako	infarcto cardiac										9
04322	Medical Situations	patient (noun)	der(die) Patient(in) 	el(la) paciente	le(a) patient(e)	il paziente	o(a) paciente	el pacient (els pacients), la pacient (les pacients)	paciento	patiente										9
04323	Police Report	Do you have your driver's license?	Haben Sie Ihren Führerschein?	¿Tiene su licencia / carnet de conducir?	Vous avez votre permis de conduire?	Ha la sua patente?	Tem sua carteira de motorista?	Té el seu permís de conduir?	Ĉu vi havas vian stirpermesilon?	Ha vos vostre licentia de conducer?										9
04324	Police Report	Do you have your insurance papers?	Haben Sie Ihre Versicherungspapiere?	¿Tiene su certificado de seguro?	Vous avez vos papiers d'assurance?	Ha la sua assicurazione?	Você tem a papelada do seguro?	Té els papers de l'assegurança?	Ĉu vi havas viajn asekurajn paperojn?	Ha vos vostre certificato de assecurantia?										9
04325	Police Report	I witnessed it happening	Ich bin Zeuge von dem was passiert ist.	Soy testigo de lo que pasó	Je suis témoin de ce qui s'est passé	Sono testimone di quello che è successo	Sou testemunha do que aconteceu	Sóc testimoni del que ha passat.	Mi estas atestanto de tio, kio okazis.	Io esseva testimonio de lo que occurreva										9
04326	Police Report	It wasn't his right of way	Er hatte keine Vorfahrt	No tenía prioridad de paso	Il n'avait pas la priorité	Non aveva la precedenza	Não tinha a prioridade	No tenia prioritat de pas.	Li ne havis la veturprioritaton.	Ille non habeva prioritate de passage										9
04327	Police Report	The other car ran the stop	Das andere Auto hat das Stoppschild übersehen	El otro coche se saltó el stop	L'autre voiture a grillé le stop	L'altra auto ha saltato lo stop	O outro carro passou direto pela placa «pare»	L'altre cotxe es va saltar l'stop.	La alia aŭto ne haltis ĉe la stop-signo.	Le altere automobile non respectava le signal de stop										9
04328	Police Report	stoplight	die Ampel 	el semáforo	le feu rouge (le feu tricolore)	il semaforo (rosso)	o semáforo	el semàfor (els semàfors)	semaforo	le semaphoro										9
04329	Police Report	the car skidded	das Auto ist geschleudert	El coche patinó	la voiture a dérapé	L'auto ha sbandato	O carro derrapou	El cotxe va patinar.	La aŭto glitrapidis.	Le automobile glissava										9
04330	Police Report	to lose control of	die Kontrolle über ... verlieren	perder el control de 	perdre le contrôle de	perdere il controllo di	perder o controle de	perdre el control de	perdi la kontrolon de	perder le controlo de										9
04331	Police Report	to crash into	gegen etwas krachen	estrellar(se), chocar contra algo	percuter	schiantarsi 	bater em 	estavellar-se contra, xocar contra	kraŝi kontraŭ	collider contra	Mein Bruder ist letzte Woche mit seinem Auto gegen einen Baum gekracht	Mi hermano estrelló el coche contra un árbol la semana pasada	Mon frère a percuté un arbre avec sa voiture la semaine dernière	Mio fratello si è schiantato con la sua macchina contro un albero la scorsa settimana	Meu irmão bateu com seu carro em uma árvore, semana passada	My brother crashed his car into a tree last week	El meu germà va estavellar el seu cotxe contra un arbre la setmana passada.	Mia frato kraŝis sian aŭton kontraŭ arbon pasintsemajne.	Mi fratre collideva su automobile contra un arbore le septimana passate	9
04332	Police Report	I crashed into the truck	Ich bin in den LKW reingefahren	Choqué con el camión	Je suis rentré dans le camion	Ho tamponato il camion	Bati no caminhão	Vaig xocar contra el camió.	Mi trafis la kamionon.	Io collideva con le camion										9
04333	Police Report	The accident happened at the intersection	Der Unfall passierte an der Kreuzung	El accidente pasó en el cruce	L'accident s'est produit au croisement	L'incidente è accaduto all'incrocio	O acidente aconteceu no cruzamento	L'accident va passar a la cruïlla.	La akcidento okazis ĉe la vojkruciĝo.	Le accidente occurreva al intersection										9
04334	Police Report	I have to pay a fine	Ich muss eine Strafe zahlen	Tengo que pagar una multa	Je dois payer une amende	Devo pagare una multa	Tenho que pagar uma multa	He de pagar una multa.	Mi devas pagi monpunon.	Io debe pagar un mulcta										9
04335	Police Report	to run a red light	eine Ampel bei Rot überfahren	saltarse un semáforo 	griller un feu rouge	Saltare un semaforo, passare con il rosso	passar o sinal vermelho	saltar-se un semàfor en vermell	trapasi ruĝan semaforon	non respectar un semaphoro rubie										9
04336	Police Report	speed limit	die Geschwindigkeitsbegrenzung	el límite de velocidad 	la limite de vitesse	il limite di velocità	o limite de velocidade	el límit de velocitat (els límits de velocitat)	rapideclimo	limite de velocitate										9
04337	Police Report	to keep to the speed limit	die Geschwindigkeitsbegrenzung/das Tempolimit einhalten	respetar el límite de velocidad 	respecter la limitation de vitesse	rispettare il limite di velocità	respeitar o limite de velocidade	respectar el límit de velocitat	respekti la rapideclimon	respectar le limite de velocitate										9
04338	Common Connectors	nowhere, anywhere	nirgendwo, nirgends	en ningún lugar, en ninguna parte	nulle part	da nessuna parte	em nenhum lugar	enlloc, en cap lloc	nenie	in nulle parte, ubicunque										9
04339	Common Connectors	whatsoever	überhaupt kein, keinerlei	ninguna, en absoluto	aucun(e), pas le (la) moindre	alcuno(a), non la minima	qualquer	en absolut, cap	absolute neniu	del toto	Es gibt überhaupt keinen Beweis, dass er an dem Autounfall beteiligt war	No existe ninguna prueba que estuviera implicadoen el accidente de coche	Il n'y a pas la moindre preuve qu'il était impliqué dans l'accident de voiture	Non c'é la minima prova che sia stato coinvolto nell'incidente d'auto	Não há qualquer evidência de que ele estava envolvido no acidente de carro	There is no evidence whatsoever that he was involved in the car accident	No hi ha cap prova que estigués implicat en l'accident de cotxe.	Estas absolute neniu pruvo, ke li estis implikita en la aŭtoakcidento.	Il non existe ulle evidentia del toto que ille esseva implicate in le accidente automobilistic.	9
04340	Common Connectors	since (reason)	da	puesto que	puisque	poiché	já que, porque (causa)	ja que, com que	ĉar	pois que	Er hat sein Büro verlassen, da es für heute keine Arbeit mehr gibt	Se ha idode la oficina puesto que no hay más trabajo por hoy.	Il a quitté son bureau puisqu'il n'y a pas de travail	Ha lasciato il suo ufficio poiché non c'è altro lavoro per oggi	Ele foi embora do escritório porque não há mais trabalho pra hoje	He left his office since there is no more work for today.	Ha marxat de l'oficina ja que no hi ha més feina per avui.	Li forlasis la oficejon, ĉar ne plu estas laboro por hodiaŭ.	Ille quitava su officio pois que il non ha plus labor pro hodie.	9
04341	Verbal Phrases	to do out (did out, done out) (UK ONLY: to deprive of)	verlieren lassen	hacer perder 	faire perdre	fare perdere	fazer perder	fer perdre	senigi je	privar de	Er ließ mich mein Erbe verlieren.	El me hizo perder mi herencia.	Il m'a fait perdre mon héritage	(Lui) mi ha fatto perdere la mia eredità.	Ele me fez perder minha herança.	He did me out of my inheritance.	Em va fer perdre l'herència.	Li senigis min je mia heredaĵo.	Ille me privava de mi hereditage.	9
04342	Verbal Phrases	to do up (did up, done up) (renovate)	renovieren	renovar 	renover	rinnovare	reformar	renovar	renovigi	renovar	Nachdem sie die Wohnung gekauft haben, mussten Sie sie renovieren.	Luego de comprar el apartamento deben renovarlo.	Après avoir acheté l'appartement, ils ont dû le retaper.	Dopo aver acquistato l'appartamento, dovettero rinnovarlo.	Depois de compar o apartamento, eles tiveram que reformá-lo.	After buying the apartment, they had to do it up.	Després de comprar l'apartament, van haver de renovar-lo.	Aĉetinte la apartamenton, ili devis ĝin renovigi.	Post haber comprate le appartamento, illes debeva renovar lo.	9
04343	Verbal Phrases	to make for (move in the direction of)	auf etw. zusteuern/zugehen	dirigirse hacia	se diriger vers	dirigersi verso	dirigir-se	dirigir-se cap a	celi al	diriger se verso	Nach der Vorstellung, sind wir ins nächste Restaurant gegangen.	Luego del espectáculo nos dirigimos hacia el restaurante más cercano.	Après le spectacle, nous sommes allés au restaurant le plus proche.	Dopo lo spettacolo, ci siamo diretti verso il ristorante più vicino.	Depois do espetáculo, dirigimo-nos ao restaurante mais próximo.	After the show, we made for the nearest restaurant.	Després de l'espectacle, ens vam dirigir cap al restaurant més proper.	Post la spektaklo, ni celis la plej proksiman restoracion.	Post le spectaculo, nos nos dirigeva verso le restaurante le plus proxime.	9
04344	Verbal Phrases	to make off (made off, made off) (leave hurriedly)	sich verziehen; verschwinden	escapar / huir	filer	fuggire	escapar / fugir	escapar, fugir	forkuri	fugir	Die Diebe sind mit der Tasche der Frau verschwunden.	Los ladrones se escaparon con el bolso de la señora.	Les voleurs se sont enfuis avec le sac de la dame.	I ladri sono fuggiti con la borsa della donna.	Os ladrões escaparam com a bolsa da senhora.	The thieves made off with the woman's purse.	Els lladres van escapar amb la bossa de la senyora.	La ŝtelistoj forkuris kun la mansako de la virino.	Le fures fugiva con le bursa del seniora.	9
04345	Verbal Phrases	to make up to (made up to, made up to), to fawn (UK ONLY)	sich bei jdm einschmeicheln	adular 	faire des courbettes à	ingraziarsi	bajular	adular, fer la pilota	flati	adular	MeinArbeitskollege hört nicht auf, sich bei unserem Chef einzuschmeicheln. 	Mi colega pasa todo su tiempo adulando a nuestro jefe.	Mon collègue passe tout son temps à faire des courbettes à notre chef.	Il mio collega spende tutto il suo tempo ingraziandosi il nostro capo.	Meu colega passa todo o seu tempo bajulando nosso chefe.	My colleague spends all his time making up to our boss.	El meu company de feina no para de fer la pilota al nostre cap.	Mia kolego pasigas sian tutan tempon flatante nian estron.	Mi collega passa tote su tempore adulante nostre chef.	9
04346	Verbal Phrases	to make a fuss (of)	ein Theater wegen etw. machen	hacer un escándalo	faire des histoires	fare storie	fazer um escândalo	fer un escàndol	fari scenon	facer un scandalo	Mach nicht so ein Theater! Ich bin nur 10 Minuten zu spät.	¡No hagas un escándalo! Solo llevo10 minutos de retraso.	N'en fais pas tout un fromage! Je ne suis en retard que de 10 minutes.	Non fare tante storie! Sono solo 10 minuti in ritardo	Não faça um escândalo! Só atrasei 10 minutos.	Don't make such a fuss! I'm only 10 minutes late	No facis un escàndol! Només arribo 10 minuts tard.	Ne faru scenon! Mi nur 10 minutojn malfruas.	Non face un tal scandalo! Io es solmente 10 minutas in retardo.	9
04347	Verbal Phrases	to get at (reach, find)	herausfinden	encontrar	trouver	arrivare	descobrir	esbrinar, descobrir	eltrovi	trovar	Die Polizei fand schließlich die Wahrheit heraus.	La policía encontró la verdad	La police finit par découvrir la vérité.	La polizia alla fine arrivò alla verità.	A polícia, no fim das contas, descobriu a verdade.	The police eventually got at the truth.	La policia finalment va esbrinar la veritat.	La polico fine eltrovis la veron.	Le policia finalmente trovava le veritate.	9
04348	Verbal Phrases	to get behind with (to fail to do something as you should by a particular time)	in Verzug geraten	tener retraso	prendre du retard	restare indietro	atrasar	endarrerir-se amb	malfrui pri	esser in retardo con	Sie konnte ihre Hypothek nicht mehr zahlen und verlor fast ihr Haus.	Elle tenía retraso con su hipoteca y se arriesgaba a perder su casa. 	Elle a pris du retard avecles remboursements de son emprunt et risquait de perdre sa maison. 	È restata indietro con la sua ipoteca e rischiava di perdere la sua casa. 	Ela atrasou o pagamento de sua hipoteca e correu o risco de perder sua casa.	She got behind with her mortgage and risked losing her house. 	Es va endarrerir amb la hipoteca i va arriscar-se a perdre la casa.	Ŝi malfruis pri sia hipoteko kaj riskis perdi sian domon.	Illa esseva in retardo con su hypotheca e riscava perder su casa.	9
04349	Verbal Phrases	to get down (got down, gotten down) (depress)	deprimieren	deprimirse	déprimer	deprimere	deprimir-se	deprimir	deprimi	deprimer	Dieses schreckliche Wetter deprimiert mich.	Este tiempo horrible me deprime.	Ce temps horrible me déprime.	Questo brutto tempo mi sta deprimendo.	Este tempo horrível me deprime.	This awful weather is getting me down.	Aquest temps horrible em deprimeix.	Ĉi tiu terura vetero min deprimas.	Iste tempore horribile me deprime.	9
04350	Verbal Phrases	to get down (got down, gotten down) to (start seriously something)	etw. (r)angehen	atacar (comenzar algo seriamente)	attaquer (commencer quelque chose sérieusement)	attaccare	focar (começar algo seriamente)	posar-se seriosament a	serioze komenci	attaccar	Wir sollten die Arbeit angehen, wenn wir bis zum Ende der Woche damit fertig sein wollen.	Debemos atacar el trabajo si queremos terminar al final de la semana. 	Nous devrions nous mettre au travail si nous voulons finir d'ici la fin de la semaine.	Dovremmo attaccare a lavorare, se vogliamo finire per la fine della settimana.	Devemos focar no trabalho se quisermos terminá-lo até o fim da semana.	We should get down to some work if we want to finish by the end of the week.	Hauríem de posar-nos seriosament a treballar si volem acabar a finals de setmana.	Ni devus serioze komenci labori se ni volas fini ĝis la semajnfino.	Nos deberea attaccar le labor si nos vole finir ante le fin del septimana.	9
04351	Verbal Phrases	to get round (spread)	verbreiten	difundir	se diffuser	diffondere	espalhar, difundir	difondre's, escampar-se	disvastiĝi	diffunder se	Das Gerücht hat sich in der ganzen Stadt verbreitet.	El rumor se difundió en toda la ciudad.	La rumeur fit le tour de la ville.	Il pettegolezzo si diffuse nell'intera città.	O rumor se espalhou por toda a cidade.	The rumour got round the whole city.	El rumor es va difondre per tota la ciutat.	La onidiro disvastiĝis tra la tuta urbo.	Le rumor se diffundeva per tote le citate.	9
04352	Verbal Phrases	to get off (got off, gotten off) to a good / bad start	gut/schlecht beginnen	comenzar bien / mal	commencer bien / mal	cominciare bene / male	começar bem / mal	començar bé / malament	komenci bone / malbone	comenciar ben / mal	Mein Tag hat nicht gut begonnen: mein Zug istaus unerklärlichen Gründen ausgefallen!	Mi día no ha comenzado bien - ¡mi tren fue cancelado sin explicación!	Ma journée n'a pas bien commencé: mon train a été annulé sans explications!	Non ho cominciato molto bene questa mattina - il mio treno è stato annullato inspiegabilmente!	Meu dia não começou bem - meu trem foi cancelado sem explicação!	I didn't get off to a very good start this morning - my train was cancelled inexplicably!	El meu dia no ha començat bé: el meu tren ha estat cancel·lat sense explicació!	Mia tago ne komenciĝis bone: mia trajno estis nuligita sen klarigo!	Io non comenciava multo ben iste matino - mi traino esseva cancellate inexplicabilemente!	9
04353	Verbal Phrases	to get up (got up, gotten up) on the wrong side of the bed	mit dem falschen Fuß aufstehen (lit. auf der falschen Bettseite aufwachen)	levantarse con el pie izquierdo	se lever du pied gauche (lit. du mauvais côté)	alzarsi col piede sbagliato (lett. dalla parte sbagliata del letto)	levantar-se com o pé esquerdo	aixecar-se amb el peu esquerre	leviĝi per la malĝusta piedo	levar se con le pede sinistre										9
04354	Verbal Phrases	to go on (went on, gone on) (complain)	sich beschweren (not «to complain»)	quejarse (not «to complain»)	se plaindre (not «to complain»)	lamentarsi (not «to complain»)	queixar-se (not «to complain»)	queixar-se	plendi	querelar se	Unsere Kunden beschweren sich immer und immer wieder über etwas.	Nuestros clientes se quejan siempre de algo.	Nos clients se plaignent toujours de quelque chose.	I nostri clienti si lamentano sempre di qualcosa.	Nossos clientes estão sempre se queixando de alguma coisa.	Our customers are always going on about something.	Els nostres clients sempre es queixen d'alguna cosa.	Niaj klientoj ĉiam plendas pri io.	Nostre clientes sempre se querela de qualcosa.	9
04355	Verbal Phrases	to go for (attack)	losgehen auf (not «to attack»)	atacar (not «to attack»)	attaquer (not «to attack»)	attaccare (not «to attack»)	atacar (not «to attack»)	atacar	ataki	attaccar	Als wir grade so sprachen, ist sein Hund ganz plötzlich auf mich losgegangen.	Su perro me atacó derrepente mientras estábamos hablando.	Pendant que nous parlions, son chien s'est brusquement attaqué à moi.	Il suo cane mi ha improvvisamente attaccato mentre stavamo parlando.	Seu cachorro me atacou de repente enquanto estávamos conversando.	His dog suddenly went for me while we were talking.	El seu gos em va atacar de sobte mentre parlàvem.	Lia hundo subite atakis min dum ni parolis.	Su can subito me attaccava durante que nos parlava.	9
04356	Verbal Phrases	to go back (went back, gone back) on (not to keep to)	etwas nicht einhalten	faltar a su palabra	revenir sur 	rimangiarsi una promessa	voltar atrás	faltar a la paraula	rompi sian promeson	mancar a su parola	Nach den Wahlen hieltder Präsident sein Wort nicht ein.	Después de las elecciones, el presidente faltó a su palabra en sus promesas.	Après les élections, le président est revenu sur sa promesse.	Dopo le elezioni, il presidente si è rimangiato la sua promessa.	Depois das eleições, o presidente voltou atrás em suas promessas.	After the elections, the president went back on his word.	Després de les eleccions, el president va faltar a la seva paraula.	Post la elektoj, la prezidanto rompis sian promeson.	Post le electiones, le presidente mancava a su parola.	9
04357	Verbal Phrases	to go off (went off, gone off) (ring)	klingeln (not «to ring»)	sonar (not «to ring»)	sonner (not «to ring»)	suonare (not «to ring»)	soar (not «to ring»)	sonar	sonori	sonar	Mein Wecker hat gestern nicht geklingelt.	Mi alarma no sonó ayer.	Mon réveil n'a pas sonné hier.	Ieri la mia sveglia non è suonata.	Meu alarme não soou ontem	My alarm did not go off yesterday.	La meva alarma no va sonar ahir.	Mia vekhorloĝo ne sonoris hieraŭ.	Mi alarma non sonava heri.	9
04358	Verbal Phrases	to be on (was on / were on, been on) the go	beschäftigt sein	estar ocupado	être sur la brèche, être occupé	Essere occupati	estar ocupado	estar ocupat, no parar	esti tre okupita	esser occupate	Sie waren den ganzen Tag beschäftigt.	Ellos han estado ocupados todo el día.	Ils ont été occupés toute la journée	Essi sono stati occupati tutto il giorno.	Eles estavam ocupados o dia todo.	They have been on the go all day.	Han estat ocupats tot el dia.	Ili estis tre okupitaj la tutan tagon.	Illes ha essite occupate tote le die.	9
04359	Verbal Phrases	to come off (came off, come off)	stattfinden	tener lugar	avoir lieu	avvenire	ocorrer	tenir lloc, succeir	okazi	haber loco	Die Versammlung hat nicht stattgefunden.	La reunión no tuvo lugar.	La réunion n'a pas eu lieu.	L'incontro non è avvenuto	A reunião não ocorreu.	The meeting did not come off	La reunió no va tenir lloc.	La kunveno ne okazis.	Le reunion non habeva loco.	9
04360	Verbal Phrases	to come by (receive)	an etw. herankommen; bekommen	dar con / obtener	se procurer, obtenir	ottenere, procurarsi	conseguir, obter	aconseguir, obtenir	akiri	obtener	Wie bist du an das Buch herangekommen?	¿Cómo obtuviste ese libro?	Comment as-tu eu ce livre?	Come ti sei procurato quel libro?	Como você conseguiu esse livro?	How did you come by that book?	Com vas aconseguir aquest llibre?	Kiel vi akiris tiun libron?	Como obteneva tu ille libro?	9
04361	Verbal Phrases	to come by (pay a visit)	vorbeikommen	pasar	passer, rendre visite à quelqu'un	passare	passar (fazer uma visita)	passar, fer una visita	viziti	passar	Warum kommt ihr nicht zu einer Tasse Tee vorbei?	¿Porqué no venís a tomar una taza de té?	Pourquoi ne passeriez-vous pas prendre une tasse de thé ?(👨‍👩‍👧)	Perché non passate per una tazza di tè?	Por que vocês não passam por aqui para tomar uma xícara de chá?(👨‍👩‍👧)	Why don't you come by for a cup of tea? (👨‍👩‍👧)	Per què no passeu a prendre una tassa de te?	Kial vi ne vizitas por taso da teo?	Proque non veni vos a prender un tassa de the?	9
04362	Verbal Phrases	to come round (pay an informal visit)	bei jdm vorbeikommen	pasar / visitar	passer chez quelqu'un	passare a trovare	fazer uma visita	passar a veure	viziti iun	passar a visitar	Komm heute Abend vorbei damit wir reden können, ok?	Ven esta noche y así podremos hablar, ¿vale?	Passe ce soir pour que nous puissions en discuter, d'accord?	Passa a trovarmi stasera così possiamo discuterne, ok?	Venha me fazer uma visita esta noite, assim nós podemos conversar sobre isso, ok?	Come round tonight so we can discuss it, ok?	Passa per casa aquesta nit perquè puguem parlar, d'acord?	Vizitu min ĉi-vespere por ke ni povu diskuti, ĉu bone?	Veni iste nocte, assi que nos pote discuter lo, de accordo?	9
04363	Verbal Phrases	to come between (separate)	auseinanderbringen/auseinanderbekommen (not «to separate»)	separar (not «to separate»)	séparer (not «to separate»)	separare (not «to separate»)	separar (not «to separate»)	separar	disigi	separar	Nichts kann meine beste Freundin und mich auseinanderbringen.	Nada nos separa a mí y a mi mejor amigo(a).	Rien ne peut nous séparer, ma meilleure amie et moi.	Niente può separare me e il mio migliore amico.	Nada pode me separar do meu melhor amigo.	Nothing can come between me and my best friend.	Res no pot separar-me de la meva millor amiga.	Nenio povas disigi min kaj mian plej bonan amikinon.	Nihil pote separar me de mi melior amico.	9
04364	Verbal Phrases	to come to blows	aneinandergeraten; handgreiflich werden	agarrarse a trompadas	en venir aux mains	venire alle mani	entrar em conflito	arribar a les mans	batiĝi	venir a colpos	Nach dem Spiel sind die Fans fast mit der Polizei aneinandergeraten.	Los seguidores casi se agarran a trompadas con la policía después del juego.	Les supporters ont failli en venir aux mains avec la police après le match.	I tifosi sono quasi venuti alle mani con la polizia dopo la partita.	Os torcedores quase entraram em conflito com a polícia depois do jogo.	The supporters nearly came to blows with the police after the match.	Els aficionats gairebé van arribar a les mans amb la policia després del partit.	La subtenantoj preskaŭ batiĝis kun la polico post la matĉo.	Le adherentes quasi veniva a colpos con le policia post le partita.	9
04365	Verbal Phrases	to come into (came into, come into) contact	in Kontakt treten	entrar en contacto	entrer en contact	entrare in contatto	entrar em contato	entrar en contacte	kontaktiĝi	entrar in contacto										9
04366	Verbal Phrases	to come into (came into, come into) operation	in Kraft treten	entrar en funcionamiento	être mis en place	entrare in vigore	entrar em vigor	entrar en vigor	ekvalidi	entrar in functionamento	Die neue Steuervorschrift trat vor zwei Monaten in Kraft.	La nueva reglamentación fiscal entró en funcionamiento hace dos meses.	La nouvelle réglementation fiscale a été mise en place il y a deux mois.	Il nuovo regolamento fiscale è entrato in vigore due mesi fa.	A nova regulamentação fiscal entrou em vigor há dois meses.	The new fiscal regulation came into operation two months ago.	La nova regulació fiscal va entrar en vigor fa dos mesos.	La nova fiska regularo ekvalidis antaŭ du monatoj.	Le nove regulation fiscal entrava in functionamento duo menses retro.	9
04367	Verbal Phrases	to come into (came into, come into) fashion	topaktuell gekleidet sein; modisch sein	estar a la moda	être à la mode	andare di moda	estar na moda	estar de moda	esti laŭmoda	devenir de moda										9
04368	Verbal Phrases	to bring about (cause)	mit sich bringen	causar	amener, causer	portare a	causar	provocar, causar	kaŭzi	causar	Der Kandidat hat versprochen, dass seineWahl viele Veränderungen mit sich bringen wird. 	El candidato prometió que su elección podría causar muchos cambios.	Le candidat a promis que son élection pourrait amener beaucoup de changements.	Il candidato ha promesso che la sua elezione avrebbe portato a un ​​cambiamento.	O candidato prometeu que sua eleição causaria mudanças.	The candidate promised that his election would bring about change.	El candidat va prometre que la seva elecció provocaria canvis.	La kandidato promesis, ke lia elekto kaŭzos ŝanĝon.	Le candidato promitteva que su election causarea un cambio.	9
04369	Verbal Phrases	to bring off (brought off, brought off) (UK ONLY: succeed)	schaffen (not «to succeed»)	conseguir / lograr 	réussir (not «to succeed»)	avere successo (not «to succeed»)	conseguir (not «to succeed»)	aconseguir, tenir èxit	sukcesi	succeder	Niemand dachte dass er es schaffen würde.	Nadie pensó que lo lograría.	Personne ne pensait qu'il réussirait.	Nessuno pensava che avrebbe avuto successo.	Ninguém pensou que ele conseguiria.	Nobody thought that he could bring it off.	Ningú pensava que ho aconseguiria.	Neniu pensis, ke li sukcesos.	Nemo pensava que ille poterea succeder.	9
04370	Verbal Phrases	to bring on (brought on, brought on) (cause to start)	verursachen	provocar	provoquer	provocare	provocar	provocar, desencadenar	kaŭzi komencon de	provocar	Ihre Allergien haben einen Asthmaanfall verursacht.	Sus alergias le provocaron un ataque de asma.	Ses allergies ont provoqué une crise d'asthme.	Le sue allergie le provocarono un attacco d'asma.	Suas alergias provocaram um ataque de asma.	Her allergies brought on an asthma attack.	Les seves al·lèrgies li van provocar un atac d'asma.	Ŝiaj alergioj kaŭzis komencon de astma atako.	Su allergias le provocava un attacco de asthma.	9
04371	Verbal Phrases	to bring round (persuade)	überzeugen	persuadir	persuader	persuadere	persuadir	persuadir, convèncer	konvinki	persuader	Ich war mir sicher dass ich sie überzeugen werdekönnen. 	Estaba seguro de poder persuadirlos.	J'étais sûr de pouvoir les persuader	Ero sicuro che avrei potuto persuaderli.	Eu tinha certeza de que poderia persuadi-los.	I was sure I could bring them round.	Estava segur que els podria persuadir.	Mi estis certa, ke mi povus konvinki ilin.	Io esseva secur que io poteva persuader les.	9
04372	Verbal Phrases	to bring into (brought into, brought into) the open	(auf)klären	hacer descubrir	faire découvrir	portare allo scoperto	revelar	treure a la llum, revelar	malkaŝi	revelar	Die Angelegenheit wird schließlich geklärt.	Este caso terminó siendo descubierto.	Cette affaire finit par être révélée	L'affare è stato infine portato allo scoperto.	Esse caso terminou sendo revelado.	The affair was eventually brought into the open.	L'afer finalment es va treure a la llum.	La afero estis fine malkaŝita.	Le affaire esseva finalmente revelate.	9
04373	Verbal Phrases	to bring into (brought into, brought into) force	einführen	entrar en vigor	appliquer, faire entrer en vigueur	portare in vigore	entrar em vigor, tornar(-se) efetivo	posar en vigor	efektivigi	poner in vigor	Die neue Vorschrift wird im Oktober eingeführt.	La nueva reglamentación entrará en vigor en octubre.	La nouvelle règlementation s'appliquera en octobre.	Il nuovo regolamento sarà portato in vigore nel mese di ottobre.	A nova regulamentação entrará em vigor em outubro	The new regulation will be brought into force in October.	La nova normativa es posarà en vigor a l'octubre.	La nova regularo estos efektivigita en oktobro.	Le nove regulamento essera ponite in vigor in octobre.	9
04374	Verbal Phrases	to take after (resemble)	ähnlichsehen	parecerse a	ressembler	prendere da	parecer com	assemblar-se a	simili al	resimilar a	Er sieht seinem Vater gar nicht ähnlich.	Él no se parece en nada a su padre.	Il ne ressemble pas du tout à son père.	Non ha preso per niente da suo padre.	Ele não se parece nada com seu pai.	He does not take after his father at all.	Ell no s'assembla gens al seu pare.	Li tute ne similas al sia patro.	Ille non resimila del toto a su patre.	9
04375	Verbal Phrases	to take on (took on, taken on) (employ)	einstellen	contratar	embaucher	assumere	contratar	contractar	dungi	emplear	Wir müssen mehr Arbeitskräfte einstellen.	Tenemos que contratar más staff.	Nous devons embaucher plus de personnel.	Abbiamo bisogno di assumere più personale.	Nós temos que contratar mais funcionários.	We need to take on more staff.	Hem de contractar més personal.	Ni devas dungi pli da personaro.	Nos debe emplear plus personal.	9
04376	Verbal Phrases	to take in (took in, taken in) (deceive)	verletzen, enttäuschen	pillar	tromper, décevoir	abbindolare	enganar	enganyar, enredar	trompi	deciper	Meine Schwester wurde von ihrem Freund wirklich verletzt	Mi hermana fue pillada por su novio.	Ma soeur s'est vraiment fait avoir par son petit ami.	Mia sorella era completamente abbindolata dal suo ragazzo.	Minha irmã foi completamente enganada por seu namorado.	My sister was completely taken in by her boyfriend.	La meva germana va ser completament enganyada pel seu xicot.	Mia fratino estis tute trompita de sia koramiko.	Mi soror esseva completemente decipite per su amico.	9
04377	Verbal Phrases	to take something in stride (took something in stride, taken something in stride)	etw. fest in der Hand haben	tomar algo con firmeza	accepter sans sourciller	affrontare qualcosa con fermezza	encarar algo de frente 	prendre's alguna cosa amb calma	trankvile alfronti ion	prender alco con serenitate	Mein Bruder hat die Situation wie immer fest in der Hand gehabt.	Mi hermano tomó con firmeza la situación.	Mon frère a accepté la situation sans sourciller comme toujours.	Mio fratello ha affrontato la situazione con fermezza, come sempre.	Meu irmão encarou de frente a situação.	My brother took the situation in his stride, as always.	El meu germà es va prendre la situació amb calma, com sempre.	Mia frato trankvile alfrontis la situacion, kiel ĉiam.	Mi fratre prendeva le situation con serenitate, como sempre.	9
04378	Verbal Phrases	to put across (UK ONLY: communicate)	mitteilen (phrasal verb)	comunicar (phrasal verb)	communiquer (phrasal verb)	comunicare (phrasal verb)	expressar (phrasal verb)	comunicar, transmetre	transdoni (ideojn)	communicar	Unser President weiss es seine Ideen mitzuteilen.	Nuestro presidente es bueno comunicado sus ideas.	Notre président sait bien communiquer ses idées.	Il nostro presidente è bravo a comunicare le sue idee.	Nosso presidente é bom em expressar suas ideias.	Our president is good at putting across his ideas.	El nostre president és bo transmetent les seves idees.	Nia prezidanto lertas pri transdono de siaj ideoj.	Nostre presidente es bon in communicar su ideas.	9
04379	Verbal Phrases	to put in (put in, put in) an application, to submit an application	bewerben; kandidieren	postular, presentar	postuler, soumettre	inserire, presentare	postular, candidatar-se	presentar una sol·licitud	prezenti kandidatiĝon	presentar un candidatura	Du solltest dich für diesen Posten bewerben.	Debería postular a ese trabajo.	Tu devrais postuler pour cet emploi.	Dovresti presentare la tua candidatura per quel lavoro.	(Você) deveria se candidatar a esse emprego.	You should put in your application for that job	Hauries de presentar una sol·licitud per a aquesta feina.	Vi devus prezenti vian kandidatiĝon por tiu laboro.	Tu deberea presentar tu candidatura pro ille empleo.	9
04380	Verbal Phrases	to put on (put on, put on) (perform)	geben (eine Vorstellung)	ofrecer (un espectaculo)	offrir (un spectacle)	mettere su (uno spettacolo)	dar 	oferir, representar (un espectacle)	prezenti (spektaklon)	presentar un spectaculo	Die Theatergruppe hat eine exzellente Vorstellung gegeben. 	El grupo de teagro ofreció un gran show.	La troupe de théâtre a fait un excellent spectacle.	Il gruppo teatrale ha messo su un grande spettacolo.	O grupo de teatro deu um grande show.	The theatre group put on a great show.	El grup de teatre va oferir un gran espectacle.	La teatra grupo prezentis bonegan spektaklon.	Le gruppo theatral presentava un grande spectaculo.	9
04381	Verbal Phrases	to put on (put on, put on) (fool)	scherzen	simular	faire marcher (tromper)	prendere in giro	tirar sarro	fer una broma, prendre el pèl	ŝerci kun iu	burlar	Das ist ein Witz!	¡Te estoy simulando!	Je te fais marcher !	Ti sto prendendo in giro!	Eu estou tirando sarro de você!	I'm putting you on!	T'estic prenent el pèl!	Mi ŝercas kun vi!	Io te burla!	9
04382	Verbal Phrases	to put out (put out, put out) (extinguish)	löschen (not «to switch off»)	apagar (not «to switch off»)	éteindre (not «to switch off»)	spegnere (not «to switch off»)	apagar (not «to switch off»)	apagar (un foc)	estingi (fajron)	extinguer	Der Feuerwehrmann hat das Feuer gelöscht.	El bombero apagó el fuego.	Le pompier a éteint l'incendie.	Il vigile del fuoco ha spento il fuoco.	O bombeiro apagou o fogo.	The fireman put out the fire.	El bomber va apagar el foc.	La fajrobrigadisto estingis la fajron.	Le pumpero extingueva le foco.	9
04383	Verbal Phrases	to put your foot down	stark bleiben	ser firme	faire preuve de fermeté	essere fermi	ser firme	posar-se ferm	fariĝi firma	esser firme	Diesmal musst du stark bleiben und deine Meinung vertreten.	Esta vez debes ser firme y no cambiar de idea.	Cette fois tu dois faire preuve de fermeté et ne pas changer d'avis.	Questa volta devi essere fermo e non cambiare idea.	Desta vez, você precisa ser firme e não mudar de ideia.	This time you must put your foot down and not change your mind.	Aquesta vegada t'has de posar ferm i no canviar d'opinió.	Ĉi-foje vi devas fariĝi firma kaj ne ŝanĝi vian opinion.	Iste vice tu debe esser firme e non cambiar de opinion.	9
04384	Verbal Phrases	to put two and two together	in Beziehung setzen; einen Zusammenhang erstellen	poner uno frente al otro	faire le rapprochement, faire le lien	fare due più due	ligar os fatos	lligar caps	kunligi la faktojn	deducer	Die Polizei hat das Opfer gefunden, dann die Schuldigen etwas weiter auf der Straße ausfindig gemacht undsie in Beziehung zueinander gesetzt.	La policía encontró la victima, luego localizó los delincuentes mas lejos y los puso el uno frente al otro.	La police a trouvé la victime, puis a localisé les coupables plus loin dans la rue et a fait le rapprochement.	La polizia ha trovato la vittima, poi ha localizzato i colpevoli per la strada e ha fatto due più due.	A polícia encontrou a vítima e, então, localizou os criminosos na rua e ligou os fatos.	The police found the victim, then located the offenders down the street and put two and two together.	La policia va trobar la víctima, després va localitzar els culpables carrer avall i va lligar caps.	La polico trovis la viktimon, poste lokalizis la kulpulojn laŭ la strato kaj kunligis la faktojn.	Le policia trovava le victima, postea localisava le delinquentes plus avante in le strata e deduceva le conclusion.	9
04385	Verbal Phrases	to put in (put in, put in) something a nutshell	zusammenfassen	resumir	résumer	in poche parole	em poucas palavras	en poques paraules	mallonge dirite	resumer	Kurz gesagt, sie betrügen euch.	En resumen, te estaban engañando.	En gros, ils vous escroquent.	Per dirla in poche parole, ti stanno truffando.	Em poucas palavras, eles estão enganando você. 	To put it in a nutshell, they are frauding you.	En poques paraules, t'estan estafant.	Mallonge dirite, ili trompas vin.	In summa, illes te defraudava.	9
04386	Verbal Phrases	to set off (set off, set off) (leave)	losfahren; losfliegen	partir	partir	partire	partir	partir, marxar	foriri	partir	Wenn dein Flugzeug um 11 Uhr losfliegt, musst du ungefähr zwei Stunden vorher zum Flughafen fahren.	Su tu avión sale a las once, necesitas partir al aeropuerto con dos horas de antelación.	Si ton avion décolle à 11 heures, il faudra te mettre en route pour l'aéroport environ deux heures avant.	Se il vostro aereo decolla alle ore 11, è necessario partire per l'aeroporto circa due ore prima.	Se o seu avião decola às 11 horas, é preciso partir para o aeroporto cerca de duas horas antes.	If your plane leaves at 11 o'clock, you'll need to set off for the airport about two hours earlier.	Si el teu avió surt a les 11, hauràs de marxar cap a l'aeroport unes dues hores abans.	Se via aviadilo foriras je la 11-a, vi devos foriri al la flughaveno ĉirkaŭ du horojn pli frue.	Si tu avion parti a dece-un horas, tu debera partir pro le aeroporto circa duo horas plus tosto.	9
04387	Verbal Phrases	to set off (set off, set off) (cause)	hervorrufen	detonar	déclencher	avviare	desencadear	desencadenar, provocar	ekigi	provocar	Die Entscheidung der Regierung hat überall im Land Streikshervorgerufen.	La decisión del gobierno fue detonante para varias manifestaciones en todo el país.	La décision du gouvernement a déclenché des grèves dans tout le pays.	La decisione del governo avviò scioperi in tutto il paese.	A decisão do governo desencadeou greves em todo o país.	The government's decision set off strikes in the whole country.	La decisió del govern va desencadenar vagues a tot el país.	La decido de la registaro ekigis strikojn tra la tuta lando.	Le decision del governamento provocava cessationes de travalio in tote le pais.	9
04388	Verbal Phrases	to set aside (reserve)	zur Seite legen	dejar a un lado	mettre de côté	mettere da parte	poupar	deixar de banda, reservar	flankenmeti (rezervi)	reservar	Ich lege für den nächsten Urlaub Geld zur Seite.	Estoy dejando dinero de lado para mis próximas vacaciones.	Je mets de l'argent de côté pour les prochaines vacances.	Sto mettendo da parte i soldi per le vacanze future.	Eu estou poupando dinheiro para minhas próximas férias.	I'm setting aside some money for future holidays.	Estic deixant de banda diners per a les properes vacances.	Mi flankenmetas monon por estontaj ferioj.	Io reserva un poco de pecunia pro vacantias futur.	9
04389	Verbal Phrases	to set aside (ignore)	zur Seite legen; ignorieren	ignorar	ignorer	ignorare, mettere da parte	ignorar	deixar de banda, ignorar	flankenmeti (ignori)	ignorar	Ich muss meine schlechte Einstellung ihm gegenüber zur Seite legen, damit wird zusammen arbeiten können.	Debo ignorarlo para poder trabajar juntos.	Je dois mettre de côté le fait que je ne l'apprécie pas pour que nous puissions travailler ensemble.	Devo mettere da parte la mia antipatia per lui, perché possiamo lavorare insieme.	Eu devo ignorar a minha antipatia por ele, a fim de trabalharmos juntos.	I must set aside my dislike for him in order for us to work together.	He de deixar de banda la meva antipatia per ell per poder treballar junts.	Mi devas flankenmeti mian malŝaton al li por ke ni povu kunlabori.	Io debe poner de parte mi antipathia pro ille a fin que nos pote laborar insimul.	9
04390	Verbal Phrases	to be set in someone's ways	seine kleinen Gewohnheiten haben	tener sus pequeñas costumbres	avoir ses petites habitudes	essere fatti a proprio modo	ter seus próprios costumes	tenir els seus costums, ser un home/dona de costums	havi siajn kutimojn	esser fixe in su habitudes	David hat seine kleinen Gewohnheiten.	David tiene sus pequeñas costumbres.	David a ses petites habitudes.	David è fatto a modo suo.	David tem seus próprios costumes.	David is set in his ways.	En David té els seus costums.	David havas siajn kutimojn.	David es fixe in su habitudes.	9
04391	Verbal Phrases	to look over / through (examine)	durchschauen	echar una ojeada	examiner	rivedere	dar uma olhada	fer una ullada, revisar	trakontroli	examinar	Ich habe meinen Vater darum gebeten meine Hausaufgaben durchzuschauen.	Le pregunté a mi padre de echar una ojeada a mi tarea.	J'ai demandé à mon père de vérifier mes devoirs.	Ho chiesto a mio padre di rivedere i miei compiti.	Eu pedi ao meu pai para dar uma olhada nos meus deveres.	I asked my father to look over my homework.	Vaig demanar al meu pare que fes una ullada als meus deures.	Mi petis mian patron trakontroli miajn hejmtaskojn.	Io rogava mi patre de examinar mi deberes escolar.	9
04392	Verbal Phrases	to look up to (have a lot of respect for)	zu jdm aufsehen; jdn bewundern	admirar	admirer	ammirare	admirar	admirar	admiri	admirar	Meine kleine Schwester hat immer zu meinem Vater aufgesehen.	Mi hermana menor siempre ha admirado a mi padre.	Ma petite soeur a toujours admiré mon père.	La mia sorellina ha sempre ammirato mio padre.	Minha irmã mais nova sempre admirou o meu pai.	My little sister has always looked up to my father.	La meva germana petita sempre ha admirat el meu pare.	Mia fratineto ĉiam admiris mian patron.	Mi soror minor ha sempre admirate mi patre.	9
04393	Verbal Phrases	to look up (start to improve)	besser werden	mejorar	s'améliorer, augmenter	migliorare	melhorar	millorar	pliboniĝi	meliorar	Glücklicherweise werden die Verkäufe wieder besser.	Afortunadamente, las ventas han mejorado.	Heureusement, les ventes sont en hausse.	Per fortuna, le vendite stanno migliorando.	Felizmente, as vendas estão melhorando.	Luckily, sales are looking up.	Afortunadament, les vendes estan millorant.	Feliĉe, la vendoj pliboniĝas.	Fortunatemente, le venditas se meliora.	9
04394	Phrasal Verbs	to break out (broke out, broken out) (escape)	ausbrechen	escapar	s'échapper	scappare	escapar	escapar-se	forkuri, eskapi	escappar	Drei Gefangene sind aus dem Gefängnis ausgebrochen.	Tres prisioneros se escaparon ayer de la prisión.	Trois prisonniers se sont échappés de prison hier.	Tre prigionieri sono scappati di prigione ieri.	Três prisioneiros escaparam ontem da prisão.	Three prisoners broke out of jail yesterday.	Tres presoners es van escapar de la presó ahir.	Tri malliberuloj forkuris el la malliberejo hieraŭ.	Tres prisioneros escappava del carcere heri.	9
04395	Phrasal Verbs	to call off (cancel)	absagen	cancelar	annuler 	annullare	cancelar	cancel·lar, anul·lar	nuligi	cancellar	Er hat die Hochzeit abgesagt weil er in seine Verlobte nicht verliebt war.	El anuló su matrimonio porque no estaba enamorado de su comprometida.	Il a annulé le mariage parce qu'il n'était pas amoureux de sa fiancée.	Ha annullato il matrimonio perché non era innamorato della sua fidanzata.	Ele cancelou o casamento, porque ele não estava apaixonado por sua noiva.	He called off the wedding because he wasn't in love with his fiancé.	Va cancel·lar el casament perquè no estava enamorat de la seva promesa.	Li nuligis la geedziĝon ĉar li ne amis sian fianĉinon.	Ille cancellava le nuptias proque ille non amava su futura sposa.	9
04396	Phrasal Verbs	to cheer up (become happier)	wieder zu lächeln anfangen	alegrar	retrouver le sourire	rallegrarsi	alegrar-se	animar-se, alegrar-se	kuraĝiĝi, ĝojiĝi	allegrar se	Jack fing wieder an zu lächeln als er die gute Neuigkeit gehört hat.	Jack se alegró cuando escuchó las buenas noticias. 	Jack retrouva le sourire quand il entendit la bonne nouvelle.	Jack si è rallegrato quando ha sentito la buona notizia.	Jack se alegrou quando ouviu a boa notícia.	Jack cheered up when he heard the good news.	En Jack es va animar quan va sentir la bona notícia.	Jack ĝojiĝis kiam li aŭdis la bonan novaĵon.	Jack se allegrava quando ille audiva le bon novas.	9
04397	Phrasal Verbs	to hand in (submit)	abgeben	presentar, entregar 	soumettre, rendre	presentare, consegnare	entregar, submeter	lliurar, presentar	transdoni, prezenti	presentar	Sie müssen Ihr Essay bis Sonntag abgeben.	Debe entregar su ensayo para el domingo.	Vous devez soumettre votre essai d'ici à dimanche.	Devi consegnare il tuo saggio entro domenica.	(Você) tem que entregar a sua dissertação até domingo.	You have to hand in your essay by Sunday.	Has de lliurar el teu assaig abans de diumenge.	Vi devas transdoni vian eseon ĝis dimanĉo.	Tu debe presentar tu essayo non plus tarde que dominica.	9
04398	Phrasal Verbs	to hand out (to distribute)	austeilen	distribuir	distribuer	distribuire	distribuir	repartir, distribuir	disdoni	distribuer	Unser Team wird die Prospekte während der Messe austeilen.	Nuestro equipo de venta distribuirá los volantes durante la feria. 	Notre équipe de vente distribuera les brochures au cours du salon professionnel.	Il nostro team di vendita distribuirà i volantini durante la fiera.	Nossa equipe de vendas vai distribuir folhetos durante a feira.	Our sales team will hand out the flyers during the trade show.	El nostre equip de vendes repartirà els fullets durant la fira.	Nia venda teamo disdonos la flugfoliojn dum la foiro.	Nostre equipa de vendita distribuera le folios volante durante le feria commercial.	9
04399	Phrasal Verbs	to let up (to become less strong or stop)	nachlassen; abschwächen	amainar / disminuir	diminuer, baisser en intensité	attenuarsi	diminuir	amainar, disminuir	malfortiĝi	diminuer	Ich hoffe nur, dass der Regen bald nachlässt	Solo espero que la lluvia disminuya pronto	J'espère seulement que la pluie va bientôt diminuer	Spero solo che questa pioggia si attenui presto	Eu só espero que essa chuva diminua em breve	I just hope this rain lets up soon	Només espero que aquesta pluja amaini aviat.	Mi nur esperas, ke ĉi tiu pluvo baldaŭ malfortiĝos.	Io spera solmente que iste pluvia diminuera tosto.	9
04400	Phrasal Verbs	to see about (deal with)	schauen, dass	encargarse de	s'occuper de	vedere di / pensare di	tratar de	encarregar-se de	zorgi pri	occupar se de	Ich mussdieses Wochenende schauen, dass ich ein Auto miete	Debo encargarme de alquilar un auto para este fin de semana.	Je dois m'occuper de louer une voiture pour le week-end.	Devo vedere di noleggiare una macchina per il fine settimana.	Eu tenho que tratar de alugar um carro para o fim de semana.	I have to see about renting a car for the weekend.	M'he d'encarregar de llogar un cotxe per aquest cap de setmana.	Mi devas zorgi pri luado de aŭto por ĉi tiu semajnfino.	Io debe occupar me de locar un automobile pro le fin de septimana.	9
04401	Phrasal Verbs	to turn down (refuse)	ablehnen	rechazar	refuser	rifiutare	recusar	rebutjar	malakcepti	refusar	Der Kunde hat alle meine Angebote abgelehnt.	El cliente ha rachazado todas mis ofertas.	Le client a refusé toutes mes offres.	Il cliente ha rifiutato tutte le mie offerte.	O cliente recusou todas as minhas ofertas.	The customer turned down all my offers.	El client ha rebutjat totes les meves ofertes.	La kliento malakceptis ĉiujn miajn ofertojn.	Le cliente ha refusate tote mi offertas.	9
04402	Phrasal Verbs	to think over (thought over, thought over) (consider)	nachdenken	pensar	réfléchir	pensarci su	pensar	pensar-s'ho	pripensi	considerar	Ich kann dir keine endgültige Antwort geben. Ich muss darüber nachdenken.	No puedo darte mi respuesta final ahora. Necesito pensar en ello.	Je ne peux pas te donner ma réponse définitive, il faut que j'y réfléchisse.	Non posso darvi la mia risposta definitiva ora. Ho bisogno di pensarci su.	Eu não posso lhe dar minha resposta definitiva agora. Eu preciso pensar.	I cannot give you my final answer now. I need to think it over.	No puc donar-te la meva resposta final ara. M'ho he de pensar.	Mi ne povas doni al vi mian finan respondon nun. Mi devas pripensi ĝin.	Io non pote dar te mi responsa final nunc. Io debe considerar lo.	9
04403	Phrasal Verbs	to work out (make a calculation)	berechnen	calcular	calculer	calcolare	calcular	calcular	kalkuli	calcular	Wir müssen zuerst die Gesamtkosten berechnen bevor wir das Auto kaufen.	Debemos calcular el costo total antes de comprar el auto.	Nous devons calculer le coût total avant d'acheter la voiture.	Dobbiamo calcolare il costo totale prima di acquistare l'auto.	Nós devemos calcular o custo total antes de comprar o carro.	We have to work out the total cost before we buy the car.	Hem de calcular el cost total abans de comprar el cotxe.	Ni devas kalkuli la totalan koston antaŭ ol aĉeti la aŭton.	Nos debe calcular le costo total ante de comprar le automobile.	9
04404	Computer Basics	video game 	das Videospiel 	el videojuego  	le jeu vidéo	il videogioco	o video game	el videojoc (els videojocs)	videoludo	joco video										9
04405	Computer Basics	folder	der Dateiordner 	la carpeta	le dossier	la cartella	a pasta	la carpeta (les carpetes)	dosierujo	dossier										9
04406	Computer Basics	to run (a software) [ran, run]	eine Software laufen lassen	ejecutar (un software)	exécuter (un logiciel)	eseguire, far partire (un programma)	executar (um software)	executar (un programari)	ruli (programaron)	executar										9
04407	Computer Basics	to delete, to erase	löschen	borrar	supprimer, effacer	cancellare	deletar	esborrar, suprimir	forviŝi	deler, cancellar										9
04408	Computer Basics	to copy	kopieren	copiar	copier	copiare	copiar	copiar	kopii	copiar										9
04409	Computer Basics	to click on	anklicken	pinchar en (ES) / hacer clic en (AL)	cliquer sur	cliccare su	clicar	clicar a	klaki sur	cliccar sur										9
04410	Education Terms	essay, paper	der Aufsatz 	la redacción (ES), el ensayo (AL)	la rédaction	il saggio, il tema	a redação	la redacció (les redaccions), l'assaig (els assajos)	eseo	essayo										9
04411	Economics & Finance	worth	der Wert 	el valor	la valeur	il valore	o valor	el valor (els valors)	valoro	valor										9
04412	Economics & Finance	profit	der Gewinn 	el beneficio, las ganancias	le bénéfice	il profitto, l'utile	o lucro	el benefici (els beneficis), els guanys	profito	lucro, beneficio, ganio										9
04413	Economics & Finance	benefit	die Geldleistung 	el beneficio, el subsidio	l'avantage , l'allocation 	il vantaggio, il sussidio	o benefício, o subsídio	la prestació (les prestacions), el subsidi (els subsidis)	profito, subvencio	beneficio, subsidio										9
04414	Economics & Finance	capital gain	der Kapitalgewinn , der Wertzuwachs 	la ganancia de capital	la plus-value	la plusvalenza	o ganho de capital	la plusvàlua (les plusvàlues), el guany de capital (els guanys de capital)	kapitalgajno	ganio de capital										9
04415	Economics & Finance	loss	der Verlust 	la pérdida	la perte	la perdita	a perda	la pèrdua (les pèrdues)	perdo	perdita										9
04416	Economics & Finance	loss-making, unprofitable	ertraglos, unrentabel	en pérdidas, poco rentable	non rentable	in perdita, infruttuoso, poco redditizio 	não-lucrativo, desvantajoso	deficitari, no rendible	malprofita	in perdita, non rentabile										9
04417	Economics & Finance	survey	die Umfrage , die Studie 	el estudio	l'enquête , l'étude 	lo studio, l'indagine 	a enquete	l'enquesta (les enquestes), l'estudi (els estudis)	enketo	studio										9
04418	Economics & Finance	price index	der Preisindex 	el índice de los precios	l'indice de prix 	l'indice  dei prezzi	o índice de preços	l'índex de preus (els índexs de preus)	prezindico	indice de precios										9
04419	Economics & Finance	to assess, to evaluate, to estimate	beurteilen, bewerten, einschätzen	evaluar, estimar	évaluer, estimer	stimare, valutare	avaliar, estimar	avaluar, estimar	taksi	evalutar, estimar										9
04420	Economics & Finance	billion	die Milliarde 	mil millones	le milliard	il miliardo	o bilhão	el mil milions (els mil milions)	miliardo	milliardo										9
04421	Economics & Finance	downtrend	der Abwärtstrend 	tendencia bajista	la tendance à la baisse	la fase di flessione, la tendenza al ribasso	a tendência de queda	la tendència a la baixa (les tendències a la baixa)	malantaŭa tendenco	tendentia descendente										9
04422	Economics & Finance	rate	die Rate , der Satz 	la tasa	le taux	il tasso	a taxa, a tarifa	la taxa (les taxes), el tipus (els tipus)	kurzo, indico	rata										9
04423	Economics & Finance	crisis	die Krise 	la crisis	la crise	la crisi	a crise	la crisi (les crisis)	krizo	crise										9
04424	Economics & Finance	economic policy	die Wirtschaftspolitik	la política económica	la politique économique	la politica economica	a política econômica	la política econòmica (les polítiques econòmiques)	ekonomia politiko	politica economic										9
04425	Economics & Finance	austerity	die Sparmaßnahme 	la austeridad	l'austérité 	l'austerità 	a austeridade	l'austeritat	aŭstereco	austeritate										9
04426	Economics & Finance	subsidy	die Subvention 	el subsidio	la subvention	il sussidio, la sovvenzione	o subsídio	el subsidi (els subsidis), la subvenció (les subvencions)	subvencio	subsidio										9
04427	Economics & Finance	taxes	die Steuern	las tasas	les impôts	le tasse, le imposte	os impostos, as taxas	els impostos	impostoj	taxas										9
04428	Economics & Finance	to tax	besteuern	tasar	imposer, taxer	tassare	taxar	gravar amb impostos, taxar	imposti	taxar										9
04429	Economics & Finance	income tax	die Einkommenssteuer 	impuesto sobre la renta	l'impôt sur le revenu 	l'imposta  sul reddito	o imposto sobre rendimento	l'impost sobre la renda (els impostos sobre la renda)	enspezimposto	imposto super le renta										9
04430	Economics & Finance	currency	die Währung 	la moneda	la devise, la monnaie	la moneta, la valuta	a moeda, a moeda corrente	la moneda (les monedes), la divisa (les divises)	valuto	moneta										9
04431	Economics & Finance	to earn money	Geld verdienen	ganar dinero	gagner de l'argent	guadagnare denaro	ganhar dinheiro	guanyar diners	gajni monon	ganiar moneta										9
04432	Economics & Finance	spending, expenses	die Ausgaben	los gastos	les dépenses	le spese	os gastos	les despeses	elspezoj	expensas										9
04433	Economics & Finance	to owe money	Geld schulden	deber dinero	devoir de l'argent	essere in debito (economico)	dever dinheiro	deure diners	ŝuldi monon	deber moneta										9
04434	Economics & Finance	to save money	Geld sparen	ahorrar dinero	économiser de l'argent	risparmiare denaro	economizar dinheiro	estalviar diners	ŝpari monon	sparniar moneta										9
04435	Economics & Finance	product	das Produkt 	el producto	le produit	il prodotto	o produto	el producte (els productes)	produkto	producto										9
04436	Economics & Finance	goods, merchandise	die Ware 	el bien, la mercancía	la marchandise	il bene, la merce	o bem, a mercadoria	els béns, les mercaderies	varoj	benes, mercantia										9
04437	Economics & Finance	warehouse	die Lager(halle) 	el almacén	l'entrepôt 	il magazzino	o armazém	el magatzem (els magatzems)	stokejo	magazin										9
04438	Economics & Finance	supply and demand	Angebot und Nachfrage	la oferta y la demanda	l'offre  et la demande	l'offerta e la domanda	a oferta e a demanda	l'oferta i la demanda	propono kaj postulo	offerta e demanda										9
04439	Economics & Finance	to sell retail	im Einzelhandel verkaufen	vender al por menor	vendre au détail	vendere al dettaglio	vender no varejo	vendre al detall	vendi podetale	vender al detalio										9
04440	Economics & Finance	purchase	der Kauf , der Erwerb 	la compra	l'achat 	l'acquisto	a compra, a aquisição	la compra (les compres)	aĉeto	compra										9
04441	Economics & Finance	to order	bestellen	pedir, ordenar	commander	ordinare	encomendar	demanar, encarregar	mendi	commandar										9
04442	Economics & Finance	auction	die Auktion , die Versteigerung 	subasta	la vente aux enchères	la vendita all'asta	o leilão	la subhasta (les subhastes)	aŭkcio	auction										9
04443	Economics & Finance	import / export	der Import  / der Export 	importación/exportación	l'import  / l'export 	le importazioni / le esportazioni 	a importação / a exportação	la importació / l'exportació	importado / eksportado	importation/exportation										9
04444	Economics & Finance	home trade	der Binnenhandel	el comercio interior	le commerce intérieur	il commercio interno	o comércio nacional/interno	el comerç interior	interna komerco	commercio interior										9
04445	Economics & Finance	foreign/overseas trade	der Außenhandel	el comercio extranjero	le commerce extérieur	il commercio estero	o comércio estrangeiro/exterior	el comerç exterior	ekstera komerco	commercio exterior										9
04446	Economics & Finance	market share	der Marktanteil 	la cuota de mercado	la part de marché	la quota di mercato	a cota de mercado	la quota de mercat (les quotes de mercat)	merkatparto	quota de mercato										9
04447	Economics & Finance	trade/budget gap	das Handelsdefizit , die Haushaltslücke 	el déficit comercial/presupuestario	le déficit commercial/budgétaire	il disavanzo commerciale	o défice comercial/orçamentário	el dèficit comercial (els dèficits comercials)/pressupostari (els dèficits pressupostaris)	komerca/buĝeta deficito	deficit commercial/budgetari										9
04448	Economics & Finance	surplus	der Überschuss 	excedente	l'excédent 	il surplus, l'eccedenza	o excedente	l'excedent (els excedents), el superàvit (els superàvits)	pluso	excedente										9
04449	Economics & Finance	competition	die Konkurrenz 	la competencia	la concurrence	la concorrenza	a concorrência	la competència	konkurenco	competition										9
04450	Economics & Finance	summit	der Gipfel 	la cumbre	le sommet	l'incontro al vertice, il summit	a conferência, a reunião	la cimera (les cimeres)	pintkunveno	summitate										9
04451	Economics & Finance	directive	die Richtlinie , die Direktive 	la directiva	la directive	la direttiva, l'ordine	a diretiva	la directiva (les directives)	direktivo	directiva										9
04452	Economics & Finance	the Eurozone	die Eurozone 	la eurozona	la zone euro	l'eurozona	a zona do euro	l'eurozona	eŭrozono	le eurozona										9
04453	Economics & Finance	globalisation, globalization	die Globalisierung	la globalización	la mondialisation	la globalizzazione	a globalização	la globalització	tutmondiĝo	globalisation										9
04454	Economics & Finance	to globalise, to globalize	globalisieren	globalizar	mondialiser	globalizzarsi	globalizar	globalitzar	tutmondigi	globalisar										9
04455	Economics & Finance	World Trade Organisation (WTO)	die Welthandelsorganisation (WTO)	Organización Mundial del Comercio (OMC)	l'Organisation Mondiale du Commerce (OMC)	l'Organizzazione Mondiale del Commercio (OMC)	a Organização Mundial do Comércio (OMC)	l'Organització Mundial del Comerç (OMC)	Monda Organizaĵo pri Komerco (MOK)	Organisation Mundial del Commercio (OMC)										9
04456	Economics & Finance	International Monetary Fund (IMF)	der Internationale Währungsfonds (IWF)	Fondo Monetario Internacional (FMI)	le Fonds Monétaire International (FMI)	il Fondo Monetario Internazionale (FMI)	o Fundo Monetário Internacional (FMI)	el Fons Monetari Internacional (FMI)	Internacia Monunua Fonduso (IMF)	Fundo Monetari International (FMI)										9
04457	Economics & Finance	free trade zone	die Freihandelszone	la zona de libre mercado	la zone de libre-échange	la zona del libero scambio	a zona de livre comércio	la zona de lliure comerç (les zones de lliure comerç)	liberkomerca zono	zona de libere commercio										9
04458	Economics & Finance	anti/alter-globalisation movement	die Anti-Globalisierungsbewegung	el movimiento antiglobalización	le mouvement anti/alter-mondialiste	il movimento anti-globalizzazione	o movimento antiglobalização	el moviment anti/alter-globalització (els moviments)	kontraŭ/alter-tutmondiĝa movado	movimento antiglobalisation										9
04459	Economics & Finance	to suffer a loss	einen Verlust  erleiden	sufrir una pérdida	subir une perte	subire una perdita (economica)	sofrer uma perda	patir una pèrdua	suferi perdon	suffrer un perdita										9
04460	Economics & Finance	to plough back profits	Profite reinvestieren	reinvertir las ganancias	réinvestir les bénéfices	reinvestire gli utili	reinvestir os lucros	reinvertir els beneficis	reinvesti profitojn	reinvestir le profitos										9
04461	Economics & Finance	standard of living	der Lebensstandard , die Lebensqualität 	el nivel de vida	le niveau de vie	il tenore di vita	o nível de vida	el nivell de vida (els nivells de vida)	vivnivelo	nivello de vita										9
04462	Economics & Finance	poverty line	die Armutsgrenze 	la línea de pobreza	le seuil de pauvreté	la soglia di povertà	a linha da pobreza	el llindar de pobresa (els llindars de pobresa)	sojlo de malriĉeco	linea de paupertate										9
04463	Economics & Finance	package of measures	das Maßnahmenpaket , die Reihe von Maßnahmen	el paquete de medidas	l'ensemble de mesures 	il pacchetto di misure	o pacote de medidas	el paquet de mesures (els paquets de mesures)	pako da rimedoj	pacchetto de mesuras										9
04464	Economics & Finance	Pay As You Earn (PAYE)	der Lohnsteuerabzug	retenciones del IRPF	la retenueà la source (de l'impôt sur le revenu)	la ritenuta alla fonte	a retenção na fonte	les retencions de l'IRPF	Antaŭpago de Enspezimposto (PAYE)	retention al fonte del imposto super le renta (PAYE)										9
04465	Economics & Finance	VAT (Value Added Tax)	die MwSt. (Mehrwertsteuer)	el IVA (Impuesto sobre el Valor Añadido)	la TVA (Taxe à la Valeur Ajoutée)	l'IVA (Imposta sul Valore Aggiunto)	o IVA (Imposto sobre o Valor Acrescentado)	l'IVA (Impost sobre el Valor Afegit)	VAT (Aldonvalora Imposto)	taxa super le valor addite (TVA)										9
04466	Economics & Finance	to send out (sent out, sent out) a tender request	eine Ausschreibung machen	publicar un concurso	lancer un appel d'offre	pubblicare un bando di gara	lançar um concurso	publicar una licitació	fari oferton	inviar un requesta de offertas										9
04467	Economics & Finance	Gross Domestic Product (GDP)	das Bruttoinlandsprodukt (B.I.P)	el Producto Interno Bruto (PIB)	le Produit Intérieur Brut (PIB)	il Prodotto Interno Lordo (PIL)	o Produto Interno Bruto (PIB)	el Producte Interior Brut (PIB)	Malneta Enlanda Produkto (MEP)	Producto Interne Brute (PIB)										9
04468	Economics & Finance	European member of parliament	der Europaabgeordnete 	el eurodiputado	le député européen	l'eurodeputato	o(a) eurodeputado(a)	l'eurodiputat (els eurodiputats), l'eurodiputada (les eurodiputades)	eŭropa parlamentano	deputato europee										9
04469	Economics & Finance	budget	das Budget , der Haushalt 	el presupuesto	le budget	il budget	o orçamento, o recurso	el pressupost (els pressupostos)	buĝeto	budget										9
04470	Economics & Finance	public expenditure	die Staatsausgaben	el gasto público	les dépenses publiques	la spesa pubblica	os gastos públicos	la despesa pública (les despeses públiques)	publika elspezo	expensa public										9
04471	Economics & Finance	to nationalise, to nationalize	verstaatlichen	nacionalizar	nationaliser	nazionalizzare	nacionalizar	nacionalitzar	ŝtatigi	nationalisar										9
04472	Economics & Finance	grant	das Fördermittel , die Subvention 	la subvención	l'aide financière 	la sovvenzione	a ajuda financeira	la subvenció (les subvencions), l'ajut financer (els ajuts financers)	subvencio	subvention										9
04473	Economics & Finance	shortage	der Mangel , die Knappheit 	la carencia	la pénurie	la scarsità, la carenza	a carência	l'escassetat, la manca	manko	carentia										9
04474	Economics & Finance	entrepreneurship	der Unternehmergeist 	el espíritu empresarial 	l'esprit d'entreprise	lo spirito imprenditoriale	o empreendedorismo, o espírito empresarial	l'esperit emprenedor	entreprenemo	spirito interprendente										9
04475	Economics & Finance	sub-contractor	der Subunternehmer 	el subcontratista	le sous-traitant	il subappaltatore	o subcontratante	el subcontractista (els subcontractistes)	subkontraktisto	subcontractor										9
04476	Economics & Finance	brand	die Marke 	la marca (empresa)	la marque (d'une entreprise)	il marchio, la marca	a marca (empresa)	la marca (empresa) (les marques)	marko (kompanio)	marca										9
04477	Economics & Finance	niche	die Nische 	el nicho (de mercado)	le créneau, la niche	la nicchia (di mercato)	o nicho (de mercado)	el nínxol (de mercat) (els nínxols)	niĉo (merkata)	niche										9
04478	Economics & Finance	real estate	Grundstücks... / Immobilien...	el mercado de bienes raíces / bienes inmuebles	l'immobilier 	il settore immobiliare	o mercado imobiliário	l'immobiliari	nemoveblaĵoj	benes immobile										9
04479	Economics & Finance	landlord, real estate owner	der Hausbesitzer 	el propietario	le propriétaire immobilier	il proprietario immobiliare	o(a) proprietário(a) de imóvel	el propietari (els propietaris), la propietària (les propietàries)	bienulo	proprietario										9
04480	Economics & Finance	tenant	der Mieter 	el inquilino, el arrendatario	locataire	l'inquilino, l'affittuario	o(a) inquilino(a)	el llogater (els llogaters), la llogatera (les llogateres), l'inquilí (els inquilins), la inquilina (les inquilines)	luanto	locatario										9
04481	Economics & Finance	realtor (US), estate agent (UK)	der Immobilienmakler 	el agente inmobiliario	l'agent immobilier 	l'agente  immobiliare	o(a) corretor(a) de imóveis	l'agent immobiliari (els agents immobiliaris)	agenton de nemoveblaĵoj	agente immobiliari										9
04482	Economics & Finance	housing	die Unterkunft 	el alojamiento	le logement	l'alloggio	o alojamento	l'allotjament, l'habitatge (els habitatges)	loĝado	allogiamento										9
04483	Economics & Finance	to assist	assistieren, helfen	asistir, ayudar	assister, aider	assistere, aiutare	assistir, ajudar	assistir, ajudar	asisti, helpi	assister, adjutar										9
04484	Economics & Finance	banking	das Bankwesen	la actividad bancaria	l'activité bancaire	l'attività bancaria	a atividade bancária	la banca, l'activitat bancària	bankado	activitate bancari										9
04485	Economics & Finance	to lend money	Geld leihen/borgen	prestar dinero	prêter de l'argent	prestare denaro	emprestar dinheiro	prestar diners, deixar diners	pruntedoni monon	prestar moneta										9
04486	Economics & Finance	credit	der Kredit 	el crédito	le crédit	il credito	o crédito	el crèdit (els crèdits)	kredito	credito										9
04487	Economics & Finance	creditor	der Gläubiger 	el acreedor	le créancier	il creditore	o(a) credor(a)	el creditor (els creditors), la creditora (les creditores)	kreditoro	creditor										9
04488	Economics & Finance	to set up (set up, set up) a business	ein Geschäft  aufbauen	empezar una empresa	établir une affaire, une entreprise	avviare un'impresa	criar um negócio/uma empresa	engegar un negoci	starigi komercon	establir un interprisa										9
04489	Economics & Finance	corporation (US), company (UK)	das Unternehmen 	la compañía, la empresa	la société commerciale	la compagnia, la società (impresa)	a sociedade comercial	l'empresa (les empreses), la companyia (les companyies)	korporacio, kompanio	compania, interprisa										9
04490	Economics & Finance	stock exchange	die Börse 	la Bolsa (de valores)	la Bourse	la Borsa Valori	a Bolsa de Valores	la borsa de valors	borso	bursa de valores										9
04491	Economics & Finance	share	die Aktie , der Anteil 	la acción (en bolsa)	l'action (en bourse) 	l'azione, il titolo (in borsa)	a ação (na bolsa)	l'acció (en borsa) (les accions)	akcio (borsa)	action										9
04492	Economics & Finance	bond	die Obligation 	la obligación	l'obligation 	l'obbligazione 	a obrigação	el bo (els bons), l'obligació (les obligacions)	obligacio	le obligation										9
04493	Economics & Finance	stockholder (US), shareholder (UK)	der Aktionär 	el accionista	l'actionnaire 	l'azionista 	o(a) acionista	l'accionista (els accionistes)	akciulo	le actionero										9
04494	Economics & Finance	deal	das Geschäft , der Handel , der Deal 	el acuerdo	la transaction, l'accord	l'accordo, l'affare 	a transação, o acordo	l'acord (els acords), el tracte (els tractes)	interkonsento	le accordo										9
04495	Economics & Finance	trader, broker	der Makler , der Broker 	el corredor de bolsa, el bróker	l'agent en bourse 	l'agente  di cambio, il broker	o(a) corretor(a) da bolsa	el corredor de borsa (els corredors de borsa), l'agent de borsa (els agents de borsa)	borsisto	le agente de bursa, le agente de cambio										9
04496	Economics & Finance	to open up (stock exchange)	mit Profit aufmachen (an der Börse)	abrir con ganancias (en bolsa)	ouvrir en hausse (à la bourse)	aprire in rialzo (in borsa)	abrir em alta (na bolsa)	obrir a l'alça (a la borsa)	malfermiĝi kun profito (en borso)	aperir con ganio										9
04497	Economics & Finance	to close down (stock exchange)	mit Verlust schließen (an der Börse)	cerrar con pérdidas (en bolsa)	clôturer en baisse (à la Bourse)	chiudere al ribasso (in borsa)	fechar em baixa (na bolsa)	tancar a la baixa (a la borsa)	fermiĝi kun perdo (en borso)	clauder con perdita										9
04498	Economics & Finance	steady market	der stabile Markt	el mercado estable	le marché stable	il mercato stabile	o mercado estável	el mercat estable (els mercats estables)	stabila merkato	le mercato stabile										9
04499	Economics & Finance	volatile market	der volatile Markt	el mercado volátil	le marché instable	il mercato volatile	o mercado volátil	el mercat volàtil (els mercats volàtils)	volatila merkato	le mercato volatile										9
04500	Economics & Finance	to feel the pinch	eine schwierige Lage zu spüren bekommen	vivir con el agua al cuello, con dificultades económicas	souffrir financièrement	sentire la crisi economica, essere con l'acqua alla gola	sentir a crise	passar-ho malament econòmicament	senti la ekonomian krizon	viver in difficultates economic										9
04501	Social Issues	partner in crime, accomplice	der Komplize, die Komplizin	el cómplice	le complice	il complice, la complice	o cúmplice	el còmplice (els còmplices), la còmplice (les còmplices)	komplico	le complice	Sag mir die Wahrheit, bist du sein Komplize?	Dime la verdad, ¿eres su cómplice?	Dis-moi la vérité, tu es son complice ?	Dimmi la verità, sei suo complice?	Diga a verdade, você é o cúmplice dele?	Tell me the truth, are you his partner in crime?	Digues-me la veritat, ets el seu còmplice?	Diru al mi la veron, ĉu vi estas lia komplico?	Dice me le veritate, es tu su complice?	9
04502	Social Issues	to search (a place) (police) 	durchsuchen (Polizei)	registrar (un lugar) (la policía)	fouiller, perquisitionner	perquisire	revistar 	escorcollar (un lloc) (policia)	traserĉi (lokon) (polico)	perquirer										9
04503	News & Media	to entitle	berechtigen	titular	intituler	intitolare	intitular	titular	titoli	intitular										9
04504	Nouns	suggestion	der Vorschlag 	la sugerencia	la suggestion, la proposition 	la proposta, il suggerimento	a sugestão	el suggeriment (els suggeriments), la proposició (les proposicions)	sugesto	suggestion										9
04505	Nouns	taste	der Geschmack 	el gusto, el sabor	le goût	il gusto	o sabor	el gust (els gustos), el sabor (els sabors)	gusto	gusto, sapor										9
04506	Nouns	favor (US), favour (UK)	der Gefallen ; die Gunst 	el favor	la faveur	il favore	o favor	el favor (els favors)	favoro	favor										9
04507	Nouns	profile	das Profil 	el perfil	le profil	il profilo	o perfil	el perfil (els perfils)	profilo	profilo										9
04508	Nouns	route	die Route , der Reiseweg 	la ruta	le parcours	il percorso, l'itinerario	a rota	la ruta (les rutes)	itinero	ruta										9
04509	Nouns	motive	das Motiv 	el motivo	le motif	il motivo	o motivo	el motiu (els motius)	motivo	motivo										9
04510	Nouns	cooperation	die Zusammenarbeit , die Kooperation 	la cooperación	la coopération	la cooperazione	a cooperação	la cooperació	kunlaboro	cooperation	Ich bin auf Ihre Zusammenarbeit angewiesen. Ich kann das nicht ohne Sie tun.	Necesito su cooperación, no puedo hacerlo sin usted.	J'ai besoin de votre coopération; je ne peux pas faire cela sans vous.	Ho bisogno della sua cooperazione, non posso farcela senza di lei.	Eu preciso de sua cooperação; eu não posso fazer isso sem você.	I need your cooperation; I can't do this without you.	Necessito la seva cooperació, no puc fer-ho sense vostè.	Mi bezonas vian kunlaboron; mi ne povas fari ĉi tion sen vi.	Io ha besonio de vostre cooperation; io non pote facer isto sin vos.	9
04511	Nouns	glove	der Handschuh 	el guante	le gant	il guanto	a luva	el guant (els guants)	ganto	guanto										9
04512	Nouns	discrimination	die Diskriminierung 	la discriminación	la discrimination	la discriminazione	a discriminação	la discriminació (les discriminacions)	diskriminacio	discrimination										9
04513	Nouns	mandate	das Mandat 	el mandato	le mandat	il mandato	o mandato	el mandat (els mandats)	mandato	mandato										9
04514	Nouns	revolution	die Revolution 	la revolución	la révolution	la rivoluzione	a revolução	la revolució (les revolucions)	revolucio	revolution										9
04515	Nouns	core	der Kern 	el núcleo	le fond	il nocciolo, il centro	o núcleo	el nucli (els nuclis)	kerno	nucleo	Ich habe den Eindruck, dass du den Kern des Problems nicht verstehst	Tengo la impresión que no entiendes el núcleo del problema	J'ai l'impression que tu ne comprends pas le fond du problème	Ho l'impressione che non capisci il nocciolo del problema	Eu tenho a impressão de que você não entende o núcleo do problema	I have the impression that you don't understand the core of the problem	Tinc la impressió que no entens el nucli del problema.	Mi havas la impreson, ke vi ne komprenas la kernon de la problemo.	Io ha le impression que tu non comprende le nucleo del problema.	9
04516	Nouns	involvement	die Beteiligung , die Verwicklung 	la implicación, la participación	l'implication 	la partecipazione, il coinvolgimento	a implicação	la implicació, la participació	implikiĝo	implication										9
04517	Nouns	health-care	das Gesundheitswesen 	la asistencia médica	les soins de santé	l'assistenza sanitaria	a assistência médica	l'assistència sanitària	sanzorgo	assistentia medical										9
04518	Nouns	paradise, heaven	das Paradies 	el paraíso	le paradis	il paradiso	o paraíso	el paradís (els paradisos)	paradizo	paradiso										9
04519	Nouns	maker	der Hersteller , der Fabrikant 	el fabricante	le fabricant	il fabbricante, il creatore	o fabricante	el fabricant (els fabricants), el creador (els creadors)	faranto	fabricante										9
04520	Nouns	recommendation	die Empfehlung 	la recomendación	la recommandation	la raccomandazione	a recomendação	la recomanació (les recomanacions)	rekomendo	recommendation										9
04521	Nouns	importance	die Wichtigkeit 	la importancia	l'importance 	l'importanza	a importância	la importància	graveco	importantia										9
04522	Nouns	exception	die Ausnahme 	la excepción	l'exception 	l'eccezione 	a exceção	l'excepció (les excepcions)	escepto	exception										9
04523	Nouns	lifestyle	der Lebensstil 	el estilo de vida	le style de vie	lo stile di vita	o estilo de vida	l'estil de vida (els estils de vida)	vivstilo	stilo de vita										9
04524	Nouns	platform	die Plattform 	la plataforma	la plateforme	la piattaforma	a plataforma	la plataforma (les plataformes)	platformo	platteforma										9
04525	Nouns	meaning	der Sinn , die Bedeutung 	el sentido, el significado	le sens	il significato	o significado	el sentit (els sentits), el significat (els significats)	signifo	signification										9
04526	Nouns	mess	die Unordnung 	el desorden	le désordre	il disordine, la confusione	a bagunça	el desordre (els desordres)	malordo	disordine										9
04527	Nouns	tone	der Ton  (Musik...)	el tono	le ton	il tono, la tonalità	o tom	el to (els tons)	tono	tono										9
04528	Nouns	transcript	die Abschrift 	la transcripción	la transcription	la trascrizione	a transcrição	la transcripció (les transcripcions)	transskribaĵo	transcription										9
04529	Nouns	content	der Inhalt 	el contenido	le contenu	il contenuto	o conteúdo	el contingut (els continguts)	enhavo	contento	Ich glaube nicht, dass der Inhalt dieses Aufsatzes für schulische Zwecke geeignet ist.	No creo que el contenido de esta redacción sea adecuado para el colegio.	Je ne pense pas que le contenu de cette dissertation soit approprié pour l'école.	Non penso che il contenuto di questo saggio sia adatto per la scuola	Eu não acho que o conteúdo desta redação seja apropriado para a escola.	I don't think that the content of this essay is appropriate for school.	No crec que el contingut d'aquesta redacció sigui adequat per a l'escola.	Mi ne pensas, ke la enhavo de ĉi tiu eseo estas taŭga por lernejo.	Io non crede que le contento de iste essayo sia appropriate pro le schola.	9
04530	Nouns	inspection	die Inspektion 	la inspección	l'inspection 	l'ispezione 	a inspeção	la inspecció (les inspeccions)	inspektado	inspection										9
04531	Nouns	incentive	der Ansporn 	el incentivo, la motivación	la motivation, l'encouragement, l'incitation	l'incentivo	a motivação, o incentivo	l'incentiu (els incentius), la motivació (les motivacions)	instigo	incentivo										9
04532	Nouns	rhetoric	die Rhetorik 	la retórica	la rhétorique	la retorica	a retórica	la retòrica	retoriko	rhetorica										9
04533	Nouns	philosophy	die Philosophie 	la filosofía	la philosophie	la filosofia	a filosofia	la filosofia	filozofio	philosophia										9
04534	Nouns	harassment	die Belästigung 	el acoso	le harcèlement 	la molestia, la persecuzione	o assédio	l'assetjament	ĉikanado	molestation	Lassen Sie mich in Ruhe oder ich werde Sie wegen Belästigung verklagen!	Déjame en paz, ¡o te demandaré por acoso!	Laissez-moi tranquille, ou je vous poursuis pour harcèlement !	Mi lasci in pace o la denuncerò per molestie!	Deixe-me em paz, ou eu vou processá-lo por assédio!	Leave me alone, or I will sue you for harassment!	Deixa'm en pau o et demandaré per assetjament!	Lasu min sola, aŭ mi procesigos vin pro ĉikanado!	Lassa me in pace, o io intentara un action contra te pro molestation!	9
04535	Nouns	cream	die Creme , die Sahne 	la crema	la crème	la panna, la crema	o creme	la crema (les cremes)	kremo	crema										9
04536	Nouns	pregnancy	die Schwangerschaft 	la gravidez	la grossesse	la gravidanza	a gravidez	l'embaràs (els embarassos)	gravedeco	graviditate										9
04537	Nouns	smell	der Geruch 	el olor	l'odeur 	l'odore 	o cheiro	l'olor (les olors)	odoro	odor										9
04538	Nouns	reader	der Leser 	el(la) lector(a)	le lecteur	il lettore	o(a) leitor(a)	el lector (els lectors), la lectora (les lectores)	leganto	lector										9
04539	Nouns	commercial, advertisement, ad	die Werbung , der Werbespot	la publicidad (ES),  el comercial (AL)	la publicité	la pubblicità, lo spot	o comercial, o anúncio	l'anunci (els anuncis), la publicitat	reklamo	annuncio publicitari	Normalerweise stelleich die Lautstärke des Fernsehers leiser, wenn ein Werbespoteines Produktes erscheint	Normalmente le bajo el volumen a la TV cuando hay publicidad para un producto.	D'habitude, je baisse le volume de la télé quand une publicité pour un produit apparait.	Di solito io abbasso il volume della TV quando compare la pubblicità di un prodotto.	Eu costumo baixar o volume da TV quando aparece um comercial de produto.	I usually turn down the volume on the TV when a commercial for a product comes on.	Normalment baixo el volum del televisor quan surt un anunci.	Mi kutime malaltigas la volumon de la televidilo kiam aperas reklamo por produkto.	Io usualmente abassa le volumine del TV quando un annuncio publicitari pro un producto appare.	9
04540	Nouns	homicide	der Mord , die Tötung 	el homicidio	l'homicide 	l'omicidio	o homicídio	l'homicidi (els homicidis)	hommortigo	homicidio										9
04541	Nouns	cycle	der Zyklus 	el ciclo	le cycle	il ciclo, la bici	o ciclo	el cicle (els cicles)	ciklo	cyclo										9
04542	Nouns	constitution	die Konstitution 	la constitución	la constitution	la costituzione	a constituição	la constitució (les constitucions)	konstitucio	constitution										9
04543	Nouns	statistics	die Statistiken	las estadísticas	les statistiques	le statistiche	as estatísticas	les estadístiques	statistikoj	statisticas										9
04544	Nouns	documentary	der Dokumentarfilm 	el documental	le documentaire	il documentario	o documentário	el documental (els documentals)	dokumenta filmo	documentario										9
04545	Nouns	motorcycle	das Motorrad 	la motocicleta, la moto	la moto	la moto	a moto	la motocicleta (les motocicletes), la moto (les motos)	motorciklo	motocycletta										9
04546	Nouns	idiom (expression)	der idiomatische Ausdruck	modismo (expresión)	l'expression  idiomatique	espressione idiomatica	expressão idiomática 	el modisme (expressió) (els modismes)	idiomaĵo (esprimo)	idiotismo										9
04547	Nouns	disgrace 	die Schande, die Schmach	desgracia	la disgrâce, la honte	disgrazia, vergogna	desonra, vergonha	la desgràcia, la vergonya	honto	disgratia										9
04548	Adjectives	potential	potentiell	potencial	potentiel(le)	potenziale	potencial	potencial	potenciala	potential	SMS zu schreiben und zu fahren stellt immer ein potentielles Unfallrisiko dar	Enviar mensajes de texto y conducir siempre presenta un riesgo potencial de un accidente de auto.	Conduire et envoyer des textos en même tempscomportent toujours un risque potentiel d'accident de voiture	Mandare messaggi e guidare comporta sempre un potenziale rischio di incidente automobilistico.	Digitar no celular e dirigir sempre apresenta um potencial risco de acidente de carro.	Texting and driving always presents a potential risk of car crash 	Escriure missatges de text i conduir sempre presenta un risc potencial d'accident de cotxe.	Tekstado kaj stirado ĉiam prezentas potencialan riskon de aŭto-akcidento.	Inviar messages de texto durante que on conduce presenta sempre un risco potential de accidente de automobile.	9
04549	Adjectives	annual	jährlich	anual	annuel(le)	annuale	anual	anual	jara	annual										9
04550	Adjectives	unbelievable	unglaublich	increíble	incroyable	incredibile	incrível	increïble	nekredebla	incredibile										9
04551	Adjectives	cute	süß, niedlich	lindo(a)	mignon(ne)	carino(a), grazioso(a)	bonitinho(a), fofo(a)	bufó(ona), maco(a)	ĉarma	gratiose	Sie ist süß, wenn sie lacht	Es linda cuando ríe	Elle est mignonne quand elle rit.	È carina quando ride	Ela fica bonitinha quando ri	She is cute when she laughs.	És bufona quan riu.	Ŝi estas ĉarma kiam ŝi ridas.	Illa es gratiose quando illa ride.	9
04552	Adjectives	dirty	schmutzig, dreckig	sucio(a)	sale	sporco(a)	sujo(a)	brut(a)	malpura	sordide										9
04553	Adjectives	complex	komplex	complejo(a)	complexe	complesso(a)	complexo(a)	complex(a)	kompleksa	complexe										9
04554	Adjectives	odd, strange	seltsam, komisch	extraño(a)	étrange	strano(a), eccentrico(a)	estranho(a)	estrany(a), rar(a)	stranga	estranie										9
04555	Adjectives	favorite (US), favourite (UK)	bevorzugt	favorito(a)	favori(e)	preferito(a), favorito(a)	favorito(a)	favorit(a)	favorata	favorite										9
04556	Adjectives	ongoing	laufend	en curso	en cours	in corso	em andamento, contínuo(a)	en curs, continu	daŭranta	in curso										9
04557	Adjectives	rural	ländlich	rural	rural(e)	rurale	rural	rural	kampara	rural										9
04558	Adjectives	classic	klassisch	clásico(a)	classique	classico(a)	clássico(a)	clàssic(a)	klasika	classic										9
04559	Adjectives	lovely	entzückend	agradable	adorable	adorabile	adorável	encantador(a), adorable	adorinda	agradabile										9
04560	Adjectives	unable	unfähig	incapaz	incapable	incapace	inapto(a), incapaz	incapaç	nekapabla	incapace										9
04561	Adjectives	humanitarian	humanitär	humanitario(a)	humanitaire	umanitario(a)	humanitário(a)	humanitari(ària)	humanitara	humanitari										9
04562	Adverbs	elsewhere	woanders	en otro lugar	ailleurs	altrove	em outro lugar	en un altre lloc	alie	in un altere loco										9
04563	Adverbs	overall	insgesamt	en general	en général	nell'insieme	em geral	en general	entute	in general	Seine Performance hat sich insgesamt verbessert, aber es gibt immer noch einige Bereiche, in denen er mehr Übung braucht.	Su actuación ha mejorado en general, pero aún hay áreas que él necesita practicar.	Sa prestation s'est améliorée en général, mais il y a encore quelques domaines dans lesquels il a besoin de plus de pratique.	La sua prestazione è migliorata nell'insieme, ma ci sono ancora delle aree in cui ha bisogno di più pratica.	O desempenho dele melhorou em geral, mas ainda há algumas áreas em que ele precisa de mais prática.	His performance has improved overall, but there are still some areas in which he needs more practice.	El seu rendiment ha millorat en general, però encara hi ha àrees on necessita més pràctica.	Lia agado pliboniĝis entute, sed ankoraŭ estas iuj areoj, en kiuj li bezonas pli da praktiko.	Su prestation ha meliorate in general, ma il ha ancora alcun areas in le quales ille necessita plus practica.	9
04564	Adverbs	terribly	schrecklich	terriblemente	terriblement	terribilmente	terrivelmente	terriblement	terure	terribilemente										9
04565	Adverbs	overseas	im Ausland (in Übersee)	en el extranjero, en el exterior	à l'étranger, outre-mer	all'estero	no exterior	a l'estranger	eksterlande	al estraniero										9
04566	Adverbs	heavily	schwer	pesadamente, gravemente	lourdement	fortemente, profondamente, con difficoltà	pesadamente, profundamente	pesadament, greument	peze	pesantemente, gravemente										9
04567	Adverbs	primarily	vorwiegend, hauptsächlich	principalmente	essentiellement, principalement	principalmente	essencialmente, principalmente	principalment, sobretot	ĉefe	principalmente	Dieses Buch handelt vorwiegend von der russischen Geschichte.	Este libro va, principalmente,de la historia rusa.	Ce livre parle principalement de l'histoire russe.	Questo libro parla principalmente della storia russa.	Este livro trata, essencialmente, da história russa.	This book is primarily about Russian history.	Aquest llibre tracta principalment de la història russa.	Ĉi tiu libro temas ĉefe pri la rusa historio.	Iste libro tracta principalmente de historia russe.	9
04568	Adverbs	precisely, accurately	präzise, genau, exakt	precisamente	précisément	precisamente, accuratamente	precisamente, com precisão	precisament, exactament	precize	precisemente, accuratemente										9
04569	Verbs	to endorse	unterstützen, gutheißen	respaldar, apoyar	soutenir, appuyer	sostenere, appoggiare	apoiar, aprovar	recolzar, donar suport	subteni	appoiar										9
04570	Verbs	to justify	(sich) rechtfertigen	justificar	justifier	giustificare	justificar	justificar	pravigi	justificar	Einige Menschen glauben, dass das Resultat die Methoden zu dessen Erreichung rechtfertigt.	Algunas personas creen que el resultado justifica los medios para obtenerlo	Certaines personnes croient que le résultat justifie les méthodes pour l'obtenir.	Alcune persone credono che il risultato giustifichi i metodi per ottenerlo.	Algumas pessoas acreditam que o resultado justifica os métodos para alcançá-lo.	Some people believe that the result justifies the methods of achieving it.	Algunes persones creuen que el resultat justifica els mitjans per aconseguir-lo.	Iuj homoj kredas, ke la rezulto pravigas la rimedojn por atingi ĝin.	Alcun personas crede que le resultato justifica le medios pro obtener lo.	9
04571	Verbs	to contest	bestreiten	 refutar, impugnar	contester	contestare, impugnare	contestar	refutar, impugnar	kontesti	refutar	Ich will nicht bestreiten was Sie sagen, aber ich persönlich glaube, dass das nicht wahr ist. 	No refutaré lo que usted está diciendo, pero personalmente creo que no es cierto. 	Je ne contesterai pas ce que vous dites, mais personnellement, je crois vraiment que c'est faux. 	Non contesterò quel che stai dicendo, ma personalmente credo davvero che sia falso. 	Eu não vou contestar o que você está dizendo; mas, pessoalmente, eu acredito que isso seja falso. 	I will not contest what you're saying; but personally, I do believe it's untrue. 	No refutaré el que dius, però personalment crec que no és cert.	Mi ne kontestos tion, kion vi diras; sed persone, mi kredas, ke tio ne estas vera.	Io non refutara lo que vos dice; sed personalmente, io crede de facto que illo non es ver.	9
04572	Verbs	to master	meistern	dominar	maîtriser	dominare, controllare	dominar	dominar	majstri	dominar										9
04573	Verbs	to pop	platzen, knallen	explotar, estallar	sauter, éclater (d'un coup sec)	saltare, scoppiare	saltar, estourar	esclatar, petar	krevi	exploder										9
04574	Verbs	to educate	ausbilden, erziehen (Kinder)	educar	éduquer	educare	educar	educar	eduki	educar										9
04575	Verbs	to ensure, to insure	versichern	asegurar, garantizar	assurer	assicurare	assegurar, garantir, segurar	assegurar, garantir	certigi	assecurar										9
04576	Verbs	to embrace	umarmen, annehmen	abrazar	embrasser, adopter (une religion)	abbracciare	abraçar, adotar	abraçar, adoptar	brakumi, adopti	imbraciar										9
04577	Verbs	to overcome	überwinden, überwältigen	superar	surmonter	superare	superar	superar	superi	superar										9
04578	Verbs	to cite	zitieren	citar	citer	citare	citar	citar	citi	citar										9
04579	Verbs	to bless	segnen	bendecir	bénir	benedire	abençoar	beneir	beni	benedicer										9
04580	Student Life	I'm looking for the International Relations office	Ich suche das Büro für internationale Beziehungen	Busco la oficina de Relaciones Internacionales	Je cherche le bureau des Relations Internationales	Cerco l'ufficio delle Relazioni Internazionali	(Eu) procuro o escritório de relações internacionais	Busco l'oficina de Relacions Internacionals.	Mi serĉas la oficejon de Internaciaj Rilatoj.	Io cerca le officio de Relationes International										9
04581	Student Life	I'm from the University / College of...	Ich komme von der Universität...	Vengo de la Universidad de...	Je viens de l'Université de...	Vengo dall'Università di...	(Eu) venho da Universidade de...	Vinc de la Universitat de...	Mi venas de la Universitato de...	Io veni del Universitate de...										9
04582	Student Life	Could you help me find housing / lodging?	Könnten Sie mir dabei helfen, eine Unterkunft zu finden?	¿Usted me podría ayudar a encontrar un alojamiento?	Pourriez-vous m'aider à trouver un logement?	Potrebbe aiutarmi a trovare un affitto / alloggio?	(Você) poderia me ajudar a encontrar um alojamento?	Podria ajudar-me a trobar allotjament?	Ĉu vi povus helpi min trovi loĝejon?	Poterea vos adjutar me a trovar un allogiamento?										9
04583	Student Life	I should get a room on the university campus	Ich sollte ein Zimmer auf dem Unicampus bekommen	Debería conseguir una habitación en el campus universitario	Je devrais obtenir une chambre dans le campus universitaire	Dovrei prendere una stanza nel campus universitario	(Eu) deveria arranjar um quarto no campus universitário	Hauria d'aconseguir una habitació al campus universitari.	Mi devus ricevi ĉambron en la universitata kampuso.	Io deberea obtener un camera in le campus universitari										9
04584	Student Life	Do you have a campus map?	Hast du einen Campusplan?	¿Tienes un mapa del campus?	As-tu un plan du campus universitaire?	Hai una cartina del campus?	(Você) tem um mapa do campus?	Tens un mapa del campus?	Ĉu vi havas mapon de la kampuso?	Ha tu un carta del campus?										9
04585	Student Life	I am an Erasmus student	Ich bin ein(e) Erasmus-Student(in)	Soy un(a) estudiante Erasmus	Je suis un(e) étudiant(e) Erasmus	Sono uno(a) studente (studentessa) Erasmus	(Eu) sou um(a) estudante Erasmus	Sóc un(a) estudiant Erasmus.	Mi estas Erasmus-studento.	Io es un studente Erasmus										9
04586	Student Life	I would like to open a bank account	Ich möchte gerne ein Konto eröffnen	Me gustaría abrir una cuenta bancaria	Je voudrais ouvrir un compte bancaire	Vorrei aprire un conto bancario	(Eu) gostaria de abrir uma conta bancária	M'agradaria obrir un compte bancari.	Mi ŝatus malfermi bankkonton.	Io volerea aperir un conto bancari										9
04587	Student Life	A student subscription, please	Ein Studentenabo, bitte	Un abono de estudiante, por favor	Un abonnement étudiant, s'il vous plaît	Un abbonamento studenti, per favore	Um abono de estudante, por favor	Un abonament d'estudiant, si us plau.	Studentan abonon, bonvolu.	Un abonamento de studente, per favor										9
04588	Student Life	This professor is talking a little too quickly for me!	Dieser Lehrer spricht ein bisschen zu schnell für mich!	¡Este profesor está hablando demasiado rápido para mi!	Ce prof parle un peu trop rapidement pour moi!	Questo professore sta parlando un po' troppo velocemente per me!	Este professor fala um pouco rápido demais para mim!	Aquest professor parla una mica massa ràpid per a mi!	Ĉi tiu profesoro parolas iom tro rapide por mi!	Iste professor parla un pauco troppo rapidemente pro me!										9
04589	Student Life	Where is room 3?	Wo befindet sich der Raum Nummer 3?	¿Dónde está la sala 3?	Où se trouve la salle 3?	Dov'è l'aula 3?	Onde é a sala 3?	On és l'aula 3?	Kie estas la ĉambro 3?	Ubi es le sala 3?										9
04590	Student Life	Do you plan on attending the Erasmus party tonight?	Hast du vor, heute Abend zur Erasmus-Party zu kommen?	¿Piensas en venir a la fiesta Erasmus de esta noche?	Tu comptes venir à la fête Erasmus de ce soir?	Pensi di venire alla festa Erasmus di stasera?	(Você) planeja vir à festa do Erasmus desta noite?	Penses venir a la festa Erasmus d'aquesta nit?	Ĉu vi planas veni al la Erasmus-festo ĉi-vespere?	Tu pensa assister al festa Erasmus iste nocte?										9
04591	Student Life	I will only be staying for the first semester	Ich werde nur für das erste Semester bleiben	Sólo me quedaré durante el primer semestre	Je resterai seulement pendant le premier semestre	Rimarrò solo durante il primo semestre	(Eu) ficarei apenas durante o primeiro semestre	Només em quedaré el primer semestre.	Mi restos nur dum la unua semestro.	Io remanera solmente durante le prime semestre										9
04592	Student Life	He's the tutor for Erasmus students	Er ist der Tutor der Erasmus-Studenten	Es el tutor de los estudiantes Erasmus	Il est le tuteur des étudiants Erasmus	Lui è il tutor degli studenti Erasmus	(Ele) é o tutor dos estudantes Erasmus	Ell és el tutor dels estudiants Erasmus.	Li estas la tutoro por Erasmus-studentoj.	Ille es le tutor del studentes Erasmus										9
04593	Student Life	orientation week for Erasmus students	Die Willkommenswoche für Erasmus-Studenten	la semana de orientación para los estudiantes Erasmus	la semaine d'orientation pour les étudiants Erasmus	la settimana di orientamento per gli studenti Erasmus	a semana de orientação para os estudantes Erasmus	la setmana d'orientació per a estudiants Erasmus (les setmanes)	orientiga semajno por Erasmus-studentoj	le septimana de orientation pro le studentes Erasmus										9
04594	Student Life	What is the monthly budget needed to live in this city?	Wie hoch sind die monatlichen Ausgaben für jemanden, der in dieser Stadt lebt?	¿Cuál es el presupuesto mensual necesario para vivir en esta ciudad?	Quel est le budget mensuel nécessaire pour vivre dans cette ville?	Qual è il budget mensile necessario per vivere in questa città?	Qual é o orçamento mensal necessário para viver nesta cidade?	Quin és el pressupost mensual necessari per viure en aquesta ciutat?	Kio estas la monata buĝeto necesa por vivi en ĉi tiu urbo?	Qual es le budget mensual necessari pro viver in iste citate?										9
04595	Student Life	Do you recommend this class or not?	Empfiehlst du mir diesen Kurs oder nicht?	¿Me aconsejas esa clase o no?	Est-ce que tu me conseilles ce cours ou pas?	Mi consigli questo corso o no?	(Você) me recomenda este curso ou não?	Em recomanes aquesta assignatura o no?	Ĉu vi rekomendas ĉi tiun klason aŭ ne?	Tu recommenda iste classe o non?										9
04596	Student Life	How can I find a student job?	Wie finde ich einen Studentenjob?	¿Cómo puedo encontrar un trabajo de estudiante?	Comment puis-je trouver un job étudiant?	Come posso trovare un lavoro da studente?	Como posso encontrar um emprego para estudante?	Com puc trobar una feina d'estudiant?	Kiel mi povas trovi studentan laboron?	Como pote io trovar un empleo de studente?										9
04597	Social Situations	The bread is good	Das Brot ist gut	El pan está bueno	Le pain est bon	Il pane è buono	O pão é bom	El pa és bo.	La pano estas bona.	Le pan es bon										9
04598	Social Situations	It is John’s bread	Das ist Johns Brot.	Es el pan de John	C'est le pain de John	È il pane di John	É o pão do John	És el pa d'en John.	Ĝi estas la pano de Johano.	Es le pan de John										9
04599	Social Situations	I give John the bread	Ich gebe John das Brot	Yo le doy el pan a John	Je donne le pain à John	Io do il pane a John	Eu dou o pão ao John	Li dono el pa a en John.	Mi donas la panon al Johano.	Io da le pan a John										9
04600	Social Situations	We give him the bread	Wir geben ihm das Brot	Nosotros le damos el pan	Nous lui donnons le pain	Noi gli diamo il pane	Nós damos o pão a ele	Li donem el pa.	Ni donas al li la panon.	Nos le da le pan										9
04601	Social Situations	He gives it to John	Er gibt es John	Él se lo da a John	Il le donne à John	Lui lo dà a John	Ele o dá a John	Ell li dona a en John.	Li donas ĝin al Johano.	Il lo da a John										9
04602	Social Situations	She gives it to him 	Sie gibt es ihm	Ella se lo da a él	Elle le lui donne 	Lei lo dà a lui	Ela o dá a ele	Ella l'hi dona a ell.	Ŝi donas ĝin al li.	Illa lo da a ille										9
04603	Social Situations	I must give it to him	Ich muss es ihm geben	Yo debo dárselo a él	Je dois le lui donner	Io devo darlo a lui	Eu devo lhe dar isso	L'hi he de donar a ell.	Mi devas doni ĝin al li.	Io debe dar lo a ille										9
04604	Social Situations	I want to give it to her	Ich will es ihr geben	(Yo) se lo quiero dar a ella	Je veux le lui donner	(Io) voglio darlo a lei	(Eu) quero dá-lo a ela	L'hi vull donar a ella.	Mi volas doni ĝin al ŝi.	Io vole dar lo a illa			Note : «lui» se réfèreàune femme dans ce cas.	Nota: «lei» indica una donna.						9
04605	Social Situations	Is this the first time you've come to this kind of event?	Sind Sie zum ersten Mal bei einem Event dieser Art?	¿Es la primera vez que usted viene a un evento de este tipo?	Est-ce la première fois que vous venez à ce genre d'évènement ?	Èla prima volta che viene a questo tipo di eventi?	É a primeira vez que você vem a esse tipo de evento?	És la primera vegada que ve a un esdeveniment d'aquest tipus?	Ĉu estas la unua fojo, kiam vi venas al tia evento?	Es isto le prime vice que vos ha venite a un evento de iste typo?										9
04606	Social Situations	This is the first time we have had a chance to speak. Let me introduce myself...	Das ist das erste Mal, dass wir die Gelegenheit haben, miteinander zu sprechen. Ich möchte mich gerne vorstellen...	Esta es la primera vez que tenemos la oportunidad de hablar. Permíteme presentarme...	C'est la première fois qu'on a l'occasion de se parler. Je me présente...	È la prima volta che abbiamo modo di parlarci. Mi presento...	É a primeira vez que temos a oportunidade de conversar. Deixe eu me apresentar...	És la primera vegada que tenim l'oportunitat de parlar. Permeti'm que em presenti...	Estas la unua fojo, kiam ni havas la ŝancon paroli. Lasu min prezenti min...	Isto es le prime vice que nos ha habite le opportunitate de parlar. Permitte me presentar me...										9
04607	Social Situations	I don't know many people here, so I would like to introduce myself.	Ich kenne hier nicht viele Leute, daher würde ich mich gerne vorstellen.	No conozco a mucha gente aquí, por lo que me querría presentar.  	Je ne connais pas beaucoup de monde ici, alors je voudrais me présenter.	Non conosco molte persone qui, perciò vorrei presentarmi. 	Eu não conheço muita gente aqui, então queria me apresentar.	No conec gaire gent aquí, així que m'agradaria presentar-me.	Mi ne konas multajn homojn ĉi tie, do mi ŝatus prezenti min.	Io non cognosce multe personas hic, dunque io volerea presentar me.										9
04608	Social Situations	Your book seems interesting. What do you think of it?	Ihr Buch sieht interessant aus. Was halten Sie davon?	Su libro parece interesante. ¿Qué opina?	Votre livre a l'air intéressant. Qu'est-ce que vous en pensez ?	Il suo libro sembra interessante. Che ne pensa?	Seu livro parece interessante. O que você acha?	El seu llibre sembla interessant. Què n'opina?	Via libro ŝajnas interesa. Kion vi pensas pri ĝi?	Vostre libro pare interessante. Que opina vos de illo?										9
04609	Social Situations	You seem to know a lot about... , don't you? 	Sie scheinen sich gut auszukennen mit ...., richtig?	Usted parece estar bien familiarizado con... ¿no es cierto?	Vous avez l'air de vous y connaître en…, non ?	Ha l'aria di intendersi di..., vero?	Você parece estar bem familiarizado com..., não está?	Vostè sembla saber molt sobre..., oi?	Vi ŝajnas scii multe pri..., ĉu ne?	Vos pare esser multo familiar con ..., non?										9
04610	Social Situations	You seem to know everyone here. Could you tell me who that person is?	Sie scheinen hier alle zu kennen. Könnten Sie mir sagen, wer diese Person ist?	Parece que conoce a todo el mundo aquí. ¿Podría decirme quién es esa persona?	Vous avez l'air de connaître tout le monde ici. Pourriez-vous me dire qui est cette personne ?	Ha l'aria di conoscere tutti qui. Saprebbe dirmi chi è quella persona?	Você parece conhecer todo mundo aqui. Poderia me dizer quem é esta pessoa?	Sembla que coneix a tothom aquí. Podria dir-me qui és aquella persona?	Vi ŝajnas koni ĉiujn ĉi tie. Ĉu vi povus diri al mi, kiu estas tiu persono?	Pare que vos cognosce omnes hic. Poterea vos dicer me qui es ille persona?										9
04611	Social Situations	I'm new in town, do you know where I can find...?	Ich bin neu in der Stadt, wissen Sie, wo ich .... finden kann?	Soy nuevo en la ciudad, ¿sabe dónde puedo encontrar...?	Je suis nouveau en ville, savez-vous où je peux trouver... ? 	Sono nuovo in città, sa dove posso trovare...?	Eu sou novo na cidade; você sabe onde posso encontrar...?	Sóc nou a la ciutat, sap on puc trobar...?	Mi estas nova en la urbo, ĉu vi scias, kie mi povas trovi...?	Io es nove in le citate; sape vos ubi io pote trovar ...?										9
04612	Social Situations	You remind me of someone, but I don't know who. 	Sie erinnern mich an jemanden, aber ich weiß nicht, an wen.	Usted me recuerda a alguien, pero no sé a quién.	Vous me rappelez quelqu'un, mais je ne sais plus qui.	Lei mi ricorda qualcuno, ma non so più chi.	Você me lembra alguém, mas não sei quem.	Em recorda a algú, però no sé a qui.	Vi memorigas min pri iu, sed mi ne scias kiu.	Vos me face pensar a alicuno, sed io non sape a qui.										9
04613	Sports	referee (or ref), umpire (for racket sports, baseball, cricket)	der Schiedsrichter (Abkürzung für «referee»)	el árbitro, el referí (AL)	l'arbitre 	l'arbitro	o juiz, o árbitro	l'àrbitre (els àrbitres)	arbitraciisto	arbitro										9
04614	Sports	to leather the ball	einen harten Schuss  machen	patear el balón con mucha fuerza	frapper la balle fort	tirare una fucilata	dar um chutaço na bola	xutar la pilota amb molta força	forte piedbati la pilkon	calcar le ballon con grande fortia										9
04615	Sports	sitter	die offensichtliche Torchance	el gol perdido	l'occasion de but 	un goal mangiato	o gol perdido	l'ocasió de gol fallada (les ocasions)	maltrafa sidanto	goal facile mancate										9
04616	Sports	He was clearly offside	Er stand klar im Abseits	Estaba fuera de juego por mucha distancia	Il était clairement hors-jeu	Era nettamente in fuorigioco	Ele estava impedido	Estava clarament en fora de joc.	Li estis klare eksterlude.	Ille esseva clarmente foras de joco										9
04617	Sports	clean sheet	ein Spiel mit keinerlei Toren für die Gegenmannschaft	un partido donde un equipo no deja marcar al otro	un match sans but encaissé	una partita a porte inviolate	uma partida truncada	partit amb la porteria a zero (els partits)	matĉo sen encaŝita golo	porta inviolate										9
04618	Sports	nutmeg	jemanden tunneln (Fußball)	el caño	le petit pont	il tunnel	a caneta (drible)	fer un túnel (futbol)	tuneli iun (futbalo)	tunnel										9
04619	Basics	med school (informal)	die medizinische Fakultät	la facultad de medicina (informal)	la fac de médecine	la facoltà di medicina 	a faculdade de medicina	la facultat de medicina (les facultats)	medicina fakultato	facultate de medicina	Ich kenne ihn seit (dem Studium an) der medizinischen Fakultät	Lo conozco de la facultad de medicina.	Je le connais depuis la fac de médecine.	Lo conosco dalla facoltà di medicina	Eu o conheço desde a faculdade de medicina.	I've known him since med school.	El conec de la facultat de medicina.	Mi konas lin de la medicina fakultato.	Io le cognosce desde le facultate de medicina.	9
04620	Basics	to go through (went through, gone through) with it	etwas durchziehen, schaffen	ir hasta el final	faire quelque chose jusqu'au bout	andare fino in fondo	ir até o fim (de alguma coisa)	anar fins al final	iri ĝis la fino	portar lo usque al fin	Ich hatte den Mut, es bis zum Ende durchzuziehen	He tenido el valor de ir hasta el final.	J'ai eu le courage de le faire jusqu'au bout	Ho avuto il coraggio di andare fino in fondo	Eu tive a coragem de ir até o fim	I had the courage to go through with it	Vaig tenir el coratge d'anar fins al final.	Mi havis la kuraĝon iri ĝis la fino.	Io habeva le corage de portar lo usque al fin.	9
04621	Communication	from, on behalf of	von	de (alguien)	de la part de 	da parte di, da	de (alguém)	de part de	de, nome de	de, de parte de	Ich werde all dasGeld, das ich von meinem Boss erhalten habe, an die Museen zurückgeben.	Voy a donar a los museos todo el dinero que recibí de mi jefe.	Je donnerai tout l'argent que j'ai reçu de la part de mon patron aux musées.	Darò tutto il denaro che ho ricevuto dal mio capo ai musei	Vou doar todo o dinheiro que recebi do meu chefe para os museus.	I will give back all the money I got from my boss to museums	Tornaré als museus tots els diners que vaig rebre del meu cap.	Mi redonos la tutan monon, kiun mi ricevis de mia estro, al la muzeoj.	Io va donar al museos tote le pecunia que io recipeva de mi chef.	9
04622	Communication	to remind someone something	jemanden an etwas erinnern	recordarle algo a alguien	rappeler quelque chose à quelqu'un	ricordare qualcosa a qualcuno	lembrar alguém de alguma coisa	recordar alguna cosa a algú	memorigi iun pri io	rememorar alicun de alique	Wir müssen ihn nur daran erinnern.	Solo tenemos que recordárselo	Nous devons juste lui rappeler.	Dobbiamo solo ricordarglielo	Nós só precisamos lembrá-lo (de...).	We just need to remind him.	Només li ho hem de recordar.	Ni nur bezonas memorigi lin.	Nos debe solmente rememorar lo a ille.	9
04623	Basics	down payment	die Anzahlung	la cuenta, el pago inicial	l'acompte, le versement initial	l'acconto, il pagamento iniziale	o adiantamento, a entrada (do pagamento)	la paga i senyal, l'entrada (les entrades)	antaŭpago	pagamento initial										9
04624	Positive Attitudes	self-employed	selbstständig (tätig) sein 	(trabajador) autónomo	(travailleur) indépendant	lavoratore autonomo	(trabalhador) autônomo	autònom(a), treballador(a) per compte propi	memdungito	autonome										9
04625	Positive Attitudes	partnership	die Partnerschaft	colaboración, asociación	le partenariat	il partenariato, la collaborazione	a parceria, a sociedade	la col·laboració (les col·laboracions), l'associació (les associacions)	partnereco	association										9
04626	Business Basics	market research	die Marktstudie	el estudio de mercado	l'étude de marché	lo studio di mercato	o estudo de mercado	l'estudi de mercat (els estudis de mercat)	merkatesploro	studio de mercato	Wir müssen zuerst eine Marktstudie machen	En primer lugar debemos hacer un estudio de mercado	Nous devrons d'abord faire une étude de marché.	Prima dovremo fare delle ricerche di mercato.	Nós precisamos primeiro fazer um estudo de mercado.	We'll have to do some market research first.	Primer hem de fer un estudi de mercat.	Ni unue devas fari merkatesploron.	Nos debera primarimente facer un studio de mercato.	9
04627	Business Basics	to trademark	etwas als Marke schützen	registrar una marca	déposer (une marque)	registrare un marchio	registrar uma marca	registrar una marca	registri varmarkon	registrar un marca de commercio										9
04628	Finance Vocabulary	grace period (before penalty)	die Nachfrist	el periodo de gracia (antes de la penalización)	délai de grâce	periodo di grazia (prima della penale)	período de carência (antes da multa)	el període de gràcia (els períodes)	prokrasta periodo (antaŭ puno)	periodo de gratia	Also ich denke, du hasteine Nachfrist von 7 Tagen	Bueno, la realidad es que tenéis un periodo de gracia de siete días	Eh bien vous avez en fait un délai de grâce de sept jours.	Beh, in realtà avete un periodo di grazia di sette giorni.	Bem, na verdade, vocês têm um período de carência de sete dias.	Well you actually have a grace period of seven days.	Bé, de fet teniu un període de gràcia de set dies.	Nu, vi fakte havas prokrastan periodon de sep tagoj.	Ben, in realitate vos ha un periodo de gratia de septe dies.	9
04629	Finance Vocabulary	to outbid [outbid, outbid]	überbieten	hacer una oferta mejor	surenchérir	fare un'offerta più alta, superare un'offerta	fazer uma oferta mais alta, superar uma oferta	fer una oferta millor, superar una oferta	superoferti	facer un offerta melior	Jemand anderer hat ein besseres Angebot gemacht, er hat uns überboten	Otra persona ha hecho una oferta mejor, ha mejorado nuestra oferta.	Une autre personne a fait une meilleure offre, il a surenchéri.	Un'altra persona ha fatto un'offerta migliore, ci ha superato.	Uma outra pessoa fez uma oferta melhor, que superou a nossa.	Another person made a better offer;he outbid us.	Una altra persona va fer una oferta millor; ens va superar.	Alia persono faris pli bonan oferton; li superofertis nin.	Un altere persona ha facite un offerta melior; ille ha superate nostre offerta.	9
04630	Everyday Life	interior designer	der Innenarchitekt/die Innenarchitektin	diseñador de interiores	architecte d'intérieur	arredatore	designer de interiores	el dissenyador (els dissenyadors), la dissenyadora d'interiors (les dissenyadores d'interiors)	interna dezajnisto	designator de interiores										9
04631	Everyday Life	records, archives	die Aufzeichnung	los documentos	les archives 	i documenti	os registros	els registres, els arxius	arkivoj	documentos; archivos										9
04632	Everyday Life	seed money	das Startkapital	el capital inicial	le capital de départ	il capitale iniziale	o capital inicial 	el capital inicial	komenca kapitalo	capital initial										9
04633	Health & Emotions	patron	die Kunden	el cliente (de un restaurante)	le client (d'un restaurant, bar...)	il cliente, l'avventore	o freguês, o cliente	el client (d'un restaurant) (els clients)	kliento (de restoracio)	cliente	In ein paar Minuten öffnen wir das Restaurant für die Kunden	En unos minutos abriremos el restaurante a los clientes.	Dans quelques minutes, nous allons ouvrir le restaurant aux clients.	Tra pochi minuti, apriremo il ristorante ai clienti.	Em alguns minutos, vamos abrir o restaurante para os fregueses.	In a few minutes we will open the restaurant to patrons.	En uns minuts obrirem el restaurant als clients.	Post kelkaj minutoj ni malfermos la restoracion al la klientoj.	In alcun minutas nos aperira le restaurante al clientes.	9
04634	Health & Emotions	food critic	der Gastronomie Kritiker	el crítico gastronómico	le critique gastronomique	il critico gastronomico	o crítico gastronômico	el crític gastronòmic (els crítics gastronòmics)	manĝokritikisto	critico gastronomic	Oh mein Gott, glaubst es werden morgen Gastronomie Kritiker hier sein?	Dios mío, ¿crees que habrá críticos gastronómicos..?	Oh mon Dieu, tu penses qu'il y aura des critiques gastronomiques ce soir ?	Oddio, credi che ci saranno dei critici gastronomici stasera?	Ah, meu Deus! Você acha que haverá críticos gastronômicos aqui esta noite?	Oh my god, do you think there will be food critics here tonight?	Déu meu, creus que hi haurà crítics gastronòmics aquí aquesta nit?	Ho mia Dio, ĉu vi pensas, ke estos manĝokritikistoj ĉi tie ĉi-nokte?	Oh Deo mie, crede tu que il habera criticos gastronomic hic iste nocte?	9
04635	Health & Emotions	food poisoning	die Lebensmittelvergiftung	la intoxicación alimentaria	l'intoxication alimentaire	l'intossicazione alimentare	a intoxicação alimentar	la intoxicació alimentària (les intoxicacions)	nutraĵa veneniĝo	intoxication alimentari										9
04636	Health & Emotions	conflict of interest	der Interessenskonflikt	el conflicto de intereses	le conflit d'intérêt	il conflitto di interessi	o conflito de interesse	el conflicte d'interessos (els conflictes)	intereskonflikto	conflicto de interesses										9
04637	General Vocabulary	madman	der Irre	el loco	le fou	il matto	o louco	el boig (els bojos), el foll (els folls)	frenezulo	folle										9
04638	Workplace Vocabulary	salt and pepper shakers	der Salzstreuer, der Pfefferstreuer	el salero y el pimentero	la salière et la poivrière	la saliera e la pepiera	saleiro e pimenteiro	saler i pebrer	salujo kaj piprujo	saliera e piperiera										9
04639	Workplace Vocabulary	fusion restaurant	das Fusion Restaurant	restaurante de comida fusión	le restaurant de cuisine fusion	il ristorante fusion	o restaurante de cozinha fusion	el restaurant de fusió (els restaurants de fusió)	fuzia restoracio	restaurante de cocina fusion										9
04640	Idiomatic Expressions	to do (someone) a favor (US), favour (UK)	jemandem einen Gefallen tun	hacer un favor (a alguien)	faire une faveur (à quelqu'un)	fare un favore (a qualcuno)	fazer um favor (a alguém)	fer un favor (a algú)	fari favoron (al iu)	facer un favor (a alicuno)										9
04641	Idiomatic Expressions	take it easy!	Bleib (mal) locker!	¡tómalo con calma!	Relax !	con calma!	vá com calma!	pren-t'ho amb calma!	trankviliĝu!	prende lo con calma!										9
08323	Diseases	blister (skin)	die Blase	la ampolla (en la piel)	l'ampoule, la cloque	la vescica	a bolha	l'ampolla	veziko	vesicula (in le pelle)										8
08348	Diseases	tinnitus	der Tinnitus	el tinnitus, los acúfenos	les acouphènes	l'acufene, il tinnito, il ronzio	o tinido / zumbido	el tinnitus, els acúfens	tinituso, orela zumbado	tinnitus										8
08349	Diseases	tingling	das Kribbeln / Brennen	el cosquilleo, el hormigueo	les picotements	il formicolio, il pizzicore	o formigamento	el formigueig	pikado, formikado	formication										8
08350	Diseases	drowsiness	die Schläfrigkeit	la modorra	la somnolence	la sonnolenza	a sonolência	la somnolència	dormemo	somnolentia										8
08351	Parts of the Body	pleural membrane	die Pleura	la pleura	la membrane pleurale	la pleura	a pleura	la pleura	pleŭro	membrana pleural, pleura										8
08352	Parts of the Body	intercostal muscles	die Zwischenrippenmuskulatur	los músculos intercostales	les muscles intercostaux	i muscoli intercostali	os músculos intercostais	els músculs intercostals	interkostaj muskoloj	musculos intercostal										8
08353	Parts of the Body	pulmonary alveolus (pl. alveoli)	das Lungenbläschen	los alvéolos pulmonares	l'alvéole pulmonaire	l'alveolo polmonare	os alvéolos pulmonares	l'alvèol pulmonar	pulma alveolo	alveolo pulmonar (pl. alveolos pulmonar)										8
08354	Parts of the Body	tertiary bronchi, segmental bronchi	die Segmentbronchien	los bronquios segmentales	la bronche segmentaire	il bronco segmentale	os brônquios segmentares	els bronquis terciaris, els bronquis segmentaris	triarangaj bronkoj, segmentaj bronkoj	bronchos tertiari, bronchos segmental										8
08355	Parts of the Body	sacral plexus	der Plexus lumbusacralis, das Lenden-Kreuz-Geflecht	el plexo sacro	le plexus sacré	il plesso sacrale	o plexo sacral	el plexe sacre	sakra plekso	plexo sacral										8
08356	Parts of the Body	facial nerve	der Gesichtsnerv, der 7. Hirnnerv	el nervio facial	le nerf facial	il nervo facciale	o nervo facial	el nervi facial	vizaĝa nervo	nervo facial										8
08357	Diseases	asbestosis	die Asbestose	la asbestosis	l'asbestose	l'asbestosi	a asbestose	l'asbestosi	asbestozo	asbestosis										8
08358	Diseases	diffuse interstitial lung diseases (alveolitis)	die diffuse interstitielle Lungenerkrankung	las enfermedades pulmonares intersticiales	les maladies interstitielles diffuses	la malattia interstiziale polmonare	as doenças pulmonares intersticiais	les malalties pulmonars intersticials difuses (alveolitis)	difuzaj intersticiaj pulmaj malsanoj (alveolito)	maladias pulmonar interstitial diffuse (alveolitis)										8
08359	Diseases	motor neuron disease	die Motoneuronenerkrankung	la enfermedad de la motoneurona	la sclérose latérale amyotrophique	la malattia del motoneurone	a esclerose lateral amiotrófica	la malaltia de la motoneurona	motoneŭrona malsano	maladia del neuron motor										8
08360	Diseases	diabetes insipidus, DI	der Diabetes insipidus	la diabetes insípida	le diabète insipide	il diabete insipido	a diabetes insipidus	la diabetis insípida	diabeto insipida	diabete insipide, DI										8
08361	Diseases	thyroiditis	die Thyreoiditis, die Schilddrüsenentzündung	la tiroiditis	la thyroidite	la tiroidite	a tireoidite	la tiroiditis	tiroidito	thyroiditis										8
08362	Diseases	hypercortisolism, Cushing's syndrome 	der Hypercortisolismus, das Cushing-Syndrom	el hipercortisolismo, el síndrome de Cushing	l'hypercorticisme	l'ipercorticolismo, la sindrome di Cushing	o hipercortisolismo, a síndrome de Cushing	l'hipercortisolisme, la síndrome de Cushing	hiperkortizolismo, Cushing-sindromo	hypercortisolismo, syndrome de Cushing										8
08364	Diseases	sickle-cell anemia	die Sichelzellenanämie	la anemia falciforme	la drépanocytose	l'anemia falciforme	a anemia falciforme	l'anèmia falciforme	serpoĉela anemio	anemia falciforme										8
08365	Diseases	erythema nodosum	das Erythema nodosum	el eritema nodoso	un érythème noueux	l'eritema nodoso	o eritema nodoso	l'eritema nodós	eritemo nodoza	erythema nodose										8
08366	Diseases	testicular torsion	die Hodentorsion	la torsión testicular	la torsion testiculaire	la torsione testicolare	a torção testicular	la torsió testicular	testika torsio	torsion testicular										8
08367	Diseases	dyslexia	die Dyslexie	la dislexia	la dyslexie	la dislessia	a dislexia	la dislèxia	disleksio	dyslexia										8
08368	Diseases	louse [plur. lice]	die Läuse	el piojo	les poux	i pidocchi	o piolho	el poll (els polls)	laŭso (pl. laŭsoj)	pediculo										8
08369	Emergencies	anaphylactic shock	der anaphylaktische Schock	el choque anafiláctico	le choc anaphylactique	lo shock anafilattico	o choque anafilático	el xoc anafilàctic	anafilaksia ŝoko	choc anaphylactic										8
08370	Diseases	pulmonary embolism	die Lungenembolie	el tromboembolismo pulmonar	l'embolie pulmonaire	l'embolia polmonare	a embolia pulmonar	l'embòlia pulmonar	pulma embolio	embolismo pulmonar										8
08371	Diseases	vasovagal episode	die vagovasale Reaktion	el episodio vasovagal	le malaise vagal	l'episodio vasovagale	a síncope vasovagal	l'episodi vasovagal	vazovagala epizodo	episodio vasovagal										8
08372	Diseases	edema (US), oedema(UK)	das Ödem	el edema	l'oedème	l'edema	o edema	l'edema	edemo	edema										8
08373	Diseases	heart rhythm	der Herzrhythmus	el ritmo cardíaco	le rythme cardiaque	il ritmo cardiaco	o ritmo cardíaco	el ritme cardíac	korritmo	rhythmo cardiac										8
08374	Diseases	ectopic heartbeat, cardiac ectopy	die Extrasystole	la extrasístole	l'extrasystole	l'extrasistole	o batimento ectópico	el batec ectòpic, l'extrasístole cardíaca	ektera korbato, kora ektopio	extrasystole										8
08375	Diseases	orthostatic hypotension, head rush	das Orthostase-Syndrom	la hipotensión ortostática	l'hypotension orthostatique	l'ipotensione ortostatica	a hipotensão ortostática	la hipotensió ortostàtica	ortostata hipotensio	hypotension orthostatic										8
08376	Diseases	bump	die Beule	el nudo	la bosse	il bernoccolo, il gonfiore	o «galo»	el bony	tubero	nodulo										8
08377	Diseases	mole	der Leberfleck	el lunar	le grain de beauté	il neo	a pinta	la piga	haŭtmakulo	nevo										8
08378	Diseases	melanoma	das Melanom	el melanoma	le mélanome	il melanoma	o melanoma	el melanoma	melanomo	melanoma										8
08379	Diseases	dry skin	die trockene Haut	la piel seca	la peau sèche	la pelle secca	a pele seca	la pell seca	seka haŭto	pelle sic										8
08380	Diseases	irritated skin	die irritierte Haut	la piel irritada	la peau irritée	la pelle irritata	a pele irritada	la pell irritada	iritiĝinta haŭto	pelle irritate										8
08381	Diseases	to peel 	sich pellen	pelar	peler	squamarsi, spellarsi	descascar	pelar-se	senŝeliĝi	desquamar										8
08382	Diseases	insect sting/bite	der Insektenstich	la picadura de insecto	la piqûre d'insecte	la puntura di insetto	a picada/mordida de inseto	la picada d'insecte	insekta piko/mordo	punctura de insecto										8
08383	Diseases	blotch	der Fleck	la mancha	la rougeur, la plaque	la macchia	a mancha	la taca	makulo	macula										8
08384	Diseases	wart	die Warze	la verruga	la verrue	la verruca	a verruga	la berruga	veruko	verruca										8
08385	Diseases	heartburn	das Sodbrennen	la acidez	les brûlures d'estomac	il bruciore di stomaco	a azia	l'acidesa	piroteknikaĵo	pyrosis										8
08386	Diseases	cirrhosis	die Zirrhose	la cirrosis	la cirrhose	la cirrosi	a cirrose	la cirrosi	cirozo	cirrhosis										8
08387	Parts of the Body	nerve	der Nerv	el nervio	le nerf	il nervo	o nervo	el nervi	nervo	nervo										8
08388	Parts of the Body	digital nerve	Fingernerv	el nervio digital	le nerf digital	il nervo digitale	o nervo digital	el nervi digital	fingra nervo	nervo digital										8
08389	Parts of the Body	intercostal nerve	der Interkostalnerv	el nervio intercostal	le nerf intercostal	il nervo intercostale	o nervo intercostal	el nervi intercostal	interkosta nervo	nervo intercostal										8
08390	Diseases	neuritis	die Neuritis	la neuritis	la névrite	la neurite	a neurite	la neuritis	neŭrito	neuritis										8
08391	Diseases	memory disorders	die Gedächtnisstörungen	el trastorno de memoria	les troubles de la mémoire	i disturbi della memoria	as perturbações da memória	els trastorns de la memòria	memoraj malordoj	disordine de memoria										8
08392	Diseases	movement disorders	die Bewegungsstörungen	los trastornos del movimiento	les troubles moteurs	i disturbi del movimento	as perturbações motoras	els trastorns del moviment	movaj malordoj	disordines del movimento										8
08393	Diseases	hydrocephalus, water on the brain	der Hydrozephalus	la hidrocefalia	l'hydrocéphalie	l'idrocefalo	a hidrocefalia	la hidrocefàlia	hidrocefalio	hydrocephalia										8
08394	Diseases	neuropathy	die Neuropathie	la neuropatía	la neuropathie	la neuropatia	a neuropatia	la neuropatia	neŭropatio	neuropathia										8
08395	Diseases	paraplegic	der Paraplegiker, der Querschnittsgelähmte	parapléjico	paraplégique	paraplegico	paraplégico	paraplègic(a)	paraplegia	paraplegic										8
08396	Diseases	tetraplegic, quadriplegic	der Tetraplegiker	tetrapléjico, cuadripléjico	tétraplégique	tetraplegico	tetraplégico, quadriplégico 	tetraplègic(a), quadriplègic(a)	tetraplegia, kvadriplegia	tetraplegic, quadriplegic										8
08397	Neonatology & Pediatrics	to breastfeed	stillen	amamantar	allaiter	allattare	amamentar	alletar, donar el pit	mamnutri	allactar										8
08398	Neonatology & Pediatrics	baby's bottle	die Babyflasche	la mamadera, el biberón	le biberon	il biberon	a mamadeira	el biberó	bebina botelo	biberon										8
08399	Neonatology & Pediatrics	to be pregnant	schwanger sein	estar embarazada	être enceinte	essere incinta	estar grávida	estar embarassada	esti graveda	esser gravide										8
08400	Neonatology & Pediatrics	amniocentesis, amniotic fluid test 	die Fruchtwasseruntersuchung	el amniocentesis	l'amniocentèse	l'amniocentesi	a amniocentese	l'amniocentesi	amniocentezo	amniocentese, test del liquido amniotic										8
08401	Neonatology & Pediatrics	abortion	die Abtreibung	el aborto	l'avortement	l'aborto	o aborto	l'avortament	aborto	aborto										8
08402	Neonatology & Pediatrics	miscarriage	die Fehlgeburt	el aborto espontáneo	la fausse couche	l'aborto spontaneo	o aborto espontâneo	l'avortament espontani	spontanea aborto	aborto spontanee										8
08403	Neonatology & Pediatrics	delivery	die Entbindung	el parto	l'accouchement	il parto	o parto	el part	nasko	parto										8
08404	Neonatology & Pediatrics	caesarean section, C section	der Kaiserschnitt	la cesárea	la césarienne	il cesareo	a cesariana	la cesària	cezara sekco	section cesaree										8
08405	Neonatology & Pediatrics	incubator	der Inkubator	el incubador	la couveuse	l'incubatrice	a incubadora neonatal	la incubadora	inkubatoro	incubator										8
08406	Neonatology & Pediatrics	primitive reflexes	die frühkindlichen Reflexe	los reflejos primitivos	les réflexes archaïques	i riflessi primitivi	os reflexos primitivos	els reflexos primitius	primitivaj refleksoj	reflexos primitive										8
08407	Neonatology & Pediatrics	sucking	das Saugen	chupando	la succion	la suzione	chupando	la succió	suĉado	suction										8
08408	Neonatology & Pediatrics	grasping	das Greifen	agarrando	l'agrippement	la stretta	agarrando	l'acció d'agafar	prenado	prehension										8
08409	Diseases	carcinogenic	krebserregend	cancerígeno	cancérigène	cancerogeno	cancerígeno	cancerigen(a), carcinogen(a)	kancerogena	carcinogene										8
08410	Diseases	cancer cell	die Krebszelle	la célula cancerosa	la cellule cancéreuse	la cellula cancerosa	a célula cancerígena	la cèl·lula cancerosa	kancera ĉelo	cellula cancerose										8
08411	Diseases	lymph node	der Lymphknoten	el nódulo linfático	le ganglion lymphatique	il linfonodo	o gânglio linfático	el gangli limfàtic	limfonodo	nodulo lymphatic										8
08412	Diseases	metastasis, metastatic disease	die Metastase	la metástasis	la métastase	la metastasi	a metástase	la metàstasi	metastazo	metastase, maladia metastatic										8
08413	Diseases	stage 4 cancer	das 4. Krebsstadium	el cáncer en etapa 4	le cancer en stade 4	il cancro al 4° stadio	o câncer em estágio 4	el càncer en estadi 4	kancero en stadio 4	cancere in stadio 4										8
08414	Diseases	terminal stage	das Endstadium	la etapa terminal	la phase terminale	lo stadio terminale	o estágio terminal	l'etapa terminal	fina stadio	stadio terminal										8
08415	Diseases	to go into (went into, gone into) remission	in Remission gehen, nachlassen	entrar en remisión	entrer en rémission	andare in remissione	entrar em remissão	entrar en remissió	eniri remision	entrar in remission										8
08416	Medical Procedures	sedation	die Sedierung	la sedación	la sédation	la sedazione	a sedação	la sedació	sedacio	sedation										8
08417	Medical Procedures	hormonal therapy	die Hormontherapie	la terapia hormonal	l'hormonothérapie	la terapia ormonale	a hormonoterapia	la teràpia hormonal	hormona terapio	therapia hormonal										8
08418	Medical Procedures	radiotherapy	die Strahlentherapie	la radioterapia	la radiothérapie	la radioterapia	a radioterapia	la radioteràpia	radioterapio	radiotherapia										8
08419	Medical Procedures	immunotherapy	die Immuntherapie	la inmunoterapia	l'immunothérapie	l'immunoterapia	a imunoterapia	la immunoteràpia	imunoterapio	immunotherapia										8
08420	Medical Procedures	polytherapy	die Polytherapie	la politerapia	la polythérapie	la politerapia	a politerapia 	la politeràpia	politerapio	polytherapia										8
08421	Medical Procedures	tracheotomy	die Tracheotomie, der Luftröhrenschnitt	la traqueotomía	trachéotomie	la tracheotomia	a traqueostomia	la traqueotomia	trakeotomio	tracheotomia										8
08422	Medical Procedures	targeted cancer therapies 	die gezielten Krebstherapien	las terapias de cáncer enfocadas	les thérapies ciblées	le terapie antitumorali mirate	a terapia-alvo	les teràpies dirigides contra el càncer	celitaj kanceraj terapioj	therapias dirigite contra le cancere										8
08423	Diseases	astigmatic 	astigmatisch	astigmático	astigmate	astigmatico	o astigmático 	astigmàtic(a)	astigmata	astigmatic										8
08424	Diseases	color-blind 	farbenblind	daltónico	daltonien	daltonico	o daltônico	daltònic(a)	daltona	daltonian										8
08425	Diseases	contact lenses	die Kontaktlinsen	los lentes de contacto	les lentilles de contact	le lenti a contatto	as lentes de contato	les lents de contacte, les lentilles	kontaktlensoj	lentes de contacto										8
08426	Diseases	who has strabismus, crossed eyes	jemand der Strabismus hat, jemand der schielt	el estrabismo, bizco	qui souffre de strabisme	lo strabico	o estrábico	l'estrabisme, ser guenyo	kiu havas strabismon, strabulo	strabic; qui ha strabismo										8
08427	Diseases	torn muscle	der gerissenene Muskel	el desgarro muscular	la déchirure musculaire	lo strappo muscolare	a ruptura muscular	el trencament muscular	muskola disŝiro	ruptura muscular										8
08428	Diseases	hairline fracture	der Haarriss	la fractura fina	la fêlure	la frattura capillare	a fratura linear	la fractura fina	harfenda frakturo	fractura capillar										8
08429	Diseases	to sprain	verstauchen	hacerse un esguince	fouler	slogarsi	sofrer uma entorse	fer-se un esquinç	tordi al si	distorquer se										8
08430	Diseases	fracture, broken bone	der Bruch, die Fraktur	la fractura	la fracture	la frattura	a fratura, o osso fraturado	la fractura, l'os trencat	frakturo, rompita osto	fractura										8
08431	Diseases	spinal disc herniation, slipped disc	der Bandscheibenvorfall	la hernia discal	la hernie discale	l'ernia del disco	a hérnia de disco	l'hèrnia discal	intervertebra diska hernio	hernia discal										8
08432	Diseases	fibromyalgia	die Fibromyalgie	la fibromialgia	la fibromyalgie	la fibromialgia	a fibromialgia	la fibromiàlgia	fibromialgio	fibromyalgia										8
08433	Diseases	to dislocate one's shoulder	sich die Schulter auskugeln/ausrenken	dislocarse el hombro	se déboiter / se luxer l'épaule	dislocarsi la spalla	deslocar o ombro	dislocar-se l'espatlla	disloki al si la ŝultron	dislocar se le humero										8
08434	Diseases	open tibia fracture	die offene Fraktur des Schienbeins	la fractura abierta de tibia	la fracture ouverte du tibia	la frattura aperta della tibia	a fratura exposta da tíbia	la fractura oberta de tíbia	malfermita tibia frakturo	fractura aperte del tibia										8
08435	Diseases	ringing in the ears 	die Ohrgeräusche	el zumbido de oídos	les bourdonnements d'oreille	il ronzio nelle orecchie	o zumbido nos ouvidos	el brunzit a les orelles	sonorado en la oreloj	tinnitus										8
08436	Diseases	hearing impairment	die Schwerhörigkeit	la sordera	le déficit auditif	il danneggiamento uditivo	a deficiência auditiva	la deficiència auditiva	aŭda difekto	surditate										8
08437	Diseases	hoarse	heiser	ronco	enroué	rauco	rouco	ronc(a)	raŭka	rauc										8
08438	Diseases	laryngitis	die Laryngitis, die Kehlkopfentzündung	la laringitis	la laryngite	la laringite	a laringite	la laringitis	laringito	laryngitis										8
08439	Parts of the Body	hammer	der Hammer	el martillo	le marteau	il martello	o martelo	el martell	martelo	malleo										8
08440	Parts of the Body	eardrum	das Trommelfell	el tímpano	le tympan	il timpano	o tímpano	el timpà	timpano	tympano										8
08441	Parts of the Body	ossicles	das Gehörknöchelchen	los huesecillos del oído	les osselets	gli ossicini	o ossículo	els ossets de l'oïda	ostetoj	ossiculos del aure										8
08442	Parts of the Body	semicircular canals	die Bogengänge	los conductos semicirculares	les canaux semi-circulaires	i canali semicorcolari	os canais semicirculares	els canals semicirculars	duoncirklaj kanaloj	canales semicircular										8
08443	Parts of the Body	cochlea	die Schnecke	la cóclea	la cochlée	la coclea	a cóclea	la còclea	kokleo	cochlea										8
08444	Parts of the Body	Eustachian tube	die Eustachische Röhre	la trompa de Eustaquio	la trompe d'Eustache	la Tromba d'Eustachio	a trompa de Eustáquio	la trompa d'Eustaqui	Eŭstaĥa tubo	tuba de Eustachio										8
08445	Parts of the Body	frontal sinus	die Stirnhöhle	el seno frontal	le sinus frontal	il seno frontale	o seio frontal	el si frontal	fronta sinuso	sinus frontal										8
08446	Parts of the Body	sphenoidal sinus	der Sinus sphenoidales, die Keilbeinhöhle	el seno esfenoidal	le sinus sphenoïdal	il seno sfenoidale	o seio esfenoidal	el si esferoïdal	sfenoida sinuso	sinus sphenoidal										8
08447	Parts of the Body	nasal concha, turbinate	die Nasenmuschel	el cornete nasal	le cornet	la conca nasale	a concha nasal	el cornet nasal	naza konko	concha nasal										8
08448	Parts of the Body	velum, soft palate	das Gaumensegel	el velo del paladar	le voile du palais	il palato molle	o véu palatino	el vel del paladar, el paladar tou	mola palato	velo del palato										8
08449	Parts of the Body	uvula	das (Gaumen)Zäpfchen	la úvula	la luette	l'ugola	a úvula	l'úvula, la campaneta	uvulo	uvula										8
08450	Parts of the Body	pharynx	der Rachen	la faringe	le pharynx	la faringe	a faringe	la faringe	faringo	pharynge										8
08451	Parts of the Body	roof of the mouth	der Gaumen	el paladar	la voûte du palais	il palato	o céu da boca	el paladar	palato	palato										8
08452	Parts of the Body	epiglottis	die Epiglottis, der Kehldeckel	la epiglotis	l'épiglotte	l'epiglottide	a epiglote	l'epiglotis	epigloto	epiglottis										8
08453	Diseases	pleural effusion	der Pleuraerguss	el derrame pleural	l'épanchement pleural	il versamento pleurico	a efusão pleural	el vessament pleural	pleŭra elverŝo	effusion pleural										8
08454	Diseases	fibrosis	die Fibrose	la fibrosis	la fibrose	la fibrosi	a fibrose	la fibrosi	fibrozo	fibrosis										8
08455	Diseases	phlegm	der Schleim	la flema	les glaires	il catarro	o catarro, o muco	la flegma	mukosputo	phlegma										8
08456	Diseases	agoraphobia	die Agoraphobie	la agorafobia	l'agoraphobie	l'agorafobia	a agorafobia	l'agorafòbia	agorafobio	agoraphobia										8
08457	Diseases	antisocial	unsozial	antisocial	antisocial	antisociale	anti-social	antisocial	malsociema	antisocial										8
08458	Diseases	bulimia nervosa	die Bulimie	la bulimia	la boulimie	la bulimia	a bulimia	la bulímia nerviosa	bulimio nervoza	bulimia nervose										8
08459	Diseases	panic attack	die Panikattacke	el ataque de pánico	la crise de panique	l'attacco di panico	o ataque de pânico	l'atac de pànic	panika atako	attacco de panico										8
08460	Diseases	paranoia	die Neurose	la neurosis	la névrose	la nevrosi	a neurose	la neurosi	neŭrozo	paranoia										8
08461	Diseases	obsessive	obsessiv	obsesivo	obsessionnel	ossessivo	obsessivo(a)	obsessiu(va)	obseda	obsessive										8
08462	Diseases	paranoia	die Paranoia	la paranoia	la paranoïa	la paranoia	a paranoia	la paranoia	paranojo	paranoia										8
08463	Diseases	manic depressive disorder	die manisch-depressive Störung	el síndrome maníaco depresivo	la psychose maniaco-dépressive	il disordine maniaco depressivo	a perturbação maníaco-depressiva	el trastorn maniacodepressiu	mani-depresia malordo	disordine maniaco-depressive										8
08464	Diseases	psychosis	die Psychose	la psicosis	la psychose	la psicosi	a psicose	la psicosi	psikozo	psychosis										8
08465	Diseases	PTSD (post-traumatic stress disorder)	die PTBS (die Posttraumatische Belastungsstörung)	el trastorno por estrés potraumático	le syndrome de stress post-traumatique	la sindrome da stress post-traumatico	o transtorno de estresse pós-traumático	el TEPT (trastorn per estrès posttraumàtic)	PTSM (post-traŭmata stresa malordo)	disordine de stress posttraumatic										8
08466	Diseases	phobia	die Phobie	la fobia	la phobie	la fobia	a fobia	la fòbia	fobio	phobia										8
08467	Diseases	Obsessive Compulsive Disorder (OCD)	die Zwangsstörung	el trastorno obsesivo-compulsivo	le trouble obsessionnel compulsif	il disturbo ossessivo compulsivo	o distúrbio obsessivo-compulsivo (OCD)	el TOC (trastorn obsessivocompulsiu)	OKM (obseda-kompulsia malordo)	disordine obsessive-compulsive										8
08468	Diseases	depressive	depressiv	depresivo	dépressif	depresso	depressivo(a)	depressiu(va)	depresia	depressive										8
08469	Diseases	anxious	ängstlich	ansioso	anxieux, anxieuse	ansioso	ansioso(a)	ansiós(a)	anksia	anxiose										8
08470	Social Issues	suicide attempt	der Selbstmordversuch	el intento de suicidio	une tentative de suicide	il tentato suicidio	a tentativa de suicídio	l'intent de suïcidi	provo de sinmortigo	tentativa de suicidio										8
08471	Social Issues	suicidal, prone to suicide	suizidgefährdet, selbstmordgefährdet	suicida, propenso al suicidio	suicidaire	con tendenze suicide	suicida	suïcida, propens(a) al suïcidi	sinmortigema	suicida, propense al suicidio										8
08472	Diseases	dementia	die Demenz	la demencia	la démence	la demenza	a demência	la demència	demenco	dementia										8
08473	Diseases	uric acid	die Harnsäure	el ácido úrico	l'acide urique	l'acido urico	o ácido úrico	l'àcid úric	urata acido	acido uric										8
08474	General Terms	researcher	der Forscher	el investigador	le chercheur	il ricercatore	o pesquisador	l'investigador(a)	esploristo, esploristo	investigator										8
08475	General Terms	scientist	der Wissenschaftler	el científico	le scientifique	lo scienziato	o(a) cientista	el científic (la científica)	sciencisto	le scientifico										8
08476	General Terms	research	die Forschung	la investigación	la recherche	la ricerca	a pesquisa	la investigació, la recerca	esplorado, esploro	le investigation										8
08477	General Terms	screening, testing	die Untersuchung, die Früherkennung	el chequeo	le dépistage	lo screening, la sperimentazione	a triagem	el cribratge, la prova	kribrado, testado	le examine										8
08478	General Terms	convention	die Tagung	el congreso	le congrès	il congresso	o congresso	el congrés	kongreso	le congresso										8
08479	General Terms	medical college	die medizinische Fakultät	la facultad de medicina	la faculté de médecine	l'ordine medico	a faculdade médica	la facultat de medicina	medicina fakultato	le facultate de medicina										8
08480	General Terms	association, organization 	die Verein, die Organisation	la asociación, la organización	l'association	l'associazione, l'organizzazione	a associação	l'associació, l'organització	asocio, organizo	le association, le organisation										8
08481	General Terms	the pace of work	der Arbeitsrhythmus	el ritmo del trabajo	le rythme de travail	il ritmo del lavoro	o ritmo de trabalho	el ritme de treball	laborritmo	le rhythmo del labor										8
08482	General Terms	schedules, shifts	Zeitpläne, Schichten	los horarios	les horaires	gli orari, i turni	os horários	els horaris, els torns	horaroj, deĵoroj	le horarios										8
08483	General Terms	revenues	die Einkommen	los ingresos	les revenus	il reddito	as receitas (rendas)	els ingressos	enspezoj	le ingressos										8
08484	General Terms	clientele	die Kunden	la clientela	la clientèle	la clientela	a clientela	la clientela	klientaro	le clientela										8
08485	General Terms	pandemic	die Pandemie	la pandemia	la pandémie	la pandemia	a pandemia	la pandèmia	pandemio	le pandemia										8
08486	General Terms	infrastructures	die Infrastrukturen	las infraestructuras	les infrastructures	le infrastrutture	as infraestruturas	les infraestructures	infrastrukturoj	le infrastructuras										8
08487	General Terms	addictology	die Addiktologie	la adiccionología	l'addictologie	la cura delle dipendenze	o estudo dos vícios	l'addictologia	dependecologio	addictologia										8
08488	General Terms	article	der Artikel	el artículo	l'article	l'articolo	o artigo	l'article	artikolo	articulo										8
08489	General Terms	review	die Publikation	la revisión	la revue	la rivista	a revista	la publicació, la revista	revuo	revision										8
08490	General Terms	session, assembly	die Sitzung, die Versammlung	la sesión, la asamblea	la réunion	la riunione, l'assemblea	a reunião, a assimbleia	la sessió, l'assemblea	kunsido, asembleo	session, assemblea										8
08491	General Terms	introduction	die Einführung	la introducción	l'entrée en matière	l'introduzione	a introdução	la introducció	enkonduko	introduction										8
08492	Education Terms	conference room	der Konferenzraum	la sala de conferencias	la salle de conférence	la sala conferenze	a sala de conferência	la sala de conferències	konferenca salono	sala de conferentias										8
08493	Education Terms	amphitheater	das Amphitheater, der Hörsaal	el anfiteatro	l'amphithéâtre	l'anfiteatro	o anfiteatro	l'amfiteatre	amfiteatro	amphitheatro										8
08494	Diseases	menopause and hormone replacement therapy (HRT)	die Menopause und die Hormonersatztherapie (HET)	la menopausia y la terapia de sustitución hormonal (TSH)	la ménopause et le traitement hormonal substitutif	la menopausa e il trattamento ormonale sostitutivo	a menopausa e a terapia de substituição hormonal	la menopausa i la teràpia de substitució hormonal (TSH)	menopaŭzo kaj hormona anstataŭiga terapio (HAT)	menopausa e therapia de substitution hormonal (TSH)										8
08495	Diseases	myelomatosis	die Myelomatose	el mieloma múltiple	le myélome	il mieloma	o mieloma	la mielomatosi	mielomatozo	le myelomatosis										8
08496	Diseases	failure to thrive	die Gedeihstörung	el fallo de medro	le retard staturo-pondéral	il deficit di sviluppo	o retardo pôndero-estatural	el retard de creixement	malsukceso prosperi	le fallimento de prosperar										8
08497	Diseases	heart valve disorders	der Herzklappenfehler	las enfermedades valvulares del corazón	les troubles de la valvule cardiaque	i problemi alla valvola cardiaca	os distúrbios das válvulas cardíacas	els trastorns de les vàlvules cardíaques	korvalvaj malordoj	le morbos valvular del corde										8
08498	Diseases	peripheral vascular disease	die periphere arterielle Verschlusskrankheit	la enfermedad vascular periférica	la pathologie vasculaire périphérique	la patologia vascolare periferica	a doença arterial periférica	la malaltia vascular perifèrica	periferia vaskula malsano	le maladia vascular peripheric										8
08499	Units of Measurement	1 inch (pouce)	2,54 cm	2,54 cm	2,54 cm	2,54 cm	2,54 cm	1 polzada (2,54 cm)	1 colo (2,54 cm)	2,54 cm										8
08500	Units of Measurement	132 lbs	60 kg	60 kg	60 kg	60 kg	60 kg	132 lliures (60 kg)	132 funtoj (60 kg)	60 kg										8
08501	Units of Measurement	176 lbs	80 kg	80 kg	80 kg	80 kg	80 kg	176 lliures (80 kg)	176 funtoj (80 kg)	80 kg										8
08502	Units of Measurement	1 pint UK (pt)	0,568 Liter	0,568 litros	0,568 litre	0,568 litri	568 mL	1 pinta britànica (0,568 litres)	1 brita pajnto (0,568 litroj)	0,568 litros										8
08503	Units of Measurement	1 pint US (pt)	0,473 Liter	0,473 litros	0,473 litre	0,473 litri	473 mL	1 pinta nord-americana (0,473 litres)	1 usona pajnto (0,473 litroj)	0,473 litros										8
08504	Units of Measurement	1 quart UK (qt)	1,13 Liter	1,13 litros	1,13 litres	1,13 litri	1,13 L	1 quart britànic (1,13 litres)	1 brita kvarto (1,13 litroj)	1,13 litros										8
08505	Units of Measurement	100.4°F	38 °C	38° C	38° C	38° C	38° C	100.4°F (38°C)	100.4°F (38°C)	38 °C										8
08506	Medications	ana- of each	von jedem	de cada 	de chaque	di ciascuno	de cada	de cada	de ĉiu	de cata										8
08507	Medications	ad- up to	bis zu 	hasta	jusqu'à	fino a	até	fins a	ĝis	usque a										8
08508	Medications	ante cibum- before meals	vor den Mahlzeiten	antes de la comida	avant les repas	prima dei pasti	antes das refeições	abans dels àpats	antaŭ manĝoj	ante le repastos										8
08509	Medications	ad libitum- as much as one desires 	so viel man will	cuanto quiera	selon le désir	a piacimento	o quanto quiser	tant com es desitgi, a voluntat	laŭplaĉe	tanto quanto on vole										8
08510	Medications	admove- to apply	auftragen	aplicar	appliquer	applicare	aplicar	aplicar	apliki	applicar										8
08511	Medications	agita- to shake	schütteln	agitar	agiter	agitare	agitar	agitar	skui	agitar										8
08512	Medications	altemis horis- every other hour	jede zweite Stunde	cada dos horas	toutes les deux heures	ogni due ore	a cada duas horas	cada dues hores	ĉiun duan horon	cata duo horas										8
08513	Medications	ante meridiem- before noon	vormittags	por la mañana	avant midi	prima di mezzogiorno	antes do meio-dia	abans del migdia	antaŭ tagmezo	ante meridie										8
08514	Medications	bis- twice  	zweimal	dos vez	deux fois	due volte	duas vezes	dues vegades	dufoje	duo vices										8
08515	Medications	cum- with	mit	con	avec	con	com	amb	kun	con										8
08516	Medications	cibos- food	die Nahrung	la comida	la nourriture	il cibo	comida	el menjar	manĝaĵo	alimento										8
08517	Medications	diebus altemis- every other day	jeden zweiten Tag	cada dos días	tous les deux jours	ogni due giorni	a cada dois dias	cada dos dies	ĉiun duan tagon	cata duo dies										8
08518	Medications	ex modo- as directed	wie angewiesen	siguiendo las indicaciones	selon prescription	secondo prescrizione	conforme a orientação	segons les indicacions	kiel direktite	secundo le indicationes										8
08519	Medications	ex aqua- in water	in Wasser	en agua	dans l'eau	in acqua	em água	en aigua	en akvo	in aqua										8
08520	Medical Procedures	drop (liquid)	der Tropfen	la gota (líquido)	la goutte	la goccia	a gota	la gota	guto	gutta										8
08521	Medications	hora- hour	Stunde	hora	heure 	ora	hora	l'hora	horo	hora										8
08522	Medications	hora somni- at bedtime	vor dem Schlafen gehen	a la hora de dormir	au coucher	quando va a dormire	na hora de dormir	a l'hora de dormir	antaŭ enlitiĝo	al hora de dormir										8
08523	Medications	linimentum- liniment	das Einreibemittel	el linimento	liniment 	linimento	linimento	el liniment	linimento	linimento										8
08524	Medications	liquor- solution	die Lösung	la solución	solution 	la soluzione	solução	la solució	solvaĵo	solution										8
08525	Medications	misce, mistura- to mix	mischen	mezclar	mélanger  	mescolare	misturar	barrejar	miksi	miscer										8
08527	Medications	non repetatur- do not repeat	nicht wiederholen	no repetir	ne pas renouveler	non ripetere	não repita	no repetir	ne ripetu	non repeter										8
08528	Medications	dexter- right	rechts	derecha	droit	destra	direito (lado)	dret(a)	dekstra	dextere										8
08529	Medications	sinister- left	links	izquierda	gauche 	sinistra	esquerdo	esquerre(a)	maldekstra	sinistre										8
08530	Medications	per- by, through	durch	por	par 	via	através	per, a través de	per, tra	per										8
08531	Medications	post cibum- after meals	nach den Mahlzeiten	después de la comida	après les repas	dopo i pasti	após refeições	després dels àpats	post manĝoj	post le repastos										8
08532	Medications	post meridiem- afternoon	der Nachmittag	la tarde	l'après-midi 	pomeriggio	à tarde	a la tarda	posttagmeze	le postmeridie										8
08533	Medications	pro re nata- as needed	nach Bedarf	según sea necesario	selon le besoin 	al bisogno	como for necessário	segons sigui necessari	laŭ neceso	secundo necessitate										8
08534	Medications	per os - orally	durch den Mund einzunehmen	oralmente	la voie orale 	per via orale	por via oral	per via oral	buŝe	oralmente; per via oral										8
08535	Medications	quaque- every	jede, jeden, jedes	cada	chaque  	ogni	todos	cada	ĉiu	cata										8
08536	Medications	quater quaque hora- every four hours	alle vier Stunden	cada cuatro horas	toutes les 4 heures	ogni 4 ore	a cada quatro horas	cada quatre hores	ĉiujn kvar horojn	cata quatro horas										8
08537	Medications	quantum sufficiat- a sufficient quantity	eine ausreichende Menge	una cantidad suficiente	une quantité suffisante	una quantità sufficiente	uma quantidade suficiente	una quantitat suficient	sufiĉa kvanto	quantitate sufficiente										8
08538	Medications	repetatur- to repeat	wiederholen	repetir	renouveler 	ripetere	repetir	repetir	ripeti	repeter										8
08539	Medications	statim- immediately	sofort	inmediatamente	immédiatement 	immediatamente	imediatamente	immediatament	tuj	immediatemente										8
08540	Medications	talus- such	solch, derartig	tal, como indicado	comme ordonné, tel 	come prescritto	como (orientado)	tal com, segons indicat	kiel, tia	tal; como indicate										8
08541	General Terms	organ transplant	die Organtransplantation	el transplate de órganos	la greffe d'organe	il trapianto di organo	o transplante de órgão	el trasplantament d'òrgans	organtransplantado	transplantation de organos										8
08542	General Terms	New Drug Application (US), Marketing Authorization Application (E.U.)	der Antrag auf Zulassung eines Arzneimittels 	la solicitud de aprobación para nuevas drogas	l'autorisation de mise sur le marché	l'autorizzazione all'immissione in commercio	a autorização de introdução no mercado	la sol·licitud d'autorització de nou medicament	nova droga aplikaĵo, merkatumada rajtigo-aplikaĵo	requesta de approbation de nove medicamentos (S.U.); requesta de autorisation de commercialisation (U.E.)										9
08543	General Terms	doctor's union	die Ärztegewerkschaft	el sindicato médico	le syndicat des médecins	il sindacato medico	o sindicato dos médicos	el sindicat de metges	kuracista sindikato	syndicato de medicos										9
08544	General Terms	layoffs, staff cuts	die Entlassungen	los despidos	la baisse des effectifs	i licenziamenti, i tagli al personale	os despedimentos	els acomiadaments, les retallades de personal	maldungoj, personara redukto	licentiamentos										9
08545	General Terms	first, first off, first of all, firstly	zuerst, zunächst, als erstes	primero	premièrement, tout d'abord	prima di tutto	primeiramente	en primer lloc, primer de tot	unue, unue	prime										9
08546	General Terms	then, next, secondly	dann, als nächstes, zweitens	luego, en seguida	ensuite, deuxièmement	poi, in seguito	em seguida	després, a continuació, en segon lloc	poste, due	deinde										9
08547	General Terms	afterwards, after the fact	danach	después, posteriormente	ensuite, après	dopo, in seguito	depois, posteriormente	després, posteriorment	poste, poste	postea										9
08548	General Terms	on line	auf der Linie	en línea	à la ligne	in linea	online	en línia	sur linio	in linea										9
08549	General Terms	to summarize	zusammenfassend	para resumir	pour résumer	per riassumere	para resumir	per resumir	por resumi	resumer										9
08550	General Terms	key word	das Schlüsselwort	palabra clave	le mot-clé	la parola chiave	a palavra-chave	la paraula clau	ŝlosilvorto	parola clave										9
08551	General Terms	scientific research/study	die wissenschaftliche Studie	la investigación científica	l'étude scientifique	lo studio scientifico, la ricerca	a pesquisa científica	la investigació/estudi científic	scienca esploro/studo	investigation scientific										9
08552	General Terms	monocentric study/trial	die monozentrische Studie	el estudio monocéntrico	l'étude mono-centrique	lo studio monografico	o estudo monocêntrico	l'estudi/assaig monocèntric	unucentra studo/provo	studio monocentric										9
08553	General Terms	multicenter study/trial	die multizentrische Studie	el estudio multicéntrico	l'étude multi-centrique	lo studio multicentrico	o estudo multicêntrico 	l'estudi/assaig multicèntric	multicentra studo/provo	studio multicentric										9
08554	General Terms	randomized study	die Blindstudie	el estudio aleatorio	l'étude randomisée	lo studio randomizzato	o estudo aleatório	l'estudi aleatoritzat	hazarda studo	studio randomisate										9
08555	General Terms	double-blind study	die Doppelblindstudie	el estudio doble ciego	l'étude en double-aveugle	lo studio in doppio cieco	o estudo duplo-cego	l'estudi a doble cec	duoble-blinda studo	studio duple-cec										9
08556	General Terms	research phase 1, 2, 3, 4	die Forschungsphase 1, 2, 3, 4	etapa de investigación 1, 2, 3, 4	l'étude phase 1,2,3,4	la ricerca fase 1, 2, 3, 4	a fase de pesquisa 1, 2, 3, 4	la fase de recerca 1, 2, 3, 4	esplorfazo 1, 2, 3, 4	phase de investigation 1, 2, 3, 4										9
08557	General Terms	clinical trial	die klinische Studie	el ensayo clínico	l'essai clinique	i test clinici	o estudo clínico	l'assaig clínic	klinika provo	essayo clinic										9
08558	General Terms	level of evidence	der Beweisgrad	el nivel de evidencia	le niveau de preuve	il livello di prova	o nível de evidência	el nivell d'evidència	nivelo de evidenteco	nivello de evidentia										9
08559	General Terms	AMA (American Medical Association)	Verband der Ärzte und Medizinstudenten in den Vereinigten Staaten	Asociación Médica Estadounidense (EEUU)	Association médicale américaine	Associazione medica americana	Associação Médica Americana	l'AMA (Associació Mèdica Americana)	AMA (Amerika Medicina Asocio)	AMA (Association Medical American)										9
08560	General Terms	FDA (Food and Drug Administration)	die Lebensmittel- und Arzneimittel-Überwachungsbehörde	Administración de Alimentos y Medicamentos (EEUU)	Administration des aliments et des médicaments (USA)	Amministrazione degli alimenti e dei farmaci (USA)	Agência Americana dos Alimentos e Medicamentos	la FDA (Administració d'Aliments i Fàrmacs)	FDA (Administracio pri Manĝaĵoj kaj Drogoj)	FDA (Administration de Alimentos e Medicamentos)										9
08561	General Terms	NHS (National Health Service)	das staatliche Gesundheitssystem im Vereinigten Königreich	Servicio Nacional de Salud (Reino Unido)	Assurance maladie britannique	Serviziono nazionale di assistenza sanitaria (Inghilterra)	Serviço Nacional de Saúde (Reino Unido)	l'NHS (Servei Nacional de Salut)	NHS (Nacia Sanservo)	NHS (Servicio National de Sanitate del Regno Unite)										9
08562	General Terms	NMC (Nursing and Midwifery Council)	Rat der Krankenschwestern und Hebammen im Vereinigten Königreich	Consejo de Enfermería y Partería (Reino Unido)	Conseil des infirmiers et sages femmes au Royaume-Uni	Consiglio degli infermieri e delle ostetriche (Inghilterra)	Conselho de Enfermagem e Tocologia (Reino Unido)	l'NMC (Consell d'Infermeria i Llevadores)	NMC (Konsilio pri Flegado kaj Akuŝado)	NMC (Consilio de Infirmeria e Obstetricia)										9
08563	General Terms	WHO (World Health Organization)	die Weltgesundheitsorganisation	Organización Mundial de la Salud (OMS)	OMS (organisation mondiale de la santé)	Organizzaziono mondiale della sanità (OMS)	Organização Mundial da Saúde (OMS)	l'OMS (Organització Mundial de la Salut)	OMS (Monda Organizaĵo pri Sano)	OMS (Organisation Mundial de Sanitate)										9
08564	General Terms	RCN (Royal College of Nursing)	Krankenschwesterngewerkschaft im Vereinten Königreich	Sindicato de Enfermeros del Reino Unido 	syndicat infirmier au Royaume-Uni 	Organizzazione degli infermieri (Inghilterra)	sindicato dos enfermeiros do Reino Unido	l'RCN (Col·legi Reial d'Infermeria)	RCN (Reĝa Kolegio de Flegado)	RCN (Collegio Royal de Infirmeria)										9
08565	Social Issues	incidence	die Häufigkeit	la incidencia	incidence	l'incidenza	a incidência	la incidència	incidenco	incidentia										9
08566	Social Issues	prevalence	die Prävalenz	la prevalencia	prévalence	la prevalenza	a prevalência	la prevalença	prevalenteco	prevalentia										9
08567	Social Issues	mortality rate	die Sterberate	la tasa de mortalidad	taux de mortalité	il tasso di mortalità	a taxa de mortalidade	la taxa de mortalitat	mortoprocento	taxa de mortalitate										9
08568	Social Issues	infant mortality rate	die Kindersterblichkeitsrate	la tasa de mortalidad infantil	taux de mortalité infantile	il tasso di mortalità infantile	a taxa de mortalidade infantil	la taxa de mortalitat infantil	infana mortoprocento	taxa de mortalitate infantil										9
08569	Social Issues	relative risk, RR	das relative Risiko	el riesgo relativo	risque relatif	il rischio relativo	o risco relativo	el risc relatiu	relativa risko	risco relative, RR										9
08570	Social Issues	human sex-ratio	das Geschlechterverhältnis	la razón de sexo	sexe-ratio	il rapporto tra i sessi	a proporção entre sexos	la ràtio de sexes humana	homa seksa proporcio	ration human de sexos										9
08571	Connecting Ideas	I would like to thank...	Ich möchte mich bedanken bei ...	Me gustaría agradecerle...	J'aimerais remercier ...	Vorrei ringraziare....	Eu gostaria de agradecer...	M'agradaria agrair...	Mi ŝatus danki...	Io volerea regratiar...										9
08572	Connecting Ideas	First off...	Zu allererst ...	Primero que todo...	Tout d'abord	Prima di tutto...	Primeiramente... 	Primer de tot...	Unue...	Ante toto...										9
08573	Connecting Ideas	To go back to what you said	Um auf das zurückzukommen, was Sie gesagt haben.	Para regresar a lo que usted dijo	Pour rebondir sur ce que vous avez dit	Per tornare a quanto lei ha detto	Para voltar àquilo que você disse	Per tornar al que ha dit	Por reveni al tio, kion vi diris	Pro retornar a lo que vos diceva										9
08574	Connecting Ideas	Could you elaborate?	Könnten Sie das näher erläutern?	¿Podría usted profundizar en este punto?	Est-ce que vous pouvez approfondir ce point ?	Può approfondire questo punto?	Você poderia elaborar?	Podria aprofundir-hi?	Ĉu vi povus pliprofundigi?	Poterea vos elaborar?										9
08575	Connecting Ideas	There are many points to your question	Es gibt viele Punkte zu Ihrer Frage	Su pregunta abarca muchos puntos	Il y a plusieurs points dans votre question	Ci sono molti punti nella sua domanda	Há diversos pontos na sua pergunta	La seva pregunta té molts punts	Via demando havas multajn punktojn	Vostre question include multe punctos										9
08576	Connecting Ideas	That's a vast topic...	Das ist ein breites Thema ...	Ese es un tema vasto	C'est un vaste sujet...	Questo è un argomento vasto...	Esse é um tema vasto	És un tema molt ampli...	Tio estas vasta temo...	Isto es un vaste thema...										9
08577	Connecting Ideas	Does everybody know...?	Kennt jeder ... ?	¿Todos saben...?	Est-ce que tout le monde connaît ... ?	Sapete tutti che...?	Todos sabem/conhecem...?	Tothom coneix...?	Ĉu ĉiuj konas...?	Sape omnes...?										9
08578	Connecting Ideas	Has anybody gone through this situation before?	Hat jemand diese Situation schon einmal erlebt?	¿Alguien ha vivido esta situación antes?	Est-ce que quelqu'un a déjà expérimenté cette situation ?	Qualcuno ha già affrontato questa situazione prima? 	Alguém já passou por essa situação?	Algú ha passat abans per aquesta situació?	Ĉu iu jam spertis ĉi tiun situacion?	Ha alcuno jam vivite iste situation antea?										9
08579	Connecting Ideas	To conclude...	Um abzuschließen ...	Para concluir...	Pour conclure ...	Per concludere...	Para concluir...	Per concloure...	Por konkludi...	Pro concluder...										9
08580	Connecting Ideas	That leads us to the next issue	Das bringt uns zum nächsten Thema.	Esto nos lleva al siguiente tema	Cela nous amène à la question suivante	Questo ci porta al prossimo argomento	Isso nos leva à questão seguinte	Això ens porta a la següent qüestió	Tio kondukas nin al la sekva afero	Isto nos duce al proxime thema										9
08581	Connecting Ideas	I relied upon the work of...	Ich habe mich auf die Arbeit von ... gestützt.	Me apoyé en el trabajo de...	Je me suis appuyé sur les travaux de ...	Mi sono affidato al lavoro di...	Eu me apoiei no trabalho de... 	M'he basat en el treball de...	Mi apogis min sur la laboro de...	Io me appoiava super le labor de...										9
08582	Connecting Ideas	It's been established for a long time that...	Es wurde schon vor langer Zeit eingeführt, dass ...	Ha sido establecido por mucho tiempo que...	Il a été établi depuis longtemps que ...	È stato stabilito molto tempo fa...	Foi estabelecido há muito tempo que...	Fa temps que s'ha establert que...	Estas delonge establite, ke...	Il ha essite establite desde longe tempore que...										9
08583	Connecting Ideas	I would like to stress this point	Ich möchte diesen Punkt betonen.	Me gustaría enfatizar este punto	J'aimerais insister sur ce point	Vorrei sottolineare questo punto	Eu gostaria de insistir neste ponto	M'agradaria subratllar aquest punt	Mi ŝatus substreki ĉi tiun punkton	Io volerea accentuar iste puncto										9
08584	Connecting Ideas	In this diagram, you can see...	In diesem Diagramm können Sie sehen ...	En este diagrama, podrán ver...	Sur ce schéma vous pouvez voir	In questo schema potete vedere...	Neste diagrama, vocês podem ver...	En aquest diagrama, podeu veure...	En ĉi tiu diagramo, vi povas vidi...	In iste diagramma, vos pote vider...										9
08585	Connecting Ideas	In this picture, we can notice...	Auf diesem Bild können wir erkennen ...	En esta imagen, podemos notar...	Sur cette photo nous pouvons constater	In questa foto possiamo notare	Nesta imagem, vocês podem notar... 	En aquesta imatge, podem observar...	En ĉi tiu bildo, ni povas rimarki...	In iste imagine, nos pote notar...										9
08586	Connecting Ideas	I would like to elaborate on this aspect of your presentation	Ich möchte auf diesen Aspekt Ihrer Präsentation näher eingehen.	Me gustaría profundizar en este aspecto de su presentación	J'aimerais approfondir cet aspect de votre présentation	Mi piacerebbe approfondire questo punto della sua presentazione	Eu gostaria de aprofundar este aspecto da sua apresentação	M'agradaria aprofundir en aquest aspecte de la seva presentació	Mi ŝatus pliprofundigi ĉi tiun aspekton de via prezento	Io volerea elaborar super iste aspecto de vostre presentation										9
08587	Connecting Ideas	I don't agree with your theory	Ich stimme Ihrer Theorie nicht zu.	No estoy de acuerdo con su teoría de	Je ne suis pas d'accord avec votre thèse	Non sono d'accordo con la sua teoria	Eu não concordo com a sua teoria	No estic d'acord amb la seva teoria	Mi ne konsentas kun via teorio	Io non es de accordo con vostre theoria										9
08588	Connecting Ideas	I share your view on the issue	Ich teile Ihre Ansicht zu diesem Thema.	Comparto su punto de vista en este tema	Je partage votre avis sur la question	Condivido il suo punto di vista sulla questione	Eu compartilho da sua visão nesta questão	Comparteixo la seva opinió sobre la qüestió	Mi konsentas kun via opinio pri la afero	Io comparti vostre puncto de vista sur iste thema										9
08589	Diseases	rare disease, orphan disease	die seltene Krankheit	la enfermedad rara	la maladie orpheline	la malattia rara, la malattia orfana	a doença rara, a doença órfã	la malaltia rara, la malaltia òrfena	rara malsano, orfa malsano	maladia rare, maladia orphan										9
08590	Units of Measurement	1 foot (pied)	30,48 cm	30,48 cm	30,48 cm	30,48 cm	30,48 cm	1 peu (30,48 cm)	1 futo (30,48 cm)	1 pede										9
08591	Units of Measurement	1 yard	91,4 cm	91,4 cm	91,4 cm	91,4 cm	91,4 cm	1 iarda (91,4 cm)	1 jardo (91,4 cm)	1 yard										9
08592	Units of Measurement	5 feet 9 inches (5'9″)	1,75 m	1,75 m	1,75 m	1,75 m	1,75 m	5 peus i 9 polzades (1,75 m)	5 futoj 9 coloj (1,75 m)	5 pedes 9 pollices (5'9″)										9
08593	Units of Measurement	99.5°F	37,5 °C	37,5° C	37,5° C	37,5° C	37,5° C	99.5°F (37,5°C)	99.5°F (37,5°C)	37,5 °C										9
08739	Internet Usage	search engine	die Suchmaschine	el motor de búsqueda	le moteur de recherche	il motore di ricerca	o motor de busca	el motor de cerca	serĉilo	motor de cerca										8
08854	Medicine & Anatomy	TDAP, Tetanus, Diphtheria, and Acellular Pertussis	Tdap, Tetanus, Diphtherie, azellulärer Keuchhusten	Vacuna triple bacteriana acelular para adolescentes y adultos (vacuna contra tétanos, difteria y tos ferina acelular)	dTca, Vaccin antitétanique, antidiphtérique et anticoquelucheux acellulaire	Vaccino trivalente batterico acellulare per adolescenti e adulti (tetano, difterite, pertosse acellulare)	Vacina tríplice bacteriana acelular para adolescentes e adultos (vacina contra tétano, difteria e coqueluche acelular)	Tdpa, Tètanus, Diftèria i Tos ferina acel·lular	Tdap, Vakcino kontraŭ tetanoso, difterio kaj acelula pertuso	vaccino Tdap, tetano, diphteria e pertussis acellular										9
08855	Medicine & Anatomy	TD, Tetanus and Diphtheria	Td, Tetanus und Diphtherie	Vacuna doble bacteriana para adultos (tétanos y difteria)	dT, Vaccin antitétanique et antidiphtérique	Vaccino bivalente batterico per adulti (tetano e difterite)	Vacina dupla bacteriana para adultos (tétano e difteria)	Td, Tètanus i Diftèria	Td, Vakcino kontraŭ tetanoso kaj difterio	vaccino Td, tetano e diphteria										9
08856	Medicine & Anatomy	DTAP, Diphtheria, Tetanus, and Acellular Pertussis	DTaP, Diphtherie, Tetanus, azellulärer Keuchhusten	Vacuna triple bacteriana acelular pediátrica (difteria, tétanos y tos ferina acelular)	DTCa, Diphtérie, Tétanos, Coqueluche acellulaire	Vaccino trivalente batterico acellulare pediatrico (difterite, tetano, pertosse acellulare)	Vacina tríplice bacteriana acelular pediátrica (difteria, tétano e coqueluche acelular)	DTPa, Diftèria, Tètanus i Tos ferina acel·lular	DTaP, Pediatria vakcino kontraŭ difterio, tetanoso kaj acelula pertuso	vaccino DTaP, diphteria, tetano e pertussis acellular										9
08857	Medicine & Anatomy	MMR, Measles, Mumps, and Rubella	MMR, Masern, Mumps, Röteln	Vacuna triple vírica (sarampión, paperas y rubéola)	ROR, Rougeole-Oreillons-Rubéole	Vaccino trivalente virale (morbillo, parotite e rosolia)	Vacina tríplice viral (sarampo, caxumba e rubéola)	XRP, Xarampió, Rubèola i Parotiditis	MMR, Vakcino kontraŭ morbilo, parotito kaj rubeolo	vaccino MMR, morbillo, parotiditis e rubella										9
08858	Medicine & Anatomy	Flu Shot / Influenza Vaccine	Grippeschutzimpfung / Influenza-Impfstoff	Vacuna contra la influenza (gripe)	Vaccin antigrippal	Vaccino antinfluenzale	Vacina contra a influenza (gripe)	Vacuna contra la grip	Grip-vakcino / Gripo-vakcino	vaccino contra influenza										9
08859	Medicine & Anatomy	Shingrix, Recombinant Zoster Vaccine	Shingrix, rekombinanter Zoster-Impfstoff	Vacuna contra el herpes zóster (culebrilla)	Shingrix, Vaccin recombinant contre le zona	Vaccino contro l'herpes zoster (fuoco di Sant'Antonio)	Vacina contra herpes-zóster (cobreiro)	Shingrix, Vacuna recombinant contra el zòster	Shingrix, Rekombina zoster-vakcino	vaccino recombinante contra herpes zoster										9
08860	Medicine & Anatomy	PPSV23, Pneumococcal Polysaccharide Vaccine	PPSV23, Pneumokokken-Polysaccharid-Impfstoff	Vacuna neumocócica polisacárida	PPV23, Vaccin polyosidique antipneumococcique 23-valent	Vaccino pneumococcico polisaccaridico	Vacina pneumocócica polissacarídica	PPSV23, Vacuna pneumocòccica polisacàrida	PPSV23, Pneŭmokoka polisakarida vakcino	vaccino pneumococcic polysaccharidic										9
08861	Medicine & Anatomy	PCV20, Pneumococcal Conjugate Vaccine 20-valent	PCV20, 20-valenter Pneumokokken-Konjugatimpfstoff	Vacuna neumocócica conjugada	VPC20, Vaccin antipneumococcique conjugué 20-valent	Vaccino pneumococcico coniugato	Vacina pneumocócica conjugada	PCV20, Vacuna pneumocòccica conjugada 20-valent	PCV20, 20-valenta pneŭmokoka konjugita vakcino	vaccino pneumococcic conjugate 20-valente										9
08862	Medicine & Anatomy	MMRV, Measles, Mumps, Rubella, and Varicella	MMRV, Masern, Mumps, Röteln, Varizellen	Vacuna tetravírica (vacuna combinada contra sarampión, paperas, rubéola y varicela)	RORV, Rougeole-Oreillons-Rubéole-Varicelle	Vaccino tetravalente virale (morbillo, parotite, rosolia e varicella)	Vacina tetraviral (vacina combinada contra sarampo, caxumba, rubéola e varicela)	XRPV, Xarampió, Rubèola, Parotiditis i Varicel·la	MMRV, Vakcino kontraŭ morbilo, parotito, rubeolo kaj varicelo	vaccino MMRV contra morbillo, parotitis, rubella e varicella										9
08863	Medicine & Anatomy	HepA, Hepatitis A Vaccine	HepA, Hepatitis-A-Impfstoff	Vacuna contra la hepatitis A	HepA, Vaccin contre l'hépatite A	Vaccino contro l'epatite A	Vacina contra hepatite A	HepA, Vacuna contra l'Hepatitis A	HepA, Vakcino kontraŭ hepatito A	vaccino contra le hepatitis A										9
08864	Medicine & Anatomy	HepB, Hepatitis B Vaccine	HepB, Hepatitis-B-Impfstoff	Vacuna contra la hepatitis B	HepB, Vaccin contre l'hépatite B	Vaccino contro l'epatite B	Vacina contra hepatite B	HepB, Vacuna contra l'Hepatitis B	HepB, Vakcino kontraŭ hepatito B	vaccino contra le hepatitis B										9
08865	Medicine & Anatomy	RSV Vaccine, Respiratory Syncytial Virus Vaccine	RSV-Impfstoff, Impfstoff gegen das respiratorische Synzytial-Virus	Vacuna contra el VSR (virus sincitial respiratorio)	Vaccin contre le VRS, Virus Respiratoire Syncytial	Vaccino contro l'RSV (virus respiratorio sinciziale)	Vacina contra o VSR (vírus sincicial respiratório)	Vacuna contra el VRS, Virus Respiratori Sincicial	RSV-vakcino, Vakcino kontraŭ respir-sincitia viruso	vaccino contra le VSR (virus syncytial respiratori)										9
08938	Medicine & Anatomy	ECMO (Extracorporeal Membrane Oxygenation) is a life support therapy that helps patients with severe heart and lung failure	Die ECMO (Extrakorporale Membranoxygenierung) ist eine lebenserhaltende Therapie, die Patienten mit schwerem Herz- und Lungenversagen hilft.	ECMO (oxigenación por membrana extracorpórea) es una terapia de soporte vital que ayuda a los pacientes con insuficiencia cardíaca y pulmonar graves.	L'ECMO (oxygénation par membrane extracorporelle) est une thérapie de suppléance vitale qui aide les patients souffrant d'insuffisance cardiaque et pulmonaire grave.	L'ECMO (ossigenazione extracorporea a membrana) è una terapia di supporto vitale per pazienti con grave insufficienza cardiaca e polmonare.	ECMO (oxigenação por membrana extracorpórea) é uma terapia de suporte à vida que ajuda pacientes com insuficiência cardíaca e pulmonar graves.	L'ECMO (Oxigenació per Membrana Extracorpòria) és una teràpia de suport vital que ajuda els pacients amb insuficiència cardíaca i pulmonar greu	ECMO (Eksterkorpa Membrana Oksigenigo) estas vivtena terapio, kiu helpas pacientojn kun severa kora kaj pulma nesufiĉeco	ECMO (oxygenation per membrana extracorporee) es un therapia de supporto vital que adjuta patientes con grave insufficientia cardiac e pulmonar										9
08940	Idioms & Expressions	It scared the living daylights out of me	Das hat mir eine Todesangst eingejagt / Ich habe einen Riesenschreck bekommen	Me asustó muchísimo / Me dio un susto tremendo / Me dejó con el 'Jesús' en la boca	Ça m'a foutu une trouille bleue / J'ai eu une peur bleue	Mi ha spaventato a morte / Mi ha fatto prendere un colpo	Me deu um susto danado / Tomei um susto de matar / Fiquei com o coração na boca	Em va donar un ensurt de mort / Em va fer cagar de por	Tio terurigis min egege	Illo me espaventava terribilemente										9
08946	Idioms & Expressions	Be firing on all cylinders	Auf Hochtouren laufen / Aus allen Rohren feuern	Estar a todo motor / Estar funcionando a pleno rendimiento	Tourner à plein régime / Fonctionner à plein rendement	Andare a pieno ritmo / Funzionare a pieno regime	Estar a todo vapor / Estar funcionando a pleno vapor	Anar a tota màquina / Funcionar a ple rendiment	Funkcii plene / Agi fervore	functionar a plen rendimento	Das Unternehmen läuft in diesem Quartal auf Hochtouren.	La empresa está funcionando a pleno rendimiento este trimestre.	L'entreprise tourne à plein régime ce trimestre.	L'azienda sta funzionando a pieno regime questo trimestre.	A empresa está funcionando a todo vapor este trimestre.	The company is firing on all cylinders this quarter	L'empresa va a tota màquina aquest trimestre	La kompanio funkcias plene dum ĉi tiu trimestro	Le compania functiona a plen rendimento iste trimestre.	9
08948	Medicine & Anatomy	The PPD test, also known as the tuberculin skin test, is a method used to detect tuberculosis (TB) infection	Der PPD-Test, auch als Tuberkulin-Hauttest bekannt, ist eine Methode zum Nachweis einer Tuberkulose-Infektion.	La prueba PPD, también conocida como prueba cutánea de tuberculina, es un método para detectar la infección por tuberculosis (TB)	Le test PPD, également connu sous le nom d'intradermoréaction à la tuberculine, est une méthode utilisée pour détecter l'infection tuberculeuse (TB).	Il test PPD (tubercolina) è un metodo per rilevare l'infezione da tubercolosi (TB)	O teste PPD, também conhecido como teste cutâneo de tuberculina, é um método para detectar a infecção por tuberculose (TB)	La prova PPD, també coneguda com a prova de la tuberculina, és un mètode utilitzat per detectar la infecció per tuberculosi (TB)	La PPD-testo, konata ankaŭ kiel tuberkulina haŭttesto, estas metodo uzata por detekti tuberkulozan infekton	Le test PPD, etiam cognoscite como le test cutanee de tuberculina, es un methodo usate pro deteger le infection de tuberculosis (TB).										9
08950	Slang & Informal Speech	I don't smoke crystal meth	Ich rauche kein Crystal Meth	No fumo cristal	Je ne fume pas de crystal meth	Non fumo crystal meth	Não fumo cristal	No fumo metamfetamina de cristall	Mi ne fumas kristalan metamfetaminon	Io non fuma metamfetamina crystallin.										9
08951	Slang & Informal Speech	inf. I did some lines, snorting them through my nose	(ugs.) Ich habe ein paar Lines durch die Nase gezogen.	(inf.) Me metí unas rayas por la nariz, inhalándolas	(fam.) J'ai pris quelques lignes, en les sniffant par le nez.	Mi sono fatto qualche riga, sniffandola	(gíria) Dei uns tecos / Cheirei umas carreiras	inf. Em vaig fer unes ratlles, esnifant-les pel nas	inf. Mi flaris kelkajn liniojn de drogo per mia nazo	inf. Io me faceva alcun lineas, inhalante los per le naso.										9
08971	Medicine & Anatomy	You'll take a medication called aspirin 81 mg chewable. It's a medicine that slightly thins the blood and prevents clots, so it helps prevent heart attacks and strokes.	Sie nehmen ein Medikament namens Aspirin 81 mg Kautabletten. Es ist ein Medikament, das das Blut leicht verdünnt und Blutgerinnseln vorbeugt, sodass es hilft, Herzinfarkte und Schlaganfälle zu verhindern.	Tomarás un medicamento llamado aspirina masticable de 81 mg. Es un medicamento que diluye un poco la sangre y previene los coágulos, por lo que ayuda a prevenir ataques cardíacos y accidentes cerebrovasculares.	Vous prendrez un médicament appelé aspirine 81 mg à croquer. C'est un médicament qui fluidifie légèrement le sang et prévient les caillots, aidant ainsi à prévenir les crises cardiaques et les AVC.	Prenderà un'aspirina masticabile da 81 mg. Fluidifica il sangue e previene i coaguli, aiutando a prevenire infarti e ictus.	Você vai tomar um medicamento chamado aspirina mastigável de 81 mg. É um remédio que afina um pouco o sangue e previne coágulos, ajudando a prevenir ataques cardíacos e derrames.	S'ha de prendre un medicament anomenat aspirina de 81 mg masticable. És un medicament que liqua lleugerament la sang i prevé els coàguls, de manera que ajuda a prevenir atacs de cor i ictus.	Vi prenos medikamenton nomatan maĉebla aspirino de 81 mg. Ĝi estas medikamento kiu iomete maldensigas la sangon kaj malhelpas koagulojn, do ĝi helpas preventi koratakojn kaj apopleksiojn.	Tu prendera un medicamento appellate aspirina masticabile de 81 mg. Es un medicamento que dilue un poco le sanguine e preveni coagulos, de maniera que adjuta a prevenir infarctos cardiac e accidentes cerebrovascular.										9
08995	Medicine & Anatomy	Kyleena is a small, T-shaped hormonal intrauterine system (IUS) that provides highly effective, reversible contraception for up to 5 years.	Kyleena ist ein kleines, T-förmiges hormonelles Intrauterinsystem (IUS), das eine hochwirksame, reversible Verhütung für bis zu 5 Jahre bietet.	Kyleena es un sistema intrauterino (SIU) hormonal, de tamaño pequeño y en forma de T, que proporciona anticoncepción altamente efectiva y reversible por hasta 5 años.	Kyleena est un petit système intra-utérin (SIU) hormonal en forme de T qui offre une contraception réversible très efficace jusqu'à 5 ans.	Kyleena è un sistema intrauterino ormonale (IUS) a forma di T, che fornisce contraccezione efficace fino a 5 anni.	O Kyleena é um sistema intrauterino (SIU) hormonal, pequeno e em formato de T, que oferece contracepção altamente eficaz e reversível por até 5 anos.	Kyleena és un petit sistema intrauterí (SIU) hormonal en forma de T que proporciona una anticoncepció altament eficaç i reversible fins a 5 anys.	Kyleena estas malgranda, T-forma hormona intrautera sistemo (IUS) kiu disponigas tre efikan, reigeblan koncipopreventon por ĝis 5 jaroj.	Kyleena es un parve systema intrauterin hormonal (SIU), in forma de T, que provide contraception multo efficace e reversibile usque a 5 annos.										8
